{
  "sqr_magnetization": {
    "variance": 0.0539232278252943,
    "error": 0.00023221375459970991,
    "mean": 0.2915961244212963
  },
  "energy": {
    "variance": 0.01215826186099315,
    "error": 0.00011026450861901644,
    "mean": -0.5800094305555555
  },
  "magnetization": {
    "variance": 0.29120986344084937,
    "error": 0.0005396386415378808,
    "mean": -0.019660930555555563
  },
  "sqr_energy": {
    "variance": 0.01748949887701966,
    "error": 0.00013224786908309585,
    "mean": 0.34856918923611113
  }
}
