{
  "sqr_magnetization": {
    "variance": 0.004703297277678927,
    "error": 6.858058965683312e-5,
    "mean": 0.9181789459876546
  },
  "abs_magnetization": {
    "variance": 0.0013866342657669827,
    "error": 3.723753839564295e-5,
    "mean": 0.9574927222222223
  },
  "energy": {
    "variance": 0.002433225509453132,
    "error": 4.9327735701663135e-5,
    "mean": -0.9305985277777774
  },
  "magnetization": {
    "variance": 0.0013866342657669827,
    "error": 3.723753839564295e-5,
    "mean": 0.9574927222222223
  },
  "sqr_energy": {
    "variance": 0.008080756333240372,
    "error": 8.989302716696314e-5,
    "mean": 0.868446842978395
  }
}
