{
  "sqr_magnetization": {
    "variance": 0.05353503488669449,
    "error": 0.00023137639224150437,
    "mean": 0.28672727334104936
  },
  "abs_magnetization": {
    "variance": 0.06127376384513247,
    "error": 0.0002475353789766878,
    "mean": 0.4748195138888889
  },
  "energy": {
    "variance": 0.012160545583316416,
    "error": 0.00011027486378734011,
    "mean": -0.5765476944444445
  },
  "magnetization": {
    "variance": 0.2866859720382558,
    "error": 0.0005354306416691668,
    "mean": 0.006448874999999999
  },
  "sqr_energy": {
    "variance": 0.01734577001117641,
    "error": 0.00013170334092640326,
    "mean": 0.3445677773919754
  }
}
