{
  "sqr_magnetization": {
    "variance": 0.050615516514497326,
    "error": 0.00022497892460072194,
    "mean": 0.27431916415895063
  },
  "energy": {
    "variance": 0.011727099970965521,
    "error": 0.00010829173546935851,
    "mean": -0.5689847361111111
  },
  "magnetization": {
    "variance": 0.2743038196098765,
    "error": 0.0005237402214933243,
    "mean": -0.003952069444444446
  },
  "sqr_energy": {
    "variance": 0.01637702447130312,
    "error": 0.0001279727489401674,
    "mean": 0.3354707181712963
  }
}
