{
  "sqr_magnetization": {
    "variance": 0.0115650771716162,
    "error": 0.00010754104877495012,
    "mean": 0.08764185127314815
  },
  "abs_magnetization": {
    "variance": 0.029032193898701427,
    "error": 0.0001703883619813907,
    "mean": 0.242094375
  },
  "energy": {
    "variance": 0.006800699065768315,
    "error": 8.246635111224647e-5,
    "mean": -0.42120984722222227
  },
  "magnetization": {
    "variance": 0.08764189161483125,
    "error": 0.0002960437326052204,
    "mean": -0.000217486111111112
  },
  "sqr_energy": {
    "variance": 0.005202301417879404,
    "error": 7.212698120592186e-5,
    "mean": 0.18421842766203703
  }
}
