{
  "sqr_magnetization": {
    "variance": 0.004925836631020477,
    "error": 7.018430473418167e-5,
    "mean": 0.915387695408951
  },
  "abs_magnetization": {
    "variance": 0.0014590527420911303,
    "error": 3.8197548901613175e-5,
    "mean": 0.9559961527777778
  },
  "energy": {
    "variance": 0.0025170181404872752,
    "error": 5.016989276934201e-5,
    "mean": -0.9284658888888885
  },
  "magnetization": {
    "variance": 0.0014590527420911303,
    "error": 3.8197548901613175e-5,
    "mean": -0.9559961527777778
  },
  "sqr_energy": {
    "variance": 0.008318942144720376,
    "error": 9.120823507074553e-5,
    "mean": 0.8645659224537036
  }
}
