{
  "sqr_magnetization": {
    "variance": 0.002714279097246138,
    "error": 5.20987437204213e-5,
    "mean": 0.9446117966820992
  },
  "abs_magnetization": {
    "variance": 0.0007579343980262197,
    "error": 2.7530608384600215e-5,
    "mean": 0.9715214166666667
  },
  "energy": {
    "variance": 0.0016287816701348722,
    "error": 4.035816732874366e-5,
    "mean": -0.9513177083333328
  },
  "magnetization": {
    "variance": 0.0007579343980262197,
    "error": 2.7530608384600215e-5,
    "mean": -0.9715214166666667
  },
  "sqr_energy": {
    "variance": 0.005674796610518632,
    "error": 7.533124591110008e-5,
    "mean": 0.9066341622299382
  }
}
