{
  "sqr_magnetization": {
    "variance": 0.004999137625623309,
    "error": 7.07045799480013e-5,
    "mean": 0.9139876456404323
  },
  "energy": {
    "variance": 0.0025428163346895983,
    "error": 5.042634564084134e-5,
    "mean": -0.9274212083333329
  },
  "magnetization": {
    "variance": 0.0014791673669511255,
    "error": 3.8459944968123986e-5,
    "mean": 0.9552530972222223
  },
  "sqr_energy": {
    "variance": 0.00839257772522607,
    "error": 9.161101312192802e-5,
    "mean": 0.8626529114583332
  }
}
