{
  "sqr_magnetization": {
    "variance": 0.06563971049182173,
    "error": 0.0002562024794802379,
    "mean": 0.4547770200617284
  },
  "abs_magnetization": {
    "variance": 0.05596107425248706,
    "error": 0.00023656093137390007,
    "mean": 0.6315188055555555
  },
  "energy": {
    "variance": 0.013548773717264454,
    "error": 0.00011639919981367764,
    "mean": -0.6664776111111111
  },
  "magnetization": {
    "variance": 0.4541705855328571,
    "error": 0.0006739217948195897,
    "mean": -0.02463511111111111
  },
  "sqr_energy": {
    "variance": 0.024166786860715023,
    "error": 0.00015545670413563714,
    "mean": 0.45774116628086414
  }
}
