{
  "sqr_magnetization": {
    "variance": 0.04637636730172642,
    "error": 0.00021535172927498498,
    "mean": 0.6626726253858025
  },
  "energy": {
    "variance": 0.0104550103492318,
    "error": 0.00010224974498370057,
    "mean": -0.7737213055555555
  },
  "magnetization": {
    "variance": 0.6299980534691614,
    "error": 0.000793724167119259,
    "mean": -0.18076283333333332
  },
  "sqr_energy": {
    "variance": 0.023580414507450922,
    "error": 0.00015355915637776512,
    "mean": 0.6090996585648148
  }
}
