{
  "sqr_magnetization": {
    "variance": 0.010764260952819748,
    "error": 0.00010375095639472316,
    "mean": 0.8579956344521608
  },
  "energy": {
    "variance": 0.004267138140625022,
    "error": 6.53233353452273e-5,
    "mean": -0.8872091944444442
  },
  "magnetization": {
    "variance": 0.003643401232172644,
    "error": 6.03605933716083e-5,
    "mean": -0.9243117638888889
  },
  "sqr_energy": {
    "variance": 0.012786741897882946,
    "error": 0.00011307847672250872,
    "mean": 0.7914072885802469
  }
}
