{
  "energy": {
    "variance": 0.012178867700910088,
    "error": 0.00011035790728765242,
    "mean": -0.7302331736111112
  },
  "magnetization": {
    "variance": 0.5762494703323621,
    "error": 0.0007591109736608754,
    "mean": 0.0690310138888889
  }
}
