{
  "sqr_magnetization": {
    "variance": 0.01783747725202883,
    "error": 0.00013355701872993733,
    "mean": 0.8075292363040125
  },
  "energy": {
    "variance": 0.005772881239930623,
    "error": 7.597947907119805e-5,
    "mean": -0.8548069999999999
  },
  "magnetization": {
    "variance": 0.29919699687499046,
    "error": 0.0005469890281120733,
    "mean": -0.7129744305555555
  },
  "sqr_energy": {
    "variance": 0.016014405676646703,
    "error": 0.00012654803703197732,
    "mean": 0.7364678827160495
  }
}
