{
  "energy": {
    "variance": 0.013102565716342286,
    "error": 0.0001144664392577243,
    "mean": -0.6156685902777778
  },
  "magnetization": {
    "variance": 0.3577550856706024,
    "error": 0.0005981263124713728,
    "mean": -0.013871958333333337
  }
}
