{
  "sqr_magnetization": {
    "variance": 0.003588399657438377,
    "error": 5.990325247796131e-5,
    "mean": 0.9321954666280867
  },
  "abs_magnetization": {
    "variance": 0.0010260347418277593,
    "error": 3.203177706321894e-5,
    "mean": 0.9649712083333335
  },
  "energy": {
    "variance": 0.0020060120870905983,
    "error": 4.478852628844354e-5,
    "mean": -0.9414287083333329
  },
  "magnetization": {
    "variance": 0.0010260347418277593,
    "error": 3.203177706321894e-5,
    "mean": 0.9649712083333335
  },
  "sqr_energy": {
    "variance": 0.006831381871311895,
    "error": 8.265217402653058e-5,
    "mean": 0.8882940229552468
  }
}
