{
  "sqr_magnetization": {
    "variance": 0.0032034234575721815,
    "error": 5.659879378195424e-5,
    "mean": 0.9363859149305559
  },
  "energy": {
    "variance": 0.0018658916544526112,
    "error": 4.319596803467438e-5,
    "mean": -0.9446501388888885
  },
  "magnetization": {
    "variance": 0.000901988948400793,
    "error": 3.0033130845797496e-5,
    "mean": 0.9672041805555556
  },
  "sqr_energy": {
    "variance": 0.006411968493708042,
    "error": 8.0074768146452e-5,
    "mean": 0.894229774691358
  }
}
