{
  "sqr_magnetization": {
    "variance": 0.003948193696179604,
    "error": 6.283465362504679e-5,
    "mean": 0.927560767939815
  },
  "abs_magnetization": {
    "variance": 0.0011398943692136213,
    "error": 3.3762321739086924e-5,
    "mean": 0.9625075972222222
  },
  "energy": {
    "variance": 0.002147003150706082,
    "error": 4.6335765351465624e-5,
    "mean": -0.9378235833333329
  },
  "magnetization": {
    "variance": 0.0011398943692136213,
    "error": 3.3762321739086924e-5,
    "mean": 0.9625075972222222
  },
  "sqr_energy": {
    "variance": 0.007251484021658633,
    "error": 8.515564585897186e-5,
    "mean": 0.8816600744598764
  }
}
