{
  "sqr_magnetization": {
    "variance": 0.002768229878135281,
    "error": 5.261397037038054e-5,
    "mean": 0.9431953939043213
  },
  "energy": {
    "variance": 0.00166682520037767,
    "error": 4.082677063371128e-5,
    "mean": -0.950132055555555
  },
  "magnetization": {
    "variance": 0.0007712312604411373,
    "error": 2.7771050762280083e-5,
    "mean": 0.9707853333333334
  },
  "sqr_energy": {
    "variance": 0.00579571904674809,
    "error": 7.612962003549006e-5,
    "mean": 0.9044177465277776
  }
}
