{
  "sqr_magnetization": {
    "variance": 0.005955984763285529,
    "error": 7.717502681104509e-5,
    "mean": 0.05995214911265432
  },
  "energy": {
    "variance": 0.005866690761358778,
    "error": 7.65943259083777e-5,
    "mean": -0.37790873611111114
  },
  "magnetization": {
    "variance": 0.059936802661253084,
    "error": 0.0002448199392640499,
    "mean": -0.003925097222222223
  },
  "sqr_energy": {
    "variance": 0.003556353409460524,
    "error": 5.9635169233100394e-5,
    "mean": 0.14868169772376544
  }
}
