{
  "sqr_magnetization": {
    "variance": 8.370095851066116e-9,
    "error": 9.14882279370746e-8,
    "mean": 0.999999696566358
  },
  "abs_magnetization": {
    "variance": 2.1218923610898797e-9,
    "error": 4.60640028774083e-8,
    "mean": 0.9999998472222222
  },
  "energy": {
    "variance": 8.487569444359587e-9,
    "error": 9.212800575481697e-8,
    "mean": -0.9999996944444445
  },
  "magnetization": {
    "variance": 2.1218923610898797e-9,
    "error": 4.60640028774083e-8,
    "mean": -0.9999998472222222
  },
  "sqr_energy": {
    "variance": 3.301376355633997e-8,
    "error": 1.8169690023866662e-7,
    "mean": 0.9999993973765432
  }
}
