{
  "sqr_magnetization": {
    "variance": 0.052686500452931814,
    "error": 0.0002295354013064909,
    "mean": 0.28165879610339506
  },
  "abs_magnetization": {
    "variance": 0.06100873501895398,
    "error": 0.000246999463600539,
    "mean": 0.46973409722222226
  },
  "energy": {
    "variance": 0.012072182674015235,
    "error": 0.0001098734848542415,
    "mean": -0.5733334722222222
  },
  "magnetization": {
    "variance": 0.2816423247556347,
    "error": 0.0005306998443146886,
    "mean": 0.004093041666666668
  },
  "sqr_energy": {
    "variance": 0.017063827671439612,
    "error": 0.00013062858673138744,
    "mean": 0.34078344097222224
  }
}
