{
  "sqr_magnetization": {
    "variance": 0.006459528051647489,
    "error": 8.03711891889593e-5,
    "mean": 0.0625086730324074
  },
  "abs_magnetization": {
    "variance": 0.021404899621805286,
    "error": 0.0001463041339874075,
    "mean": 0.20274070833333332
  },
  "energy": {
    "variance": 0.005985895404936877,
    "error": 7.7368568585291e-5,
    "mean": -0.38065440277777773
  },
  "magnetization": {
    "variance": 0.06250859550912619,
    "error": 0.0002500171904272308,
    "mean": 0.0003742083333333333
  },
  "sqr_energy": {
    "variance": 0.0036990251609056754,
    "error": 6.081961164711326e-5,
    "mean": 0.15088366377314816
  }
}
