{
  "sqr_magnetization": {
    "variance": 0.009030871251878356,
    "error": 9.503089630156266e-5,
    "mean": 0.874325418402778
  },
  "energy": {
    "variance": 0.003764977432369213,
    "error": 6.135941192978639e-5,
    "mean": -0.8986065416666664
  },
  "magnetization": {
    "variance": 0.0029931740302417396,
    "error": 5.4709907971424515e-5,
    "mean": -0.9334517916666666
  },
  "sqr_energy": {
    "variance": 0.011590436677419628,
    "error": 0.00010765889037798795,
    "mean": 0.8112586903935184
  }
}
