{
  "sqr_magnetization": {
    "variance": 0.0420929345368872,
    "error": 0.00020516562708428328,
    "mean": 0.6925943279320989
  },
  "energy": {
    "variance": 0.00968847683883004,
    "error": 9.843006064627838e-5,
    "mean": -0.7903137083333333
  },
  "magnetization": {
    "variance": 0.5566719084902295,
    "error": 0.0007461044889894642,
    "mean": 0.36867733333333336
  },
  "sqr_energy": {
    "variance": 0.02268313663876715,
    "error": 0.00015060921830607564,
    "mean": 0.6342842247299382
  }
}
