{
  "sqr_magnetization": {
    "variance": 0.008058808027603039,
    "error": 8.977086402393061e-5,
    "mean": 0.07157845679012345
  },
  "energy": {
    "variance": 0.006250659167205271,
    "error": 7.906111033374924e-5,
    "mean": -0.39574409722222226
  },
  "magnetization": {
    "variance": 0.07157354083403158,
    "error": 0.0002675323173637749,
    "mean": -0.002233277777777777
  },
  "sqr_energy": {
    "variance": 0.004189895964436454,
    "error": 6.47294057166946e-5,
    "mean": 0.16286404340277774
  }
}
