{
  "sqr_magnetization": {
    "variance": 0.01881197304618949,
    "error": 0.00013715674626568498,
    "mean": 0.8041017058256174
  },
  "energy": {
    "variance": 0.0058934541475002536,
    "error": 7.676883578315001e-5,
    "mean": -0.8529563194444443
  },
  "magnetization": {
    "variance": 0.29886376538811704,
    "error": 0.0005466843379758717,
    "mean": -0.710801125
  },
  "sqr_energy": {
    "variance": 0.01626175976056186,
    "error": 0.00012752160507365745,
    "mean": 0.7334279311342591
  }
}
