{
  "sqr_magnetization": {
    "variance": 0.04101130998848148,
    "error": 0.00020251249341332372,
    "mean": 0.21843936053240742
  },
  "energy": {
    "variance": 0.01048690483103986,
    "error": 0.00010240558984274178,
    "mean": -0.5365624722222222
  },
  "magnetization": {
    "variance": 0.21843899745924727,
    "error": 0.0004673745793892168,
    "mean": -0.0007625694444444412
  },
  "sqr_energy": {
    "variance": 0.013141267511216598,
    "error": 0.00011463536762804314,
    "mean": 0.298386180941358
  }
}
