{
  "sqr_magnetization": {
    "variance": 0.05313465629420145,
    "error": 0.00023050955792374737,
    "mean": 0.6065889886188272
  },
  "energy": {
    "variance": 0.011643980532054605,
    "error": 0.00010790727747494422,
    "mean": -0.743456
  },
  "magnetization": {
    "variance": 0.5927218333564703,
    "error": 0.0007698842986816073,
    "mean": -0.11776140277777776
  },
  "sqr_energy": {
    "variance": 0.024637166812548118,
    "error": 0.00015696231016568317,
    "mean": 0.5643707928240742
  }
}
