{
  "sqr_magnetization": {
    "variance": 0.0035253434226877435,
    "error": 5.937460250551362e-5,
    "mean": 0.9319394770447533
  },
  "energy": {
    "variance": 0.0019954871824964422,
    "error": 4.4670876222617816e-5,
    "mean": -0.941185944444444
  },
  "magnetization": {
    "variance": 0.0010007125745858394,
    "error": 3.163404138876093e-5,
    "mean": 0.9648516805555556
  },
  "sqr_energy": {
    "variance": 0.006803381970173483,
    "error": 8.248261616955105e-5,
    "mean": 0.8878264672067901
  }
}
