{
  "sqr_magnetization": {
    "variance": 0.017001981225770006,
    "error": 0.00013039164553670609,
    "mean": 0.8190940989583335
  },
  "energy": {
    "variance": 0.00550234058746385,
    "error": 7.417776342991106e-5,
    "mean": -0.8625182083333333
  },
  "magnetization": {
    "variance": 0.006879469133399496,
    "error": 8.294256526898294e-5,
    "mean": 0.9012295138888888
  },
  "sqr_energy": {
    "variance": 0.015494772921581837,
    "error": 0.00012447800175766736,
    "mean": 0.7494399947916667
  }
}
