{
  "sqr_magnetization": {
    "variance": 0.039199795249837105,
    "error": 0.000197989381659313,
    "mean": 0.20782582561728397
  },
  "energy": {
    "variance": 0.010286314050403363,
    "error": 0.00010142146740411205,
    "mean": -0.5285143194444444
  },
  "magnetization": {
    "variance": 0.20776924543981334,
    "error": 0.0004558171184146262,
    "mean": 0.007535777777777781
  },
  "sqr_energy": {
    "variance": 0.012542655140793172,
    "error": 0.00011199399600332677,
    "mean": 0.2896136896219136
  }
}
