{
  "sqr_magnetization": {
    "variance": 0.0040718217411870004,
    "error": 6.381082777387393e-5,
    "mean": 0.9259575906635804
  },
  "abs_magnetization": {
    "variance": 0.0011793364025763722,
    "error": 3.434146768232791e-5,
    "mean": 0.9616539166666668
  },
  "energy": {
    "variance": 0.002195295661297011,
    "error": 4.685398234192064e-5,
    "mean": -0.9365771805555551
  },
  "magnetization": {
    "variance": 0.0011793364025763722,
    "error": 3.434146768232791e-5,
    "mean": 0.9616539166666668
  },
  "sqr_energy": {
    "variance": 0.007393110646896401,
    "error": 8.59831997944738e-5,
    "mean": 0.879372108603395
  }
}
