{
  "sqr_magnetization": {
    "variance": 0.037484438241173416,
    "error": 0.00019360898285248392,
    "mean": 0.7106768387345679
  },
  "energy": {
    "variance": 0.009159074655944835,
    "error": 9.570305458001241e-5,
    "mean": -0.7994557638888888
  },
  "magnetization": {
    "variance": 0.7099412359282967,
    "error": 0.0008425801065348604,
    "mean": -0.027135083333333327
  },
  "sqr_energy": {
    "variance": 0.021891348572987995,
    "error": 0.00014795725251905698,
    "mean": 0.648288583912037
  }
}
