{
  "sqr_magnetization": {
    "variance": 0.027170113935835596,
    "error": 0.00016483359468213874,
    "mean": 0.7595899417438273
  },
  "abs_magnetization": {
    "variance": 0.012986958897112447,
    "error": 0.00011396033914091537,
    "mean": 0.8640619166666667
  },
  "energy": {
    "variance": 0.0074916452610355,
    "error": 8.655429082971856e-5,
    "mean": -0.8264765138888889
  },
  "magnetization": {
    "variance": 0.7586680648493853,
    "error": 0.0008710155365143525,
    "mean": 0.030374916666666675
  },
  "sqr_energy": {
    "variance": 0.019237448124247006,
    "error": 0.00013869912805871207,
    "mean": 0.6905550657793209
  }
}
