{
  "sqr_magnetization": {
    "variance": 0.024810817256317768,
    "error": 0.00015751449855907796,
    "mean": 0.7753186838348767
  },
  "energy": {
    "variance": 0.006933338164214708,
    "error": 8.32666689871446e-5,
    "mean": -0.8366936666666667
  },
  "magnetization": {
    "variance": 0.48878469553802106,
    "error": 0.0006991313864632464,
    "mean": 0.5352891527777778
  },
  "sqr_energy": {
    "variance": 0.01827172660163465,
    "error": 0.00013517295070255235,
    "mean": 0.7069896230709877
  }
}
