{
  "sqr_magnetization": {
    "variance": 0.005245886804058002,
    "error": 7.242849442075959e-5,
    "mean": 0.0559270200617284
  },
  "energy": {
    "variance": 0.0057511886095026514,
    "error": 7.583659149449329e-5,
    "mean": -0.36682986111111104
  },
  "magnetization": {
    "variance": 0.055918774699076405,
    "error": 0.00023647150927559203,
    "mean": -0.0028811944444444466
  },
  "sqr_energy": {
    "variance": 0.003263567252954972,
    "error": 5.71276400086243e-5,
    "mean": 0.1403153298611111
  }
}
