{
  "sqr_magnetization": {
    "variance": 0.019826894644661922,
    "error": 0.00014080800632301391,
    "mean": 0.799942605902778
  },
  "energy": {
    "variance": 0.0060513958978272225,
    "error": 7.779071858407804e-5,
    "mean": -0.8506970833333332
  },
  "magnetization": {
    "variance": 0.7719331946745092,
    "error": 0.0008785972881101496,
    "mean": -0.16736243055555555
  },
  "sqr_energy": {
    "variance": 0.016567883290240046,
    "error": 0.00012871628991794335,
    "mean": 0.7297369174382714
  }
}
