{
  "energy": {
    "variance": 0.013182829960144726,
    "error": 0.00011481650560849136,
    "mean": -0.6928277708333332
  },
  "magnetization": {
    "variance": 0.5046783419350888,
    "error": 0.0007104071663033029,
    "mean": 0.045348680555555555
  }
}
