{
  "sqr_magnetization": {
    "variance": 0.013048459288132917,
    "error": 0.00011422985287626399,
    "mean": 0.09551397800925927
  },
  "energy": {
    "variance": 0.006930968998908622,
    "error": 8.325244139908824e-5,
    "mean": -0.433126375
  },
  "magnetization": {
    "variance": 0.0955033010768744,
    "error": 0.00030903608377805074,
    "mean": -0.0032821388888888904
  },
  "sqr_energy": {
    "variance": 0.005589898070403396,
    "error": 7.4765620912311e-5,
    "mean": 0.1945294187885802
  }
}
