{
  "sqr_magnetization": {
    "variance": 0.015918836049424193,
    "error": 0.0001261698698161498,
    "mean": 0.10753241358024691
  },
  "energy": {
    "variance": 0.007371510084563903,
    "error": 8.585749870898817e-5,
    "mean": -0.4450864861111111
  },
  "magnetization": {
    "variance": 0.1074248602055508,
    "error": 0.00032775731907243625,
    "mean": -0.010375972222222226
  },
  "sqr_energy": {
    "variance": 0.00633139686822693,
    "error": 7.957007520561313e-5,
    "mean": 0.20547348283179012
  }
}
