{
  "sqr_magnetization": {
    "variance": 0.003340612584877135,
    "error": 5.779803270767211e-5,
    "mean": 0.9343199866898151
  },
  "energy": {
    "variance": 0.001922969294435151,
    "error": 4.3851673792857105e-5,
    "mean": -0.943015430555555
  },
  "magnetization": {
    "variance": 0.0009437534740680965,
    "error": 3.072057086168967e-5,
    "mean": 0.9661139861111112
  },
  "sqr_energy": {
    "variance": 0.006584786720936179,
    "error": 8.114669876794853e-5,
    "mean": 0.8912010696373456
  }
}
