{
  "sqr_magnetization": {
    "variance": 0.03738325445220315,
    "error": 0.00019334749662771212,
    "mean": 0.20388152488425923
  },
  "energy": {
    "variance": 0.010088212173420314,
    "error": 0.00010044009246023379,
    "mean": -0.5244075138888888
  },
  "magnetization": {
    "variance": 0.20366408532558053,
    "error": 0.00045129157462286013,
    "mean": -0.014752736111111109
  },
  "sqr_energy": {
    "variance": 0.012108470055469046,
    "error": 0.00011003849351690092,
    "mean": 0.28509144270833336
  }
}
