{
  "energy": {
    "variance": 0.009429091753358423,
    "error": 9.710351050996263e-5,
    "mean": -0.7919005381944444
  },
  "magnetization": {
    "variance": 0.6973523413305196,
    "error": 0.0008350762488123582,
    "mean": 0.002342805555555551
  }
}
