{
  "sqr_magnetization": {
    "variance": 0.018081307750526267,
    "error": 0.0001344667533278255,
    "mean": 0.8127764272762349
  },
  "abs_magnetization": {
    "variance": 0.00751565726808609,
    "error": 8.669289052792098e-5,
    "mean": 0.897363236111111
  },
  "energy": {
    "variance": 0.005798391011560572,
    "error": 7.614716679930102e-5,
    "mean": -0.8584225416666665
  },
  "magnetization": {
    "variance": 0.8068357813857886,
    "error": 0.000898240380625247,
    "mean": 0.07708081944444445
  },
  "sqr_energy": {
    "variance": 0.016117470683048498,
    "error": 0.00012695460087388917,
    "mean": 0.7426876452546294
  }
}
