{
  "sqr_magnetization": {
    "variance": 0.0442905100447801,
    "error": 0.0002104531065220471,
    "mean": 0.6768283020833333
  },
  "energy": {
    "variance": 0.010088665902282995,
    "error": 0.00010044235113876514,
    "mean": -0.7818062083333333
  },
  "magnetization": {
    "variance": 0.6080593839201864,
    "error": 0.0007797816257903148,
    "mean": -0.2622394444444444
  },
  "sqr_energy": {
    "variance": 0.023199904480638647,
    "error": 0.0001523151485592902,
    "mean": 0.6213096032021604
  }
}
