{
  "sqr_magnetization": {
    "variance": 0.009664485425695027,
    "error": 9.830811474997894e-5,
    "mean": 0.07863022839506172
  },
  "energy": {
    "variance": 0.006487060210517,
    "error": 8.054228833673028e-5,
    "mean": -0.40794111111111114
  },
  "magnetization": {
    "variance": 0.07863027814422567,
    "error": 0.00028041090946007375,
    "mean": -0.00016994444444444492
  },
  "sqr_energy": {
    "variance": 0.004631346729101305,
    "error": 6.805399862683533e-5,
    "mean": 0.17290300385802465
  }
}
