{
  "sqr_magnetization": {
    "variance": 0.0028845251924033708,
    "error": 5.370777590259506e-5,
    "mean": 0.9413930038580249
  },
  "energy": {
    "variance": 0.0017203776045286463,
    "error": 4.147743488366471e-5,
    "mean": -0.948681680555555
  },
  "magnetization": {
    "variance": 0.0008061269421446894,
    "error": 2.8392374718305784e-5,
    "mean": 0.9698385833333334
  },
  "sqr_energy": {
    "variance": 0.0059621507112203875,
    "error": 7.721496429592121e-5,
    "mean": 0.901717306905864
  }
}
