{
  "sqr_magnetization": {
    "variance": 0.0031936259226373357,
    "error": 5.651217499475079e-5,
    "mean": 0.9377570443672842
  },
  "abs_magnetization": {
    "variance": 0.0009042121206557938,
    "error": 3.0070120063873935e-5,
    "mean": 0.9679115833333334
  },
  "energy": {
    "variance": 0.0018367991246972725,
    "error": 4.285789454344756e-5,
    "mean": -0.9458367222222218
  },
  "magnetization": {
    "variance": 0.0009042121206557938,
    "error": 3.0070120063873935e-5,
    "mean": -0.9679115833333334
  },
  "sqr_energy": {
    "variance": 0.0063185275630510095,
    "error": 7.948916632504714e-5,
    "mean": 0.8964439023919752
  }
}
