{
  "sqr_magnetization": {
    "variance": 0.0071086233651656,
    "error": 8.43126524619265e-5,
    "mean": 0.8895435480324076
  },
  "energy": {
    "variance": 0.003261923581813821,
    "error": 5.711325224336136e-5,
    "mean": -0.9092481527777775
  },
  "magnetization": {
    "variance": 0.002208254841856502,
    "error": 4.699207211707632e-5,
    "mean": -0.9419847638888889
  },
  "sqr_energy": {
    "variance": 0.010327680329771782,
    "error": 0.0001016251953492429,
    "mean": 0.8299941236496914
  }
}
