{
  "sqr_magnetization": {
    "variance": 0.010588808716264159,
    "error": 0.00010290193737857494,
    "mean": 0.8613359895833336
  },
  "abs_magnetization": {
    "variance": 0.003615563226673567,
    "error": 6.0129553687629904e-5,
    "mean": 0.9261319722222222
  },
  "energy": {
    "variance": 0.0042004839550449135,
    "error": 6.481114067075902e-5,
    "mean": -0.8897351944444443
  },
  "magnetization": {
    "variance": 0.6412179925124365,
    "error": 0.0008007608834804784,
    "mean": -0.46916802777777783
  },
  "sqr_energy": {
    "variance": 0.012653540940422557,
    "error": 0.00011248795909084028,
    "mean": 0.7958291959876542
  }
}
