{
  "sqr_magnetization": {
    "variance": 0.05665547490008742,
    "error": 0.0002380241057121892,
    "mean": 0.5808878256172839
  },
  "abs_magnetization": {
    "variance": 0.0394583460722936,
    "error": 0.0001986412496746172,
    "mean": 0.7358189444444445
  },
  "energy": {
    "variance": 0.012111190805615962,
    "error": 0.00011005085554240804,
    "mean": -0.7305820833333333
  },
  "magnetization": {
    "variance": 0.5807250211373669,
    "error": 0.0007620531616215282,
    "mean": -0.01278222222222223
  },
  "sqr_energy": {
    "variance": 0.024869215507238508,
    "error": 0.00015769976381478353,
    "mean": 0.5458613591820988
  }
}
