{
  "sqr_magnetization": {
    "variance": 0.014162264547814774,
    "error": 0.00011900531310750279,
    "mean": 0.8370015115740744
  },
  "abs_magnetization": {
    "variance": 0.005365332111949397,
    "error": 7.324842736843841e-5,
    "mean": 0.9119408888888889
  },
  "energy": {
    "variance": 0.005003675427474809,
    "error": 7.073666254125092e-5,
    "mean": -0.8737573888888888
  },
  "magnetization": {
    "variance": 0.8368906171051533,
    "error": 0.0009148172588583762,
    "mean": -0.010570305555555591
  },
  "sqr_energy": {
    "variance": 0.0144606763275005,
    "error": 0.0001202525522702138,
    "mean": 0.7684556450617284
  }
}
