{
  "sqr_magnetization": {
    "variance": 0.028366267719405768,
    "error": 0.00016842288359782278,
    "mean": 0.7523422503858026
  },
  "abs_magnetization": {
    "variance": 0.013817255522453055,
    "error": 0.00011754682268123225,
    "mean": 0.8593747777777777
  },
  "energy": {
    "variance": 0.0077133497702564086,
    "error": 8.782567830797784e-5,
    "mean": -0.8222136944444444
  },
  "magnetization": {
    "variance": 0.7523429508460372,
    "error": 0.0008673770522938897,
    "mean": -0.00022777777777777738
  },
  "sqr_energy": {
    "variance": 0.01960904645069211,
    "error": 0.0001400323050252766,
    "mean": 0.6837487013888889
  }
}
