{
  "sqr_magnetization": {
    "variance": 0.0044832351252114605,
    "error": 6.695696472519838e-5,
    "mean": 0.9208820366512348
  },
  "abs_magnetization": {
    "variance": 0.0013136637388211465,
    "error": 3.624449942848082e-5,
    "mean": 0.9589412777777778
  },
  "energy": {
    "variance": 0.002352079969641505,
    "error": 4.849824707802855e-5,
    "mean": -0.9326677916666662
  },
  "magnetization": {
    "variance": 0.0013136637388211465,
    "error": 3.624449942848082e-5,
    "mean": 0.9589412777777778
  },
  "sqr_energy": {
    "variance": 0.00784795202373039,
    "error": 8.858866758073737e-5,
    "mean": 0.8722212872299382
  }
}
