{
  "sqr_magnetization": {
    "variance": 0.04403858747724097,
    "error": 0.00020985372876658869,
    "mean": 0.2371194168595679
  },
  "energy": {
    "variance": 0.010942046259552241,
    "error": 0.00010460423633654729,
    "mean": -0.5465417638888889
  },
  "magnetization": {
    "variance": 0.23710914853725637,
    "error": 0.00048693854698232344,
    "mean": 0.0032412083333333334
  },
  "sqr_energy": {
    "variance": 0.014213411171465157,
    "error": 0.00011922001162332252,
    "mean": 0.30964993499228394
  }
}
