{
  "sqr_magnetization": {
    "variance": 0.016786502652614003,
    "error": 0.0001295627363581597,
    "mean": 0.8205380569058643
  },
  "abs_magnetization": {
    "variance": 0.006763351215324788,
    "error": 8.223959639568271e-5,
    "mean": 0.902094625
  },
  "energy": {
    "variance": 0.00553811683885449,
    "error": 7.44185248365922e-5,
    "mean": -0.8632732777777776
  },
  "magnetization": {
    "variance": 0.7475775841358556,
    "error": 0.0008646256901896078,
    "mean": 0.27011334722222224
  },
  "sqr_energy": {
    "variance": 0.015587393745858737,
    "error": 0.00012484948436360774,
    "mean": 0.7507788634259258
  }
}
