{
  "sqr_magnetization": {
    "variance": 0.06388619947635747,
    "error": 0.0002527571947074059,
    "mean": 0.5023076213348765
  },
  "abs_magnetization": {
    "variance": 0.050711930637154214,
    "error": 0.00022519309633546545,
    "mean": 0.672008736111111
  },
  "energy": {
    "variance": 0.013252340205614702,
    "error": 0.0001151188090870241,
    "mean": -0.6903863194444445
  },
  "magnetization": {
    "variance": 0.502288195211056,
    "error": 0.0007087229326126367,
    "mean": -0.004464125000000001
  },
  "sqr_energy": {
    "variance": 0.02489881051802742,
    "error": 0.0001577935693177242,
    "mean": 0.489885597029321
  }
}
