{
  "sqr_magnetization": {
    "variance": 0.0026528370186356914,
    "error": 5.150569889474068e-5,
    "mean": 0.94492741087963
  },
  "energy": {
    "variance": 0.0016130139174822815,
    "error": 4.0162344521731814e-5,
    "mean": -0.9515320277777772
  },
  "magnetization": {
    "variance": 0.0007367784218864469,
    "error": 2.7143662646858233e-5,
    "mean": 0.9716947222222224
  },
  "sqr_energy": {
    "variance": 0.005627198323533172,
    "error": 7.501465405861159e-5,
    "mean": 0.9070262121913579
  }
}
