{
  "sqr_magnetization": {
    "variance": 0.007417295942396179,
    "error": 8.612372461985245e-5,
    "mean": 0.8855745320216052
  },
  "energy": {
    "variance": 0.0033763748631555333,
    "error": 5.810658192628038e-5,
    "mean": -0.906295458333333
  },
  "magnetization": {
    "variance": 0.0023172877601149214,
    "error": 4.8138215173756924e-5,
    "mean": -0.9398176666666668
  },
  "sqr_energy": {
    "variance": 0.010616745065623332,
    "error": 0.00010303759054647645,
    "mean": 0.8247478292824074
  }
}
