{
  "energy": {
    "variance": 0.00795299046683594,
    "error": 8.917954062920453e-5,
    "mean": -0.4647033020833333
  },
  "magnetization": {
    "variance": 0.12614022378184395,
    "error": 0.0003551622499391566,
    "mean": -0.002256541666666668
  }
}
