{
  "sqr_magnetization": {
    "variance": 0.04988505092120927,
    "error": 0.0002233496158967131,
    "mean": 0.6260521878858025
  },
  "energy": {
    "variance": 0.011149997108901235,
    "error": 0.00010559354671996408,
    "mean": -0.753500986111111
  },
  "magnetization": {
    "variance": 0.625452169912416,
    "error": 0.0007908553406991799,
    "mean": -0.02450802777777778
  },
  "sqr_energy": {
    "variance": 0.02415617931675991,
    "error": 0.0001554225830333543,
    "mean": 0.5789137220293209
  }
}
