{
  "sqr_magnetization": {
    "variance": 0.017492495079600323,
    "error": 0.00013225919657853787,
    "mean": 0.8145294205246915
  },
  "energy": {
    "variance": 0.005613168360419711,
    "error": 7.492108088128275e-5,
    "mean": -0.859495736111111
  },
  "magnetization": {
    "variance": 0.0072003722525566674,
    "error": 8.485500723326035e-5,
    "mean": 0.8985149166666666
  },
  "sqr_energy": {
    "variance": 0.01572657126560113,
    "error": 0.00012540562692958052,
    "mean": 0.7443460831404322
  }
}
