{
  "sqr_magnetization": {
    "variance": 0.03342494566954019,
    "error": 0.00018282490440183524,
    "mean": 0.18288302141203708
  },
  "abs_magnetization": {
    "variance": 0.05031427184019756,
    "error": 0.00022430843015855992,
    "mean": 0.3640999861111111
  },
  "energy": {
    "variance": 0.009652808564968285,
    "error": 9.824870770126335e-5,
    "mean": -0.5107091388888889
  },
  "magnetization": {
    "variance": 0.18288192579262774,
    "error": 0.00042764696396984715,
    "mean": 0.0011307083333333334
  },
  "sqr_energy": {
    "variance": 0.011061766046630674,
    "error": 0.00010517493069467967,
    "mean": 0.27047662345679013
  }
}
