{
  "energy": {
    "variance": 0.0026557445649434334,
    "error": 5.1533916646645764e-5,
    "mean": -0.9253119687499997
  },
  "magnetization": {
    "variance": 0.0015820637275699013,
    "error": 3.977516470826867e-5,
    "mean": -0.9537324444444445
  }
}
