{
  "sqr_magnetization": {
    "variance": 0.03530664022427502,
    "error": 0.00018790061262346917,
    "mean": 0.7144046309799382
  },
  "abs_magnetization": {
    "variance": 0.01885872730216384,
    "error": 0.00013732708145942606,
    "mean": 0.8339939583333332
  },
  "energy": {
    "variance": 0.008890939306771869,
    "error": 9.429177751411769e-5,
    "mean": -0.8008196944444443
  },
  "magnetization": {
    "variance": 0.7143846541116757,
    "error": 0.0008452127862921122,
    "mean": 0.004548763888888898
  },
  "sqr_energy": {
    "variance": 0.021448641388904375,
    "error": 0.00014645354686351704,
    "mean": 0.6502031134259258
  }
}
