{
  "sqr_magnetization": {
    "variance": 0.005562545652410124,
    "error": 7.458247550470635e-5,
    "mean": 0.9082939922839508
  },
  "abs_magnetization": {
    "variance": 0.0016770762889157962,
    "error": 4.095212190980824e-5,
    "mean": 0.9521643333333334
  },
  "energy": {
    "variance": 0.002735407422516798,
    "error": 5.230112257415512e-5,
    "mean": -0.9231417361111107
  },
  "magnetization": {
    "variance": 0.0016770762889157962,
    "error": 4.095212190980824e-5,
    "mean": -0.9521643333333334
  },
  "sqr_energy": {
    "variance": 0.00892808400744012,
    "error": 9.448853902691121e-5,
    "mean": 0.8549260696373456
  }
}
