{
  "sqr_magnetization": {
    "variance": 0.01930039455180246,
    "error": 0.00013892585991025019,
    "mean": 0.12230700829475309
  },
  "abs_magnetization": {
    "variance": 0.03802293260575494,
    "error": 0.00019499469891706014,
    "mean": 0.2903172638888889
  },
  "energy": {
    "variance": 0.007839003058903516,
    "error": 8.853814465473917e-5,
    "mean": -0.4609026944444445
  },
  "magnetization": {
    "variance": 0.12230524977823415,
    "error": 0.0003497216747332572,
    "mean": -0.001371430555555557
  },
  "sqr_energy": {
    "variance": 0.007257286836046664,
    "error": 8.518971085786513e-5,
    "mean": 0.22027028896604936
  }
}
