{
  "sqr_magnetization": {
    "variance": 0.0053777923759070435,
    "error": 7.333343286596533e-5,
    "mean": 0.9103601711033954
  },
  "abs_magnetization": {
    "variance": 0.0016117211061993093,
    "error": 4.01462464770906e-5,
    "mean": 0.9532829861111112
  },
  "energy": {
    "variance": 0.0026739575705246998,
    "error": 5.1710323635853405e-5,
    "mean": -0.9246942499999996
  },
  "magnetization": {
    "variance": 0.0016117211061993093,
    "error": 4.01462464770906e-5,
    "mean": -0.9532829861111112
  },
  "sqr_energy": {
    "variance": 0.00875806504682539,
    "error": 9.358453422882111e-5,
    "mean": 0.8577334108796296
  }
}
