{
  "sqr_magnetization": {
    "variance": 0.011801604707639884,
    "error": 0.00010863519092651278,
    "mean": 0.8520378960262348
  },
  "abs_magnetization": {
    "variance": 0.0041586355274856445,
    "error": 6.448748349474993e-5,
    "mean": 0.9208035972222223
  },
  "energy": {
    "variance": 0.004492308038196155,
    "error": 6.70246823058204e-5,
    "mean": -0.8834798055555553
  },
  "magnetization": {
    "variance": 0.46672392233846227,
    "error": 0.0006831719566393678,
    "mean": -0.6207370138888889
  },
  "sqr_energy": {
    "variance": 0.013326216764694926,
    "error": 0.0001154392340787781,
    "mean": 0.7850288703703704
  }
}
