{
  "energy": {
    "variance": 0.012985857304524307,
    "error": 0.00011395550581048862,
    "mean": -0.7005537430555555
  },
  "magnetization": {
    "variance": 0.520212906454221,
    "error": 0.0007212578640501753,
    "mean": 0.04491312499999999
  }
}
