{
  "sqr_magnetization": {
    "variance": 0.06488990338993117,
    "error": 0.00025473496695571884,
    "mean": 0.4190135680941358
  },
  "abs_magnetization": {
    "variance": 0.0584356447276538,
    "error": 0.00024173465768824668,
    "mean": 0.6004814583333332
  },
  "energy": {
    "variance": 0.013503319814022748,
    "error": 0.00011620378571295665,
    "mean": -0.6476339722222223
  },
  "magnetization": {
    "variance": 0.41900157605601257,
    "error": 0.0006473033107099118,
    "mean": -0.0035229305555555574
  },
  "sqr_energy": {
    "variance": 0.023066713702702055,
    "error": 0.00015187729818080798,
    "mean": 0.4329330682870371
  }
}
