{
  "energy": {
    "variance": 0.009116592731988133,
    "error": 9.548085007994081e-5,
    "mean": -0.797519923611111
  },
  "magnetization": {
    "variance": 0.7064205274161369,
    "error": 0.0008404882672685782,
    "mean": -0.039210847222222206
  }
}
