{
  "sqr_magnetization": {
    "variance": 0.002840921251564419,
    "error": 5.330029316583934e-5,
    "mean": 0.9420450680941359
  },
  "energy": {
    "variance": 0.001701889269973954,
    "error": 4.125396065802597e-5,
    "mean": -0.949191069444444
  },
  "magnetization": {
    "variance": 0.0007930606923722282,
    "error": 2.8161333284704902e-5,
    "mean": 0.9701814305555556
  },
  "sqr_energy": {
    "variance": 0.005905262460065308,
    "error": 7.684570554081281e-5,
    "mean": 0.9026655738811729
  }
}
