{
  "energy": {
    "variance": 0.011498140575277425,
    "error": 0.00010722938298469047,
    "mean": -0.7496962881944444
  },
  "magnetization": {
    "variance": 0.6150571795192468,
    "error": 0.0007842558125505011,
    "mean": -0.052218583333333325
  }
}
