{
  "sqr_magnetization": {
    "variance": 0.03472978120812899,
    "error": 0.00018635927990880678,
    "mean": 0.7232571506558643
  },
  "energy": {
    "variance": 0.008613587679940882,
    "error": 9.280941590130218e-5,
    "mean": -0.8067777083333333
  },
  "magnetization": {
    "variance": 0.586288363435547,
    "error": 0.0007656946933573114,
    "mean": -0.3700937361111111
  },
  "sqr_energy": {
    "variance": 0.021052520692454984,
    "error": 0.00014509486790529493,
    "mean": 0.6595038497299383
  }
}
