{
  "sqr_magnetization": {
    "variance": 4.259590536280502e-5,
    "error": 6.526553865770589e-6,
    "mean": 0.9985590592206791
  },
  "energy": {
    "variance": 4.066014794101216e-5,
    "error": 6.376531027213163e-6,
    "mean": -0.9985738333333334
  },
  "magnetization": {
    "variance": 1.0837489215382668e-5,
    "error": 3.292034206289884e-6,
    "mean": 0.9992738472222223
  },
  "sqr_energy": {
    "variance": 0.00015752952870987257,
    "error": 1.2551076794836073e-5,
    "mean": 0.9971903607253085
  }
}
