{
  "sqr_magnetization": {
    "variance": 0.005986676529997612,
    "error": 7.737361649811655e-5,
    "mean": 0.9038745640432101
  },
  "abs_magnetization": {
    "variance": 0.0018316690922832901,
    "error": 4.27980033679527e-5,
    "mean": 0.949759388888889
  },
  "energy": {
    "variance": 0.00287182495266986,
    "error": 5.358941082592586e-5,
    "mean": -0.9198712499999997
  },
  "magnetization": {
    "variance": 0.0018316690922832901,
    "error": 4.27980033679527e-5,
    "mean": -0.949759388888889
  },
  "sqr_energy": {
    "variance": 0.009298871523336706,
    "error": 9.643065655348773e-5,
    "mean": 0.8490349386574074
  }
}
