{
  "sqr_magnetization": {
    "variance": 0.06009437099666657,
    "error": 0.00024514153258203017,
    "mean": 0.5525939031635803
  },
  "abs_magnetization": {
    "variance": 0.04397271191199508,
    "error": 0.00020969671411825958,
    "mean": 0.713176861111111
  },
  "energy": {
    "variance": 0.012632283511782742,
    "error": 0.00011239343180000663,
    "mean": -0.7162156388888888
  },
  "magnetization": {
    "variance": 0.5521757971347471,
    "error": 0.0007430853229170571,
    "mean": 0.020461138888888883
  },
  "sqr_energy": {
    "variance": 0.02513492584419194,
    "error": 0.00015853998184745682,
    "mean": 0.5255971122685186
  }
}
