{
  "sqr_magnetization": {
    "variance": 0.009474524175194265,
    "error": 9.733716749111957e-5,
    "mean": 0.07764847029320988
  },
  "energy": {
    "variance": 0.006483396503507614,
    "error": 8.05195411282728e-5,
    "mean": -0.41002655555555556
  },
  "magnetization": {
    "variance": 0.07764852747684539,
    "error": 0.00027865485367537635,
    "mean": 0.00014305555555555567
  },
  "sqr_energy": {
    "variance": 0.004654303808145924,
    "error": 6.822245823880817e-5,
    "mean": 0.17460516628086417
  }
}
