{
  "sqr_magnetization": {
    "variance": 0.010741859401955921,
    "error": 0.00010364294188200141,
    "mean": 0.08382125250771603
  },
  "energy": {
    "variance": 0.006735676764661333,
    "error": 8.207116890029855e-5,
    "mean": -0.41353594444444447
  },
  "magnetization": {
    "variance": 0.08375473366136464,
    "error": 0.00028940410097537427,
    "mean": 0.008161041666666665
  },
  "sqr_energy": {
    "variance": 0.0049678605576951385,
    "error": 7.048305156344422e-5,
    "mean": 0.17774764737654317
  }
}
