{
  "sqr_magnetization": {
    "variance": 0.0071656020046408754,
    "error": 8.464987894049746e-5,
    "mean": 0.8917731817129632
  },
  "abs_magnetization": {
    "variance": 0.002263268173453359,
    "error": 4.757381815088378e-5,
    "mean": 0.9431383333333333
  },
  "energy": {
    "variance": 0.003246081923365103,
    "error": 5.697439708645545e-5,
    "mean": -0.9110369166666663
  },
  "magnetization": {
    "variance": 0.002264840071553035,
    "error": 4.759033590502419e-5,
    "mean": -0.9431375
  },
  "sqr_energy": {
    "variance": 0.010297095839213465,
    "error": 0.00010147460686897715,
    "mean": 0.83323434220679
  }
}
