{
  "sqr_magnetization": {
    "variance": 0.02461987637459066,
    "error": 0.00015690722218747824,
    "mean": 0.7736591574074076
  },
  "abs_magnetization": {
    "variance": 0.011305839708135234,
    "error": 0.00010632892225605992,
    "mean": 0.8731284722222222
  },
  "energy": {
    "variance": 0.007046935249476726,
    "error": 8.39460258110932e-5,
    "mean": -0.8347284027777777
  },
  "magnetization": {
    "variance": 0.7632272218709556,
    "error": 0.0008736287666228463,
    "mean": 0.10214058333333333
  },
  "sqr_energy": {
    "variance": 0.01846948154182944,
    "error": 0.00013590247069803196,
    "mean": 0.7038184346064813
  }
}
