{
  "sqr_magnetization": {
    "variance": 0.012237086625515882,
    "error": 0.0001106213660443401,
    "mean": 0.8498426224922841
  },
  "abs_magnetization": {
    "variance": 0.004429780036971203,
    "error": 6.655659273859504e-5,
    "mean": 0.9194633472222222
  },
  "energy": {
    "variance": 0.004571403385013723,
    "error": 6.761215412197515e-5,
    "mean": -0.8821019166666664
  },
  "magnetization": {
    "variance": 0.3575767407842592,
    "error": 0.0005979772075792348,
    "mean": -0.701616875
  },
  "sqr_energy": {
    "variance": 0.013503446224587145,
    "error": 0.00011620432962926616,
    "mean": 0.782675190200617
  }
}
