{
  "sqr_magnetization": {
    "variance": 0.0007546635151672362,
    "error": 2.747113967725468e-5,
    "mean": 0.019810909336419748
  },
  "abs_magnetization": {
    "variance": 0.0071345584905337985,
    "error": 8.446631571540101e-5,
    "mean": 0.11258933333333333
  },
  "energy": {
    "variance": 0.004235110845990281,
    "error": 6.507772926270769e-5,
    "mean": -0.21410276388888888
  },
  "magnetization": {
    "variance": 0.019810856292269096,
    "error": 0.00014075104366316116,
    "mean": 0.0002699166666666666
  },
  "sqr_energy": {
    "variance": 0.0008394229701405063,
    "error": 2.8972797071399687e-5,
    "mean": 0.05007510011574073
  }
}
