{
  "sqr_magnetization": {
    "variance": 0.06280198621251953,
    "error": 0.0002506032446169034,
    "mean": 0.38577423476080247
  },
  "energy": {
    "variance": 0.013242193205794868,
    "error": 0.00011507472878870872,
    "mean": -0.6296196805555555
  },
  "magnetization": {
    "variance": 0.38301901378362624,
    "error": 0.0006188852993759233,
    "mean": -0.052493847222222216
  },
  "sqr_energy": {
    "variance": 0.02172349260327105,
    "error": 0.00014738891614796227,
    "mean": 0.40966312210648154
  }
}
