{
  "sqr_magnetization": {
    "variance": 0.004720987739402343,
    "error": 6.87094443246512e-5,
    "mean": 0.9174726641589509
  },
  "energy": {
    "variance": 0.00243710969732864,
    "error": 4.936709123827978e-5,
    "mean": -0.930101458333333
  },
  "magnetization": {
    "variance": 0.0013850645890335323,
    "error": 3.721645589028504e-5,
    "mean": 0.9571246527777779
  },
  "sqr_energy": {
    "variance": 0.008095492543212535,
    "error": 8.997495508869418e-5,
    "mean": 0.8675258300540124
  }
}
