{
  "sqr_magnetization": {
    "variance": 0.0038620078506285886,
    "error": 6.214505491693276e-5,
    "mean": 0.9274009334490744
  },
  "energy": {
    "variance": 0.0021316069753569756,
    "error": 4.6169329379545636e-5,
    "mean": -0.9376291666666663
  },
  "magnetization": {
    "variance": 0.0011057162971883268,
    "error": 3.325231265924713e-5,
    "mean": 0.9624423194444445
  },
  "sqr_energy": {
    "variance": 0.0072074932617259575,
    "error": 8.489695672829478e-5,
    "mean": 0.8812800590277777
  }
}
