{
  "sqr_magnetization": {
    "variance": 0.046879651361710566,
    "error": 0.00021651709253938954,
    "mean": 0.2477589945987654
  },
  "energy": {
    "variance": 0.011346167461314838,
    "error": 0.00010651839024935947,
    "mean": -0.55313575
  },
  "magnetization": {
    "variance": 0.24775874125082767,
    "error": 0.0004977536953663204,
    "mean": 0.0007078888888888851
  },
  "sqr_energy": {
    "variance": 0.015109254255362671,
    "error": 0.0001229197065378968,
    "mean": 0.3173053140432099
  }
}
