{
  "sqr_magnetization": {
    "variance": 0.06270409758744723,
    "error": 0.0002504078624713035,
    "mean": 0.3643295516975308
  },
  "energy": {
    "variance": 0.013223090346596522,
    "error": 0.00011499169685936687,
    "mean": -0.6200126666666667
  },
  "magnetization": {
    "variance": 0.3643034209605074,
    "error": 0.0006035755304520781,
    "mean": -0.005147333333333323
  },
  "sqr_energy": {
    "variance": 0.021217955209689932,
    "error": 0.00014566384317904677,
    "mean": 0.3976387839506173
  }
}
