{
  "sqr_magnetization": {
    "variance": 0.0641920344650856,
    "error": 0.00025336146996946,
    "mean": 0.4167930273919753
  },
  "energy": {
    "variance": 0.013487989497704777,
    "error": 0.00011613780391287231,
    "mean": -0.6457473055555555
  },
  "magnetization": {
    "variance": 0.41678348155999306,
    "error": 0.0006455877024541228,
    "mean": 0.0031563611111111094
  },
  "sqr_energy": {
    "variance": 0.022923771445472214,
    "error": 0.000151405982198433,
    "mean": 0.43047755864197534
  }
}
