{
  "sqr_magnetization": {
    "variance": 0.004196979645414853,
    "error": 6.47841002516424e-5,
    "mean": 0.9243402527006175
  },
  "abs_magnetization": {
    "variance": 0.001220214335090108,
    "error": 3.4931566456288615e-5,
    "mean": 0.9607913611111112
  },
  "energy": {
    "variance": 0.00224599385044987,
    "error": 4.7391917564600296e-5,
    "mean": -0.9353104166666663
  },
  "magnetization": {
    "variance": 0.001220214335090108,
    "error": 3.4931566456288615e-5,
    "mean": 0.9607913611111112
  },
  "sqr_energy": {
    "variance": 0.007540527115961877,
    "error": 8.683620855358596e-5,
    "mean": 0.8770515671296296
  }
}
