{
  "sqr_magnetization": {
    "variance": 0.02296481871651546,
    "error": 0.00015154147523538055,
    "mean": 0.783623482638889
  },
  "abs_magnetization": {
    "variance": 0.010328867123678852,
    "error": 0.00010163103425469433,
    "mean": 0.8793717222222223
  },
  "energy": {
    "variance": 0.0067446118219943434,
    "error": 8.212558567215422e-5,
    "mean": -0.8406360138888889
  },
  "magnetization": {
    "variance": 0.7808774495930022,
    "error": 0.000883672705017532,
    "mean": -0.05241005555555555
  },
  "sqr_energy": {
    "variance": 0.01792745304615749,
    "error": 0.000133893439145305,
    "mean": 0.7134135129243827
  }
}
