{
  "energy": {
    "variance": 0.007984636771686237,
    "error": 8.935679477066217e-5,
    "mean": -0.8173548159722223
  },
  "magnetization": {
    "variance": 0.7393518321964856,
    "error": 0.0008598557042879262,
    "mean": 0.0688006388888889
  }
}
