{
  "sqr_magnetization": {
    "variance": 0.006934323482349232,
    "error": 8.327258541890741e-5,
    "mean": 0.06509859606481481
  },
  "abs_magnetization": {
    "variance": 0.022204169723922043,
    "error": 0.0001490106362778243,
    "mean": 0.20710975
  },
  "energy": {
    "variance": 0.006049467076929269,
    "error": 7.777832009582921e-5,
    "mean": -0.3844834166666667
  },
  "magnetization": {
    "variance": 0.06509840815422298,
    "error": 0.0002551438969566448,
    "mean": -0.0005030000000000002
  },
  "sqr_energy": {
    "variance": 0.003814844793042796,
    "error": 6.176442983662033e-5,
    "mean": 0.1538769587191358
  }
}
