{
  "energy": {
    "variance": 0.011943741441093099,
    "error": 0.00010928742581419465,
    "mean": -0.7371010694444445
  },
  "magnetization": {
    "variance": 0.5942988503147022,
    "error": 0.0007709078092189119,
    "mean": 0.0004828888888888914
  }
}
