{
  "sqr_magnetization": {
    "variance": 4.313697995601002e-5,
    "error": 6.567874843205374e-6,
    "mean": 0.9985528724922841
  },
  "abs_magnetization": {
    "variance": 1.0979485300279993e-5,
    "error": 3.3135306397074394e-6,
    "mean": 0.9992706805555556
  },
  "energy": {
    "variance": 4.0861510011008497e-5,
    "error": 6.392300838587659e-6,
    "mean": -0.9985705138888888
  },
  "magnetization": {
    "variance": 1.0979485300279993e-5,
    "error": 3.3135306397074394e-6,
    "mean": 0.9992706805555556
  },
  "sqr_energy": {
    "variance": 0.0001582840421125836,
    "error": 1.2581098605153033e-5,
    "mean": 0.9971839326774691
  }
}
