{
  "sqr_magnetization": {
    "variance": 0.013703731481572064,
    "error": 0.00011706293812121778,
    "mean": 0.09814912172067901
  },
  "abs_magnetization": {
    "variance": 0.031711678084060606,
    "error": 0.00017807773045515996,
    "mean": 0.25775468055555556
  },
  "energy": {
    "variance": 0.007070345575283847,
    "error": 8.408534697129962e-5,
    "mean": -0.4350488888888889
  },
  "magnetization": {
    "variance": 0.0981478867096751,
    "error": 0.0003132856311892952,
    "mean": -0.0011546250000000003
  },
  "sqr_energy": {
    "variance": 0.005783460435688548,
    "error": 7.60490659751226e-5,
    "mean": 0.19633787422839502
  }
}
