{
  "sqr_magnetization": {
    "variance": 0.057780195323286966,
    "error": 0.00024037511377696105,
    "mean": 0.573736280285494
  },
  "abs_magnetization": {
    "variance": 0.04081379225007292,
    "error": 0.0002020242367887401,
    "mean": 0.7300154305555555
  },
  "energy": {
    "variance": 0.012268179802283969,
    "error": 0.0001107618156328433,
    "mean": -0.7270374722222221
  },
  "magnetization": {
    "variance": 0.5732856988610305,
    "error": 0.0007571563239259318,
    "mean": -0.021240402777777785
  },
  "sqr_energy": {
    "variance": 0.024999402802067194,
    "error": 0.0001581119944914591,
    "mean": 0.5408516535493827
  }
}
