{
  "sqr_magnetization": {
    "variance": 0.06485186888455628,
    "error": 0.00025466030095905464,
    "mean": 0.4041482160493826
  },
  "abs_magnetization": {
    "variance": 0.06008443262917338,
    "error": 0.0002451212610712775,
    "mean": 0.5865695555555555
  },
  "energy": {
    "variance": 0.013514381622329154,
    "error": 0.00011625137256105476,
    "mean": -0.6399691666666667
  },
  "magnetization": {
    "variance": 0.40324842428724444,
    "error": 0.0006350184440528043,
    "mean": 0.03000325
  },
  "sqr_energy": {
    "variance": 0.022681243433805086,
    "error": 0.00015060293301860056,
    "mean": 0.4230749023919753
  }
}
