{
  "sqr_magnetization": {
    "variance": 0.003245643289143751,
    "error": 5.697054755874961e-5,
    "mean": 0.9357212681327164
  },
  "energy": {
    "variance": 0.0018820107331525154,
    "error": 4.338214763186022e-5,
    "mean": -0.944125569444444
  },
  "magnetization": {
    "variance": 0.0009148803021326179,
    "error": 3.0246988315080526e-5,
    "mean": 0.9668538611111112
  },
  "sqr_energy": {
    "variance": 0.006460192126391013,
    "error": 8.037532038126513e-5,
    "mean": 0.8932550997299382
  }
}
