{
  "sqr_magnetization": {
    "variance": 0.019469493243004996,
    "error": 0.00013953312597016164,
    "mean": 0.8044082231867286
  },
  "abs_magnetization": {
    "variance": 0.008248078223301798,
    "error": 9.081893097422914e-5,
    "mean": 0.8922780694444444
  },
  "energy": {
    "variance": 0.006077030003934131,
    "error": 7.795530773420198e-5,
    "mean": -0.853273236111111
  },
  "magnetization": {
    "variance": 0.7258303863487071,
    "error": 0.0008519567984051228,
    "mean": 0.2803186805555556
  },
  "sqr_energy": {
    "variance": 0.016668163943967838,
    "error": 0.0001291052436733994,
    "mean": 0.7341522393904321
  }
}
