{
  "sqr_magnetization": {
    "variance": 0.012436327855783016,
    "error": 0.00011151828484953944,
    "mean": 0.0908260648148148
  },
  "energy": {
    "variance": 0.006934983169399834,
    "error": 8.327654633448624e-5,
    "mean": -0.42638927777777774
  },
  "magnetization": {
    "variance": 0.09082607282483826,
    "error": 0.00030137364321525907,
    "mean": 0.0002877777777777792
  },
  "sqr_energy": {
    "variance": 0.005467611975043268,
    "error": 7.394330243533399e-5,
    "mean": 0.18874279243827158
  }
}
