{
  "sqr_magnetization": {
    "variance": 0.0038169969969421257,
    "error": 6.178185006085627e-5,
    "mean": 0.9281688084490743
  },
  "energy": {
    "variance": 0.0021135349998613892,
    "error": 4.597319871252586e-5,
    "mean": -0.9382330277777773
  },
  "magnetization": {
    "variance": 0.0010916558258531647,
    "error": 3.304021528158018e-5,
    "mean": 0.9628484583333333
  },
  "sqr_energy": {
    "variance": 0.007155143766231624,
    "error": 8.458808288542556e-5,
    "mean": 0.8823947472993827
  }
}
