{
  "sqr_magnetization": {
    "variance": 0.029298853636456505,
    "error": 0.0001711690790898184,
    "mean": 0.16479002797067904
  },
  "abs_magnetization": {
    "variance": 0.04711766417382755,
    "error": 0.00021706603643552243,
    "mean": 0.343034125
  },
  "energy": {
    "variance": 0.009148457358110904,
    "error": 9.564756849032234e-5,
    "mean": -0.49718797222222216
  },
  "magnetization": {
    "variance": 0.16477331491181316,
    "error": 0.0004059227942747403,
    "mean": 0.004108263888888889
  },
  "sqr_energy": {
    "variance": 0.00993452342860898,
    "error": 9.967207948371992e-5,
    "mean": 0.25634432793209877
  }
}
