{
  "sqr_magnetization": {
    "variance": 0.009138292427303825,
    "error": 9.559441629773062e-5,
    "mean": 0.873214750578704
  },
  "abs_magnetization": {
    "variance": 0.003021878162246798,
    "error": 5.497161233079122e-5,
    "mean": 0.9328412916666667
  },
  "energy": {
    "variance": 0.0038245469013522635,
    "error": 6.184292119032107e-5,
    "mean": -0.8978545694444442
  },
  "magnetization": {
    "variance": 0.805292735274212,
    "error": 0.0008973810424085255,
    "mean": 0.26062006944444444
  },
  "sqr_energy": {
    "variance": 0.011756414385554604,
    "error": 0.00010842700026079575,
    "mean": 0.8099673709490739
  }
}
