{
  "sqr_magnetization": {
    "variance": 0.0025622286187038145,
    "error": 5.061846124393564e-5,
    "mean": 0.9468773894675928
  },
  "abs_magnetization": {
    "variance": 0.0007121867444458111,
    "error": 2.6686827170831137e-5,
    "mean": 0.9727102361111113
  },
  "energy": {
    "variance": 0.0015601676550781494,
    "error": 3.949895764546388e-5,
    "mean": -0.9531559444444441
  },
  "magnetization": {
    "variance": 0.0007121867444458111,
    "error": 2.6686827170831137e-5,
    "mean": -0.9727102361111113
  },
  "sqr_energy": {
    "variance": 0.005458697550813508,
    "error": 7.38829990648289e-5,
    "mean": 0.9100664205246912
  }
}
