{
  "sqr_magnetization": {
    "variance": 0.06575837481257646,
    "error": 0.00025643395799421036,
    "mean": 0.4392923780864198
  },
  "abs_magnetization": {
    "variance": 0.05756218840266988,
    "error": 0.00023992121290679962,
    "mean": 0.6178432222222222
  },
  "energy": {
    "variance": 0.01355895044307679,
    "error": 0.00011644290636649701,
    "mean": -0.6585919027777778
  },
  "magnetization": {
    "variance": 0.43784954628803696,
    "error": 0.0006617020071663959,
    "mean": -0.03799038888888889
  },
  "sqr_energy": {
    "variance": 0.02378540606034776,
    "error": 0.0001542251797222093,
    "mean": 0.44730223128858027
  }
}
