{
  "sqr_magnetization": {
    "variance": 0.002493118408096892,
    "error": 4.99311366593721e-5,
    "mean": 0.9479660503472225
  },
  "abs_magnetization": {
    "variance": 0.0006916330343550643,
    "error": 2.6298916980648926e-5,
    "mean": 0.9732802361111113
  },
  "energy": {
    "variance": 0.0015279383298511381,
    "error": 3.908885173359711e-5,
    "mean": -0.9540433611111105
  },
  "magnetization": {
    "variance": 0.0006916330343550643,
    "error": 2.6298916980648926e-5,
    "mean": -0.9732802361111113
  },
  "sqr_energy": {
    "variance": 0.005356578660736562,
    "error": 7.318865117445848e-5,
    "mean": 0.9117266716820986
  }
}
