{
  "sqr_magnetization": {
    "variance": 0.0030801329055939876,
    "error": 5.5498945085415705e-5,
    "mean": 0.9382382914737657
  },
  "energy": {
    "variance": 0.0018094228174475088,
    "error": 4.253731088641487e-5,
    "mean": -0.9461511111111107
  },
  "magnetization": {
    "variance": 0.0008643007735937908,
    "error": 2.9398992730938773e-5,
    "mean": 0.9681807638888889
  },
  "sqr_energy": {
    "variance": 0.006239054706230942,
    "error": 7.898768705457162e-5,
    "mean": 0.8970113460648147
  }
}
