{
  "sqr_magnetization": {
    "variance": 0.009345806145211648,
    "error": 9.66737096899237e-5,
    "mean": 0.07718559510030863
  },
  "abs_magnetization": {
    "variance": 0.02592509516338818,
    "error": 0.00016101271739644724,
    "mean": 0.226407875
  },
  "energy": {
    "variance": 0.006450787797485136,
    "error": 8.031679648420458e-5,
    "mean": -0.40593665277777774
  },
  "magnetization": {
    "variance": 0.07718422718002019,
    "error": 0.00027782049452842783,
    "mean": 0.0012021249999999999
  },
  "sqr_energy": {
    "variance": 0.004563049954188103,
    "error": 6.755035125140433e-5,
    "mean": 0.17123534741512342
  }
}
