{
  "sqr_magnetization": {
    "variance": 0.04389320055251026,
    "error": 0.00020950704177308756,
    "mean": 0.6681895181327162
  },
  "abs_magnetization": {
    "variance": 0.02613848137262952,
    "error": 0.00016167399720619737,
    "mean": 0.8012808888888889
  },
  "energy": {
    "variance": 0.010225966092435031,
    "error": 0.00010112351898759769,
    "mean": -0.7759390972222221
  },
  "magnetization": {
    "variance": 0.6659757470447586,
    "error": 0.0008160733711160772,
    "mean": 0.04705780555555554
  },
  "sqr_energy": {
    "variance": 0.023239058097527937,
    "error": 0.0001524436226856602,
    "mean": 0.6123074384645061
  }
}
