{
  "sqr_magnetization": {
    "variance": 0.010091455034192611,
    "error": 0.00010045623442172521,
    "mean": 0.8663089336419755
  },
  "abs_magnetization": {
    "variance": 0.003468434631069663,
    "error": 5.889341755298009e-5,
    "mean": 0.9288920833333334
  },
  "energy": {
    "variance": 0.004049427096571964,
    "error": 6.36351089931648e-5,
    "mean": -0.893202097222222
  },
  "magnetization": {
    "variance": 0.657091044460334,
    "error": 0.0008106115249984631,
    "mean": -0.45740413888888887
  },
  "sqr_energy": {
    "variance": 0.01229773137182352,
    "error": 0.00011089513682674963,
    "mean": 0.8018594095293209
  }
}
