{
  "sqr_magnetization": {
    "variance": 0.02237994553585365,
    "error": 0.0001495992832063498,
    "mean": 0.7869133258101852
  },
  "abs_magnetization": {
    "variance": 0.00998188149507112,
    "error": 9.990936640311118e-5,
    "mean": 0.8814371527777778
  },
  "energy": {
    "variance": 0.006640816190815996,
    "error": 8.149120314988603e-5,
    "mean": -0.8425889027777778
  },
  "magnetization": {
    "variance": 0.77083422581417,
    "error": 0.0008779716543341077,
    "mean": -0.12680643055555557
  },
  "sqr_energy": {
    "variance": 0.017736015571051974,
    "error": 0.0001331766329768551,
    "mean": 0.7165968686342592
  }
}
