{
  "sqr_magnetization": {
    "variance": 0.016468131639269364,
    "error": 0.00012832821840604413,
    "mean": 0.8217629969135805
  },
  "energy": {
    "variance": 0.005417254216426863,
    "error": 7.36019987257606e-5,
    "mean": -0.8641280138888887
  },
  "magnetization": {
    "variance": 0.006547685458703206,
    "error": 8.09177697338675e-5,
    "mean": 0.90289275
  },
  "sqr_energy": {
    "variance": 0.01531495754564517,
    "error": 0.0001237536162932024,
    "mean": 0.7521344731867283
  }
}
