{
  "sqr_magnetization": {
    "variance": 0.006969142466237416,
    "error": 8.348138993953931e-5,
    "mean": 0.8908751807484571
  },
  "energy": {
    "variance": 0.0032215115846936835,
    "error": 5.675836136371172e-5,
    "mean": -0.9102042777777773
  },
  "magnetization": {
    "variance": 0.0021574054629438515,
    "error": 4.644787899295135e-5,
    "mean": -0.9427182916666668
  },
  "sqr_energy": {
    "variance": 0.010223191369095568,
    "error": 0.0001011097985810256,
    "mean": 0.8316933356481481
  }
}
