{
  "sqr_magnetization": {
    "variance": 0.06208718403257876,
    "error": 0.0002491730002078451,
    "mean": 0.3589213412422839
  },
  "energy": {
    "variance": 0.013172065022065024,
    "error": 0.00011476961715569597,
    "mean": -0.6165188888888888
  },
  "magnetization": {
    "variance": 0.3586178838242324,
    "error": 0.0005988471289271013,
    "mean": -0.017430319444444436
  },
  "sqr_energy": {
    "variance": 0.02096179768294096,
    "error": 0.00014478189694482166,
    "mean": 0.3932675922067901
  }
}
