{
  "sqr_magnetization": {
    "variance": 0.004973163809544977,
    "error": 7.052066228804844e-5,
    "mean": 0.05418977391975309
  },
  "energy": {
    "variance": 0.005667836355057804,
    "error": 7.528503407090817e-5,
    "mean": -0.36306997222222226
  },
  "magnetization": {
    "variance": 0.05418707444315391,
    "error": 0.00023278117287090446,
    "mean": -0.0016594166666666684
  },
  "sqr_energy": {
    "variance": 0.0031548100729630324,
    "error": 5.61676959912282e-5,
    "mean": 0.1374876354166667
  }
}
