{
  "energy": {
    "variance": 0.0068297704879702855,
    "error": 8.264242547245504e-5,
    "mean": -0.4221851597222222
  },
  "magnetization": {
    "variance": 0.08862406260390132,
    "error": 0.0002976979385281351,
    "mean": -0.00030202777777777785
  }
}
