{
  "sqr_magnetization": {
    "variance": 0.025197352019804106,
    "error": 0.00015873673809110514,
    "mean": 0.7702533144290125
  },
  "abs_magnetization": {
    "variance": 0.011703875148578853,
    "error": 0.00010818444966157961,
    "mean": 0.8709474444444445
  },
  "energy": {
    "variance": 0.007141098134181464,
    "error": 8.45050183964329e-5,
    "mean": -0.8327266111111111
  },
  "magnetization": {
    "variance": 0.7405445053858443,
    "error": 0.0008605489558333357,
    "mean": 0.17236458333333335
  },
  "sqr_energy": {
    "variance": 0.018629508065143522,
    "error": 0.0001364899559130397,
    "mean": 0.7005746998456789
  }
}
