{
  "sqr_magnetization": {
    "variance": 0.033393804498102884,
    "error": 0.00018273971789981204,
    "mean": 0.7237634542824074
  },
  "abs_magnetization": {
    "variance": 0.01737330055983123,
    "error": 0.00013180781676301004,
    "mean": 0.8404702083333334
  },
  "energy": {
    "variance": 0.008586850621455368,
    "error": 9.266526113628218e-5,
    "mean": -0.8059493472222222
  },
  "magnetization": {
    "variance": 0.7235748268792203,
    "error": 0.0008506320161381303,
    "mean": -0.013760486111111117
  },
  "sqr_energy": {
    "variance": 0.02098657375242426,
    "error": 0.0001448674350999018,
    "mean": 0.6581411923225308
  }
}
