{
  "sqr_magnetization": {
    "variance": 0.06424685672181267,
    "error": 0.00025346963668615744,
    "mean": 0.5155140854552469
  },
  "energy": {
    "variance": 0.013196190395217982,
    "error": 0.00011487467255760942,
    "mean": -0.6980127916666666
  },
  "magnetization": {
    "variance": 0.5154635373892688,
    "error": 0.0007179578938832477,
    "mean": 0.0071458750000000055
  },
  "sqr_energy": {
    "variance": 0.02524436597089207,
    "error": 0.00015888475688653102,
    "mean": 0.500418034529321
  }
}
