{
  "sqr_magnetization": {
    "variance": 0.012112256205175856,
    "error": 0.00011005569592336354,
    "mean": 0.09030765258487654
  },
  "energy": {
    "variance": 0.006870470338948542,
    "error": 8.288830037435044e-5,
    "mean": -0.4246367638888889
  },
  "magnetization": {
    "variance": 0.09023723624533017,
    "error": 0.00030039513352471306,
    "mean": 0.008396819444444445
  },
  "sqr_energy": {
    "variance": 0.005336336768684265,
    "error": 7.30502345559839e-5,
    "mean": 0.18718684471450614
  }
}
