{
  "sqr_magnetization": {
    "variance": 0.004348740824141341,
    "error": 6.594498331292034e-5,
    "mean": 0.9212778804012348
  },
  "energy": {
    "variance": 0.002315493795363395,
    "error": 4.811957808796119e-5,
    "mean": -0.9329574166666663
  },
  "magnetization": {
    "variance": 0.0012604550115383453,
    "error": 3.550288736903444e-5,
    "mean": 0.959175388888889
  },
  "sqr_energy": {
    "variance": 0.007745023164724567,
    "error": 8.800581324392478e-5,
    "mean": 0.8727250327932098
  }
}
