{
  "energy": {
    "variance": 0.006077654826209948,
    "error": 7.795931519844147e-5,
    "mean": -0.8532693124999999
  },
  "magnetization": {
    "variance": 0.7425041232935522,
    "error": 0.0008616867895549706,
    "mean": -0.24935749999999998
  }
}
