{
  "sqr_magnetization": {
    "variance": 0.06478866242611253,
    "error": 0.000254536171154735,
    "mean": 0.3992902150848765
  },
  "energy": {
    "variance": 0.013555969133437498,
    "error": 0.00011643010406865356,
    "mean": -0.6379389166666666
  },
  "magnetization": {
    "variance": 0.39874123947562967,
    "error": 0.0006314596103280317,
    "mean": -0.023438736111111108
  },
  "sqr_energy": {
    "variance": 0.02270460892043852,
    "error": 0.0001506804861965826,
    "mean": 0.42052201697530867
  }
}
