{
  "sqr_magnetization": {
    "variance": 0.06224677500111865,
    "error": 0.0002494930359771965,
    "mean": 0.3656910925925926
  },
  "abs_magnetization": {
    "variance": 0.06145669435600841,
    "error": 0.0002479046073714815,
    "mean": 0.5515745277777777
  },
  "energy": {
    "variance": 0.013140594776088605,
    "error": 0.00011463243335151098,
    "mean": -0.6199994444444445
  },
  "magnetization": {
    "variance": 0.36568659184318447,
    "error": 0.0006047202591638422,
    "mean": -0.002206000000000001
  },
  "sqr_energy": {
    "variance": 0.021020732526181758,
    "error": 0.00014498528382626204,
    "mean": 0.39753989274691365
  }
}
