{
  "sqr_magnetization": {
    "variance": 0.05337591213924559,
    "error": 0.0002310322751029509,
    "mean": 0.610476785300926
  },
  "energy": {
    "variance": 0.011640667810753458,
    "error": 0.00010789192653184695,
    "mean": -0.7459468611111111
  },
  "magnetization": {
    "variance": 0.6053090687380762,
    "error": 0.0007780161108473758,
    "mean": -0.07189104166666666
  },
  "sqr_energy": {
    "variance": 0.024744011081631205,
    "error": 0.00015730229204188732,
    "mean": 0.568077375771605
  }
}
