{
  "sqr_magnetization": {
    "variance": 0.059936202062258255,
    "error": 0.00024481871264725306,
    "mean": 0.5587477827932099
  },
  "energy": {
    "variance": 0.012538806416951478,
    "error": 0.00011197681196101038,
    "mean": -0.7200032777777777
  },
  "magnetization": {
    "variance": 0.5583353303480959,
    "error": 0.0007472183953491081,
    "mean": 0.02032266666666668
  },
  "sqr_energy": {
    "variance": 0.02518260063400951,
    "error": 0.00015869026634929287,
    "mean": 0.5309435138888889
  }
}
