{
  "sqr_magnetization": {
    "variance": 0.005668380107981065,
    "error": 7.528864527922564e-5,
    "mean": 0.05781457118055556
  },
  "abs_magnetization": {
    "variance": 0.019944009450111107,
    "error": 0.00014122326100933624,
    "mean": 0.19460365277777777
  },
  "energy": {
    "variance": 0.005823592383961982,
    "error": 7.631246545592654e-5,
    "mean": -0.3704564166666666
  },
  "magnetization": {
    "variance": 0.05781430115908801,
    "error": 0.00024044604625380724,
    "mean": 0.0005725694444444448
  },
  "sqr_energy": {
    "variance": 0.0034043843090270378,
    "error": 5.8347101976251034e-5,
    "mean": 0.14306154320987655
  }
}
