{
  "sqr_magnetization": {
    "variance": 0.005583244011274328,
    "error": 7.472110820427069e-5,
    "mean": 0.9070731035879631
  },
  "energy": {
    "variance": 0.0027484744766378636,
    "error": 5.242589509620092e-5,
    "mean": -0.9222138749999996
  },
  "magnetization": {
    "variance": 0.001672777441920768,
    "error": 4.08996019775348e-5,
    "mean": 0.9515252638888889
  },
  "sqr_energy": {
    "variance": 0.008966096442455983,
    "error": 9.468947376797478e-5,
    "mean": 0.8532269029706789
  }
}
