{
  "sqr_magnetization": {
    "variance": 0.01707760210256664,
    "error": 0.00013068129974317915,
    "mean": 0.11221861323302469
  },
  "energy": {
    "variance": 0.007563319586090417,
    "error": 8.69673478156625e-5,
    "mean": -0.45058519444444445
  },
  "magnetization": {
    "variance": 0.11214185948464325,
    "error": 0.0003348758866873565,
    "mean": -0.008767319444444446
  },
  "sqr_energy": {
    "variance": 0.006673651896902635,
    "error": 8.169242251826442e-5,
    "mean": 0.2105903294753086
  }
}
