{
  "sqr_magnetization": {
    "variance": 0.010204169097995616,
    "error": 0.00010101568738565123,
    "mean": 0.08205754880401235
  },
  "energy": {
    "variance": 0.006553976878050953,
    "error": 8.095663578762986e-5,
    "mean": -0.41426666666666667
  },
  "magnetization": {
    "variance": 0.08202354161003061,
    "error": 0.0002863975237498233,
    "mean": 0.005838597222222224
  },
  "sqr_energy": {
    "variance": 0.0048153805537442555,
    "error": 6.93929431119927e-5,
    "mean": 0.17817084143518516
  }
}
