{
  "sqr_magnetization": {
    "variance": 0.030010740070520736,
    "error": 0.0001732360818955472,
    "mean": 0.16798417148919753
  },
  "abs_magnetization": {
    "variance": 0.04766685790816172,
    "error": 0.00021832740988744797,
    "mean": 0.3468679305555555
  },
  "energy": {
    "variance": 0.009238309366796251,
    "error": 9.6116124385018e-5,
    "mean": -0.49975858333333334
  },
  "magnetization": {
    "variance": 0.1679808095075022,
    "error": 0.00040985461996603405,
    "mean": -0.0018788194444444427
  },
  "sqr_energy": {
    "variance": 0.010136721652742976,
    "error": 0.00010068128750042372,
    "mean": 0.25899694174382715
  }
}
