{
  "energy": {
    "variance": 0.007562465793139393,
    "error": 8.696243897878781e-5,
    "mean": -0.8259635520833333
  },
  "magnetization": {
    "variance": 0.7236728266191595,
    "error": 0.0008506896182622424,
    "mean": 0.18686045833333334
  }
}
