{
  "sqr_magnetization": {
    "variance": 0.036053886697364285,
    "error": 0.00018987861042614644,
    "mean": 0.7183233786651236
  },
  "energy": {
    "variance": 0.008865310071495255,
    "error": 9.415577556100983e-5,
    "mean": -0.8039992222222221
  },
  "magnetization": {
    "variance": 0.7164883737552008,
    "error": 0.0008464563625817936,
    "mean": -0.04284531944444444
  },
  "sqr_energy": {
    "variance": 0.02145683184346726,
    "error": 0.00014648150683095547,
    "mean": 0.6552800505401234
  }
}
