{
  "sqr_magnetization": {
    "variance": 0.009481299987294365,
    "error": 9.737196715325394e-5,
    "mean": 0.8697661564429015
  },
  "energy": {
    "variance": 0.003906918526801051,
    "error": 6.250534798560081e-5,
    "mean": -0.8953469027777775
  },
  "magnetization": {
    "variance": 0.0031591039603753733,
    "error": 5.620590681036446e-5,
    "mean": -0.9309173194444444
  },
  "sqr_energy": {
    "variance": 0.011937465213550451,
    "error": 0.00010925870772414642,
    "mean": 0.8055529909336421
  }
}
