{
  "sqr_magnetization": {
    "variance": 0.06591462331074863,
    "error": 0.0002567384336455074,
    "mean": 0.47117431558641976
  },
  "energy": {
    "variance": 0.013438242532822782,
    "error": 0.00011592343392439158,
    "mean": -0.6754407777777778
  },
  "magnetization": {
    "variance": 0.4684833851325449,
    "error": 0.0006844584612177315,
    "mean": 0.05187869444444444
  },
  "sqr_energy": {
    "variance": 0.024516356713971208,
    "error": 0.0001565769993133449,
    "mean": 0.4696584733796297
  }
}
