{
  "sqr_magnetization": {
    "variance": 0.0171650395164271,
    "error": 0.00013101541709442863,
    "mean": 0.11326989660493827
  },
  "abs_magnetization": {
    "variance": 0.03579960656870456,
    "error": 0.00018920783960688458,
    "mean": 0.2783349166666667
  },
  "energy": {
    "variance": 0.00755384400459709,
    "error": 8.691285293095084e-5,
    "mean": -0.45185366666666665
  },
  "magnetization": {
    "variance": 0.11326356193686749,
    "error": 0.00033654652269317456,
    "mean": -0.0025392777777777775
  },
  "sqr_energy": {
    "variance": 0.006696474107637751,
    "error": 8.183198706885806e-5,
    "mean": 0.21172557253086416
  }
}
