{
  "sqr_magnetization": {
    "variance": 0.006588499238755723,
    "error": 8.116957089178015e-5,
    "mean": 0.8949077272376547
  },
  "energy": {
    "variance": 0.0030952329249975844,
    "error": 5.563481756056709e-5,
    "mean": -0.9131215277777776
  },
  "magnetization": {
    "variance": 0.00201922404082898,
    "error": 4.4935776846839755e-5,
    "mean": 0.9449277777777777
  },
  "sqr_energy": {
    "variance": 0.009891477520950001,
    "error": 9.94559074210778e-5,
    "mean": 0.8368861543209877
  }
}
