{
  "sqr_magnetization": {
    "variance": 0.00463874813586629,
    "error": 6.810835584468539e-5,
    "mean": 0.9184377932098768
  },
  "energy": {
    "variance": 0.00240418612058099,
    "error": 4.903250065600357e-5,
    "mean": -0.9308430972222218
  },
  "magnetization": {
    "variance": 0.0013589027743155838,
    "error": 3.686329847308273e-5,
    "mean": 0.9576423611111111
  },
  "sqr_energy": {
    "variance": 0.007999350248916121,
    "error": 8.943908680725737e-5,
    "mean": 0.8688730553626542
  }
}
