{
  "sqr_magnetization": {
    "variance": 0.02027422923461004,
    "error": 0.00014238760210990998,
    "mean": 0.7989767604166669
  },
  "abs_magnetization": {
    "variance": 0.008675820854188138,
    "error": 9.314408652291426e-5,
    "mean": 0.8889887222222222
  },
  "energy": {
    "variance": 0.006247876220065841,
    "error": 7.904350839927237e-5,
    "mean": -0.8498921805555555
  },
  "magnetization": {
    "variance": 0.7950022319022041,
    "error": 0.0008916289765940787,
    "mean": -0.06305016666666663
  },
  "sqr_energy": {
    "variance": 0.016998273719084606,
    "error": 0.00013037742795087118,
    "mean": 0.7285645885416665
  }
}
