{
  "sqr_magnetization": {
    "variance": 0.01450979178284645,
    "error": 0.0001204565970914273,
    "mean": 0.10127476041666665
  },
  "abs_magnetization": {
    "variance": 0.032732135161745494,
    "error": 0.0001809202453064485,
    "mean": 0.2618065277777778
  },
  "energy": {
    "variance": 0.0072051835873062735,
    "error": 8.488335282790304e-5,
    "mean": -0.4387809166666667
  },
  "magnetization": {
    "variance": 0.10127412985807353,
    "error": 0.0003182359656890992,
    "mean": -0.0008554722222222224
  },
  "sqr_energy": {
    "variance": 0.006006333848692499,
    "error": 7.750054095741848e-5,
    "mean": 0.19973386921296293
  }
}
