{
  "sqr_magnetization": {
    "variance": 0.044380403255415965,
    "error": 0.00021066656890787386,
    "mean": 0.6842346927083333
  },
  "energy": {
    "variance": 0.00997994351352067,
    "error": 9.989966723428396e-5,
    "mean": -0.7863895
  },
  "magnetization": {
    "variance": 0.6064524830340646,
    "error": 0.000778750591032883,
    "mean": -0.2788957083333333
  },
  "sqr_energy": {
    "variance": 0.023145246245806578,
    "error": 0.00015213561793941147,
    "mean": 0.6283883792438272
  }
}
