{
  "energy": {
    "variance": 0.005108720240796713,
    "error": 7.147531210702556e-5,
    "mean": -0.8722309270833332
  },
  "magnetization": {
    "variance": 0.8327212144217311,
    "error": 0.0009125355962491167,
    "mean": 0.041808486111111154
  }
}
