{
  "sqr_magnetization": {
    "variance": 0.003753225013209795,
    "error": 6.126357003317546e-5,
    "mean": 0.9299319427083336
  },
  "abs_magnetization": {
    "variance": 0.0010772159446231595,
    "error": 3.282096806346759e-5,
    "mean": 0.9637710972222223
  },
  "energy": {
    "variance": 0.0020733617796270185,
    "error": 4.553418254044996e-5,
    "mean": -0.9396588749999996
  },
  "magnetization": {
    "variance": 0.0010772159446231595,
    "error": 3.282096806346759e-5,
    "mean": 0.9637710972222223
  },
  "sqr_energy": {
    "variance": 0.0070329402536065105,
    "error": 8.386262727584027e-5,
    "mean": 0.8850321610725308
  }
}
