{
  "sqr_magnetization": {
    "variance": 0.01913140420889033,
    "error": 0.0001383163193874473,
    "mean": 0.12184156732253087
  },
  "energy": {
    "variance": 0.007854633906756591,
    "error": 8.862637252396486e-5,
    "mean": -0.46007241666666665
  },
  "magnetization": {
    "variance": 0.12139950784925149,
    "error": 0.00034842432155240185,
    "mean": -0.021028097222222226
  },
  "sqr_energy": {
    "variance": 0.007233650840608553,
    "error": 8.505087207435649e-5,
    "mean": 0.2195212546296296
  }
}
