{
  "energy": {
    "variance": 0.008828037096921827,
    "error": 9.395763458560368e-5,
    "mean": -0.8026566840277778
  },
  "magnetization": {
    "variance": 0.7174950732689758,
    "error": 0.0008470508091425069,
    "mean": -0.008079402777777777
  }
}
