{
  "sqr_magnetization": {
    "variance": 0.00496822339769511,
    "error": 7.048562546856708e-5,
    "mean": 0.9147947768132719
  },
  "energy": {
    "variance": 0.0025216680667537144,
    "error": 5.021621318611863e-5,
    "mean": -0.9280649166666662
  },
  "magnetization": {
    "variance": 0.0014712857377284466,
    "error": 3.835734268335656e-5,
    "mean": 0.9556795972222223
  },
  "sqr_energy": {
    "variance": 0.008331174678674455,
    "error": 9.127526871324157e-5,
    "mean": 0.8638261550925924
  }
}
