{
  "sqr_magnetization": {
    "variance": 0.0056426457408469775,
    "error": 7.511754615831762e-5,
    "mean": 0.9072428751929016
  },
  "abs_magnetization": {
    "variance": 0.0017036210601748807,
    "error": 4.127494470226315e-5,
    "mean": 0.951598263888889
  },
  "energy": {
    "variance": 0.002765043713569753,
    "error": 5.258368295935302e-5,
    "mean": -0.9223476249999997
  },
  "magnetization": {
    "variance": 0.0017036210601748807,
    "error": 4.127494470226315e-5,
    "mean": -0.951598263888889
  },
  "sqr_energy": {
    "variance": 0.009009241122282841,
    "error": 9.491702229991647e-5,
    "mean": 0.8534901822916666
  }
}
