{
  "sqr_magnetization": {
    "variance": 0.0051506260234508335,
    "error": 7.176786205155364e-5,
    "mean": 0.05479774826388889
  },
  "abs_magnetization": {
    "variance": 0.019002225668799545,
    "error": 0.00013784856063376048,
    "mean": 0.1891970972222222
  },
  "energy": {
    "variance": 0.005725787977982424,
    "error": 7.566893667802148e-5,
    "mean": -0.3638879444444445
  },
  "magnetization": {
    "variance": 0.05479779927089168,
    "error": 0.00023408929764278348,
    "mean": 6.156944444444469e-5
  },
  "sqr_energy": {
    "variance": 0.0032254538897981636,
    "error": 5.6793079594244264e-5,
    "mean": 0.13814021836419751
  }
}
