{
  "sqr_magnetization": {
    "variance": 0.006435763081266901,
    "error": 8.022320787195498e-5,
    "mean": 0.8992568314043213
  },
  "abs_magnetization": {
    "variance": 0.0019927421770006655,
    "error": 4.464014087120095e-5,
    "mean": 0.94724025
  },
  "energy": {
    "variance": 0.003017480377782076,
    "error": 5.49315972622504e-5,
    "mean": -0.9164859166666662
  },
  "magnetization": {
    "variance": 0.001992952675032151,
    "error": 4.464249853034831e-5,
    "mean": -0.947240138888889
  },
  "sqr_energy": {
    "variance": 0.009693158005465477,
    "error": 9.845383692607148e-5,
    "mean": 0.842963912808642
  }
}
