{
  "energy": {
    "variance": 0.007300560797826954,
    "error": 8.544331921119962e-5,
    "mean": -0.8304210624999999
  },
  "magnetization": {
    "variance": 0.7664269586173283,
    "error": 0.0008754581421274967,
    "mean": 0.0020044166666666786
  }
}
