{
  "sqr_magnetization": {
    "variance": 0.015622220671724295,
    "error": 0.0001249888821924746,
    "mean": 0.1062950306712963
  },
  "abs_magnetization": {
    "variance": 0.0340268026046913,
    "error": 0.00018446355359444665,
    "mean": 0.26882756944444447
  },
  "energy": {
    "variance": 0.007361974261847719,
    "error": 8.580194789075432e-5,
    "mean": -0.4435682777777778
  },
  "magnetization": {
    "variance": 0.10629110015589162,
    "error": 0.00032602315892569904,
    "mean": 0.0020091805555555553
  },
  "sqr_energy": {
    "variance": 0.0062776500955122735,
    "error": 7.923162307760881e-5,
    "mean": 0.20411478395061725
  }
}
