{
  "sqr_magnetization": {
    "variance": 0.03397913441126238,
    "error": 0.00018433430069106067,
    "mean": 0.18573968885030864
  },
  "abs_magnetization": {
    "variance": 0.050745845105435956,
    "error": 0.00022526838461141402,
    "mean": 0.3674151527777778
  },
  "energy": {
    "variance": 0.009728588166551132,
    "error": 9.863360566536708e-5,
    "mean": -0.5130661111111111
  },
  "magnetization": {
    "variance": 0.18573976065569256,
    "error": 0.0004309753596850898,
    "mean": -0.00033754166666666676
  },
  "sqr_energy": {
    "variance": 0.011237122888488065,
    "error": 0.00010600529651148599,
    "mean": 0.272965412808642
  }
}
