{
  "sqr_magnetization": {
    "variance": 0.01306877276319458,
    "error": 0.0001143187332119919,
    "mean": 0.09468811921296295
  },
  "abs_magnetization": {
    "variance": 0.030975350838310715,
    "error": 0.0001759981557809931,
    "mean": 0.2524139444444445
  },
  "energy": {
    "variance": 0.007008154673857602,
    "error": 8.371472196607715e-5,
    "mean": -0.43078313888888886
  },
  "magnetization": {
    "variance": 0.09468739588060575,
    "error": 0.0003077131714447819,
    "mean": -0.0009044444444444448
  },
  "sqr_energy": {
    "variance": 0.005620078875316684,
    "error": 7.496718532342456e-5,
    "mean": 0.19258226041666662
  }
}
