{
  "sqr_magnetization": {
    "variance": 0.029752247449279193,
    "error": 0.00017248839801354524,
    "mean": 0.7447712498070989
  },
  "energy": {
    "variance": 0.007883687846147533,
    "error": 8.879013372074361e-5,
    "mean": -0.818397875
  },
  "magnetization": {
    "variance": 0.736933292123562,
    "error": 0.0008584481883745588,
    "mean": -0.08853640277777783
  },
  "sqr_energy": {
    "variance": 0.019870648223003516,
    "error": 0.00014096328679129015,
    "mean": 0.6776587617669753
  }
}
