{
  "energy": {
    "variance": 0.005712872813324926,
    "error": 7.558354856266625e-5,
    "mean": -0.8600312152777776
  },
  "magnetization": {
    "variance": 0.7935096750633102,
    "error": 0.0008907916002429021,
    "mean": 0.14852591666666662
  }
}
