{
  "sqr_magnetization": {
    "variance": 0.027450481231191776,
    "error": 0.00016568186753894277,
    "mean": 0.1575126440972222
  },
  "energy": {
    "variance": 0.008943706525557602,
    "error": 9.457117174677282e-5,
    "mean": -0.4911919722222222
  },
  "magnetization": {
    "variance": 0.1572990232876944,
    "error": 0.0003966094089752466,
    "mean": 0.01462115277777778
  },
  "sqr_energy": {
    "variance": 0.009462688199711125,
    "error": 9.727634964219785e-5,
    "mean": 0.2502132511574074
  }
}
