{
  "sqr_magnetization": {
    "variance": 0.04711911112785427,
    "error": 0.00021706936939111025,
    "mean": 0.6361081348379629
  },
  "energy": {
    "variance": 0.010807473433473437,
    "error": 0.00010395899880949911,
    "mean": -0.7580957777777777
  },
  "magnetization": {
    "variance": 0.5923207756886535,
    "error": 0.0007696237884113598,
    "mean": -0.20925570833333335
  },
  "sqr_energy": {
    "variance": 0.023705570011445506,
    "error": 0.00015396613267678547,
    "mean": 0.5855166709104939
  }
}
