{
  "sqr_magnetization": {
    "variance": 0.046541965911077086,
    "error": 0.00021573587071017442,
    "mean": 0.2482903275462963
  },
  "energy": {
    "variance": 0.011302992700264308,
    "error": 0.00010631553367342098,
    "mean": -0.5527932222222222
  },
  "magnetization": {
    "variance": 0.24801772481631662,
    "error": 0.0004980137797454168,
    "mean": -0.016518194444444443
  },
  "sqr_energy": {
    "variance": 0.014963680517230349,
    "error": 0.00012232612360910626,
    "mean": 0.3168833279320988
  }
}
