{
  "sqr_magnetization": {
    "variance": 0.05823176122131562,
    "error": 0.00024131257990688264,
    "mean": 0.32515547106481485
  },
  "abs_magnetization": {
    "variance": 0.06170767193952071,
    "error": 0.0002484102895202224,
    "mean": 0.5132717222222223
  },
  "energy": {
    "variance": 0.012727753210607956,
    "error": 0.00011281734445823459,
    "mean": -0.5980049861111111
  },
  "magnetization": {
    "variance": 0.32514498964936006,
    "error": 0.0005702148627047177,
    "mean": -0.003287333333333334
  },
  "sqr_energy": {
    "variance": 0.019250057422322255,
    "error": 0.000138744576190647,
    "mean": 0.3703377038966049
  }
}
