{
  "sqr_magnetization": {
    "variance": 0.00834360655814274,
    "error": 9.134334435602159e-5,
    "mean": 0.0724861574074074
  },
  "abs_magnetization": {
    "variance": 0.024494504831355915,
    "error": 0.00015650720376824803,
    "mean": 0.2190700277777778
  },
  "energy": {
    "variance": 0.006295351727711103,
    "error": 7.934325256574187e-5,
    "mean": -0.39854295833333336
  },
  "magnetization": {
    "variance": 0.07248622949696329,
    "error": 0.00026923266796019253,
    "mean": 1.9916666666666004e-5
  },
  "sqr_energy": {
    "variance": 0.004274465668266935,
    "error": 6.537939788853162e-5,
    "mean": 0.16513183506944443
  }
}
