{
  "sqr_magnetization": {
    "variance": 0.005348999808942086,
    "error": 7.313685670673908e-5,
    "mean": 0.9101329938271608
  },
  "energy": {
    "variance": 0.002656116473536225,
    "error": 5.1537524906966815e-5,
    "mean": -0.9245296666666662
  },
  "magnetization": {
    "variance": 0.0015997876652745486,
    "error": 3.999734572786735e-5,
    "mean": 0.9531700833333334
  },
  "sqr_energy": {
    "variance": 0.008709533255772561,
    "error": 9.332488015407553e-5,
    "mean": 0.8574112183641975
  }
}
