{
  "energy": {
    "variance": 0.0018839485220831559,
    "error": 4.3404475830070285e-5,
    "mean": -0.9447219409722217
  },
  "magnetization": {
    "variance": 0.0009336698838234335,
    "error": 3.055601223693029e-5,
    "mean": -0.9671958611111111
  }
}
