{
  "sqr_magnetization": {
    "variance": 0.016019454227815182,
    "error": 0.0001265679826331098,
    "mean": 0.8254556408179013
  },
  "abs_magnetization": {
    "variance": 0.006338988203703482,
    "error": 7.961776311667819e-5,
    "mean": 0.905050638888889
  },
  "energy": {
    "variance": 0.005382679110900562,
    "error": 7.336674390281037e-5,
    "mean": -0.8663781944444443
  },
  "magnetization": {
    "variance": 0.8158674013114475,
    "error": 0.0009032537856612878,
    "mean": 0.09792372222222222
  },
  "sqr_energy": {
    "variance": 0.015266290754232728,
    "error": 0.00012355683208237707,
    "mean": 0.755993849537037
  }
}
