{
  "sqr_magnetization": {
    "variance": 0.06528993185119579,
    "error": 0.00025551894616876415,
    "mean": 0.5030261479552469
  },
  "energy": {
    "variance": 0.013266407774311904,
    "error": 0.0001151798930990644,
    "mean": -0.6925714583333332
  },
  "magnetization": {
    "variance": 0.4976904303994873,
    "error": 0.0007054717785988943,
    "mean": -0.07304940277777781
  },
  "sqr_energy": {
    "variance": 0.025164313506403094,
    "error": 0.000158632636952183,
    "mean": 0.4929216194058642
  }
}
