{
  "sqr_magnetization": {
    "variance": 0.020907951837240403,
    "error": 0.00014459582233674803,
    "mean": 0.12772601099537037
  },
  "energy": {
    "variance": 0.008084881331486268,
    "error": 8.99159681674299e-5,
    "mean": -0.46780055555555555
  },
  "magnetization": {
    "variance": 0.12770836674119063,
    "error": 0.0003573630741153745,
    "mean": -0.004215680555555557
  },
  "sqr_energy": {
    "variance": 0.0077405221069047824,
    "error": 8.798023702459992e-5,
    "mean": 0.22692223302469136
  }
}
