{
  "sqr_magnetization": {
    "variance": 0.006081136291914153,
    "error": 7.798164073622811e-5,
    "mean": 0.902761918402778
  },
  "abs_magnetization": {
    "variance": 0.0018611431274160835,
    "error": 4.314096808621804e-5,
    "mean": 0.9491579305555555
  },
  "energy": {
    "variance": 0.002905904688324443,
    "error": 5.390644384787818e-5,
    "mean": -0.9190479999999998
  },
  "magnetization": {
    "variance": 0.0018611431274160835,
    "error": 4.314096808621804e-5,
    "mean": -0.9491579305555555
  },
  "sqr_energy": {
    "variance": 0.009391782930257846,
    "error": 9.691121158182807e-5,
    "mean": 0.8475551280864196
  }
}
