{
  "sqr_magnetization": {
    "variance": 0.030850023048388218,
    "error": 0.00017564174631444604,
    "mean": 0.7378279523533952
  },
  "energy": {
    "variance": 0.008140783310054142,
    "error": 9.022628946185332e-5,
    "mean": -0.8141340277777778
  },
  "magnetization": {
    "variance": 0.5461329639180672,
    "error": 0.000739008094622831,
    "mean": -0.4378304861111112
  },
  "sqr_energy": {
    "variance": 0.02026027135000522,
    "error": 0.00014233857997747912,
    "mean": 0.6709549903549382
  }
}
