{
  "sqr_magnetization": {
    "variance": 0.047933357267304876,
    "error": 0.0002189368796418385,
    "mean": 0.6491462019675927
  },
  "energy": {
    "variance": 0.010652876116258833,
    "error": 0.00010321277109088213,
    "mean": -0.7669273333333333
  },
  "magnetization": {
    "variance": 0.624291608992811,
    "error": 0.0007901212622077773,
    "mean": 0.15765537500000004
  },
  "sqr_energy": {
    "variance": 0.02375721798702265,
    "error": 0.00015413376653745489,
    "mean": 0.5988304000771605
  }
}
