{
  "sqr_magnetization": {
    "variance": 0.021240184334792928,
    "error": 0.00014574012602846522,
    "mean": 0.13080420196759257
  },
  "abs_magnetization": {
    "variance": 0.0399268555690313,
    "error": 0.00019981705525062493,
    "mean": 0.30145876388888887
  },
  "energy": {
    "variance": 0.008095103345638646,
    "error": 8.9972792252095e-5,
    "mean": -0.4694761805555555
  },
  "magnetization": {
    "variance": 0.13080432882214804,
    "error": 0.0003616688109612827,
    "mean": -6.284722222222195e-5
  },
  "sqr_energy": {
    "variance": 0.007789209633793899,
    "error": 8.825649910229784e-5,
    "mean": 0.22850297935956787
  }
}
