{
  "sqr_magnetization": {
    "variance": 0.02200858618037667,
    "error": 0.0001483529109265358,
    "mean": 0.7894270723379632
  },
  "energy": {
    "variance": 0.0064362826384307854,
    "error": 8.02264460039879e-5,
    "mean": -0.8447639999999998
  },
  "magnetization": {
    "variance": 0.31557946586991314,
    "error": 0.0005617646000505134,
    "mean": -0.688366125
  },
  "sqr_energy": {
    "variance": 0.017300441651064584,
    "error": 0.0001315311432743766,
    "mean": 0.7200624918981481
  }
}
