{
  "sqr_magnetization": {
    "variance": 0.004374414169541355,
    "error": 6.613935416634603e-5,
    "mean": 0.0501826819058642
  },
  "energy": {
    "variance": 0.00559544064619296,
    "error": 7.480267806832159e-5,
    "mean": -0.3535504166666667
  },
  "magnetization": {
    "variance": 0.050174946043189686,
    "error": 0.00022399764740547987,
    "mean": 0.0027903472222222214
  },
  "sqr_energy": {
    "variance": 0.0029716642403948778,
    "error": 5.4512973138463816e-5,
    "mean": 0.13059333217592592
  }
}
