{
  "sqr_magnetization": {
    "variance": 0.007192163491211076,
    "error": 8.480662409983713e-5,
    "mean": 0.8882728888888892
  },
  "energy": {
    "variance": 0.0032968324838307476,
    "error": 5.741805015699112e-5,
    "mean": -0.9083013749999996
  },
  "magnetization": {
    "variance": 0.0022366141005029897,
    "error": 4.7292854645316025e-5,
    "mean": -0.941295
  },
  "sqr_energy": {
    "variance": 0.010416773324212385,
    "error": 0.0001020625951277567,
    "mean": 0.8283082170138888
  }
}
