{
  "sqr_magnetization": {
    "variance": 0.002527951507582892,
    "error": 5.027873812639784e-5,
    "mean": 0.9474231358024694
  },
  "abs_magnetization": {
    "variance": 0.0007020285991613154,
    "error": 2.6495822296379395e-5,
    "mean": 0.9729959444444445
  },
  "energy": {
    "variance": 0.001543967307608511,
    "error": 3.929334940684633e-5,
    "mean": -0.9536010833333328
  },
  "magnetization": {
    "variance": 0.0007020285991613154,
    "error": 2.6495822296379395e-5,
    "mean": -0.9729959444444445
  },
  "sqr_energy": {
    "variance": 0.00540741875766742,
    "error": 7.353515321033485e-5,
    "mean": 0.9108989918981479
  }
}
