{
  "sqr_magnetization": {
    "variance": 0.006957284417125296,
    "error": 8.341033759148381e-5,
    "mean": 0.06499901581790124
  },
  "energy": {
    "variance": 0.006051391398415896,
    "error": 7.779068966409731e-5,
    "mean": -0.3854702083333333
  },
  "magnetization": {
    "variance": 0.0649970517729777,
    "error": 0.00025494519366518303,
    "mean": 0.001424444444444444
  },
  "sqr_energy": {
    "variance": 0.003841751040120012,
    "error": 6.198186057323556e-5,
    "mean": 0.15463866685956787
  }
}
