{
  "sqr_magnetization": {
    "variance": 0.016317166524692204,
    "error": 0.00012773866495580812,
    "mean": 0.8231165513117286
  },
  "abs_magnetization": {
    "variance": 0.006486044004871164,
    "error": 8.053597956734099e-5,
    "mean": 0.9036761111111111
  },
  "energy": {
    "variance": 0.0054487472101281895,
    "error": 7.38156298498373e-5,
    "mean": -0.8648680416666665
  },
  "magnetization": {
    "variance": 0.7774884171145832,
    "error": 0.0008817530363512128,
    "mean": -0.21360925000000003
  },
  "sqr_energy": {
    "variance": 0.015402939474412118,
    "error": 0.00012410857937472381,
    "mean": 0.753445471257716
  }
}
