{
  "sqr_magnetization": {
    "variance": 0.020815576486170242,
    "error": 0.00014427604266187177,
    "mean": 0.7959606479552471
  },
  "abs_magnetization": {
    "variance": 0.009001852149959983,
    "error": 9.487809099028071e-5,
    "mean": 0.8871069861111112
  },
  "energy": {
    "variance": 0.006342885529205744,
    "error": 7.964223458194617e-5,
    "mean": -0.8480826944444443
  },
  "magnetization": {
    "variance": 0.7888594163533439,
    "error": 0.0008881775815417454,
    "mean": -0.08427348611111114
  },
  "sqr_energy": {
    "variance": 0.017182883367314095,
    "error": 0.0001310834976925551,
    "mean": 0.725587135802469
  }
}
