{
  "sqr_magnetization": {
    "variance": 0.05572910937733569,
    "error": 0.000236070136563979,
    "mean": 0.5899154691358025
  },
  "energy": {
    "variance": 0.012016264194532713,
    "error": 0.00010961872191616135,
    "mean": -0.7353377222222223
  },
  "magnetization": {
    "variance": 0.5898636228955705,
    "error": 0.0007680257957227546,
    "mean": -0.007241277777777785
  },
  "sqr_energy": {
    "variance": 0.02494258781121556,
    "error": 0.00015793222537283376,
    "mean": 0.5527378179012347
  }
}
