{
  "sqr_magnetization": {
    "variance": 0.0025938297793874844,
    "error": 5.092965520585707e-5,
    "mean": 0.9455817424768521
  },
  "energy": {
    "variance": 0.0015907687829661208,
    "error": 3.988444286894479e-5,
    "mean": -0.9520369027777773
  },
  "magnetization": {
    "variance": 0.0007186045382879878,
    "error": 2.6806800224718873e-5,
    "mean": 0.9720407083333334
  },
  "sqr_energy": {
    "variance": 0.0055576318012024025,
    "error": 7.454952582815267e-5,
    "mean": 0.9079650314429011
  }
}
