{
  "sqr_magnetization": {
    "variance": 0.004734599178520723,
    "error": 6.880842374681113e-5,
    "mean": 0.05210126967592592
  },
  "energy": {
    "variance": 0.00566292977508236,
    "error": 7.525244032642637e-5,
    "mean": -0.358332625
  },
  "magnetization": {
    "variance": 0.052101226004095606,
    "error": 0.00022825692980519912,
    "mean": 0.000309472222222221
  },
  "sqr_energy": {
    "variance": 0.0030883542440872697,
    "error": 5.5572963247313614e-5,
    "mean": 0.1340651942515432
  }
}
