{
  "sqr_magnetization": {
    "variance": 0.06493261100454714,
    "error": 0.0002548187807139559,
    "mean": 0.4787264949845679
  },
  "abs_magnetization": {
    "variance": 0.05332043753731948,
    "error": 0.0002309121857705207,
    "mean": 0.652231638888889
  },
  "energy": {
    "variance": 0.013406663006952358,
    "error": 0.0001157871452578064,
    "mean": -0.6785679166666666
  },
  "magnetization": {
    "variance": 0.47802245395486137,
    "error": 0.0006913916791189068,
    "mean": -0.026542777777777773
  },
  "sqr_energy": {
    "variance": 0.02456765182122214,
    "error": 0.0001567407152632083,
    "mean": 0.47386106712962967
  }
}
