{
  "sqr_magnetization": {
    "variance": 0.008306807329525469,
    "error": 9.114168820866481e-5,
    "mean": 0.8794417420910496
  },
  "energy": {
    "variance": 0.00358265049073614,
    "error": 5.985524614213979e-5,
    "mean": -0.9020899722222219
  },
  "magnetization": {
    "variance": 0.0026894079009972148,
    "error": 5.185950154983381e-5,
    "mean": 0.9363505416666666
  },
  "sqr_energy": {
    "variance": 0.011136043522303338,
    "error": 0.00010552745387956319,
    "mean": 0.8173489648919753
  }
}
