{
  "sqr_magnetization": {
    "variance": 0.023683224033886403,
    "error": 0.00015389354773312104,
    "mean": 0.14154631905864196
  },
  "energy": {
    "variance": 0.008402350565172906,
    "error": 9.166433638647534e-5,
    "mean": -0.47837606944444444
  },
  "magnetization": {
    "variance": 0.14133416416043268,
    "error": 0.00037594436311831126,
    "mean": 0.014570388888888893
  },
  "sqr_energy": {
    "variance": 0.008394092672989715,
    "error": 9.161928112024082e-5,
    "mean": 0.23724600597993825
  }
}
