{
  "sqr_magnetization": {
    "variance": 0.018356101397834303,
    "error": 0.00013548469064006568,
    "mean": 0.11796768942901233
  },
  "abs_magnetization": {
    "variance": 0.03701729734851957,
    "error": 0.00019239879767950625,
    "mean": 0.2845178888888889
  },
  "energy": {
    "variance": 0.007739388330466843,
    "error": 8.797379343001439e-5,
    "mean": -0.45623670833333335
  },
  "magnetization": {
    "variance": 0.11795138507442213,
    "error": 0.00034344051169659957,
    "mean": 0.0040524444444444445
  },
  "sqr_energy": {
    "variance": 0.007021447027439074,
    "error": 8.37940751332639e-5,
    "mean": 0.21589131462191358
  }
}
