{
  "sqr_magnetization": {
    "variance": 0.03126178503177626,
    "error": 0.00017681002525811782,
    "mean": 0.17360894753086423
  },
  "energy": {
    "variance": 0.009422773659042174,
    "error": 9.707097227823658e-5,
    "mean": -0.5036607222222222
  },
  "magnetization": {
    "variance": 0.1731899474191789,
    "error": 0.00041616096335333867,
    "mean": -0.020473722222222223
  },
  "sqr_energy": {
    "variance": 0.010529935545232877,
    "error": 0.00010261547419971745,
    "mean": 0.263096887345679
  }
}
