{
  "energy": {
    "variance": 0.006247222594401414,
    "error": 7.903937369692028e-5,
    "mean": -0.849909236111111
  },
  "magnetization": {
    "variance": 0.6972536051803327,
    "error": 0.0008350171286748151,
    "mean": 0.3195633611111111
  }
}
