{
  "sqr_magnetization": {
    "variance": 0.012043212677758567,
    "error": 0.00010974157224023432,
    "mean": 0.8495841440972225
  },
  "energy": {
    "variance": 0.004527346529983681,
    "error": 6.728555959478735e-5,
    "mean": -0.8818670416666665
  },
  "magnetization": {
    "variance": 0.004194389995152148,
    "error": 6.476411039420019e-5,
    "mean": -0.9194507916666668
  },
  "sqr_energy": {
    "variance": 0.013392055741727325,
    "error": 0.00011572404997115909,
    "mean": 0.7822168211805555
  }
}
