{
  "sqr_magnetization": {
    "variance": 0.010552053419728182,
    "error": 0.00010272318832536392,
    "mean": 0.08334700250771604
  },
  "abs_magnetization": {
    "variance": 0.027700074628452528,
    "error": 0.0001664333939702382,
    "mean": 0.23589606944444444
  },
  "energy": {
    "variance": 0.006648827778117707,
    "error": 8.154034448123032e-5,
    "mean": -0.41497665277777773
  },
  "magnetization": {
    "variance": 0.08334708582221681,
    "error": 0.00028869895362161743,
    "mean": 5.708333333332803e-6
  },
  "sqr_energy": {
    "variance": 0.004913220006965421,
    "error": 7.009436501578012e-5,
    "mean": 0.17885444347993826
  }
}
