{
  "sqr_magnetization": {
    "variance": 0.00023294070038694403,
    "error": 1.5262394975459915e-5,
    "mean": 0.01089492303240741
  },
  "abs_magnetization": {
    "variance": 0.003955150739817215,
    "error": 6.288998918601604e-5,
    "mean": 0.08330531944444444
  },
  "energy": {
    "variance": 0.003641874923995102,
    "error": 6.0347948796915224e-5,
    "mean": -0.10178565277777778
  },
  "magnetization": {
    "variance": 0.01089493325926177,
    "error": 0.00010437879698129199,
    "mean": 2.5847222222222284e-5
  },
  "sqr_energy": {
    "variance": 0.0001826120128273706,
    "error": 1.3513401230902995e-5,
    "mean": 0.01400219039351852
  }
}
