{
  "sqr_magnetization": {
    "variance": 0.06583048725716967,
    "error": 0.00025657452573700626,
    "mean": 0.446287158757716
  },
  "energy": {
    "variance": 0.01357505145128602,
    "error": 0.00011651202277570337,
    "mean": -0.6615783333333333
  },
  "magnetization": {
    "variance": 0.43769200167019906,
    "error": 0.0006615829514658,
    "mean": -0.09271243055555554
  },
  "sqr_energy": {
    "variance": 0.023957687452004668,
    "error": 0.00015478271044275154,
    "mean": 0.4512609290123457
  }
}
