{
  "sqr_magnetization": {
    "variance": 0.01279803859142026,
    "error": 0.00011312841637457964,
    "mean": 0.09371288599537037
  },
  "abs_magnetization": {
    "variance": 0.030607841128627963,
    "error": 0.00017495096778419935,
    "mean": 0.2512072361111111
  },
  "energy": {
    "variance": 0.00697133141344175,
    "error": 8.349449930050332e-5,
    "mean": -0.42879708333333333
  },
  "magnetization": {
    "variance": 0.0937122941006643,
    "error": 0.0003061246381797197,
    "mean": 0.0008280138888888882
  },
  "sqr_energy": {
    "variance": 0.005532987942342629,
    "error": 7.438405704411818e-5,
    "mean": 0.19083826311728394
  }
}
