{
  "sqr_magnetization": {
    "variance": 0.060729495240531985,
    "error": 0.0002464335513693945,
    "mean": 0.5286078043981481
  },
  "energy": {
    "variance": 0.012654853198019674,
    "error": 0.000112493791819903,
    "mean": -0.7038064583333332
  },
  "magnetization": {
    "variance": 0.5218439262952959,
    "error": 0.0007223876565219646,
    "mean": 0.08224597222222223
  },
  "sqr_energy": {
    "variance": 0.02457126470583668,
    "error": 0.00015675223987502275,
    "mean": 0.5079983713348765
  }
}
