{
  "sqr_magnetization": {
    "variance": 0.01755662673619652,
    "error": 0.00013250142163839798,
    "mean": 0.8155194621913582
  },
  "abs_magnetization": {
    "variance": 0.007165182588978114,
    "error": 8.464740154888462e-5,
    "mean": 0.89908525
  },
  "energy": {
    "variance": 0.005703677965789076,
    "error": 7.552269834817262e-5,
    "mean": -0.8600985555555555
  },
  "magnetization": {
    "variance": 0.8105170604047116,
    "error": 0.0009002872099528637,
    "mean": 0.0707333888888889
  },
  "sqr_energy": {
    "variance": 0.015926035548500615,
    "error": 0.00012619839756708724,
    "mean": 0.745473197530864
  }
}
