{
  "sqr_magnetization": {
    "variance": 0.011127770923401495,
    "error": 0.00010548825016750205,
    "mean": 0.8575584591049384
  },
  "abs_magnetization": {
    "variance": 0.0038825600534705485,
    "error": 6.231019221179267e-5,
    "mean": 0.9239458333333332
  },
  "energy": {
    "variance": 0.004323800192972838,
    "error": 6.575560959319622e-5,
    "mean": -0.8872124583333332
  },
  "magnetization": {
    "variance": 0.6384405773501259,
    "error": 0.0007990247664184922,
    "mean": -0.46810097222222224
  },
  "sqr_energy": {
    "variance": 0.012939543836709663,
    "error": 0.00011375211574608035,
    "mean": 0.7914697420910493
  }
}
