{
  "sqr_magnetization": {
    "variance": 0.00267688393597708,
    "error": 5.173861165490508e-5,
    "mean": 0.9452013242669756
  },
  "abs_magnetization": {
    "variance": 0.0007468312788480611,
    "error": 2.7328213971060403e-5,
    "mean": 0.9718304861111112
  },
  "energy": {
    "variance": 0.0016110838079202263,
    "error": 4.013830848354507e-5,
    "mean": -0.9517980555555551
  },
  "magnetization": {
    "variance": 0.0007468312788480611,
    "error": 2.7328213971060403e-5,
    "mean": -0.9718304861111112
  },
  "sqr_energy": {
    "variance": 0.005619044424482963,
    "error": 7.496028564835492e-5,
    "mean": 0.9075306207561727
  }
}
