{
  "energy": {
    "variance": 0.008292351847504192,
    "error": 9.106235142749275e-5,
    "mean": -0.8124046458333333
  },
  "magnetization": {
    "variance": 0.7332613449361529,
    "error": 0.0008563068053776946,
    "mean": -0.04175991666666665
  }
}
