{
  "sqr_magnetization": {
    "variance": 0.032355485069786034,
    "error": 0.00017987630491475535,
    "mean": 0.17808022685185185
  },
  "abs_magnetization": {
    "variance": 0.0494937073837992,
    "error": 0.00022247181256015153,
    "mean": 0.35858969444444444
  },
  "energy": {
    "variance": 0.009510600722980156,
    "error": 9.752230884766908e-5,
    "mean": -0.5077674305555555
  },
  "magnetization": {
    "variance": 0.1780686179056426,
    "error": 0.00042198177437614837,
    "mean": -0.0034332222222222234
  },
  "sqr_energy": {
    "variance": 0.010769047487050105,
    "error": 0.00010377402125315422,
    "mean": 0.2673383547453703
  }
}
