{
  "sqr_magnetization": {
    "variance": 0.008636164469090565,
    "error": 9.293096614740731e-5,
    "mean": 0.8778757471064819
  },
  "abs_magnetization": {
    "variance": 0.0028294453240006886,
    "error": 5.3192530716263994e-5,
    "mean": 0.9354390972222223
  },
  "energy": {
    "variance": 0.003677824215237602,
    "error": 6.064506752603712e-5,
    "mean": -0.901125097222222
  },
  "magnetization": {
    "variance": 0.809554779688474,
    "error": 0.0008997526213846081,
    "mean": 0.2613843472222222
  },
  "sqr_energy": {
    "variance": 0.011395711937055393,
    "error": 0.00010675069993707486,
    "mean": 0.8157042613811728
  }
}
