{
  "sqr_magnetization": {
    "variance": 0.055714864575278696,
    "error": 0.00023603996393678487,
    "mean": 0.3006032910879629
  },
  "energy": {
    "variance": 0.012390705868444868,
    "error": 0.00011131354755125212,
    "mean": -0.5847840416666666
  },
  "magnetization": {
    "variance": 0.30056868177676804,
    "error": 0.0005482414447821034,
    "mean": -0.005908458333333331
  },
  "sqr_energy": {
    "variance": 0.018087216286150367,
    "error": 0.00013448872178049121,
    "mean": 0.3543630688657408
  }
}
