{
  "sqr_magnetization": {
    "variance": 0.007751648570806472,
    "error": 8.804344706340428e-5,
    "mean": 0.06960922955246915
  },
  "energy": {
    "variance": 0.006170788993689458,
    "error": 7.855436966642568e-5,
    "mean": -0.3938878055555556
  },
  "magnetization": {
    "variance": 0.06959457210120094,
    "error": 0.00026380783176623273,
    "mean": -0.003837583333333333
  },
  "sqr_energy": {
    "variance": 0.0040712710416702215,
    "error": 6.38065125333631e-5,
    "mean": 0.16131838618827157
  }
}
