{
  "sqr_magnetization": {
    "variance": 0.0024302135836284607,
    "error": 4.9297196508812355e-5,
    "mean": 0.9482634517746917
  },
  "energy": {
    "variance": 0.0015130745435527463,
    "error": 3.889825887559424e-5,
    "mean": -0.9542361249999995
  },
  "magnetization": {
    "variance": 0.0006703394694721859,
    "error": 2.589091480562604e-5,
    "mean": 0.9734439444444445
  },
  "sqr_energy": {
    "variance": 0.005311654439253006,
    "error": 7.288109795586924e-5,
    "mean": 0.9120796552854937
  }
}
