{
  "sqr_magnetization": {
    "variance": 0.04595094044700386,
    "error": 0.00021436170471192812,
    "mean": 0.656709925154321
  },
  "abs_magnetization": {
    "variance": 0.02793677041683137,
    "error": 0.00016714296400636007,
    "mean": 0.7929521944444445
  },
  "energy": {
    "variance": 0.010528934787573677,
    "error": 0.00010261059783264922,
    "mean": -0.7699361666666666
  },
  "magnetization": {
    "variance": 0.6550476646884665,
    "error": 0.0008093501496191043,
    "mean": 0.04077886111111111
  },
  "sqr_energy": {
    "variance": 0.023595267057064225,
    "error": 0.00015360750976779823,
    "mean": 0.603330625
  }
}
