{
  "sqr_magnetization": {
    "variance": 0.002841080376336488,
    "error": 5.330178586442004e-5,
    "mean": 0.942827147762346
  },
  "abs_magnetization": {
    "variance": 0.0007964357250036266,
    "error": 2.822119283452821e-5,
    "mean": 0.9705826666666667
  },
  "energy": {
    "variance": 0.0016840732680314088,
    "error": 4.10374617639957e-5,
    "mean": -0.9498879305555551
  },
  "magnetization": {
    "variance": 0.0007964357250036266,
    "error": 2.822119283452821e-5,
    "mean": -0.9705826666666667
  },
  "sqr_energy": {
    "variance": 0.005847036485597576,
    "error": 7.64659171500452e-5,
    "mean": 0.903971152199074
  }
}
