{
  "sqr_magnetization": {
    "variance": 0.03886257889066827,
    "error": 0.00019713594012931348,
    "mean": 0.20823056423611114
  },
  "abs_magnetization": {
    "variance": 0.05393505745984894,
    "error": 0.00023223922463668563,
    "mean": 0.3928047361111111
  },
  "energy": {
    "variance": 0.010307491453548357,
    "error": 0.00010152581668496126,
    "mean": -0.5283190416666667
  },
  "magnetization": {
    "variance": 0.2082267618447246,
    "error": 0.0004563187064374247,
    "mean": -0.002002652777777777
  },
  "sqr_energy": {
    "variance": 0.01259618572340996,
    "error": 0.00011223273017890084,
    "mean": 0.2894284909336419
  }
}
