{
  "sqr_magnetization": {
    "variance": 0.00858574606885851,
    "error": 9.265930103804209e-5,
    "mean": 0.07292008506944443
  },
  "energy": {
    "variance": 0.006353852113225375,
    "error": 7.971105389609006e-5,
    "mean": -0.39959856944444444
  },
  "magnetization": {
    "variance": 0.0728879581647774,
    "error": 0.0002699776993841851,
    "mean": 0.005674486111111109
  },
  "sqr_energy": {
    "variance": 0.0043478390849984675,
    "error": 6.593814590203812e-5,
    "mean": 0.1660328624614197
  }
}
