{
  "sqr_magnetization": {
    "variance": 0.014843402725478547,
    "error": 0.00012183350411721132,
    "mean": 0.102900296875
  },
  "energy": {
    "variance": 0.007271263921246752,
    "error": 8.527170645206269e-5,
    "mean": -0.44004259722222216
  },
  "magnetization": {
    "variance": 0.1028407037035461,
    "error": 0.00032068786023725014,
    "mean": 0.007726319444444443
  },
  "sqr_energy": {
    "variance": 0.006088826231144362,
    "error": 7.803093124616906e-5,
    "mean": 0.20090874402006167
  }
}
