{
  "energy": {
    "variance": 0.006395097539159606,
    "error": 7.996935374979346e-5,
    "mean": -0.40336129861111114
  },
  "magnetization": {
    "variance": 0.07544330676108377,
    "error": 0.0002746694499959611,
    "mean": -0.0013230833333333326
  }
}
