{
  "sqr_magnetization": {
    "variance": 0.027574045712524056,
    "error": 0.00016605434565985936,
    "mean": 0.7535277717978396
  },
  "energy": {
    "variance": 0.007548408676848299,
    "error": 8.688157846660189e-5,
    "mean": -0.8231772638888889
  },
  "magnetization": {
    "variance": 0.7479285522308591,
    "error": 0.0008648286259316692,
    "mean": -0.07483293055555557
  },
  "sqr_energy": {
    "variance": 0.01929087914618543,
    "error": 0.00013889160934406884,
    "mean": 0.6851692089120369
  }
}
