{
  "sqr_magnetization": {
    "variance": 0.008813617286007203,
    "error": 9.388086751839909e-5,
    "mean": 0.07457570640432098
  },
  "abs_magnetization": {
    "variance": 0.025152476326790373,
    "error": 0.00015859532252494198,
    "mean": 0.22231341666666668
  },
  "energy": {
    "variance": 0.006360024508164746,
    "error": 7.974976180631981e-5,
    "mean": -0.40227529166666665
  },
  "magnetization": {
    "variance": 0.07457537651903007,
    "error": 0.0002730849254701366,
    "mean": -0.0006359722222222219
  },
  "sqr_energy": {
    "variance": 0.004410267583599534,
    "error": 6.64098455321162e-5,
    "mean": 0.16818542843364195
  }
}
