{
  "sqr_magnetization": {
    "variance": 0.051605017679559405,
    "error": 0.00022716737811481516,
    "mean": 0.27613540374228396
  },
  "abs_magnetization": {
    "variance": 0.06041055341400229,
    "error": 0.00024578558422739584,
    "mean": 0.4644619583333333
  },
  "energy": {
    "variance": 0.011924394645575011,
    "error": 0.00010919887657652441,
    "mean": -0.570023625
  },
  "magnetization": {
    "variance": 0.27611059380674324,
    "error": 0.0005254622667773045,
    "mean": -0.005008597222222225
  },
  "sqr_energy": {
    "variance": 0.016691430926261873,
    "error": 0.00012919532083733478,
    "mean": 0.3368513157793211
  }
}
