{
  "sqr_magnetization": {
    "variance": 0.016465135718252866,
    "error": 0.0001283165449903202,
    "mean": 0.11001028722993826
  },
  "abs_magnetization": {
    "variance": 0.034971178287796924,
    "error": 0.0001870058242082233,
    "mean": 0.27393273611111113
  },
  "energy": {
    "variance": 0.007486994266753332,
    "error": 8.652741916151974e-5,
    "mean": -0.44771490277777776
  },
  "magnetization": {
    "variance": 0.11001037591214577,
    "error": 0.00033167812094279865,
    "mean": -0.00014604166666666674
  },
  "sqr_energy": {
    "variance": 0.006514124844261348,
    "error": 8.071012851099513e-5,
    "mean": 0.20793562094907406
  }
}
