{
  "sqr_magnetization": {
    "variance": 0.02265345061346711,
    "error": 0.00015051063289172334,
    "mean": 0.7857496795910495
  },
  "energy": {
    "variance": 0.0065695470502376355,
    "error": 8.105274239800673e-5,
    "mean": -0.8426818055555555
  },
  "magnetization": {
    "variance": 0.7834571958531295,
    "error": 0.0008851311743765042,
    "mean": -0.04788806944444441
  },
  "sqr_energy": {
    "variance": 0.017579215764284513,
    "error": 0.00013258663493838477,
    "mean": 0.7166821658950617
  }
}
