{
  "sqr_magnetization": {
    "variance": 0.026136311179018514,
    "error": 0.00016166728543220646,
    "mean": 0.7687002060185186
  },
  "energy": {
    "variance": 0.007189214807170826,
    "error": 8.478923756686828e-5,
    "mean": -0.8327188055555556
  },
  "magnetization": {
    "variance": 0.5600293743272068,
    "error": 0.0007483511036453456,
    "mean": -0.45680563888888887
  },
  "sqr_energy": {
    "variance": 0.018737255498944477,
    "error": 0.00013688409512775573,
    "mean": 0.700609816743827
  }
}
