{
  "sqr_magnetization": {
    "variance": 0.02733432028711038,
    "error": 0.00016533094171119445,
    "mean": 0.15827278375771603
  },
  "energy": {
    "variance": 0.008881837734305134,
    "error": 9.42435023452818e-5,
    "mean": -0.49276315277777777
  },
  "magnetization": {
    "variance": 0.15823481256821356,
    "error": 0.00039778739619074604,
    "mean": -0.006174902777777776
  },
  "sqr_energy": {
    "variance": 0.009426378423315647,
    "error": 9.708953817644642e-5,
    "mean": 0.25169735358796297
  }
}
