{
  "sqr_magnetization": {
    "variance": 0.05294591617278695,
    "error": 0.0002300997961163524,
    "mean": 0.6132562197145062
  },
  "abs_magnetization": {
    "variance": 0.03497824139424275,
    "error": 0.0001870247079779641,
    "mean": 0.7604459305555556
  },
  "energy": {
    "variance": 0.01153169278029598,
    "error": 0.00010738571962926905,
    "mean": -0.7474364027777778
  },
  "magnetization": {
    "variance": 0.6132568003559499,
    "error": 0.0007831071448760699,
    "mean": -0.00018059722222222443
  },
  "sqr_energy": {
    "variance": 0.0245789795123716,
    "error": 0.00015677684622536454,
    "mean": 0.5701928574459877
  }
}
