{
  "sqr_magnetization": {
    "variance": 0.03153900496389956,
    "error": 0.0001775922435352951,
    "mean": 0.7339030333719136
  },
  "energy": {
    "variance": 0.008210081568183227,
    "error": 9.060950043004998e-5,
    "mean": -0.8120027638888888
  },
  "magnetization": {
    "variance": 0.6972502611754228,
    "error": 0.0008350151263153397,
    "mean": -0.19145095833333334
  },
  "sqr_energy": {
    "variance": 0.02035044785585488,
    "error": 0.00014265499590219365,
    "mean": 0.6675585619212961
  }
}
