{
  "sqr_magnetization": {
    "variance": 0.05097392398866734,
    "error": 0.00022577405517168562,
    "mean": 0.27008584760802473
  },
  "energy": {
    "variance": 0.011921803327233686,
    "error": 0.00010918701079905837,
    "mean": -0.5660200416666666
  },
  "magnetization": {
    "variance": 0.26990811892910355,
    "error": 0.0005195268221459827,
    "mean": 0.01334161111111111
  },
  "sqr_energy": {
    "variance": 0.016496508793277204,
    "error": 0.00012843873556399253,
    "mean": 0.3323004789737655
  }
}
