{
  "sqr_magnetization": {
    "variance": 0.008023851713611274,
    "error": 8.957595499692579e-5,
    "mean": 0.8836315142746917
  },
  "abs_magnetization": {
    "variance": 0.0025825041060720077,
    "error": 5.081834418860976e-5,
    "mean": 0.938642111111111
  },
  "energy": {
    "variance": 0.0035006208138731285,
    "error": 5.916604443321463e-5,
    "mean": -0.9052165277777775
  },
  "magnetization": {
    "variance": 0.8539266488142839,
    "error": 0.0009240815163254182,
    "mean": -0.17235347222222225
  },
  "sqr_energy": {
    "variance": 0.01095269106371078,
    "error": 0.00010465510529214895,
    "mean": 0.8229175794753086
  }
}
