{
  "sqr_magnetization": {
    "variance": 0.007047454704815482,
    "error": 8.394911973818118e-5,
    "mean": 0.8930583022762348
  },
  "abs_magnetization": {
    "variance": 0.002222130385860132,
    "error": 4.713947799732335e-5,
    "mean": 0.9438411805555555
  },
  "energy": {
    "variance": 0.003207719765296732,
    "error": 5.6636735122151355e-5,
    "mean": -0.9119716805555551
  },
  "magnetization": {
    "variance": 0.002223703455373016,
    "error": 4.71561603120209e-5,
    "mean": -0.9438403472222222
  },
  "sqr_energy": {
    "variance": 0.010196744537484264,
    "error": 0.0001009789311563767,
    "mean": 0.8349000626929013
  }
}
