{
  "sqr_magnetization": {
    "variance": 0.031970987783493,
    "error": 0.00017880432820122953,
    "mean": 0.7321434021990741
  },
  "abs_magnetization": {
    "variance": 0.016335742099283568,
    "error": 0.00012781135356173788,
    "mean": 0.8460541805555555
  },
  "energy": {
    "variance": 0.008332082949811343,
    "error": 9.128024402800063e-5,
    "mean": -0.8107046666666666
  },
  "magnetization": {
    "variance": 0.7305586209215142,
    "error": 0.0008547272201828571,
    "mean": 0.0398184861111111
  },
  "sqr_energy": {
    "variance": 0.02059039907650097,
    "error": 0.0001434935506442745,
    "mean": 0.6655741311728396
  }
}
