{
  "sqr_magnetization": {
    "variance": 0.029160187828900716,
    "error": 0.00017076354361777785,
    "mean": 0.16395706577932098
  },
  "energy": {
    "variance": 0.009073425004940244,
    "error": 9.525452747738685e-5,
    "mean": -0.4965436805555555
  },
  "magnetization": {
    "variance": 0.16376448992661166,
    "error": 0.0004046782548230281,
    "mean": -0.013883069444444444
  },
  "sqr_energy": {
    "variance": 0.009817883153572834,
    "error": 9.908523176322914e-5,
    "mean": 0.25562904263117286
  }
}
