{
  "sqr_magnetization": {
    "variance": 0.0037006557620693527,
    "error": 6.083301539517298e-5,
    "mean": 0.9306784212962966
  },
  "abs_magnetization": {
    "variance": 0.0010607398570083764,
    "error": 3.256900147392266e-5,
    "mean": 0.9641668333333334
  },
  "energy": {
    "variance": 0.0020516835742451097,
    "error": 4.529551384237858e-5,
    "mean": -0.9402455416666662
  },
  "magnetization": {
    "variance": 0.0010607398570083764,
    "error": 3.256900147392266e-5,
    "mean": 0.9641668333333334
  },
  "sqr_energy": {
    "variance": 0.006968371097964847,
    "error": 8.347676981031816e-5,
    "mean": 0.8861133601466049
  }
}
