{
  "sqr_magnetization": {
    "variance": 0.041808061808999875,
    "error": 0.00020447019785044441,
    "mean": 0.22324212789351855
  },
  "abs_magnetization": {
    "variance": 0.05566401544776833,
    "error": 0.00023593222638666452,
    "mean": 0.40936312500000005
  },
  "energy": {
    "variance": 0.010723305189342223,
    "error": 0.00010355339293978842,
    "mean": -0.5377501111111112
  },
  "magnetization": {
    "variance": 0.22324001825914616,
    "error": 0.00047248282324243937,
    "mean": 0.001527374999999999
  },
  "sqr_energy": {
    "variance": 0.013535228295909274,
    "error": 0.00011634100006407576,
    "mean": 0.29989847646604945
  }
}
