{
  "sqr_magnetization": {
    "variance": 0.0030427556519833855,
    "error": 5.516117884874638e-5,
    "mean": 0.9397488169367287
  },
  "abs_magnetization": {
    "variance": 0.0008573422570550273,
    "error": 2.9280407392231197e-5,
    "mean": 0.968964125
  },
  "energy": {
    "variance": 0.0017758205311351539,
    "error": 4.214048565376476e-5,
    "mean": -0.9474082361111107
  },
  "magnetization": {
    "variance": 0.0008573422570550273,
    "error": 2.9280407392231197e-5,
    "mean": -0.968964125
  },
  "sqr_energy": {
    "variance": 0.006131406857723791,
    "error": 7.830330042676228e-5,
    "mean": 0.8993581846064813
  }
}
