{
  "sqr_magnetization": {
    "variance": 0.012041186035215055,
    "error": 0.00010973233814703419,
    "mean": 0.09183550597993827
  },
  "energy": {
    "variance": 0.006808169288068788,
    "error": 8.251163122898969e-5,
    "mean": -0.4285124861111111
  },
  "magnetization": {
    "variance": 0.0918342165689463,
    "error": 0.00030304160864301504,
    "mean": -0.0011752638888888874
  },
  "sqr_energy": {
    "variance": 0.005369113108564348,
    "error": 7.327423222773711e-5,
    "mean": 0.19043111323302467
  }
}
