{
  "sqr_magnetization": {
    "variance": 0.007000367197579108,
    "error": 8.366819704988932e-5,
    "mean": 0.06547660455246913
  },
  "energy": {
    "variance": 0.0060785641235052874,
    "error": 7.796514685104676e-5,
    "mean": -0.38632631944444445
  },
  "magnetization": {
    "variance": 0.06546643446286579,
    "error": 0.0002558640937350644,
    "mean": -0.003199305555555556
  },
  "sqr_energy": {
    "variance": 0.003876796271494597,
    "error": 6.226392431813624e-5,
    "mean": 0.15532658314043207
  }
}
