{
  "sqr_magnetization": {
    "variance": 0.0028776333150049515,
    "error": 5.364357664254828e-5,
    "mean": 0.9422248472222224
  },
  "abs_magnetization": {
    "variance": 0.0008073357777030621,
    "error": 2.8413654775531115e-5,
    "mean": 0.9702667222222222
  },
  "energy": {
    "variance": 0.00170159011111461,
    "error": 4.1250334678819394e-5,
    "mean": -0.9493957638888884
  },
  "magnetization": {
    "variance": 0.0008073357777030621,
    "error": 2.8413654775531115e-5,
    "mean": -0.9702667222222222
  },
  "sqr_energy": {
    "variance": 0.005901711612344941,
    "error": 7.68225983181052e-5,
    "mean": 0.9030539048996913
  }
}
