{
  "sqr_magnetization": {
    "variance": 0.0066617608691007,
    "error": 8.161961081198991e-5,
    "mean": 0.896793584490741
  },
  "abs_magnetization": {
    "variance": 0.0020695617081350104,
    "error": 4.549243572435983e-5,
    "mean": 0.9458985277777778
  },
  "energy": {
    "variance": 0.0030914242234458284,
    "error": 5.560057754597364e-5,
    "mean": -0.9146880555555553
  },
  "magnetization": {
    "variance": 0.0020697719080057055,
    "error": 4.549474593846751e-5,
    "mean": -0.9458984166666667
  },
  "sqr_energy": {
    "variance": 0.009890755744673541,
    "error": 9.945227873042196e-5,
    "mean": 0.8397456601080246
  }
}
