{
  "sqr_magnetization": {
    "variance": 0.05443450481686393,
    "error": 0.00023331203315916634,
    "mean": 0.600907820794753
  },
  "abs_magnetization": {
    "variance": 0.03665697625255321,
    "error": 0.00019146011661062262,
    "mean": 0.7511663472222222
  },
  "energy": {
    "variance": 0.011787530741543088,
    "error": 0.00010857039532737775,
    "mean": -0.7409538888888888
  },
  "magnetization": {
    "variance": 0.6008544532398263,
    "error": 0.0007751480202128019,
    "mean": -0.007346319444444449
  },
  "sqr_energy": {
    "variance": 0.024757943560117672,
    "error": 0.00015734657149146173,
    "mean": 0.5608001844135803
  }
}
