{
  "sqr_magnetization": {
    "variance": 0.06587745276277958,
    "error": 0.0002566660335197853,
    "mean": 0.4605064320987654
  },
  "abs_magnetization": {
    "variance": 0.055846206601452744,
    "error": 0.00023631802005232851,
    "mean": 0.636129138888889
  },
  "energy": {
    "variance": 0.013532313864701984,
    "error": 0.00011632847400659042,
    "mean": -0.6697031944444445
  },
  "magnetization": {
    "variance": 0.4605025425958636,
    "error": 0.0006786033764990149,
    "mean": -0.002085666666666664
  },
  "sqr_energy": {
    "variance": 0.024315903547960895,
    "error": 0.00015593557499159996,
    "mean": 0.46203466898148143
  }
}
