{
  "sqr_magnetization": {
    "variance": 0.0072430581494295826,
    "error": 8.510615811696345e-5,
    "mean": 0.06663902700617284
  },
  "abs_magnetization": {
    "variance": 0.0227297098827963,
    "error": 0.00015076375520262254,
    "mean": 0.20954555555555557
  },
  "energy": {
    "variance": 0.006108284709383473,
    "error": 7.815551618013582e-5,
    "mean": -0.38787988888888886
  },
  "magnetization": {
    "variance": 0.06663891055618214,
    "error": 0.0002581451346746286,
    "mean": -0.0004278888888888886
  },
  "sqr_energy": {
    "variance": 0.0039239855839856355,
    "error": 6.264172398637856e-5,
    "mean": 0.15655908680555555
  }
}
