{
  "sqr_magnetization": {
    "variance": 0.05393202416321845,
    "error": 0.00023223269400155191,
    "mean": 0.2869436278935185
  },
  "energy": {
    "variance": 0.012164999355393646,
    "error": 0.00011029505589732319,
    "mean": -0.57758175
  },
  "magnetization": {
    "variance": 0.28597777911396255,
    "error": 0.0005347689025307685,
    "mean": 0.03108270833333334
  },
  "sqr_energy": {
    "variance": 0.01742969695436854,
    "error": 0.00013202157760899746,
    "mean": 0.3457656651234568
  }
}
