{
  "sqr_magnetization": {
    "variance": 0.00902735204777052,
    "error": 9.501237839234697e-5,
    "mean": 0.07556256365740739
  },
  "abs_magnetization": {
    "variance": 0.025460680857335178,
    "error": 0.00015956403372105877,
    "mean": 0.22383455555555556
  },
  "energy": {
    "variance": 0.006415667958569193,
    "error": 8.009786488146355e-5,
    "mean": -0.40391722222222226
  },
  "magnetization": {
    "variance": 0.07556243479026735,
    "error": 0.0002748862215358699,
    "mean": 0.00045213888888889016
  },
  "sqr_energy": {
    "variance": 0.004489645190244849,
    "error": 6.700481467957991e-5,
    "mean": 0.16956478395061728
  }
}
