{
  "sqr_magnetization": {
    "variance": 0.0032382021445807,
    "error": 5.6905203141546734e-5,
    "mean": 0.9370901531635806
  },
  "abs_magnetization": {
    "variance": 0.0009178004813807288,
    "error": 3.0295222088321597e-5,
    "mean": 0.96756
  },
  "energy": {
    "variance": 0.0018567359469944347,
    "error": 4.3089858980906803e-5,
    "mean": -0.9453029166666662
  },
  "magnetization": {
    "variance": 0.0009178004813807288,
    "error": 3.0295222088321597e-5,
    "mean": -0.96756
  },
  "sqr_energy": {
    "variance": 0.006379487897756649,
    "error": 7.987169647476288e-5,
    "mean": 0.8954543383487654
  }
}
