{
  "energy": {
    "variance": 0.011726569739941645,
    "error": 0.00010828928728152959,
    "mean": -0.7431367743055555
  },
  "magnetization": {
    "variance": 0.6048889249344418,
    "error": 0.0007777460542712138,
    "mean": 0.013808041666666675
  }
}
