{
  "sqr_magnetization": {
    "variance": 0.06053540493871412,
    "error": 0.0002460394377710901,
    "mean": 0.3430451494984567
  },
  "abs_magnetization": {
    "variance": 0.062129620578408984,
    "error": 0.0002492581404456211,
    "mean": 0.5300147083333333
  },
  "energy": {
    "variance": 0.012977745219238277,
    "error": 0.00011391990703664693,
    "mean": -0.6082015277777778
  },
  "magnetization": {
    "variance": 0.3430391693384361,
    "error": 0.0005856954578434394,
    "mean": 0.002514597222222222
  },
  "sqr_energy": {
    "variance": 0.020162208900021267,
    "error": 0.00014199369316987733,
    "mean": 0.38288683063271606
  }
}
