{
  "sqr_magnetization": {
    "variance": 0.01040004685474796,
    "error": 0.00010198061999589903,
    "mean": 0.863070484182099
  },
  "abs_magnetization": {
    "variance": 0.0035514422272909935,
    "error": 5.959397811264988e-5,
    "mean": 0.9271025
  },
  "energy": {
    "variance": 0.004148949852699661,
    "error": 6.441234239413794e-5,
    "mean": -0.8909245694444443
  },
  "magnetization": {
    "variance": 0.8619403897740621,
    "error": 0.0009284074481465894,
    "mean": -0.03362969444444447
  },
  "sqr_energy": {
    "variance": 0.012533598294732775,
    "error": 0.00011195355418535302,
    "mean": 0.7978955341435184
  }
}
