{
  "sqr_magnetization": {
    "variance": 0.006493628957254226,
    "error": 8.058305626652681e-5,
    "mean": 0.06293784297839505
  },
  "energy": {
    "variance": 0.00599157173192648,
    "error": 7.740524356867873e-5,
    "mean": -0.38054165277777774
  },
  "magnetization": {
    "variance": 0.06293337090490177,
    "error": 0.00025086524451366666,
    "mean": 0.0021295555555555555
  },
  "sqr_energy": {
    "variance": 0.0036950519333334465,
    "error": 6.0786938838318276e-5,
    "mean": 0.15080351523919752
  }
}
