{
  "sqr_magnetization": {
    "variance": 0.0270277051562658,
    "error": 0.0001644010497419825,
    "mean": 0.15539124922839506
  },
  "abs_magnetization": {
    "variance": 0.045257930290935694,
    "error": 0.00021273911321366293,
    "mean": 0.33186347222222223
  },
  "energy": {
    "variance": 0.008823100331694275,
    "error": 9.393135968192027e-5,
    "mean": -0.4899771805555555
  },
  "magnetization": {
    "variance": 0.15539104910538165,
    "error": 0.00039419671371712585,
    "mean": -0.000596249999999998
  },
  "sqr_energy": {
    "variance": 0.009277417016511039,
    "error": 9.63193491283607e-5,
    "mean": 0.24890072897376542
  }
}
