{
  "sqr_magnetization": {
    "variance": 0.030567070384528584,
    "error": 0.00017483440846849507,
    "mean": 0.7404057827932099
  },
  "abs_magnetization": {
    "variance": 0.01532620525052315,
    "error": 0.00012379905189670537,
    "mean": 0.8515160555555555
  },
  "energy": {
    "variance": 0.00811056351629191,
    "error": 9.005866708036439e-5,
    "mean": -0.8153673333333332
  },
  "magnetization": {
    "variance": 0.7267163329842645,
    "error": 0.000852476587939085,
    "mean": -0.1170050277777778
  },
  "sqr_energy": {
    "variance": 0.020257633792754002,
    "error": 0.00014232931459384608,
    "mean": 0.6729344436728394
  }
}
