{
  "sqr_magnetization": {
    "variance": 0.04960779188223288,
    "error": 0.00022272806711825271,
    "mean": 0.6353234182098766
  },
  "energy": {
    "variance": 0.01107834720195137,
    "error": 0.00010525372773422976,
    "mean": -0.7588249166666666
  },
  "magnetization": {
    "variance": 0.6325358704686975,
    "error": 0.0007953212372800675,
    "mean": -0.05280322222222221
  },
  "sqr_energy": {
    "variance": 0.024229791219262237,
    "error": 0.00015565921501556608,
    "mean": 0.5868935902777778
  }
}
