{
  "sqr_magnetization": {
    "variance": 0.015962103126072404,
    "error": 0.00012634121705157192,
    "mean": 0.8244880586419755
  },
  "energy": {
    "variance": 0.0053172184797568665,
    "error": 7.291926000554906e-5,
    "mean": -0.8658014027777776
  },
  "magnetization": {
    "variance": 0.8225266471158323,
    "error": 0.0009069325482723797,
    "mean": 0.044297111111111065
  },
  "sqr_energy": {
    "variance": 0.015106014641866387,
    "error": 0.00012290652806855456,
    "mean": 0.7549292822145062
  }
}
