{
  "energy": {
    "variance": 0.013435512837480125,
    "error": 0.0001159116596269768,
    "mean": -0.65497609375
  },
  "magnetization": {
    "variance": 0.4334507438208055,
    "error": 0.0006583697622315332,
    "mean": -0.008861666666666664
  }
}
