{
  "sqr_magnetization": {
    "variance": 0.010740405236914522,
    "error": 0.00010363592638132069,
    "mean": 0.0841169286265432
  },
  "abs_magnetization": {
    "variance": 0.027962359998751976,
    "error": 0.00016721949646722413,
    "mean": 0.23696961111111112
  },
  "energy": {
    "variance": 0.006661095951045797,
    "error": 8.161553743648202e-5,
    "mean": -0.41686847222222223
  },
  "magnetization": {
    "variance": 0.08411634937789181,
    "error": 0.00029002818721271176,
    "mean": -0.0008144722222222221
  },
  "sqr_energy": {
    "variance": 0.004974283457654151,
    "error": 7.052860028140465e-5,
    "mean": 0.18044041242283948
  }
}
