{
  "energy": {
    "variance": 0.011118263812515345,
    "error": 0.00010544317812222536,
    "mean": -0.7568845520833333
  },
  "magnetization": {
    "variance": 0.630243995080816,
    "error": 0.0007938790808938198,
    "mean": -0.04515401388888889
  }
}
