{
  "sqr_magnetization": {
    "variance": 0.022025636565449903,
    "error": 0.00014841036542455484,
    "mean": 0.78968007966821
  },
  "abs_magnetization": {
    "variance": 0.009767846152838242,
    "error": 9.883241448451131e-5,
    "mean": 0.8831264027777778
  },
  "energy": {
    "variance": 0.006563179834777829,
    "error": 8.101345465277869e-5,
    "mean": -0.844340361111111
  },
  "magnetization": {
    "variance": 0.7859410963612414,
    "error": 0.0008865331896557746,
    "mean": -0.061153652777777796
  },
  "sqr_energy": {
    "variance": 0.01759841746023184,
    "error": 0.00013265902705896738,
    "mean": 0.7194738186728394
  }
}
