{
  "energy": {
    "variance": 0.004386519797851541,
    "error": 6.623080701494994e-5,
    "mean": -0.8860793402777776
  },
  "magnetization": {
    "variance": 0.8528764631780835,
    "error": 0.0009235131093699123,
    "mean": 0.05525279166666663
  }
}
