{
  "sqr_magnetization": {
    "variance": 0.055939745140421535,
    "error": 0.00023651584543201654,
    "mean": 0.3044389079861111
  },
  "abs_magnetization": {
    "variance": 0.061696806363749065,
    "error": 0.0002483884183365824,
    "mean": 0.49268870833333334
  },
  "energy": {
    "variance": 0.012462554703514579,
    "error": 0.00011163581281790615,
    "mean": -0.5866901666666667
  },
  "magnetization": {
    "variance": 0.3044391800802678,
    "error": 0.0005517600747428794,
    "mean": 0.0001798472222222224
  },
  "sqr_energy": {
    "variance": 0.01829544163188003,
    "error": 0.00013526064332199531,
    "mean": 0.356667893904321
  }
}
