{
  "sqr_magnetization": {
    "variance": 0.03372975598372144,
    "error": 0.00018365662521053098,
    "mean": 0.18342095814043208
  },
  "energy": {
    "variance": 0.009641988347171797,
    "error": 9.819362681544967e-5,
    "mean": -0.5122857361111112
  },
  "magnetization": {
    "variance": 0.18332226578455724,
    "error": 0.0004281614949812246,
    "mean": 0.009943624999999996
  },
  "sqr_energy": {
    "variance": 0.011081043760437368,
    "error": 0.0001052665367552166,
    "mean": 0.2720786541280864
  }
}
