{
  "sqr_magnetization": {
    "variance": 0.04630484297520358,
    "error": 0.00021518560122648446,
    "mean": 0.6578643209876543
  },
  "energy": {
    "variance": 0.010469614575895249,
    "error": 0.00010232113455144664,
    "mean": -0.7709072361111111
  },
  "magnetization": {
    "variance": 0.6423677219593692,
    "error": 0.0008014784600719904,
    "mean": 0.12448791666666668
  },
  "sqr_energy": {
    "variance": 0.023514734937761926,
    "error": 0.0001533451497040644,
    "mean": 0.6047675707947531
  }
}
