{
  "sqr_magnetization": {
    "variance": 0.030505201317878244,
    "error": 0.00017465738266067725,
    "mean": 0.7407201321373458
  },
  "energy": {
    "variance": 0.008038473495861613,
    "error": 8.965753451808505e-5,
    "mean": -0.8160579166666666
  },
  "magnetization": {
    "variance": 0.7327883228629971,
    "error": 0.0008560305618743977,
    "mean": -0.08906481944444446
  },
  "sqr_energy": {
    "variance": 0.020114091643918593,
    "error": 0.00014182415747649832,
    "mean": 0.6739889888117283
  }
}
