{
  "sqr_magnetization": {
    "variance": 0.008703847734888007,
    "error": 9.32944142748536e-5,
    "mean": 0.07380253260030864
  },
  "energy": {
    "variance": 0.006369493290848228,
    "error": 7.980910531291669e-5,
    "mean": -0.4023995
  },
  "magnetization": {
    "variance": 0.07379823371094958,
    "error": 0.00027165830322474884,
    "mean": -0.0020910972222222216
  },
  "sqr_energy": {
    "variance": 0.0044120533793714795,
    "error": 6.642328943504289e-5,
    "mean": 0.16829484452160492
  }
}
