{
  "sqr_magnetization": {
    "variance": 0.0059113408382938624,
    "error": 7.688524460710171e-5,
    "mean": 0.9039248288966052
  },
  "energy": {
    "variance": 0.0028435998354545806,
    "error": 5.332541453617197e-5,
    "mean": -0.919886319444444
  },
  "magnetization": {
    "variance": 0.0017939998750027694,
    "error": 4.235563569352689e-5,
    "mean": 0.9498056805555555
  },
  "sqr_energy": {
    "variance": 0.009221123549377161,
    "error": 9.602668144519607e-5,
    "mean": 0.8490344376929011
  }
}
