{
  "sqr_magnetization": {
    "variance": 0.0130563377939787,
    "error": 0.00011426433299144006,
    "mean": 0.8437598065200619
  },
  "abs_magnetization": {
    "variance": 0.004808359293721757,
    "error": 6.934233406600731e-5,
    "mean": 0.9159429305555555
  },
  "energy": {
    "variance": 0.00476697830742275,
    "error": 6.904330747742862e-5,
    "mean": -0.878074222222222
  },
  "magnetization": {
    "variance": 0.7998756344731174,
    "error": 0.000894357665854728,
    "mean": 0.20948740277777775
  },
  "sqr_energy": {
    "variance": 0.013940821458934684,
    "error": 0.0001180712558539744,
    "mean": 0.7757813132716049
  }
}
