{
  "sqr_magnetization": {
    "variance": 0.007556372728880611,
    "error": 8.69273991839202e-5,
    "mean": 0.8842867303240743
  },
  "energy": {
    "variance": 0.003420311553390064,
    "error": 5.8483429733472916e-5,
    "mean": -0.9053508472222219
  },
  "magnetization": {
    "variance": 0.0023702533609871583,
    "error": 4.868524787846066e-5,
    "mean": -0.9391040833333333
  },
  "sqr_energy": {
    "variance": 0.010727085724471331,
    "error": 0.00010357164536914208,
    "mean": 0.8230804646990739
  }
}
