{
  "energy": {
    "variance": 0.010616251402413039,
    "error": 0.00010303519496954931,
    "mean": -0.7688137256944445
  },
  "magnetization": {
    "variance": 0.6544257308000113,
    "error": 0.0008089658403171368,
    "mean": -0.0037330138888888903
  }
}
