{
  "energy": {
    "variance": 0.006692120371049755,
    "error": 8.180538106414367e-5,
    "mean": -0.842217392361111
  },
  "magnetization": {
    "variance": 0.7537861185446061,
    "error": 0.0008682085685735923,
    "mean": 0.17991665277777777
  }
}
