{
  "sqr_magnetization": {
    "variance": 0.005698908514173849,
    "error": 7.549111546515821e-5,
    "mean": 0.9060595883487658
  },
  "energy": {
    "variance": 0.0027832298089456643,
    "error": 5.275632482409729e-5,
    "mean": -0.921477319444444
  },
  "magnetization": {
    "variance": 0.0017131132401008954,
    "error": 4.1389772167781924e-5,
    "mean": 0.9509713333333334
  },
  "sqr_energy": {
    "variance": 0.009062007316340161,
    "error": 9.519457608677168e-5,
    "mean": 0.8519036772762346
  }
}
