{
  "sqr_magnetization": {
    "variance": 0.005176304249776757,
    "error": 7.194653744119141e-5,
    "mean": 0.05480013888888889
  },
  "energy": {
    "variance": 0.005747740689615496,
    "error": 7.581385552532925e-5,
    "mean": -0.36243595833333336
  },
  "magnetization": {
    "variance": 0.05479933590353034,
    "error": 0.00023409257977033432,
    "mean": 0.0009261666666666667
  },
  "sqr_energy": {
    "variance": 0.0032197292739511822,
    "error": 5.6742658326440636e-5,
    "mean": 0.13710755883487655
  }
}
