{
  "sqr_magnetization": {
    "variance": 0.012752774864519067,
    "error": 0.0001129281845445107,
    "mean": 0.8458744780092594
  },
  "abs_magnetization": {
    "variance": 0.004659355664910448,
    "error": 6.825947307817757e-5,
    "mean": 0.9171778055555555
  },
  "energy": {
    "variance": 0.004694013267530049,
    "error": 6.85128693570051e-5,
    "mean": -0.8794710694444443
  },
  "magnetization": {
    "variance": 0.5535207043259637,
    "error": 0.0007439897205781567,
    "mean": -0.540698
  },
  "sqr_energy": {
    "variance": 0.013779520416298494,
    "error": 0.00011738620198429836,
    "mean": 0.7781633705632715
  }
}
