{
  "sqr_magnetization": {
    "variance": 0.01538429009260603,
    "error": 0.00012403342328826545,
    "mean": 0.8346860223765433
  },
  "energy": {
    "variance": 0.005087160674197517,
    "error": 7.132433437612662e-5,
    "mean": -0.872817347222222
  },
  "magnetization": {
    "variance": 0.01557702163239123,
    "error": 0.00012480793897982304,
    "mean": 0.9050464166666666
  },
  "sqr_energy": {
    "variance": 0.01462766818153908,
    "error": 0.0001209448972943426,
    "mean": 0.7668972771990741
  }
}
