{
  "sqr_magnetization": {
    "variance": 0.06406918230493577,
    "error": 0.0002531189094179567,
    "mean": 0.3877325792824074
  },
  "abs_magnetization": {
    "variance": 0.06093114868451269,
    "error": 0.00024684235593696777,
    "mean": 0.5716655416666666
  },
  "energy": {
    "variance": 0.013356022885559154,
    "error": 0.00011556826071875944,
    "mean": -0.6317516944444443
  },
  "magnetization": {
    "variance": 0.3877272443489417,
    "error": 0.0006226774802005784,
    "mean": -0.0023922083333333356
  },
  "sqr_energy": {
    "variance": 0.02198636788609202,
    "error": 0.00014827800877436956,
    "mean": 0.41246621296296304
  }
}
