{
  "sqr_magnetization": {
    "variance": 0.014294959235301408,
    "error": 0.0001195615290772973,
    "mean": 0.8380066836419755
  },
  "energy": {
    "variance": 0.00493384696711838,
    "error": 7.024134798762322e-5,
    "mean": -0.8746151249999997
  },
  "magnetization": {
    "variance": 0.8194423732773417,
    "error": 0.0009052305636009766,
    "mean": -0.13625391666666664
  },
  "sqr_energy": {
    "variance": 0.014294516370261807,
    "error": 0.00011955967702474697,
    "mean": 0.7698854589120371
  }
}
