{
  "sqr_magnetization": {
    "variance": 0.0027356783032982833,
    "error": 5.230371213688646e-5,
    "mean": 0.9437842881944447
  },
  "energy": {
    "variance": 0.001652048988669166,
    "error": 4.0645405505040375e-5,
    "mean": -0.9506150138888884
  },
  "magnetization": {
    "variance": 0.0007614334654141758,
    "error": 2.759408388430708e-5,
    "mean": 0.971093638888889
  },
  "sqr_energy": {
    "variance": 0.005750049932211425,
    "error": 7.58290836830528e-5,
    "mean": 0.9053209519675923
  }
}
