{
  "sqr_magnetization": {
    "variance": 0.002918650464312748,
    "error": 5.402453576212153e-5,
    "mean": 0.9416154089506176
  },
  "abs_magnetization": {
    "variance": 0.0008196818812366653,
    "error": 2.8630086993173202e-5,
    "mean": 0.9699462500000001
  },
  "energy": {
    "variance": 0.0017198697129929782,
    "error": 4.147131192755998e-5,
    "mean": -0.9489075416666661
  },
  "magnetization": {
    "variance": 0.0008196818812366653,
    "error": 2.8630086993173202e-5,
    "mean": -0.9699462500000001
  },
  "sqr_energy": {
    "variance": 0.005958705788863879,
    "error": 7.719265372342034e-5,
    "mean": 0.9021453906249999
  }
}
