{
  "sqr_magnetization": {
    "variance": 0.06473586767246226,
    "error": 0.0002544324422562151,
    "mean": 0.4105092864583333
  },
  "abs_magnetization": {
    "variance": 0.05921587457140679,
    "error": 0.00024334312106859892,
    "mean": 0.5927001527777778
  },
  "energy": {
    "variance": 0.013454108240240762,
    "error": 0.00011599184557649197,
    "mean": -0.643435875
  },
  "magnetization": {
    "variance": 0.4102365930685142,
    "error": 0.0006404971452461861,
    "mean": -0.016525847222222226
  },
  "sqr_energy": {
    "variance": 0.02276383605611581,
    "error": 0.00015087689039782007,
    "mean": 0.4274638200231482
  }
}
