{
  "sqr_magnetization": {
    "variance": 0.013323148175744641,
    "error": 0.00011542594238620987,
    "mean": 0.096127359375
  },
  "abs_magnetization": {
    "variance": 0.031249378714238083,
    "error": 0.0001767749380264015,
    "mean": 0.254711625
  },
  "energy": {
    "variance": 0.007042750588071574,
    "error": 8.392109739553918e-5,
    "mean": -0.43276966666666666
  },
  "magnetization": {
    "variance": 0.09612731766544247,
    "error": 0.00031004405761994933,
    "mean": -0.00037126388888888864
  },
  "sqr_energy": {
    "variance": 0.005698194497174853,
    "error": 7.5486386171116e-5,
    "mean": 0.19433232793209873
  }
}
