{
  "sqr_magnetization": {
    "variance": 0.006076151723304742,
    "error": 7.794967429890097e-5,
    "mean": 0.9016747847222225
  },
  "energy": {
    "variance": 0.002907698991513806,
    "error": 5.392308403192279e-5,
    "mean": -0.9181909999999996
  },
  "magnetization": {
    "variance": 0.001847635208930734,
    "error": 4.298412740687816e-5,
    "mean": 0.9485921944444445
  },
  "sqr_energy": {
    "variance": 0.00939411182181279,
    "error": 9.692322643109231e-5,
    "mean": 0.8459824085648149
  }
}
