{
  "sqr_magnetization": {
    "variance": 0.016504621674668783,
    "error": 0.00012847031437133167,
    "mean": 0.10916083294753086
  },
  "energy": {
    "variance": 0.007484848988688494,
    "error": 8.651502175165012e-5,
    "mean": -0.447987
  },
  "magnetization": {
    "variance": 0.10908173549033967,
    "error": 0.0003302752420184408,
    "mean": -0.008899805555555558
  },
  "sqr_energy": {
    "variance": 0.006529210391816219,
    "error": 8.08035295752371e-5,
    "mean": 0.20817719367283946
  }
}
