{
  "sqr_magnetization": {
    "variance": 0.0047891012119531395,
    "error": 6.920333237607232e-5,
    "mean": 0.9166547517361114
  },
  "energy": {
    "variance": 0.0024619692118179773,
    "error": 4.961823467051178e-5,
    "mean": -0.929471833333333
  },
  "magnetization": {
    "variance": 0.001407952703545104,
    "error": 3.7522695845915764e-5,
    "mean": 0.9566853194444445
  },
  "sqr_energy": {
    "variance": 0.008164466150223698,
    "error": 9.035743550048163e-5,
    "mean": 0.8663798557098764
  }
}
