{
  "sqr_magnetization": {
    "variance": 0.058835001101805603,
    "error": 0.00024255927337829325,
    "mean": 0.3329472208719136
  },
  "abs_magnetization": {
    "variance": 0.061437983597520444,
    "error": 0.00024786686667951495,
    "mean": 0.5210655416666666
  },
  "energy": {
    "variance": 0.012814812437330953,
    "error": 0.00011320252840520371,
    "mean": -0.6018082222222223
  },
  "magnetization": {
    "variance": 0.3329363619026735,
    "error": 0.0005770063794297889,
    "mean": 0.0033454305555555572
  },
  "sqr_energy": {
    "variance": 0.019561410380827905,
    "error": 0.00013986211202762493,
    "mean": 0.3749879359567901
  }
}
