{
  "sqr_magnetization": {
    "variance": 0.00807634228230642,
    "error": 8.986847212624913e-5,
    "mean": 0.07070214621913579
  },
  "abs_magnetization": {
    "variance": 0.024019526435884467,
    "error": 0.00015498234233577858,
    "mean": 0.21606166666666668
  },
  "energy": {
    "variance": 0.006238561946065033,
    "error": 7.898456777159088e-5,
    "mean": -0.39482572222222223
  },
  "magnetization": {
    "variance": 0.0707022163278884,
    "error": 0.00026589888365295634,
    "mean": -2.4361111111111542e-5
  },
  "sqr_energy": {
    "variance": 0.0041613387635450845,
    "error": 6.450843947535148e-5,
    "mean": 0.16212590663580248
  }
}
