{
  "sqr_magnetization": {
    "variance": 0.0026968264605400044,
    "error": 5.193097785079734e-5,
    "mean": 0.9443504984567903
  },
  "energy": {
    "variance": 0.0016320387895185356,
    "error": 4.0398499842426525e-5,
    "mean": -0.9510760416666663
  },
  "magnetization": {
    "variance": 0.0007500243258144496,
    "error": 2.7386571998233906e-5,
    "mean": 0.971391
  },
  "sqr_energy": {
    "variance": 0.005686939866286737,
    "error": 7.541180190319508e-5,
    "mean": 0.9061776741898148
  }
}
