{
  "sqr_magnetization": {
    "variance": 0.0032924946372741098,
    "error": 5.7380263482090336e-5,
    "mean": 0.9350332731481484
  },
  "energy": {
    "variance": 0.0019024757053892865,
    "error": 4.3617378479102645e-5,
    "mean": -0.9435731111111105
  },
  "magnetization": {
    "variance": 0.0009292264053676098,
    "error": 3.0483215141576025e-5,
    "mean": 0.9664905833333334
  },
  "sqr_energy": {
    "variance": 0.006522251217600416,
    "error": 8.076045577880561e-5,
    "mean": 0.8922326898148147
  }
}
