{
  "sqr_magnetization": {
    "variance": 0.006746311225164002,
    "error": 8.213593138915514e-5,
    "mean": 0.8936249164737657
  },
  "energy": {
    "variance": 0.0031469923882146093,
    "error": 5.6098060467493965e-5,
    "mean": -0.9121909999999998
  },
  "magnetization": {
    "variance": 0.0020749002497904897,
    "error": 4.5551072981769484e-5,
    "mean": 0.944219263888889
  },
  "sqr_energy": {
    "variance": 0.010030490998119536,
    "error": 0.00010015233895481192,
    "mean": 0.8352394097222222
  }
}
