{
  "energy": {
    "variance": 0.0023569657946104225,
    "error": 4.854859209709816e-5,
    "mean": -0.9326145763888886
  },
  "magnetization": {
    "variance": 0.001319381047056781,
    "error": 3.632328519086319e-5,
    "mean": -0.9589100972222222
  }
}
