{
  "energy": {
    "variance": 0.010360671065377665,
    "error": 0.00010178738166088007,
    "mean": -0.7745437638888889
  },
  "magnetization": {
    "variance": 0.6594361085514667,
    "error": 0.0008120567151076744,
    "mean": -0.07363511111111111
  }
}
