{
  "sqr_magnetization": {
    "variance": 0.013452965699924675,
    "error": 0.00011598692038296678,
    "mean": 0.8415048757716052
  },
  "abs_magnetization": {
    "variance": 0.005011263482805922,
    "error": 7.0790278165903e-5,
    "mean": 0.91460025
  },
  "energy": {
    "variance": 0.00484652629555388,
    "error": 6.961699717420941e-5,
    "mean": -0.8766538749999998
  },
  "magnetization": {
    "variance": 0.7460608743907018,
    "error": 0.0008637481544933695,
    "mean": 0.30894133333333335
  },
  "sqr_energy": {
    "variance": 0.01411614396042328,
    "error": 0.0001188113797597826,
    "mean": 0.7733685380015431
  }
}
