{
  "sqr_magnetization": {
    "variance": 0.0031590074071052407,
    "error": 5.620504787921847e-5,
    "mean": 0.9370578366126546
  },
  "energy": {
    "variance": 0.0018455552319256018,
    "error": 4.2959925883613925e-5,
    "mean": -0.9451886666666662
  },
  "magnetization": {
    "variance": 0.0008885747153445845,
    "error": 2.98089703838389e-5,
    "mean": 0.9675584027777777
  },
  "sqr_energy": {
    "variance": 0.006349989557414991,
    "error": 7.968682172991336e-5,
    "mean": 0.8952271689814814
  }
}
