{
  "sqr_magnetization": {
    "variance": 0.04864938576584003,
    "error": 0.0002205660576014361,
    "mean": 0.25658328125
  },
  "energy": {
    "variance": 0.01154136056762523,
    "error": 0.00010743072450479532,
    "mean": -0.5596328055555555
  },
  "magnetization": {
    "variance": 0.25636805886852104,
    "error": 0.0005063280150934975,
    "mean": 0.014679194444444437
  },
  "sqr_energy": {
    "variance": 0.01566404341399392,
    "error": 0.00012515607621683383,
    "mean": 0.324730226080247
  }
}
