{
  "sqr_magnetization": {
    "variance": 0.004104799914865937,
    "error": 6.406871244894763e-5,
    "mean": 0.9240104564043212
  },
  "energy": {
    "variance": 0.0022284854925279304,
    "error": 4.720683734934941e-5,
    "mean": -0.9350027499999995
  },
  "magnetization": {
    "variance": 0.001182101888447568,
    "error": 3.438170863188111e-5,
    "mean": 0.9606395555555557
  },
  "sqr_energy": {
    "variance": 0.007491602322644865,
    "error": 8.655404278625502e-5,
    "mean": 0.8764586257716049
  }
}
