{
  "sqr_magnetization": {
    "variance": 0.012356789657306676,
    "error": 0.00011116109776943856,
    "mean": 0.09172610223765432
  },
  "abs_magnetization": {
    "variance": 0.030085946352427062,
    "error": 0.000173453009061322,
    "mean": 0.2482744166666667
  },
  "energy": {
    "variance": 0.00690010197509715,
    "error": 8.306685244486606e-5,
    "mean": -0.4268710416666666
  },
  "magnetization": {
    "variance": 0.09171037123197617,
    "error": 0.0003028372025230325,
    "mean": 0.003977777777777777
  },
  "sqr_energy": {
    "variance": 0.005419455458926742,
    "error": 7.361695089398055e-5,
    "mean": 0.18911898128858023
  }
}
