{
  "sqr_magnetization": {
    "variance": 0.0026437662243890335,
    "error": 5.141756727412367e-5,
    "mean": 0.9457468202160497
  },
  "abs_magnetization": {
    "variance": 0.0007371414778505834,
    "error": 2.715034949776123e-5,
    "mean": 0.9721160833333334
  },
  "energy": {
    "variance": 0.0015942621182675205,
    "error": 3.9928212059488975e-5,
    "mean": -0.952247694444444
  },
  "magnetization": {
    "variance": 0.0007371414778505834,
    "error": 2.715034949776123e-5,
    "mean": -0.9721160833333334
  },
  "sqr_energy": {
    "variance": 0.0055660298311924475,
    "error": 7.460582973999047e-5,
    "mean": 0.9083699320987654
  }
}
