{
  "sqr_magnetization": {
    "variance": 0.005091694309354027,
    "error": 7.135610912426508e-5,
    "mean": 0.9134368701774694
  },
  "abs_magnetization": {
    "variance": 0.0015132315132236052,
    "error": 3.8900276518600806e-5,
    "mean": 0.9549469305555556
  },
  "energy": {
    "variance": 0.0025772843543337364,
    "error": 5.076696124778138e-5,
    "mean": -0.9269941111111107
  },
  "magnetization": {
    "variance": 0.0015132315132236052,
    "error": 3.8900276518600806e-5,
    "mean": -0.9549469305555556
  },
  "sqr_energy": {
    "variance": 0.00848886541773709,
    "error": 9.213503903367648e-5,
    "mean": 0.8618953638117283
  }
}
