{
  "sqr_magnetization": {
    "variance": 0.01612065736213221,
    "error": 0.0001269671507206971,
    "mean": 0.1097820837191358
  },
  "energy": {
    "variance": 0.0073645428206537385,
    "error": 8.581691453701734e-5,
    "mean": -0.44690223611111113
  },
  "magnetization": {
    "variance": 0.10978061854447581,
    "error": 0.00033133158398268613,
    "mean": 0.0012549722222222192
  },
  "sqr_energy": {
    "variance": 0.006368445040247329,
    "error": 7.980253780580745e-5,
    "mean": 0.2070861440972222
  }
}
