{
  "energy": {
    "variance": 0.010052087464220651,
    "error": 0.00010026009906348912,
    "mean": -0.7804255381944444
  },
  "magnetization": {
    "variance": 0.6756661914598486,
    "error": 0.0008219891674832757,
    "mean": 0.009971652777777784
  }
}
