{
  "sqr_magnetization": {
    "variance": 0.06239353976199621,
    "error": 0.0002497869887764297,
    "mean": 0.5242230136959877
  },
  "abs_magnetization": {
    "variance": 0.0477552396030465,
    "error": 0.00021852972247052914,
    "mean": 0.6902664861111111
  },
  "energy": {
    "variance": 0.012969596153469416,
    "error": 0.00011388413477508365,
    "mean": -0.701720125
  },
  "magnetization": {
    "variance": 0.524117920799436,
    "error": 0.0007239598889437425,
    "mean": -0.01027701388888888
  },
  "sqr_energy": {
    "variance": 0.02499413121185867,
    "error": 0.00015809532318148653,
    "mean": 0.5053807170138889
  }
}
