{
  "sqr_magnetization": {
    "variance": 0.03796420012988463,
    "error": 0.0001948440405295595,
    "mean": 0.7000205630787039
  },
  "abs_magnetization": {
    "variance": 0.021000568032603337,
    "error": 0.00014491572734732188,
    "mean": 0.8240267083333334
  },
  "energy": {
    "variance": 0.009320663641187565,
    "error": 9.654358415341522e-5,
    "mean": -0.7929083055555555
  },
  "magnetization": {
    "variance": 0.6996992183182599,
    "error": 0.0008364802557850723,
    "mean": 0.017945597222222227
  },
  "sqr_energy": {
    "variance": 0.022054391968741864,
    "error": 0.00014850721184084584,
    "mean": 0.638024235339506
  }
}
