{
  "sqr_magnetization": {
    "variance": 0.03563382105250735,
    "error": 0.00018876922697438626,
    "mean": 0.19252098726851855
  },
  "energy": {
    "variance": 0.009943415208908261,
    "error": 9.971667467835186e-5,
    "mean": -0.5173655833333333
  },
  "magnetization": {
    "variance": 0.19251448074493674,
    "error": 0.00043876472139967764,
    "mean": -0.0025882499999999946
  },
  "sqr_energy": {
    "variance": 0.011663139462657986,
    "error": 0.00010799601595733977,
    "mean": 0.2776105520833333
  }
}
