{
  "sqr_magnetization": {
    "variance": 0.027030900057410184,
    "error": 0.0001644107662454323,
    "mean": 0.15211613657407408
  },
  "energy": {
    "variance": 0.008913611418851383,
    "error": 9.441192413488555e-5,
    "mean": -0.48756119444444446
  },
  "magnetization": {
    "variance": 0.1517997637508741,
    "error": 0.00038961489159280614,
    "mean": 0.017791138888888884
  },
  "sqr_energy": {
    "variance": 0.00934998709606365,
    "error": 9.669533130437918e-5,
    "mean": 0.2466295208333333
  }
}
