{
  "sqr_magnetization": {
    "variance": 0.02017124374053753,
    "error": 0.00014202550383835127,
    "mean": 0.7969508047839508
  },
  "energy": {
    "variance": 0.006124617034671818,
    "error": 7.825993249851304e-5,
    "mean": -0.8488656388888889
  },
  "magnetization": {
    "variance": 0.7690464188804612,
    "error": 0.0008769529171400601,
    "mean": -0.16704836111111107
  },
  "sqr_energy": {
    "variance": 0.01670345480588195,
    "error": 0.00012924184618722355,
    "mean": 0.7266974837962962
  }
}
