{
  "sqr_magnetization": {
    "variance": 0.015199224542081006,
    "error": 0.00012328513512212656,
    "mean": 0.10430800578703703
  },
  "abs_magnetization": {
    "variance": 0.03356143770303029,
    "error": 0.00018319781031177825,
    "mean": 0.2659823333333334
  },
  "energy": {
    "variance": 0.007311701212241334,
    "error": 8.550848620015053e-5,
    "mean": -0.4415258333333334
  },
  "magnetization": {
    "variance": 0.10430431895784904,
    "error": 0.0003229617917925417,
    "mean": 0.001947083333333333
  },
  "sqr_energy": {
    "variance": 0.006180176728647316,
    "error": 7.861410006256712e-5,
    "mean": 0.20225675540123456
  }
}
