{
  "sqr_magnetization": {
    "variance": 0.06595043637023755,
    "error": 0.00025680817037282427,
    "mean": 0.4215784469521605
  },
  "energy": {
    "variance": 0.013763068747636649,
    "error": 0.00011731610608793938,
    "mean": -0.6487
  },
  "magnetization": {
    "variance": 0.41932797663426036,
    "error": 0.0006475553849936393,
    "mean": 0.047443541666666665
  },
  "sqr_energy": {
    "variance": 0.023576705903741953,
    "error": 0.00015354708041425585,
    "mean": 0.434574744984568
  }
}
