{
  "sqr_magnetization": {
    "variance": 0.010037697322396854,
    "error": 0.00010018830931000309,
    "mean": 0.08063573514660491
  },
  "abs_magnetization": {
    "variance": 0.0269090098674572,
    "error": 0.00016403965943471475,
    "mean": 0.23179031944444445
  },
  "energy": {
    "variance": 0.006589936825398052,
    "error": 8.117842586178949e-5,
    "mean": -0.4113477361111111
  },
  "magnetization": {
    "variance": 0.08062860289516133,
    "error": 0.0002839517615637581,
    "mean": -0.0026856805555555557
  },
  "sqr_energy": {
    "variance": 0.0047885291912682605,
    "error": 6.919919935424297e-5,
    "mean": 0.1757968902391975
  }
}
