{
  "sqr_magnetization": {
    "variance": 0.06301076173848338,
    "error": 0.00025101944494099134,
    "mean": 0.3733887214506173
  },
  "abs_magnetization": {
    "variance": 0.06145461812479098,
    "error": 0.0002479004197753424,
    "mean": 0.5585106666666666
  },
  "energy": {
    "variance": 0.01324900645933806,
    "error": 0.00011510432858645264,
    "mean": -0.6240329305555555
  },
  "magnetization": {
    "variance": 0.37338754218371195,
    "error": 0.0006110544510792077,
    "mean": 0.0012460555555555515
  },
  "sqr_energy": {
    "variance": 0.021393427149415493,
    "error": 0.00014626492111718205,
    "mean": 0.4026660916280865
  }
}
