{
  "sqr_magnetization": {
    "variance": 0.0002325130344627254,
    "error": 1.5248378092857135e-5,
    "mean": 0.010916197337962966
  },
  "energy": {
    "variance": 0.0036671995615668454,
    "error": 6.055740715690233e-5,
    "mean": -0.10167972222222221
  },
  "magnetization": {
    "variance": 0.010916190398512738,
    "error": 0.00010448057426389241,
    "mean": -0.00013362500000000006
  },
  "sqr_energy": {
    "variance": 0.00018408861676858516,
    "error": 1.3567926030480308e-5,
    "mean": 0.014005961805555557
  }
}
