{
  "sqr_magnetization": {
    "variance": 0.006867955885753538,
    "error": 8.287313126552862e-5,
    "mean": 0.8921582006172842
  },
  "energy": {
    "variance": 0.003187369582647166,
    "error": 5.6456793945876575e-5,
    "mean": -0.9111473472222219
  },
  "magnetization": {
    "variance": 0.0021153863775769644,
    "error": 4.599332970743654e-5,
    "mean": -0.9434208055555556
  },
  "sqr_energy": {
    "variance": 0.010137361336120147,
    "error": 0.00010068446422422948,
    "mean": 0.8333768547453704
  }
}
