{
  "sqr_magnetization": {
    "variance": 0.01954966836993431,
    "error": 0.00013982012862937264,
    "mean": 0.8095176244212965
  },
  "energy": {
    "variance": 0.005863484033322766,
    "error": 7.657338985132346e-5,
    "mean": -0.8570509166666666
  },
  "magnetization": {
    "variance": 0.6777853274939833,
    "error": 0.0008232771875219082,
    "mean": -0.36295037499999994
  },
  "sqr_energy": {
    "variance": 0.016239057898141188,
    "error": 0.0001274325621579555,
    "mean": 0.7403997519290122
  }
}
