{
  "sqr_magnetization": {
    "variance": 0.003933529635956855,
    "error": 6.271785739290569e-5,
    "mean": 0.926596447916667
  },
  "energy": {
    "variance": 0.0021551619296187193,
    "error": 4.642372162611179e-5,
    "mean": -0.9370125555555551
  },
  "magnetization": {
    "variance": 0.001130216024462938,
    "error": 3.3618685644488514e-5,
    "mean": 0.9620115555555556
  },
  "sqr_energy": {
    "variance": 0.007275628370018978,
    "error": 8.529729403690938e-5,
    "mean": 0.8801476890432097
  }
}
