{
  "energy": {
    "variance": 0.013469479532525431,
    "error": 0.00011605808688982181,
    "mean": -0.6695019479166666
  },
  "magnetization": {
    "variance": 0.460546404040731,
    "error": 0.000678635693167351,
    "mean": -0.016470875
  }
}
