{
  "sqr_magnetization": {
    "variance": 0.0047190209663209555,
    "error": 6.869513058667955e-5,
    "mean": 0.052258806712962964
  },
  "abs_magnetization": {
    "variance": 0.01818844348649827,
    "error": 0.00013486453754229936,
    "mean": 0.1845816388888889
  },
  "energy": {
    "variance": 0.0056471507669406985,
    "error": 7.514752668545186e-5,
    "mean": -0.357520875
  },
  "magnetization": {
    "variance": 0.052258175363711634,
    "error": 0.0002286004710487527,
    "mean": 0.0008268055555555553
  },
  "sqr_energy": {
    "variance": 0.0030671634337423965,
    "error": 5.538197751744151e-5,
    "mean": 0.13346832118055557
  }
}
