{
  "sqr_magnetization": {
    "variance": 0.007604358807792846,
    "error": 8.720297476458498e-5,
    "mean": 0.8877543404706794
  },
  "abs_magnetization": {
    "variance": 0.00242611811207008,
    "error": 4.925564040868903e-5,
    "mean": 0.9409188194444444
  },
  "energy": {
    "variance": 0.003374457455582263,
    "error": 5.809008052656032e-5,
    "mean": -0.9081681527777775
  },
  "magnetization": {
    "variance": 0.8579180916602275,
    "error": 0.0009262386796394477,
    "mean": -0.1727342083333333
  },
  "sqr_energy": {
    "variance": 0.010630048152551138,
    "error": 0.0001031021248692341,
    "mean": 0.8281438478009259
  }
}
