{
  "sqr_magnetization": {
    "variance": 0.005256301512960529,
    "error": 7.250035526092634e-5,
    "mean": 0.05550882079475309
  },
  "abs_magnetization": {
    "variance": 0.019241430566181914,
    "error": 0.00013871348372159755,
    "mean": 0.1904400416666667
  },
  "energy": {
    "variance": 0.005741978243088581,
    "error": 7.577584208102593e-5,
    "mean": -0.36541197222222227
  },
  "magnetization": {
    "variance": 0.055508355760900324,
    "error": 0.00023560211323521766,
    "mean": -0.000721486111111111
  },
  "sqr_energy": {
    "variance": 0.0032569192044449337,
    "error": 5.7069424427139035e-5,
    "mean": 0.13926788194444445
  }
}
