{
  "sqr_magnetization": {
    "variance": 0.014958110568179821,
    "error": 0.00012230335468898563,
    "mean": 0.829847193094136
  },
  "energy": {
    "variance": 0.005146887126229525,
    "error": 7.174180877444843e-5,
    "mean": -0.8690699027777775
  },
  "magnetization": {
    "variance": 0.00566422602872275,
    "error": 7.52610525353104e-5,
    "mean": -0.9078452361111111
  },
  "sqr_energy": {
    "variance": 0.014741532689565484,
    "error": 0.00012141471364528059,
    "mean": 0.7604293778935184
  }
}
