{
  "sqr_magnetization": {
    "variance": 0.04562847790974681,
    "error": 0.0002136082346487298,
    "mean": 0.24148314969135803
  },
  "abs_magnetization": {
    "variance": 0.0578405565791916,
    "error": 0.0002405006373779321,
    "mean": 0.4285354722222222
  },
  "energy": {
    "variance": 0.011163544511319201,
    "error": 0.0001056576760643504,
    "mean": -0.5497422777777777
  },
  "magnetization": {
    "variance": 0.24148337262580394,
    "error": 0.0004914095772630036,
    "mean": 0.00013619444444444435
  },
  "sqr_energy": {
    "variance": 0.014677219162723548,
    "error": 0.00012114957351441047,
    "mean": 0.31338010532407407
  }
}
