{
  "sqr_magnetization": {
    "variance": 0.003887768706639401,
    "error": 6.235197436039536e-5,
    "mean": 0.9283555725308645
  },
  "abs_magnetization": {
    "variance": 0.0011205328134217026,
    "error": 3.347436053790576e-5,
    "mean": 0.9629304444444445
  },
  "energy": {
    "variance": 0.002123322275959429,
    "error": 4.607952122103081e-5,
    "mean": -0.938444069444444
  },
  "magnetization": {
    "variance": 0.0011205328134217026,
    "error": 3.347436053790576e-5,
    "mean": 0.9629304444444445
  },
  "sqr_energy": {
    "variance": 0.007181484516818782,
    "error": 8.474363997857764e-5,
    "mean": 0.8828005916280863
  }
}
