{
  "sqr_magnetization": {
    "variance": 0.003481067170240781,
    "error": 5.900056923658263e-5,
    "mean": 0.9336462073688274
  },
  "abs_magnetization": {
    "variance": 0.0009927558487818906,
    "error": 3.1508028322665486e-5,
    "mean": 0.9657398472222223
  },
  "energy": {
    "variance": 0.001961119291338427,
    "error": 4.4284526545266655e-5,
    "mean": -0.9425696111111107
  },
  "magnetization": {
    "variance": 0.0009927558487818906,
    "error": 3.1508028322665486e-5,
    "mean": 0.9657398472222223
  },
  "sqr_energy": {
    "variance": 0.0066959108700437595,
    "error": 8.182854556964678e-5,
    "mean": 0.8903985891203703
  }
}
