{
  "sqr_magnetization": {
    "variance": 0.06002613748847768,
    "error": 0.0002450023213940588,
    "mean": 0.5400231182484568
  },
  "energy": {
    "variance": 0.012457549232727473,
    "error": 0.0001116133918162488,
    "mean": -0.7100823055555555
  },
  "magnetization": {
    "variance": 0.539384904320898,
    "error": 0.0007344282839875505,
    "mean": -0.025273569444444453
  },
  "sqr_energy": {
    "variance": 0.024559046583633146,
    "error": 0.0001567132623093309,
    "mean": 0.5166744174382716
  }
}
