{
  "sqr_magnetization": {
    "variance": 0.06149935939236729,
    "error": 0.00024799064375973396,
    "mean": 0.537417566550926
  },
  "abs_magnetization": {
    "variance": 0.04598426864188419,
    "error": 0.000214439428841536,
    "mean": 0.7010230694444445
  },
  "energy": {
    "variance": 0.01284618067273623,
    "error": 0.00011334099290519838,
    "mean": -0.7085825555555555
  },
  "magnetization": {
    "variance": 0.5366213780629242,
    "error": 0.0007325444546666941,
    "mean": -0.028226319444444446
  },
  "sqr_energy": {
    "variance": 0.025131430804981307,
    "error": 0.00015852895888443004,
    "mean": 0.5149354058641975
  }
}
