{
  "sqr_magnetization": {
    "variance": 0.0613965796357314,
    "error": 0.0002477833320377531,
    "mean": 0.35375176060956787
  },
  "abs_magnetization": {
    "variance": 0.061858423702940486,
    "error": 0.0002487135374340136,
    "mean": 0.5402715972222223
  },
  "energy": {
    "variance": 0.013118985714176882,
    "error": 0.00011453814087096438,
    "mean": -0.613226013888889
  },
  "magnetization": {
    "variance": 0.3537510278149551,
    "error": 0.0005947697267135871,
    "mean": -0.0010423749999999982
  },
  "sqr_energy": {
    "variance": 0.020624468315385416,
    "error": 0.00014361221506329263,
    "mean": 0.38916511670524695
  }
}
