{
  "sqr_magnetization": {
    "variance": 0.05557185030419117,
    "error": 0.00023573682424303413,
    "mean": 0.588563015625
  },
  "abs_magnetization": {
    "variance": 0.03819778882983957,
    "error": 0.00019544254610969324,
    "mean": 0.7418660694444444
  },
  "energy": {
    "variance": 0.011974013830405807,
    "error": 0.00010942583712453749,
    "mean": -0.7344040555555555
  },
  "magnetization": {
    "variance": 0.5874020629051723,
    "error": 0.0007664215960587047,
    "mean": -0.034081375
  },
  "sqr_energy": {
    "variance": 0.024798217366113578,
    "error": 0.0001574744975102749,
    "mean": 0.5513233186728396
  }
}
