{
  "sqr_magnetization": {
    "variance": 0.06718257168589446,
    "error": 0.00025919601016584815,
    "mean": 0.4795596412037037
  },
  "energy": {
    "variance": 0.013528717732498401,
    "error": 0.00011631301617832117,
    "mean": -0.6807805416666668
  },
  "magnetization": {
    "variance": 0.4712685632258194,
    "error": 0.0006864900314103762,
    "mean": -0.09105794444444444
  },
  "sqr_energy": {
    "variance": 0.024987596178950272,
    "error": 0.0001580746538156901,
    "mean": 0.47699085011574077
  }
}
