{
  "sqr_magnetization": {
    "variance": 0.02847010043539426,
    "error": 0.000168730852055557,
    "mean": 0.16156282831790122
  },
  "abs_magnetization": {
    "variance": 0.04639366817022373,
    "error": 0.0002153918943930429,
    "mean": 0.3393658888888889
  },
  "energy": {
    "variance": 0.00903277770513496,
    "error": 9.504092647451917e-5,
    "mean": -0.4948326388888889
  },
  "magnetization": {
    "variance": 0.16156046725206913,
    "error": 0.00040194585114424196,
    "mean": -0.0015882777777777787
  },
  "sqr_energy": {
    "variance": 0.009700811405532543,
    "error": 9.849269721929919e-5,
    "mean": 0.25389210918209876
  }
}
