{
  "sqr_magnetization": {
    "variance": 0.005780418421793708,
    "error": 7.602906300746912e-5,
    "mean": 0.058613516589506164
  },
  "energy": {
    "variance": 0.005871566849193393,
    "error": 7.662614990454233e-5,
    "mean": -0.37131627777777776
  },
  "magnetization": {
    "variance": 0.058586823580958604,
    "error": 0.00024204715156547207,
    "mean": 0.005172194444444445
  },
  "sqr_energy": {
    "variance": 0.00345743462136307,
    "error": 5.879995426327363e-5,
    "mean": 0.14374733912037035
  }
}
