{
  "sqr_magnetization": {
    "variance": 0.010431828780401798,
    "error": 0.00010213632449036825,
    "mean": 0.8600370167824076
  },
  "energy": {
    "variance": 0.0041986830171581325,
    "error": 6.479724544421725e-5,
    "mean": -0.8885486805555552
  },
  "magnetization": {
    "variance": 0.0034831968035438335,
    "error": 5.901861404289187e-5,
    "mean": -0.9255019305555555
  },
  "sqr_energy": {
    "variance": 0.012628525704316593,
    "error": 0.00011237671335430928,
    "mean": 0.7937174365354938
  }
}
