{
  "sqr_magnetization": {
    "variance": 0.0037786570014872256,
    "error": 6.147078168924832e-5,
    "mean": 0.9288355291280868
  },
  "energy": {
    "variance": 0.0020916614758773326,
    "error": 4.573468569780854e-5,
    "mean": -0.938782430555555
  },
  "magnetization": {
    "variance": 0.0010801397189805757,
    "error": 3.286547913815613e-5,
    "mean": 0.9632005972222223
  },
  "sqr_energy": {
    "variance": 0.007089646469147884,
    "error": 8.420003841535873e-5,
    "mean": 0.8834041113040122
  }
}
