{
  "sqr_magnetization": {
    "variance": 0.05197382415117912,
    "error": 0.00022797768344989193,
    "mean": 0.6165250405092594
  },
  "energy": {
    "variance": 0.011415782763202514,
    "error": 0.0001068446665173443,
    "mean": -0.7489885555555555
  },
  "magnetization": {
    "variance": 0.6144875212699095,
    "error": 0.0007838925444663378,
    "mean": 0.045145694444444454
  },
  "sqr_energy": {
    "variance": 0.024449152402248944,
    "error": 0.0001563622473688868,
    "mean": 0.5723996277006173
  }
}
