{
  "sqr_magnetization": {
    "variance": 0.004640363869353559,
    "error": 6.812021630436562e-5,
    "mean": 0.9190503452932102
  },
  "abs_magnetization": {
    "variance": 0.0013667636760838935,
    "error": 3.696976705476913e-5,
    "mean": 0.9579580277777778
  },
  "energy": {
    "variance": 0.0024076006020257563,
    "error": 4.906730685523464e-5,
    "mean": -0.9312776388888885
  },
  "magnetization": {
    "variance": 0.0013667636760838935,
    "error": 3.696976705476913e-5,
    "mean": 0.9579580277777778
  },
  "sqr_energy": {
    "variance": 0.008006895035502918,
    "error": 8.948125521863737e-5,
    "mean": 0.8696856388888887
  }
}
