{
  "sqr_magnetization": {
    "variance": 0.04010822050239181,
    "error": 0.000200270368508154,
    "mean": 0.21653402199074073
  },
  "energy": {
    "variance": 0.010385576940958884,
    "error": 0.00010190965087251984,
    "mean": -0.53286625
  },
  "magnetization": {
    "variance": 0.21652783368241393,
    "error": 0.000465325513680922,
    "mean": 0.002530777777777777
  },
  "sqr_energy": {
    "variance": 0.012850172253287632,
    "error": 0.0001133586002616812,
    "mean": 0.2943320069444445
  }
}
