{
  "sqr_magnetization": {
    "variance": 0.042608374274579995,
    "error": 0.00020641796015506982,
    "mean": 0.6742687781635802
  },
  "abs_magnetization": {
    "variance": 0.02496666811261796,
    "error": 0.00015800844316876856,
    "mean": 0.8057928611111111
  },
  "energy": {
    "variance": 0.010038808362318973,
    "error": 0.00010019385391489327,
    "mean": -0.7790602638888888
  },
  "magnetization": {
    "variance": 0.6737055859492581,
    "error": 0.0008207957029305515,
    "mean": 0.02374586111111112
  },
  "sqr_energy": {
    "variance": 0.02299143845272764,
    "error": 0.00015162927966830034,
    "mean": 0.6169736930941357
  }
}
