{
  "sqr_magnetization": {
    "variance": 0.0033372335297915225,
    "error": 5.776879373668384e-5,
    "mean": 0.9357185270061731
  },
  "abs_magnetization": {
    "variance": 0.0009484495904488191,
    "error": 3.079690878073348e-5,
    "mean": 0.9668350833333333
  },
  "energy": {
    "variance": 0.0018989089852652736,
    "error": 4.357647284103285e-5,
    "mean": -0.9442142638888885
  },
  "magnetization": {
    "variance": 0.0009484495904488191,
    "error": 3.079690878073348e-5,
    "mean": -0.9668350833333333
  },
  "sqr_energy": {
    "variance": 0.006507729305802683,
    "error": 8.06704983609416e-5,
    "mean": 0.8934394832175926
  }
}
