{
  "sqr_magnetization": {
    "variance": 0.038985723167864056,
    "error": 0.00019744802649776993,
    "mean": 0.6949316520061728
  },
  "abs_magnetization": {
    "variance": 0.021877063526788837,
    "error": 0.0001479089704067635,
    "mean": 0.8203990555555555
  },
  "energy": {
    "variance": 0.009489660361453376,
    "error": 9.741488778135186e-5,
    "mean": -0.7901552083333333
  },
  "magnetization": {
    "variance": 0.6903486010103295,
    "error": 0.0008308721929456596,
    "mean": 0.06770333333333332
  },
  "sqr_energy": {
    "variance": 0.022295756174965004,
    "error": 0.0001493176351773795,
    "mean": 0.6338349041280863
  }
}
