{
  "sqr_magnetization": {
    "variance": 0.06318672712061152,
    "error": 0.0002513697020736818,
    "mean": 0.5162997498070988
  },
  "abs_magnetization": {
    "variance": 0.04904110108550522,
    "error": 0.00022145225464082594,
    "mean": 0.683563236111111
  },
  "energy": {
    "variance": 0.013068375756506736,
    "error": 0.00011431699679621895,
    "mean": -0.6978329583333334
  },
  "magnetization": {
    "variance": 0.5162870693225151,
    "error": 0.0007185311888307389,
    "mean": -0.0036327361111111057
  },
  "sqr_energy": {
    "variance": 0.02498309125637425,
    "error": 0.0001580604038220017,
    "mean": 0.5000392004243828
  }
}
