{
  "sqr_magnetization": {
    "variance": 0.008469249114047662,
    "error": 9.202852337209189e-5,
    "mean": 0.8779960273919755
  },
  "energy": {
    "variance": 0.003630337129710394,
    "error": 6.0252279041629564e-5,
    "mean": -0.9010547638888885
  },
  "magnetization": {
    "variance": 0.0027502317739077,
    "error": 5.244265223944819e-5,
    "mean": -0.9355457222222222
  },
  "sqr_energy": {
    "variance": 0.011255857958474736,
    "error": 0.00010609362826520137,
    "mean": 0.8155300210262345
  }
}
