{
  "sqr_magnetization": {
    "variance": 0.060889986824079034,
    "error": 0.00024675896503284137,
    "mean": 0.5438501255787038
  },
  "energy": {
    "variance": 0.0126092350138984,
    "error": 0.00011229085008983767,
    "mean": -0.7127074305555555
  },
  "magnetization": {
    "variance": 0.5397700020764786,
    "error": 0.0007346904124027199,
    "mean": 0.06388006944444444
  },
  "sqr_energy": {
    "variance": 0.024969922238447077,
    "error": 0.00015801874014953756,
    "mean": 0.5205611039737654
  }
}
