{
  "sqr_magnetization": {
    "variance": 0.021357001294867076,
    "error": 0.00014614034793604083,
    "mean": 0.7931941271219137
  },
  "energy": {
    "variance": 0.00632630409239958,
    "error": 7.953806693904233e-5,
    "mean": -0.846846097222222
  },
  "magnetization": {
    "variance": 0.31720458878869195,
    "error": 0.0005632091874150242,
    "mean": -0.6899201805555555
  },
  "sqr_energy": {
    "variance": 0.01709583661909075,
    "error": 0.00013075104825235914,
    "mean": 0.7234746101466049
  }
}
