{
  "sqr_magnetization": {
    "variance": 0.06499749250601453,
    "error": 0.0002549460580319188,
    "mean": 0.49454295775462964
  },
  "energy": {
    "variance": 0.013332722641114616,
    "error": 0.0001154674094327686,
    "mean": -0.6871245
  },
  "magnetization": {
    "variance": 0.4932557965318611,
    "error": 0.000702321718681589,
    "mean": 0.0358839027777778
  },
  "sqr_energy": {
    "variance": 0.024976818262194635,
    "error": 0.0001580405589150919,
    "mean": 0.48547278780864195
  }
}
