{
  "sqr_magnetization": {
    "variance": 0.009678606935022493,
    "error": 9.837991123711432e-5,
    "mean": 0.07845218267746913
  },
  "energy": {
    "variance": 0.006546111027356205,
    "error": 8.090804056060317e-5,
    "mean": -0.40874048611111113
  },
  "magnetization": {
    "variance": 0.07843608407093726,
    "error": 0.0002800644284284194,
    "mean": -0.004022069444444446
  },
  "sqr_energy": {
    "variance": 0.004700012861377923,
    "error": 6.855663980518534e-5,
    "mean": 0.17361488946759257
  }
}
