{
  "sqr_magnetization": {
    "variance": 0.023930738898468414,
    "error": 0.00015469563309437155,
    "mean": 0.14247083719135803
  },
  "energy": {
    "variance": 0.008450075621186538,
    "error": 9.192429287836016e-5,
    "mean": -0.4801106805555555
  },
  "magnetization": {
    "variance": 0.14246440000325108,
    "error": 0.00037744456547054837,
    "mean": -0.002565083333333331
  },
  "sqr_energy": {
    "variance": 0.008513509690317455,
    "error": 9.226868206665496e-5,
    "mean": 0.23895633275462963
  }
}
