{
  "sqr_magnetization": {
    "variance": 0.0033847308782694813,
    "error": 5.817843997796333e-5,
    "mean": 0.9350299843750002
  },
  "abs_magnetization": {
    "variance": 0.0009629055649454961,
    "error": 3.1030719697510984e-5,
    "mean": 0.9664714583333334
  },
  "energy": {
    "variance": 0.0019195518467123402,
    "error": 4.3812690475618365e-5,
    "mean": -0.9436699999999996
  },
  "magnetization": {
    "variance": 0.0009629055649454961,
    "error": 3.1030719697510984e-5,
    "mean": -0.9664714583333334
  },
  "sqr_energy": {
    "variance": 0.006570545899642383,
    "error": 8.10589038887301e-5,
    "mean": 0.8924326188271604
  }
}
