{
  "sqr_magnetization": {
    "variance": 0.06417883252660747,
    "error": 0.0002533354150658914,
    "mean": 0.47021107889660496
  },
  "energy": {
    "variance": 0.013289132224078019,
    "error": 0.00011527849853323913,
    "mean": -0.673716375
  },
  "magnetization": {
    "variance": 0.4511874467073524,
    "error": 0.0006717048806636382,
    "mean": 0.13792781944444446
  },
  "sqr_energy": {
    "variance": 0.024148046548561904,
    "error": 0.00015539641742511926,
    "mean": 0.46718287287808646
  }
}
