{
  "sqr_magnetization": {
    "variance": 0.010321854072087753,
    "error": 0.00010159652588591674,
    "mean": 0.08207561863425925
  },
  "abs_magnetization": {
    "variance": 0.02732928503929873,
    "error": 0.00016531571322562995,
    "mean": 0.23397940277777782
  },
  "energy": {
    "variance": 0.006596836645530898,
    "error": 8.122091261202928e-5,
    "mean": -0.4133519027777777
  },
  "magnetization": {
    "variance": 0.08207527457257377,
    "error": 0.000286487826220546,
    "mean": -0.0006527916666666668
  },
  "sqr_energy": {
    "variance": 0.004841139139733595,
    "error": 6.957829503324723e-5,
    "mean": 0.17745662557870368
  }
}
