{
  "sqr_magnetization": {
    "variance": 0.05786296956006978,
    "error": 0.0002405472293751682,
    "mean": 0.32182173109567896
  },
  "energy": {
    "variance": 0.012802314115461497,
    "error": 0.00011314731156974741,
    "mean": -0.5958158055555555
  },
  "magnetization": {
    "variance": 0.3217083846295073,
    "error": 0.0005671934278793322,
    "mean": -0.010661527777777789
  },
  "sqr_energy": {
    "variance": 0.019286354963564893,
    "error": 0.00013887532165062622,
    "mean": 0.367798775462963
  }
}
