{
  "energy": {
    "variance": 0.002101455355115656,
    "error": 4.5841633425475324e-5,
    "mean": -0.939020069444444
  },
  "magnetization": {
    "variance": 0.001098438691875228,
    "error": 3.3142701939872495e-5,
    "mean": -0.9633628472222222
  }
}
