{
  "sqr_magnetization": {
    "variance": 0.04848829024030589,
    "error": 0.000220200568210679,
    "mean": 0.2578469074074074
  },
  "abs_magnetization": {
    "variance": 0.05915187341520365,
    "error": 0.0002432115815811485,
    "mean": 0.4457522777777778
  },
  "energy": {
    "variance": 0.011543183678522416,
    "error": 0.00010743920922327386,
    "mean": -0.5594083055555555
  },
  "magnetization": {
    "variance": 0.2578203935145594,
    "error": 0.0005077601732260609,
    "mean": 0.005174138888888887
  },
  "sqr_energy": {
    "variance": 0.0156440114444408,
    "error": 0.0001250760226599839,
    "mean": 0.3244808244598766
  }
}
