{
  "sqr_magnetization": {
    "variance": 0.06571373192915439,
    "error": 0.0002563468976390282,
    "mean": 0.44805602932098765
  },
  "abs_magnetization": {
    "variance": 0.0567380706250305,
    "error": 0.00023819754537994403,
    "mean": 0.6255541666666667
  },
  "energy": {
    "variance": 0.013560571727161231,
    "error": 0.00011644986787094793,
    "mean": -0.6629497222222223
  },
  "magnetization": {
    "variance": 0.44777116933437616,
    "error": 0.000669157058794403,
    "mean": 0.01689105555555555
  },
  "sqr_energy": {
    "variance": 0.024000326803463604,
    "error": 0.00015492038859834945,
    "mean": 0.45306289236111114
  }
}
