{
  "sqr_magnetization": {
    "variance": 0.060816849197352967,
    "error": 0.00024661072401125007,
    "mean": 0.3394901714891975
  },
  "energy": {
    "variance": 0.01290343900069961,
    "error": 0.00011359330526355683,
    "mean": -0.6077131805555555
  },
  "magnetization": {
    "variance": 0.33820819239126315,
    "error": 0.0005815566974863785,
    "mean": -0.03580945833333333
  },
  "sqr_energy": {
    "variance": 0.020162237829498036,
    "error": 0.00014199379503872003,
    "mean": 0.3822187359182099
  }
}
