{
  "sqr_magnetization": {
    "variance": 0.0047761344467459966,
    "error": 6.910958288649988e-5,
    "mean": 0.91724887808642
  },
  "abs_magnetization": {
    "variance": 0.0014102469673264433,
    "error": 3.755325508296775e-5,
    "mean": 0.9569945833333334
  },
  "energy": {
    "variance": 0.002460798692202821,
    "error": 4.96064380116414e-5,
    "mean": -0.9298860972222218
  },
  "magnetization": {
    "variance": 0.0014102469673264433,
    "error": 3.755325508296775e-5,
    "mean": -0.9569945833333334
  },
  "sqr_energy": {
    "variance": 0.008159444557435796,
    "error": 9.032964384650145e-5,
    "mean": 0.8671489500385802
  }
}
