{
  "sqr_magnetization": {
    "variance": 0.02275394633683532,
    "error": 0.00015084411270193914,
    "mean": 0.13710004320987654
  },
  "abs_magnetization": {
    "variance": 0.04134397967716178,
    "error": 0.00020333219045975425,
    "mean": 0.30944483333333334
  },
  "energy": {
    "variance": 0.008265399017982155,
    "error": 9.091423990763028e-5,
    "mean": -0.4747312083333333
  },
  "magnetization": {
    "variance": 0.13707649503080907,
    "error": 0.00037023842997561593,
    "mean": -0.00486675
  },
  "sqr_energy": {
    "variance": 0.008137233692089229,
    "error": 9.020661667576957e-5,
    "mean": 0.23363511091820988
  }
}
