{
  "sqr_magnetization": {
    "variance": 0.04082760073611905,
    "error": 0.00020205840921901533,
    "mean": 0.21757722318672842
  },
  "abs_magnetization": {
    "variance": 0.05517155831394856,
    "error": 0.00023488626676319022,
    "mean": 0.40299593055555555
  },
  "energy": {
    "variance": 0.010601693132131211,
    "error": 0.00010296452365806007,
    "mean": -0.5341660138888888
  },
  "magnetization": {
    "variance": 0.21756946020966067,
    "error": 0.0004664434158712723,
    "mean": 0.0028249861111111106
  },
  "sqr_energy": {
    "variance": 0.013224303516504624,
    "error": 0.00011499697177101936,
    "mean": 0.2959350129243827
  }
}
