{
  "sqr_magnetization": {
    "variance": 0.04245993511928741,
    "error": 0.00020605808676023226,
    "mean": 0.22280086207561728
  },
  "energy": {
    "variance": 0.010683210849119603,
    "error": 0.00010335961904496168,
    "mean": -0.5392905972222223
  },
  "magnetization": {
    "variance": 0.2227407138588155,
    "error": 0.0004719541438093488,
    "mean": -0.007769875000000002
  },
  "sqr_energy": {
    "variance": 0.013533544824025997,
    "error": 0.00011633376476339962,
    "mean": 0.3015175484182099
  }
}
