{
  "sqr_magnetization": {
    "variance": 0.0032837984272176793,
    "error": 5.730443636593662e-5,
    "mean": 0.9364306653163583
  },
  "abs_magnetization": {
    "variance": 0.0009318013731499465,
    "error": 3.052542175220428e-5,
    "mean": 0.9672119027777778
  },
  "energy": {
    "variance": 0.001877271647388159,
    "error": 4.3327492973724654e-5,
    "mean": -0.9447729722222218
  },
  "magnetization": {
    "variance": 0.0009318013731499465,
    "error": 3.052542175220428e-5,
    "mean": -0.9672119027777778
  },
  "sqr_energy": {
    "variance": 0.006442013800558372,
    "error": 8.026215671509439e-5,
    "mean": 0.8944732388117284
  }
}
