{
  "sqr_magnetization": {
    "variance": 0.060238891509469795,
    "error": 0.00024543612511093347,
    "mean": 0.3367496427469136
  },
  "energy": {
    "variance": 0.012998722461669799,
    "error": 0.00011401193999608023,
    "mean": -0.6044894583333333
  },
  "magnetization": {
    "variance": 0.33670380214056445,
    "error": 0.0005802618392937489,
    "mean": 0.0067953888888888925
  },
  "sqr_energy": {
    "variance": 0.020089342351982842,
    "error": 0.00014173687717733462,
    "mean": 0.3784062146990741
  }
}
