{
  "sqr_magnetization": {
    "variance": 0.002915529406827474,
    "error": 5.399564247999531e-5,
    "mean": 0.9408018497299385
  },
  "energy": {
    "variance": 0.001737418636140666,
    "error": 4.1682354013906966e-5,
    "mean": -0.9481846527777773
  },
  "magnetization": {
    "variance": 0.0008153417729187412,
    "error": 2.855419011141344e-5,
    "mean": 0.969529013888889
  },
  "sqr_energy": {
    "variance": 0.006014991093529086,
    "error": 7.755637364865047e-5,
    "mean": 0.9007915526620369
  }
}
