{
  "sqr_magnetization": {
    "variance": 0.007849253765622512,
    "error": 8.859601438903734e-5,
    "mean": 0.06918763001543211
  },
  "energy": {
    "variance": 0.006191889859605139,
    "error": 7.868856244464719e-5,
    "mean": -0.39236469444444444
  },
  "magnetization": {
    "variance": 0.069156630005728,
    "error": 0.00026297648184909616,
    "mean": 0.005573972222222221
  },
  "sqr_energy": {
    "variance": 0.004076230776398284,
    "error": 6.384536613097528e-5,
    "mean": 0.16014193711419752
  }
}
