{
  "sqr_magnetization": {
    "variance": 0.01580495580517636,
    "error": 0.00012571776248874444,
    "mean": 0.8305079533179014
  },
  "energy": {
    "variance": 0.005183375458548298,
    "error": 7.19956627759499e-5,
    "mean": -0.8700312222222221
  },
  "magnetization": {
    "variance": 0.016298615056266293,
    "error": 0.0001276660293745611,
    "mean": 0.9023355
  },
  "sqr_energy": {
    "variance": 0.014828946697407466,
    "error": 0.00012177416268407459,
    "mean": 0.7621376979166666
  }
}
