{
  "sqr_magnetization": {
    "variance": 0.05294148870893463,
    "error": 0.00023009017516820363,
    "mean": 0.2807687750771605
  },
  "energy": {
    "variance": 0.01216437093115411,
    "error": 0.0001102922070282126,
    "mean": -0.5737136944444445
  },
  "magnetization": {
    "variance": 0.2790163363291071,
    "error": 0.0005282199696424844,
    "mean": -0.04186547222222222
  },
  "sqr_energy": {
    "variance": 0.01725433098067862,
    "error": 0.00013135574209252756,
    "mean": 0.34131176195987656
  }
}
