{
  "sqr_magnetization": {
    "variance": 0.025603857785661186,
    "error": 0.00016001205512604727,
    "mean": 0.7670577928240742
  },
  "abs_magnetization": {
    "variance": 0.011866823893335467,
    "error": 0.00010893495257875439,
    "mean": 0.86901725
  },
  "energy": {
    "variance": 0.007226869318189534,
    "error": 8.501099527819642e-5,
    "mean": -0.83076825
  },
  "magnetization": {
    "variance": 0.7030521382933853,
    "error": 0.0008384820441091063,
    "mean": 0.25299477777777774
  },
  "sqr_energy": {
    "variance": 0.0187759084371521,
    "error": 0.00013702521095459804,
    "mean": 0.6974027472993827
  }
}
