{
  "energy": {
    "variance": 0.005393258496964309,
    "error": 7.34388078400263e-5,
    "mean": -0.8663036979166665
  },
  "magnetization": {
    "variance": 0.799172402808668,
    "error": 0.0008939644303934402,
    "mean": 0.161738875
  }
}
