{
  "sqr_magnetization": {
    "variance": 0.006301027754778939,
    "error": 7.937901331447084e-5,
    "mean": 0.061667149305555564
  },
  "abs_magnetization": {
    "variance": 0.021124363546166012,
    "error": 0.00014534222905324525,
    "mean": 0.20135244444444445
  },
  "energy": {
    "variance": 0.005933301710245961,
    "error": 7.702792811861138e-5,
    "mean": -0.3788699861111111
  },
  "magnetization": {
    "variance": 0.06166718353649758,
    "error": 0.0002483287811279586,
    "mean": 0.00016563888888888913
  },
  "sqr_energy": {
    "variance": 0.003625948705646712,
    "error": 6.021585095011705e-5,
    "mean": 0.14947576215277775
  }
}
