{
  "sqr_magnetization": {
    "variance": 0.005185939503510725,
    "error": 7.201346751483867e-5,
    "mean": 0.9124176701388891
  },
  "abs_magnetization": {
    "variance": 0.0015450985157898739,
    "error": 3.9307741168755474e-5,
    "mean": 0.9543964444444444
  },
  "energy": {
    "variance": 0.002609443926375833,
    "error": 5.10827165132771e-5,
    "mean": -0.9262353472222218
  },
  "magnetization": {
    "variance": 0.0015450985157898739,
    "error": 3.9307741168755474e-5,
    "mean": -0.9543964444444444
  },
  "sqr_energy": {
    "variance": 0.008579045235006792,
    "error": 9.262313552783015e-5,
    "mean": 0.8605213597608025
  }
}
