{
  "sqr_magnetization": {
    "variance": 0.011554119877147589,
    "error": 0.0001074900919952513,
    "mean": 0.8539290578703705
  },
  "abs_magnetization": {
    "variance": 0.004053677234750538,
    "error": 6.366849483654014e-5,
    "mean": 0.921886861111111
  },
  "energy": {
    "variance": 0.00443373768643348,
    "error": 6.658631756174447e-5,
    "mean": -0.884752708333333
  },
  "magnetization": {
    "variance": 0.4870959196869498,
    "error": 0.0006979225742780856,
    "mean": -0.6056679166666668
  },
  "sqr_energy": {
    "variance": 0.01319344191279344,
    "error": 0.00011486270897377198,
    "mean": 0.7872210881558641
  }
}
