{
  "sqr_magnetization": {
    "variance": 0.00785865342198916,
    "error": 8.864904636818808e-5,
    "mean": 0.8850537397762348
  },
  "abs_magnetization": {
    "variance": 0.0025186762310201736,
    "error": 5.0186414805404994e-5,
    "mean": 0.939433375
  },
  "energy": {
    "variance": 0.0034555217915217917,
    "error": 5.878368644038745e-5,
    "mean": -0.9062191111111108
  },
  "magnetization": {
    "variance": 0.8552991452783334,
    "error": 0.0009248238455394267,
    "mean": -0.17249768055555562
  },
  "sqr_energy": {
    "variance": 0.010838135768586301,
    "error": 0.0001041063675698384,
    "mean": 0.8246885956790123
  }
}
