{
  "sqr_magnetization": {
    "variance": 0.007277986767649609,
    "error": 8.53111174915064e-5,
    "mean": 0.8870385092592595
  },
  "energy": {
    "variance": 0.003329804838986937,
    "error": 5.7704461170579665e-5,
    "mean": -0.9073552777777774
  },
  "magnetization": {
    "variance": 0.0022691826986147973,
    "error": 4.763593914907942e-5,
    "mean": -0.9406217777777778
  },
  "sqr_energy": {
    "variance": 0.010496409582326768,
    "error": 0.00010245198671732417,
    "mean": 0.8266234016203703
  }
}
