{
  "sqr_magnetization": {
    "variance": 0.018928780026803246,
    "error": 0.00013758190297711122,
    "mean": 0.12079335243055554
  },
  "abs_magnetization": {
    "variance": 0.03760891999985963,
    "error": 0.00019393019362610772,
    "mean": 0.28841718055555554
  },
  "energy": {
    "variance": 0.007796261380966434,
    "error": 8.829644036407376e-5,
    "mean": -0.45890740277777775
  },
  "magnetization": {
    "variance": 0.12079098765033006,
    "error": 0.0003475499786366416,
    "mean": 0.0015765694444444438
  },
  "sqr_energy": {
    "variance": 0.007157636460440409,
    "error": 8.460281591318582e-5,
    "mean": 0.2183922579089506
  }
}
