{
  "sqr_magnetization": {
    "variance": 0.0646199292473346,
    "error": 0.0002542045028069617,
    "mean": 0.501156240162037
  },
  "energy": {
    "variance": 0.013230013721331433,
    "error": 0.00011502179672275786,
    "mean": -0.6907187916666667
  },
  "magnetization": {
    "variance": 0.5011437788056953,
    "error": 0.0007079150929353712,
    "mean": -0.0036003472222222318
  },
  "sqr_energy": {
    "variance": 0.024962790236272635,
    "error": 0.00015799617158739206,
    "mean": 0.4903224496527778
  }
}
