{
  "sqr_magnetization": {
    "variance": 0.00529020969109933,
    "error": 7.273382769454204e-5,
    "mean": 0.9113708478009263
  },
  "abs_magnetization": {
    "variance": 0.001581538560658739,
    "error": 3.976856246658583e-5,
    "mean": 0.953828763888889
  },
  "energy": {
    "variance": 0.0026425761310938773,
    "error": 5.140599314373644e-5,
    "mean": -0.9254613611111108
  },
  "magnetization": {
    "variance": 0.001581538560658739,
    "error": 3.976856246658583e-5,
    "mean": -0.953828763888889
  },
  "sqr_energy": {
    "variance": 0.008670766857810614,
    "error": 9.311695258013234e-5,
    "mean": 0.859121304398148
  }
}
