{
  "sqr_magnetization": {
    "variance": 0.05662269346079393,
    "error": 0.0002379552341529682,
    "mean": 0.583819936728395
  },
  "energy": {
    "variance": 0.012145768304834471,
    "error": 0.00011020784139449638,
    "mean": -0.7320735972222221
  },
  "magnetization": {
    "variance": 0.5687682146805604,
    "error": 0.0007541672325688517,
    "mean": 0.12268777777777778
  },
  "sqr_energy": {
    "variance": 0.024999251697351604,
    "error": 0.00015811151664996324,
    "mean": 0.5480775079089507
  }
}
