{
  "sqr_magnetization": {
    "variance": 0.049600175960165534,
    "error": 0.00022271096955508396,
    "mean": 0.26307696720679014
  },
  "abs_magnetization": {
    "variance": 0.0597176170203948,
    "error": 0.00024437188263054077,
    "mean": 0.4509538888888889
  },
  "energy": {
    "variance": 0.011670227935597535,
    "error": 0.00010802882918738653,
    "mean": -0.5627433055555555
  },
  "magnetization": {
    "variance": 0.2630443922576515,
    "error": 0.0005128785355789922,
    "mean": -0.005730444444444447
  },
  "sqr_energy": {
    "variance": 0.015994767723812954,
    "error": 0.00012647042232796156,
    "mean": 0.328350244212963
  }
}
