{
  "sqr_magnetization": {
    "variance": 0.002601324007327656,
    "error": 5.100317644350846e-5,
    "mean": 0.9463290935570992
  },
  "abs_magnetization": {
    "variance": 0.0007241430213650514,
    "error": 2.690990563649474e-5,
    "mean": 0.9724222083333335
  },
  "energy": {
    "variance": 0.0015772283938881176,
    "error": 3.9714334866495216e-5,
    "mean": -0.952711194444444
  },
  "magnetization": {
    "variance": 0.0007241430213650514,
    "error": 2.690990563649474e-5,
    "mean": -0.9724222083333335
  },
  "sqr_energy": {
    "variance": 0.005512471319958085,
    "error": 7.424601888288749e-5,
    "mean": 0.9092358468364197
  }
}
