{
  "sqr_magnetization": {
    "variance": 0.01886517642409516,
    "error": 0.00013735056033411424,
    "mean": 0.8074219901620372
  },
  "abs_magnetization": {
    "variance": 0.007880494020424384,
    "error": 8.877214664760779e-5,
    "mean": 0.8941708472222223
  },
  "energy": {
    "variance": 0.005962603279756828,
    "error": 7.721789481562436e-5,
    "mean": -0.8550885277777777
  },
  "magnetization": {
    "variance": 0.751939391071343,
    "error": 0.0008671443888253807,
    "mean": 0.23554904166666663
  },
  "sqr_energy": {
    "variance": 0.016442720003528907,
    "error": 0.00012822916986212187,
    "mean": 0.7371389876543208
  }
}
