{
  "sqr_magnetization": {
    "variance": 0.008609094291972846,
    "error": 9.278520513515528e-5,
    "mean": 0.07365624903549382
  },
  "abs_magnetization": {
    "variance": 0.024866636752408165,
    "error": 0.00015769158744970567,
    "mean": 0.22088376388888886
  },
  "energy": {
    "variance": 0.006354533347098162,
    "error": 7.971532692712339e-5,
    "mean": -0.40041127777777774
  },
  "magnetization": {
    "variance": 0.07365629263289585,
    "error": 0.00027139692819355167,
    "mean": -0.0001733749999999996
  },
  "sqr_energy": {
    "variance": 0.004356735741846505,
    "error": 6.600557356652925e-5,
    "mean": 0.16668371836419754
  }
}
