{
  "sqr_magnetization": {
    "variance": 0.013993919821343704,
    "error": 0.00011829589942742607,
    "mean": 0.09919091705246913
  },
  "energy": {
    "variance": 0.007192682932574715,
    "error": 8.480968654920684e-5,
    "mean": -0.43663609722222224
  },
  "magnetization": {
    "variance": 0.09905665838860593,
    "error": 0.00031473267766249813,
    "mean": 0.011591277777777777
  },
  "sqr_energy": {
    "variance": 0.005925529481098529,
    "error": 7.697746086419406e-5,
    "mean": 0.19784375713734564
  }
}
