{
  "sqr_magnetization": {
    "variance": 0.015505986045237011,
    "error": 0.00012452303419543313,
    "mean": 0.827058224344136
  },
  "energy": {
    "variance": 0.00523471019923161,
    "error": 7.235129714961307e-5,
    "mean": -0.8673901249999998
  },
  "magnetization": {
    "variance": 0.8251071365527289,
    "error": 0.0009083540810458931,
    "mean": 0.04418045833333331
  },
  "sqr_energy": {
    "variance": 0.014932118442689563,
    "error": 0.0001221970476021805,
    "mean": 0.757600333912037
  }
}
