{
  "sqr_magnetization": {
    "variance": 0.0502768546349967,
    "error": 0.00022422500894190347,
    "mean": 0.26952783931327157
  },
  "abs_magnetization": {
    "variance": 0.05968843671606768,
    "error": 0.0002443121706261636,
    "mean": 0.458082375
  },
  "energy": {
    "variance": 0.011739172729743522,
    "error": 0.00010834746295942293,
    "mean": -0.566282763888889
  },
  "magnetization": {
    "variance": 0.26952548889186984,
    "error": 0.0005191584429553947,
    "mean": 0.0016186249999999996
  },
  "sqr_energy": {
    "variance": 0.016238718923020617,
    "error": 0.00012743123213333776,
    "mean": 0.3324153296682099
  }
}
