{
  "sqr_magnetization": {
    "variance": 0.020133851576377506,
    "error": 0.00014189380386887056,
    "mean": 0.1255389743441358
  },
  "energy": {
    "variance": 0.007965684424046883,
    "error": 8.925068304526797e-5,
    "mean": -0.46403759722222226
  },
  "magnetization": {
    "variance": 0.12551290294745368,
    "error": 0.0003542780023476672,
    "mean": 0.005118291666666666
  },
  "sqr_energy": {
    "variance": 0.007484048210187053,
    "error": 8.65103936540983e-5,
    "mean": 0.22329656809413578
  }
}
