{
  "sqr_magnetization": {
    "variance": 0.010976707600323711,
    "error": 0.00010476978381348178,
    "mean": 0.08405692901234567
  },
  "energy": {
    "variance": 0.006729968900319979,
    "error": 8.20363876601108e-5,
    "mean": -0.41649763888888885
  },
  "magnetization": {
    "variance": 0.08400584959612044,
    "error": 0.00028983762626015353,
    "mean": -0.007152861111111113
  },
  "sqr_energy": {
    "variance": 0.005033291303234955,
    "error": 7.094569263341471e-5,
    "mean": 0.18020024537037033
  }
}
