{
  "sqr_magnetization": {
    "variance": 0.004130701448378117,
    "error": 6.427053328219798e-5,
    "mean": 0.9251528246527781
  },
  "abs_magnetization": {
    "variance": 0.0011976964823953644,
    "error": 3.460775176742003e-5,
    "mean": 0.9612258472222224
  },
  "energy": {
    "variance": 0.0022209956654244845,
    "error": 4.71274406840058e-5,
    "mean": -0.935944569444444
  },
  "magnetization": {
    "variance": 0.0011976964823953644,
    "error": 3.460775176742003e-5,
    "mean": 0.9612258472222224
  },
  "sqr_energy": {
    "variance": 0.007468620415915072,
    "error": 8.642118036636085e-5,
    "mean": 0.8782132305169753
  }
}
