{
  "sqr_magnetization": {
    "variance": 0.06050445668979015,
    "error": 0.00024597653686843823,
    "mean": 0.5523188977623457
  },
  "energy": {
    "variance": 0.01266316271608999,
    "error": 0.00011253071898859435,
    "mean": -0.7165100694444445
  },
  "magnetization": {
    "variance": 0.5520731734836481,
    "error": 0.0007430162673075524,
    "mean": -0.015693194444444464
  },
  "sqr_energy": {
    "variance": 0.02522389483681051,
    "error": 0.0001588203224930944,
    "mean": 0.5260498296682099
  }
}
