{
  "sqr_magnetization": {
    "variance": 0.04577095348410935,
    "error": 0.0002139414720995192,
    "mean": 0.24620841049382713
  },
  "energy": {
    "variance": 0.011170259578137474,
    "error": 0.00010568944875500806,
    "mean": -0.5501712638888889
  },
  "magnetization": {
    "variance": 0.2455405627781399,
    "error": 0.0004955204968294853,
    "mean": 0.0258475
  },
  "sqr_energy": {
    "variance": 0.014666214426720616,
    "error": 0.00012110414702527993,
    "mean": 0.31385866801697526
  }
}
