{
  "sqr_magnetization": {
    "variance": 0.005528908174267619,
    "error": 7.435662831427752e-5,
    "mean": 0.05713071932870371
  },
  "abs_magnetization": {
    "variance": 0.019739990721428798,
    "error": 0.00014049907729742853,
    "mean": 0.193366875
  },
  "energy": {
    "variance": 0.0057986686552579676,
    "error": 7.614898985054213e-5,
    "mean": -0.36888165277777774
  },
  "magnetization": {
    "variance": 0.057128178853130804,
    "error": 0.00023901501804934934,
    "mean": 0.001611708333333333
  },
  "sqr_energy": {
    "variance": 0.0033571064657592323,
    "error": 5.794054250487505e-5,
    "mean": 0.14187233661265433
  }
}
