{
  "sqr_magnetization": {
    "variance": 0.014913124184567318,
    "error": 0.00012211930307927293,
    "mean": 0.1038437372685185
  },
  "energy": {
    "variance": 0.00722930928262236,
    "error": 8.502534494268377e-5,
    "mean": -0.44223715277777775
  },
  "magnetization": {
    "variance": 0.10384377763629307,
    "error": 0.0003222480064116659,
    "mean": 0.0002519444444444439
  },
  "sqr_energy": {
    "variance": 0.006092928582335532,
    "error": 7.805721351890247e-5,
    "mean": 0.2028030013503086
  }
}
