{
  "sqr_magnetization": {
    "variance": 0.06196174476137723,
    "error": 0.0002489211617387667,
    "mean": 0.3600437885802468
  },
  "abs_magnetization": {
    "variance": 0.061689109490682785,
    "error": 0.0002483729242302445,
    "mean": 0.5462185833333333
  },
  "energy": {
    "variance": 0.013162458202056197,
    "error": 0.00011472775689455536,
    "mean": -0.6167071944444446
  },
  "magnetization": {
    "variance": 0.36003981412739133,
    "error": 0.0006000331775222027,
    "mean": 0.002081944444444442
  },
  "sqr_energy": {
    "variance": 0.020889212980146614,
    "error": 0.00014453101044463302,
    "mean": 0.39349020871913587
  }
}
