{
  "sqr_magnetization": {
    "variance": 0.02541088356654161,
    "error": 0.00015940791563326336,
    "mean": 0.1484558290895062
  },
  "abs_magnetization": {
    "variance": 0.04377792101179446,
    "error": 0.00020923173997220034,
    "mean": 0.32353972222222227
  },
  "energy": {
    "variance": 0.008620615305797403,
    "error": 9.28472687040249e-5,
    "mean": -0.4844721666666667
  },
  "magnetization": {
    "variance": 0.14843269662914652,
    "error": 0.0003852696414579619,
    "mean": -0.004825027777777778
  },
  "sqr_energy": {
    "variance": 0.008869814451572542,
    "error": 9.417969235229292e-5,
    "mean": 0.24333388695987654
  }
}
