{
  "sqr_magnetization": {
    "variance": 0.06446068913585745,
    "error": 0.00025389109699998824,
    "mean": 0.48776104706790124
  },
  "abs_magnetization": {
    "variance": 0.05215878922362797,
    "error": 0.00022838298803463442,
    "mean": 0.66000175
  },
  "energy": {
    "variance": 0.013340471052180152,
    "error": 0.00011550095693188066,
    "mean": -0.6830090277777777
  },
  "magnetization": {
    "variance": 0.4876675885638162,
    "error": 0.0006983320045392565,
    "mean": 0.00969258333333333
  },
  "sqr_energy": {
    "variance": 0.024688065751617395,
    "error": 0.00015712436396567335,
    "mean": 0.4798417897376544
  }
}
