{
  "sqr_magnetization": {
    "variance": 0.06414135855352046,
    "error": 0.00025326144308504696,
    "mean": 0.49557951195987654
  },
  "abs_magnetization": {
    "variance": 0.05137338324347892,
    "error": 0.00022665697263371122,
    "mean": 0.6664879444444445
  },
  "energy": {
    "variance": 0.013313424103977924,
    "error": 0.00011538381214008282,
    "mean": -0.6868800416666667
  },
  "magnetization": {
    "variance": 0.49497223104465077,
    "error": 0.0007035426291594922,
    "mean": 0.02465311111111111
  },
  "sqr_energy": {
    "variance": 0.024828381782448148,
    "error": 0.00015757024396264717,
    "mean": 0.4851176024305556
  }
}
