{
  "sqr_magnetization": {
    "variance": 0.004402199624087315,
    "error": 6.634907402584692e-5,
    "mean": 0.9217790634645064
  },
  "abs_magnetization": {
    "variance": 0.001286491870079641,
    "error": 3.586769953704365e-5,
    "mean": 0.9594230416666667
  },
  "energy": {
    "variance": 0.0023242267408741172,
    "error": 4.821023481455071e-5,
    "mean": -0.9333443055555551
  },
  "magnetization": {
    "variance": 0.001286491870079641,
    "error": 3.586769953704365e-5,
    "mean": 0.9594230416666667
  },
  "sqr_energy": {
    "variance": 0.007767289031673199,
    "error": 8.813222470625145e-5,
    "mean": 0.8734558171296295
  }
}
