{
  "energy": {
    "variance": 0.0068968405961802835,
    "error": 8.304721907553727e-5,
    "mean": -0.8383878020833333
  },
  "magnetization": {
    "variance": 0.7010237826714368,
    "error": 0.00083727163016039,
    "mean": -0.28062265277777776
  }
}
