{
  "sqr_magnetization": {
    "variance": 0.009855344453999116,
    "error": 9.927408752539161e-5,
    "mean": 0.07976194656635802
  },
  "abs_magnetization": {
    "variance": 0.02669704352149858,
    "error": 0.000163392299455937,
    "mean": 0.2303582638888889
  },
  "energy": {
    "variance": 0.006535822935296509,
    "error": 8.084443663788195e-5,
    "mean": -0.40978995833333337
  },
  "magnetization": {
    "variance": 0.07975960514674074,
    "error": 0.000282417430670879,
    "mean": -0.0015560138888888885
  },
  "sqr_energy": {
    "variance": 0.004711764276670975,
    "error": 6.864229218689435e-5,
    "mean": 0.1744636263503086
  }
}
