{
  "sqr_magnetization": {
    "variance": 0.0045492285376227005,
    "error": 6.744796911414532e-5,
    "mean": 0.05130115721450618
  },
  "abs_magnetization": {
    "variance": 0.01785060928136371,
    "error": 0.00013360617231761304,
    "mean": 0.18289495833333333
  },
  "energy": {
    "variance": 0.0055919305619853464,
    "error": 7.477921209791761e-5,
    "mean": -0.35556102777777776
  },
  "magnetization": {
    "variance": 0.05130101580671622,
    "error": 0.00022649727549512867,
    "mean": -0.00043898611111111156
  },
  "sqr_energy": {
    "variance": 0.003001434249985298,
    "error": 5.478534703718959e-5,
    "mean": 0.13201556944444442
  }
}
