{
  "sqr_magnetization": {
    "variance": 0.007564177738449318,
    "error": 8.697228143753226e-5,
    "mean": 0.06816659278549382
  },
  "energy": {
    "variance": 0.006232790064981229,
    "error": 7.894802128604129e-5,
    "mean": -0.39103001388888886
  },
  "magnetization": {
    "variance": 0.06813589833761884,
    "error": 0.00026102853931633384,
    "mean": 0.005546402777777778
  },
  "sqr_energy": {
    "variance": 0.004073211621130829,
    "error": 6.38217174724312e-5,
    "mean": 0.15913725559413577
  }
}
