{
  "sqr_magnetization": {
    "variance": 0.003647984957228976,
    "error": 6.0398550953056615e-5,
    "mean": 0.9314314436728398
  },
  "abs_magnetization": {
    "variance": 0.0010444658182119607,
    "error": 3.231819639478603e-5,
    "mean": 0.9645656944444445
  },
  "energy": {
    "variance": 0.0020299733045178636,
    "error": 4.505522505234952e-5,
    "mean": -0.9408358472222218
  },
  "magnetization": {
    "variance": 0.0010444658182119607,
    "error": 3.231819639478603e-5,
    "mean": 0.9645656944444445
  },
  "sqr_energy": {
    "variance": 0.006903459492113944,
    "error": 8.308705971518034e-5,
    "mean": 0.8872020626929011
  }
}
