{
  "sqr_magnetization": {
    "variance": 0.03233400737542422,
    "error": 0.00017981659371544168,
    "mean": 0.17968580324074074
  },
  "energy": {
    "variance": 0.009444137352439052,
    "error": 9.718095159257832e-5,
    "mean": -0.5087491944444444
  },
  "magnetization": {
    "variance": 0.1796472333004671,
    "error": 0.0004238481252765749,
    "mean": 0.006224916666666659
  },
  "sqr_energy": {
    "variance": 0.010716731355212856,
    "error": 0.00010352164679530971,
    "mean": 0.2682698707561728
  }
}
