{
  "sqr_magnetization": {
    "variance": 0.06482199929137623,
    "error": 0.0002546016482495277,
    "mean": 0.4800784255401235
  },
  "energy": {
    "variance": 0.01323389654636491,
    "error": 0.0001150386741333753,
    "mean": -0.6799355277777778
  },
  "magnetization": {
    "variance": 0.4796784639858645,
    "error": 0.0006925882355237234,
    "mean": -0.02001102777777778
  },
  "sqr_energy": {
    "variance": 0.024423949681522884,
    "error": 0.00015628163577824134,
    "mean": 0.4755462052469136
  }
}
