{
  "sqr_magnetization": {
    "variance": 0.0049073276479738945,
    "error": 7.005232078934925e-5,
    "mean": 0.9156826304012349
  },
  "energy": {
    "variance": 0.002496398124472198,
    "error": 4.996396826186045e-5,
    "mean": -0.9287637777777774
  },
  "magnetization": {
    "variance": 0.001451735179587032,
    "error": 3.810164274131802e-5,
    "mean": 0.9561542222222222
  },
  "sqr_energy": {
    "variance": 0.008259599402082825,
    "error": 9.088233822961877e-5,
    "mean": 0.8650985505401234
  }
}
