{
  "sqr_magnetization": {
    "variance": 0.008201954639179977,
    "error": 9.05646434276643e-5,
    "mean": 0.8821949803240744
  },
  "abs_magnetization": {
    "variance": 0.0026590890051005804,
    "error": 5.156635535987181e-5,
    "mean": 0.93783575
  },
  "energy": {
    "variance": 0.003548353057301939,
    "error": 5.956805399962247e-5,
    "mean": -0.904199958333333
  },
  "magnetization": {
    "variance": 0.8525455184158146,
    "error": 0.0009233339149060943,
    "mean": -0.1721926666666667
  },
  "sqr_energy": {
    "variance": 0.011072923163105002,
    "error": 0.00010522795808674139,
    "mean": 0.8211259141589505
  }
}
