{
  "energy": {
    "variance": 0.012635342952266128,
    "error": 0.00011240704138205102,
    "mean": -0.7154854791666667
  },
  "magnetization": {
    "variance": 0.5499035807793146,
    "error": 0.0007415548400349866,
    "mean": 0.04020813888888889
  }
}
