{
  "sqr_magnetization": {
    "variance": 0.005132736135027741,
    "error": 7.164311645250883e-5,
    "mean": 0.05455404668209876
  },
  "energy": {
    "variance": 0.005704591524481763,
    "error": 7.55287463452278e-5,
    "mean": -0.36466504166666663
  },
  "magnetization": {
    "variance": 0.05454548732869412,
    "error": 0.00023354975343316918,
    "mean": 0.0029349444444444444
  },
  "sqr_energy": {
    "variance": 0.003220428472058859,
    "error": 5.674881912479641e-5,
    "mean": 0.13868517843364198
  }
}
