{
  "energy": {
    "variance": 0.005550133977242278,
    "error": 7.449922131970427e-5,
    "mean": -0.3519867118055556
  },
  "magnetization": {
    "variance": 0.04987016261128125,
    "error": 0.00022331628380232654,
    "mean": -0.00029415277777777805
  }
}
