{
  "sqr_magnetization": {
    "variance": 0.018374719780254997,
    "error": 0.00013555338350721829,
    "mean": 0.8088384158950618
  },
  "energy": {
    "variance": 0.0057994481203362406,
    "error": 7.61541077049442e-5,
    "mean": -0.8559964722222221
  },
  "magnetization": {
    "variance": 0.008039494925907734,
    "error": 8.966323062386126e-5,
    "mean": 0.8948736944444445
  },
  "sqr_energy": {
    "variance": 0.016088489695302657,
    "error": 0.0001268404103403275,
    "mean": 0.7385294027777778
  }
}
