{
  "sqr_magnetization": {
    "variance": 0.011451793413547554,
    "error": 0.00010701305253821869,
    "mean": 0.8537359035493829
  },
  "energy": {
    "variance": 0.004409582407286111,
    "error": 6.640468663645745e-5,
    "mean": -0.8845048888888888
  },
  "magnetization": {
    "variance": 0.003938318025922965,
    "error": 6.275601983812362e-5,
    "mean": -0.9218446666666668
  },
  "sqr_energy": {
    "variance": 0.013122785114213975,
    "error": 0.00011455472541197929,
    "mean": 0.7867584764660495
  }
}
