{
  "sqr_magnetization": {
    "variance": 0.005738381632578355,
    "error": 7.575210645637753e-5,
    "mean": 0.05854867959104938
  },
  "abs_magnetization": {
    "variance": 0.020136385527911572,
    "error": 0.00014190273263017724,
    "mean": 0.1959905972222222
  },
  "energy": {
    "variance": 0.005826838859060311,
    "error": 7.633373342802193e-5,
    "mean": -0.37216886111111114
  },
  "magnetization": {
    "variance": 0.058545857055015825,
    "error": 0.0002419625116728123,
    "mean": -0.001697375
  },
  "sqr_energy": {
    "variance": 0.003434027843795128,
    "error": 5.860057886911296e-5,
    "mean": 0.144336494212963
  }
}
