{
  "energy": {
    "variance": 0.012374288942767674,
    "error": 0.00011123978129593601,
    "mean": -0.7232961458333332
  },
  "magnetization": {
    "variance": 0.5666337079760776,
    "error": 0.0007527507608605106,
    "mean": 0.02722269444444444
  }
}
