{
  "sqr_magnetization": {
    "variance": 0.029937781194912964,
    "error": 0.00017302537731475392,
    "mean": 0.16722414332561727
  },
  "energy": {
    "variance": 0.009178575538142669,
    "error": 9.580488264249724e-5,
    "mean": -0.50002775
  },
  "magnetization": {
    "variance": 0.16697624998936247,
    "error": 0.0004086272751412496,
    "mean": 0.01574993055555556
  },
  "sqr_energy": {
    "variance": 0.010106809817729592,
    "error": 0.0001005326306118048,
    "mean": 0.25920631712962966
  }
}
