{
  "sqr_magnetization": {
    "variance": 0.006641507205101223,
    "error": 8.149544284867236e-5,
    "mean": 0.06426963213734567
  },
  "energy": {
    "variance": 0.006026702603554457,
    "error": 7.763184014020573e-5,
    "mean": -0.38376611111111114
  },
  "magnetization": {
    "variance": 0.06424573658181663,
    "error": 0.0002534674270627621,
    "mean": -0.004894875
  },
  "sqr_energy": {
    "variance": 0.003769846730430191,
    "error": 6.139907760243789e-5,
    "mean": 0.15330312461419754
  }
}
