{
  "sqr_magnetization": {
    "variance": 0.005944273456138013,
    "error": 7.709911449645847e-5,
    "mean": 0.059202075617283946
  },
  "energy": {
    "variance": 0.005893888633772697,
    "error": 7.67716655659671e-5,
    "mean": -0.37330584722222226
  },
  "magnetization": {
    "variance": 0.059199837403266425,
    "error": 0.00024331016707747013,
    "mean": -0.0015157222222222221
  },
  "sqr_energy": {
    "variance": 0.0035079020994338165,
    "error": 5.922754510727096e-5,
    "mean": 0.14525113831018516
  }
}
