{
  "sqr_magnetization": {
    "variance": 0.04078556400002234,
    "error": 0.00020195436118099143,
    "mean": 0.6979472133487654
  },
  "energy": {
    "variance": 0.009555768167496368,
    "error": 9.775360948576973e-5,
    "mean": -0.7930777638888888
  },
  "magnetization": {
    "variance": 0.5407385218783607,
    "error": 0.0007353492516337803,
    "mean": 0.3964961944444444
  },
  "sqr_energy": {
    "variance": 0.02251559595533698,
    "error": 0.00015005197751225067,
    "mean": 0.6385280981867283
  }
}
