{
  "sqr_magnetization": {
    "variance": 0.03245021066649494,
    "error": 0.0001801394200792679,
    "mean": 0.7283495075231483
  },
  "abs_magnetization": {
    "variance": 0.016626300420966893,
    "error": 0.00012894301229987955,
    "mean": 0.8436369027777777
  },
  "energy": {
    "variance": 0.008437591942527125,
    "error": 9.185636582473273e-5,
    "mean": -0.8084556111111111
  },
  "magnetization": {
    "variance": 0.7272349447250911,
    "error": 0.0008527807131526199,
    "mean": -0.03339595833333335
  },
  "sqr_energy": {
    "variance": 0.0207543969671724,
    "error": 0.00014406386419630842,
    "mean": 0.6620380586419753
  }
}
