{
  "sqr_magnetization": {
    "variance": 0.03857658398529451,
    "error": 0.00019640922581511927,
    "mean": 0.705171106867284
  },
  "energy": {
    "variance": 0.009322229597962427,
    "error": 9.655169391555194e-5,
    "mean": -0.7964451527777776
  },
  "magnetization": {
    "variance": 0.6667876388221071,
    "error": 0.0008165706575809024,
    "mean": 0.1959186944444444
  },
  "sqr_energy": {
    "variance": 0.022138372005870342,
    "error": 0.00014878969052279915,
    "mean": 0.6436471016589506
  }
}
