{
  "sqr_magnetization": {
    "variance": 0.007725499608047756,
    "error": 8.789482128116398e-5,
    "mean": 0.06935416435185185
  },
  "abs_magnetization": {
    "variance": 0.02349579750157219,
    "error": 0.00015328338951619053,
    "mean": 0.21414572222222225
  },
  "energy": {
    "variance": 0.00620334676735217,
    "error": 7.876132786686732e-5,
    "mean": -0.39309702777777783
  },
  "magnetization": {
    "variance": 0.06934642710705596,
    "error": 0.0002633370978556875,
    "mean": 0.0027940277777777772
  },
  "sqr_energy": {
    "variance": 0.004094332027726699,
    "error": 6.398696763972097e-5,
    "mean": 0.16072861381172837
  }
}
