{
  "sqr_magnetization": {
    "variance": 0.01092147642191205,
    "error": 0.00010450586788267944,
    "mean": 0.8593571576003088
  },
  "abs_magnetization": {
    "variance": 0.0037877375688778092,
    "error": 6.154459821038569e-5,
    "mean": 0.9249699583333333
  },
  "energy": {
    "variance": 0.004268883659079454,
    "error": 6.533669458336146e-5,
    "mean": -0.8884439583333332
  },
  "magnetization": {
    "variance": 0.6492384392897047,
    "error": 0.0008057533365054746,
    "mean": 0.45838779166666666
  },
  "sqr_energy": {
    "variance": 0.012812406967522115,
    "error": 0.00011319190327723144,
    "mean": 0.7936015464891976
  }
}
