{
  "sqr_magnetization": {
    "variance": 0.03422762418570872,
    "error": 0.00018500709225786107,
    "mean": 0.7192748713348767
  },
  "abs_magnetization": {
    "variance": 0.017980185227093985,
    "error": 0.00013409021301755763,
    "mean": 0.8374334027777778
  },
  "energy": {
    "variance": 0.008727258948739658,
    "error": 9.34197995541612e-5,
    "mean": -0.8034435833333332
  },
  "magnetization": {
    "variance": 0.7188714579220826,
    "error": 0.0008478628768392225,
    "mean": -0.02010304166666666
  },
  "sqr_energy": {
    "variance": 0.021198612069271188,
    "error": 0.00014559743153390856,
    "mean": 0.6542488418209876
  }
}
