{
  "sqr_magnetization": {
    "variance": 0.06245517598048735,
    "error": 0.0002499103358816665,
    "mean": 0.37699349652777775
  },
  "energy": {
    "variance": 0.013278726587398653,
    "error": 0.00011523335709506451,
    "mean": -0.6252283055555555
  },
  "magnetization": {
    "variance": 0.3768237643715352,
    "error": 0.0006138597269503312,
    "mean": -0.013042583333333321
  },
  "sqr_energy": {
    "variance": 0.021483649579387993,
    "error": 0.00014657301791048716,
    "mean": 0.40418914737654327
  }
}
