{
  "sqr_magnetization": {
    "variance": 0.021106353183795907,
    "error": 0.00014528025737792422,
    "mean": 0.1302943912037037
  },
  "abs_magnetization": {
    "variance": 0.039816481489073303,
    "error": 0.00019954067627697694,
    "mean": 0.3007955277777778
  },
  "energy": {
    "variance": 0.008122392727550134,
    "error": 9.012431818077812e-5,
    "mean": -0.4679540555555556
  },
  "magnetization": {
    "variance": 0.1302680604499856,
    "error": 0.00036092666907556944,
    "mean": -0.0051440277777777795
  },
  "sqr_energy": {
    "variance": 0.007760439141589206,
    "error": 8.80933546959656e-5,
    "mean": 0.22710338271604938
  }
}
