{
  "sqr_magnetization": {
    "variance": 0.0033935591664960474,
    "error": 5.825426307572732e-5,
    "mean": 0.9335626398533954
  },
  "energy": {
    "variance": 0.0019458559583171839,
    "error": 4.411185734377078e-5,
    "mean": -0.9424264027777774
  },
  "magnetization": {
    "variance": 0.0009599426042078439,
    "error": 3.098294053520169e-5,
    "mean": 0.9657135694444445
  },
  "sqr_energy": {
    "variance": 0.006653880777693155,
    "error": 8.157132325574445e-5,
    "mean": 0.8901133786651234
  }
}
