{
  "sqr_magnetization": {
    "variance": 0.026349584182012494,
    "error": 0.0001623255499975666,
    "mean": 0.760764214506173
  },
  "energy": {
    "variance": 0.007380659007757001,
    "error": 8.591076188555774e-5,
    "mean": -0.8272664166666667
  },
  "magnetization": {
    "variance": 0.6653986045890173,
    "error": 0.0008157196850567095,
    "mean": 0.3088143055555555
  },
  "sqr_energy": {
    "variance": 0.01903526843556042,
    "error": 0.00013796836026988367,
    "mean": 0.6917503757716048
  }
}
