{
  "sqr_magnetization": {
    "variance": 0.005779504801144813,
    "error": 7.602305440552105e-5,
    "mean": 0.906086938850309
  },
  "abs_magnetization": {
    "variance": 0.001757396279575099,
    "error": 4.1921310566048614e-5,
    "mean": 0.9509624305555556
  },
  "energy": {
    "variance": 0.002804359631819315,
    "error": 5.295620484720667e-5,
    "mean": -0.9215119027777775
  },
  "magnetization": {
    "variance": 0.001757396279575099,
    "error": 4.1921310566048614e-5,
    "mean": -0.9509624305555556
  },
  "sqr_energy": {
    "variance": 0.009115307566912373,
    "error": 9.547411988027108e-5,
    "mean": 0.8519885437885802
  }
}
