{
  "sqr_magnetization": {
    "variance": 0.002495855397159697,
    "error": 4.995853677961052e-5,
    "mean": 0.9472125275848768
  },
  "energy": {
    "variance": 0.0015429628765053149,
    "error": 3.928056614288183e-5,
    "mean": -0.9533757499999994
  },
  "magnetization": {
    "variance": 0.0006897119640867716,
    "error": 2.626236783092438e-5,
    "mean": 0.9728940416666667
  },
  "sqr_energy": {
    "variance": 0.005406966421320096,
    "error": 7.353207749900785e-5,
    "mean": 0.9104682820216047
  }
}
