{
  "sqr_magnetization": {
    "variance": 0.0036989508030108023,
    "error": 6.081900034537564e-5,
    "mean": 0.9296298474151238
  },
  "energy": {
    "variance": 0.0020653301221194736,
    "error": 4.5445903249022055e-5,
    "mean": -0.9393875277777772
  },
  "magnetization": {
    "variance": 0.0010546467568209475,
    "error": 3.24753253535811e-5,
    "mean": 0.9636260694444445
  },
  "sqr_energy": {
    "variance": 0.0070119974799225165,
    "error": 8.37376706143807e-5,
    "mean": 0.8845142554012345
  }
}
