{
  "sqr_magnetization": {
    "variance": 0.061434818555712596,
    "error": 0.0002478604820371989,
    "mean": 0.53359896875
  },
  "energy": {
    "variance": 0.012723487660080251,
    "error": 0.00011279843819876342,
    "mean": -0.7066882222222223
  },
  "magnetization": {
    "variance": 0.5324774075552964,
    "error": 0.0007297104957140855,
    "mean": 0.033497666666666655
  },
  "sqr_energy": {
    "variance": 0.02480607996159893,
    "error": 0.0001574994601946271,
    "mean": 0.5121317183641976
  }
}
