{
  "sqr_magnetization": {
    "variance": 0.026516294488187122,
    "error": 0.00016283824639250793,
    "mean": 0.763163930941358
  },
  "abs_magnetization": {
    "variance": 0.012521722114623348,
    "error": 0.00011190050095787483,
    "mean": 0.866396111111111
  },
  "energy": {
    "variance": 0.007383573908718779,
    "error": 8.592772491296844e-5,
    "mean": -0.8285603194444443
  },
  "magnetization": {
    "variance": 0.7631277509721018,
    "error": 0.0008735718350382537,
    "mean": -0.006078083333333322
  },
  "sqr_energy": {
    "variance": 0.01905688741497352,
    "error": 0.00013804668563559763,
    "mean": 0.6938957694830246
  }
}
