{
  "energy": {
    "variance": 0.005256035742902591,
    "error": 7.249852234978719e-5,
    "mean": -0.8693033124999999
  },
  "magnetization": {
    "variance": 0.8197460948893017,
    "error": 0.00090539830731524,
    "mean": 0.10101105555555556
  }
}
