{
  "sqr_magnetization": {
    "variance": 0.004559418144887956,
    "error": 6.752346366181133e-5,
    "mean": 0.051579017168209874
  },
  "energy": {
    "variance": 0.005639247776699745,
    "error": 7.509492510615976e-5,
    "mean": -0.35710615277777774
  },
  "magnetization": {
    "variance": 0.05157687122708555,
    "error": 0.00022710541875324233,
    "mean": -0.0014824027777777787
  },
  "sqr_energy": {
    "variance": 0.003057031632472318,
    "error": 5.529042984524825e-5,
    "mean": 0.13316404648919752
  }
}
