{
  "sqr_magnetization": {
    "variance": 0.01470576303579264,
    "error": 0.00012126732055996224,
    "mean": 0.10358974710648147
  },
  "energy": {
    "variance": 0.007225387483868193,
    "error": 8.500227928631204e-5,
    "mean": -0.43951397222222227
  },
  "magnetization": {
    "variance": 0.10358445016681109,
    "error": 0.0003218453823916246,
    "mean": -0.0023239027777777754
  },
  "sqr_energy": {
    "variance": 0.006015890836497669,
    "error": 7.756217400574632e-5,
    "mean": 0.20039791203703702
  }
}
