{
  "sqr_magnetization": {
    "variance": 0.04978531136460687,
    "error": 0.0002231262229425463,
    "mean": 0.63272984375
  },
  "abs_magnetization": {
    "variance": 0.031746427588267095,
    "error": 0.0001781752721010048,
    "mean": 0.7752312222222223
  },
  "energy": {
    "variance": 0.011108238322917336,
    "error": 0.00010539562762713327,
    "mean": -0.7573034444444444
  },
  "magnetization": {
    "variance": 0.6325453318938382,
    "error": 0.0007953271854361816,
    "mean": -0.013606777777777785
  },
  "sqr_energy": {
    "variance": 0.02419050346601486,
    "error": 0.00015553296584973507,
    "mean": 0.5846167341820988
  }
}
