{
  "sqr_magnetization": {
    "variance": 0.06214004037918194,
    "error": 0.0002492790411951674,
    "mean": 0.35758040316358025
  },
  "energy": {
    "variance": 0.013301048185763465,
    "error": 0.00011533017031880021,
    "mean": -0.614447138888889
  },
  "magnetization": {
    "variance": 0.3575090592938618,
    "error": 0.0005979206128691849,
    "mean": 0.008467666666666665
  },
  "sqr_energy": {
    "variance": 0.021035824282216283,
    "error": 0.00014503732030831333,
    "mean": 0.3908463213734569
  }
}
