{
  "sqr_magnetization": {
    "variance": 0.004504211001418806,
    "error": 6.711341893704125e-5,
    "mean": 0.9194244812885805
  },
  "energy": {
    "variance": 0.002371644528186965,
    "error": 4.869953314136559e-5,
    "mean": -0.931562194444444
  },
  "magnetization": {
    "variance": 0.0013102735851036394,
    "error": 3.6197701378729e-5,
    "mean": 0.958182763888889
  },
  "sqr_energy": {
    "variance": 0.00790746816491829,
    "error": 8.892394595899515e-5,
    "mean": 0.8701797642746912
  }
}
