{
  "sqr_magnetization": {
    "variance": 0.006133659093603626,
    "error": 7.831768059387118e-5,
    "mean": 0.06052580613425926
  },
  "energy": {
    "variance": 0.005942744781194625,
    "error": 7.708920015926113e-5,
    "mean": -0.3772163055555556
  },
  "magnetization": {
    "variance": 0.06051701313367498,
    "error": 0.000246002059206168,
    "mean": -0.0029754861111111128
  },
  "sqr_energy": {
    "variance": 0.00359019416223764,
    "error": 5.991822896446156e-5,
    "mean": 0.14823488001543209
  }
}
