{
  "sqr_magnetization": {
    "variance": 0.002951879309239183,
    "error": 5.433120014539696e-5,
    "mean": 0.940235239969136
  },
  "energy": {
    "variance": 0.001754780423940146,
    "error": 4.189009935462252e-5,
    "mean": -0.9477190833333328
  },
  "magnetization": {
    "variance": 0.0008262402035233829,
    "error": 2.8744394297382282e-5,
    "mean": 0.969231138888889
  },
  "sqr_energy": {
    "variance": 0.006068788474295301,
    "error": 7.790242919380178e-5,
    "mean": 0.8999262395833333
  }
}
