{
  "sqr_magnetization": {
    "variance": 0.058962458084416344,
    "error": 0.00024282186492244955,
    "mean": 0.33060621759259257
  },
  "energy": {
    "variance": 0.01265825081429711,
    "error": 0.00011250889215656294,
    "mean": -0.6018182777777777
  },
  "magnetization": {
    "variance": 0.33054796782628887,
    "error": 0.0005749330115989939,
    "mean": 0.0076537777777777845
  },
  "sqr_energy": {
    "variance": 0.019430437113651847,
    "error": 0.0001393931028195149,
    "mean": 0.3748434776234568
  }
}
