{
  "sqr_magnetization": {
    "variance": 0.03686228933522957,
    "error": 0.0001919955450921442,
    "mean": 0.7135915123456791
  },
  "energy": {
    "variance": 0.009032975671345846,
    "error": 9.504196794756433e-5,
    "mean": -0.8013835694444444
  },
  "magnetization": {
    "variance": 0.7112337506914176,
    "error": 0.000843346755902587,
    "mean": 0.048564111111111086
  },
  "sqr_energy": {
    "variance": 0.02170838617992181,
    "error": 0.00014733766042638867,
    "mean": 0.6512485920138888
  }
}
