{
  "sqr_magnetization": {
    "variance": 0.02253520221214572,
    "error": 0.00015011729484688206,
    "mean": 0.13379327141203703
  },
  "energy": {
    "variance": 0.008346536552434506,
    "error": 9.135938130501162e-5,
    "mean": -0.47171631944444437
  },
  "magnetization": {
    "variance": 0.13363211892468815,
    "error": 0.00036555727174368747,
    "mean": -0.012699847222222223
  },
  "sqr_energy": {
    "variance": 0.00812120122721388,
    "error": 9.011770762294101e-5,
    "mean": 0.2308628142361111
  }
}
