{
  "sqr_magnetization": {
    "variance": 0.06530046030916486,
    "error": 0.00025553954744650555,
    "mean": 0.47068409760802465
  },
  "abs_magnetization": {
    "variance": 0.05439390723742499,
    "error": 0.00023322501417606342,
    "mean": 0.6452055833333332
  },
  "energy": {
    "variance": 0.013456904427197634,
    "error": 0.00011600389832758912,
    "mean": -0.6745680555555555
  },
  "magnetization": {
    "variance": 0.4706816065442416,
    "error": 0.0006860623926030647,
    "mean": -0.0017209722222222255
  },
  "sqr_energy": {
    "variance": 0.024441913539851527,
    "error": 0.0001563390979245164,
    "mean": 0.4684989525462963
  }
}
