{
  "sqr_magnetization": {
    "variance": 0.005009870662631144,
    "error": 7.078043983072685e-5,
    "mean": 0.9144264403935188
  },
  "abs_magnetization": {
    "variance": 0.0014869859664672549,
    "error": 3.856145700654028e-5,
    "mean": 0.9554786527777778
  },
  "energy": {
    "variance": 0.0025474310388228197,
    "error": 5.0472081776194046e-5,
    "mean": -0.9277392361111108
  },
  "magnetization": {
    "variance": 0.0014869859664672549,
    "error": 3.856145700654028e-5,
    "mean": -0.9554786527777778
  },
  "sqr_energy": {
    "variance": 0.008404556930433946,
    "error": 9.16763706220635e-5,
    "mean": 0.8632475187114198
  }
}
