{
  "sqr_magnetization": {
    "variance": 0.0038227945543522486,
    "error": 6.182875184210214e-5,
    "mean": 0.9291549307484571
  },
  "abs_magnetization": {
    "variance": 0.001099908273349439,
    "error": 3.316486504343775e-5,
    "mean": 0.963356125
  },
  "energy": {
    "variance": 0.0020983265644870584,
    "error": 4.580749463228761e-5,
    "mean": -0.9390643333333331
  },
  "magnetization": {
    "variance": 0.001099908273349439,
    "error": 3.316486504343775e-5,
    "mean": 0.963356125
  },
  "sqr_energy": {
    "variance": 0.007106920155709339,
    "error": 8.430255130011985e-5,
    "mean": 0.8839401466049382
  }
}
