{
  "sqr_magnetization": {
    "variance": 0.009710876075586593,
    "error": 9.854377745746605e-5,
    "mean": 0.8654433065200621
  },
  "energy": {
    "variance": 0.004030558955743368,
    "error": 6.348668329455688e-5,
    "mean": -0.8921675277777775
  },
  "magnetization": {
    "variance": 0.003177205541938374,
    "error": 5.6366705970265586e-5,
    "mean": -0.9285828472222223
  },
  "sqr_energy": {
    "variance": 0.012234989764181725,
    "error": 0.0001106118879876016,
    "mean": 0.7999934525462962
  }
}
