{
  "sqr_magnetization": {
    "variance": 0.003006185566894145,
    "error": 5.482869291615609e-5,
    "mean": 0.940356810570988
  },
  "abs_magnetization": {
    "variance": 0.0008464157433169781,
    "error": 2.9093225041527762e-5,
    "mean": 0.9692834444444445
  },
  "energy": {
    "variance": 0.0017579794896613965,
    "error": 4.1928265998743576e-5,
    "mean": -0.9479032083333329
  },
  "magnetization": {
    "variance": 0.0008464157433169781,
    "error": 2.9093225041527762e-5,
    "mean": -0.9692834444444445
  },
  "sqr_energy": {
    "variance": 0.006076304214204448,
    "error": 7.795065242962658e-5,
    "mean": 0.9002784701003085
  }
}
