{
  "sqr_magnetization": {
    "variance": 0.004265602693039258,
    "error": 6.531158161489628e-5,
    "mean": 0.9235095522762349
  },
  "abs_magnetization": {
    "variance": 0.00124263290736574,
    "error": 3.525099867189212e-5,
    "mean": 0.9603472916666668
  },
  "energy": {
    "variance": 0.0022722624057161093,
    "error": 4.7668253646594917e-5,
    "mean": -0.9346704999999995
  },
  "magnetization": {
    "variance": 0.00124263290736574,
    "error": 3.525099867189212e-5,
    "mean": -0.9603472916666668
  },
  "sqr_energy": {
    "variance": 0.007616504781861863,
    "error": 8.727258894900427e-5,
    "mean": 0.8758812037037036
  }
}
