{
  "sqr_magnetization": {
    "variance": 0.01652858352763826,
    "error": 0.00012856353887334565,
    "mean": 0.1106399041280864
  },
  "abs_magnetization": {
    "variance": 0.0350436815791428,
    "error": 0.0001871995768668904,
    "mean": 0.2749477361111111
  },
  "energy": {
    "variance": 0.007445514145729424,
    "error": 8.628739273920277e-5,
    "mean": -0.4493391944444445
  },
  "magnetization": {
    "variance": 0.11060754135850104,
    "error": 0.0003325771209185939,
    "mean": -0.005698541666666668
  },
  "sqr_energy": {
    "variance": 0.006521460892886241,
    "error": 8.075556261265375e-5,
    "mean": 0.2093512183641975
  }
}
