{
  "sqr_magnetization": {
    "variance": 0.047591452213131366,
    "error": 0.00021815465205475535,
    "mean": 0.2531183734567901
  },
  "abs_magnetization": {
    "variance": 0.05871063127842142,
    "error": 0.00024230276778943615,
    "mean": 0.440917
  },
  "energy": {
    "variance": 0.011415085801493209,
    "error": 0.00010684140490228125,
    "mean": -0.5563723333333334
  },
  "magnetization": {
    "variance": 0.25304008849885085,
    "error": 0.0005030309021311224,
    "mean": 0.008862166666666666
  },
  "sqr_energy": {
    "variance": 0.015319281623000142,
    "error": 0.00012377108556928853,
    "mean": 0.3209652476851852
  }
}
