{
  "sqr_magnetization": {
    "variance": 0.006155357297391286,
    "error": 7.845608515208547e-5,
    "mean": 0.9005362947530867
  },
  "energy": {
    "variance": 0.0029384398437313176,
    "error": 5.42073781300232e-5,
    "mean": -0.9173307361111108
  },
  "magnetization": {
    "variance": 0.0018736394845769852,
    "error": 4.3285557459468916e-5,
    "mean": 0.9479781944444445
  },
  "sqr_energy": {
    "variance": 0.009476819431131949,
    "error": 9.734895701101245e-5,
    "mean": 0.8444341163194445
  }
}
