{
  "sqr_magnetization": {
    "variance": 0.00456009015652295,
    "error": 6.752843961267689e-5,
    "mean": 0.9199682698688274
  },
  "abs_magnetization": {
    "variance": 0.0013392329686695052,
    "error": 3.659553208616463e-5,
    "mean": 0.958451375
  },
  "energy": {
    "variance": 0.00237889360564592,
    "error": 4.877390291586188e-5,
    "mean": -0.9319757499999995
  },
  "magnetization": {
    "variance": 0.0013392329686695052,
    "error": 3.659553208616463e-5,
    "mean": 0.958451375
  },
  "sqr_energy": {
    "variance": 0.007924656238360344,
    "error": 8.902053829516167e-5,
    "mean": 0.8709576898148148
  }
}
