{
  "sqr_magnetization": {
    "variance": 0.04612881261118547,
    "error": 0.00021477619190959102,
    "mean": 0.6665519839891976
  },
  "energy": {
    "variance": 0.010364692132951391,
    "error": 0.00010180713203381869,
    "mean": -0.776171
  },
  "magnetization": {
    "variance": 0.6217460472758605,
    "error": 0.0007885087490166868,
    "mean": 0.2116755972222222
  },
  "sqr_energy": {
    "variance": 0.023533061132278814,
    "error": 0.00015340489279119755,
    "mean": 0.6128061030092592
  }
}
