{
  "sqr_magnetization": {
    "variance": 0.003434228568999327,
    "error": 5.860229149955936e-5,
    "mean": 0.9343359398148151
  },
  "abs_magnetization": {
    "variance": 0.0009782505626919208,
    "error": 3.127699734136768e-5,
    "mean": 0.9661043888888889
  },
  "energy": {
    "variance": 0.0019408793795205827,
    "error": 4.40554126018652e-5,
    "mean": -0.9431191388888884
  },
  "magnetization": {
    "variance": 0.0009782505626919208,
    "error": 3.127699734136768e-5,
    "mean": -0.9661043888888889
  },
  "sqr_energy": {
    "variance": 0.0066350989911664925,
    "error": 8.145611696592524e-5,
    "mean": 0.8914145875771604
  }
}
