{
  "sqr_magnetization": {
    "variance": 0.0064970571976086435,
    "error": 8.060432493116386e-5,
    "mean": 0.0630507611882716
  },
  "energy": {
    "variance": 0.00599595772558716,
    "error": 7.743356975877555e-5,
    "mean": -0.3819000138888889
  },
  "magnetization": {
    "variance": 0.063043804970592,
    "error": 0.00025108525438701494,
    "mean": -0.0026493888888888878
  },
  "sqr_energy": {
    "variance": 0.0037049364636439494,
    "error": 6.086818925879058e-5,
    "mean": 0.15184357233796297
  }
}
