{
  "sqr_magnetization": {
    "variance": 0.004157769020581148,
    "error": 6.448076473322217e-5,
    "mean": 0.923236283564815
  },
  "energy": {
    "variance": 0.0022508513834268076,
    "error": 4.744313842303023e-5,
    "mean": -0.9343885138888885
  },
  "magnetization": {
    "variance": 0.0011989528937052089,
    "error": 3.46258991754035e-5,
    "mean": 0.96022775
  },
  "sqr_energy": {
    "variance": 0.007556219204363294,
    "error": 8.692651611771458e-5,
    "mean": 0.8753327440200617
  }
}
