{
  "sqr_magnetization": {
    "variance": 0.05824327950921499,
    "error": 0.0002413364446353161,
    "mean": 0.32027710532407405
  },
  "energy": {
    "variance": 0.012621960171108322,
    "error": 0.00011234749739584021,
    "mean": -0.5967096666666667
  },
  "magnetization": {
    "variance": 0.31761237695644406,
    "error": 0.0005635710930809387,
    "mean": -0.05162408333333333
  },
  "sqr_energy": {
    "variance": 0.019104180737594182,
    "error": 0.00013821787416102947,
    "mean": 0.36868437384259256
  }
}
