{
  "sqr_magnetization": {
    "variance": 0.04660570231094535,
    "error": 0.00021588353876788604,
    "mean": 0.24800009606481482
  },
  "abs_magnetization": {
    "variance": 0.058098826742714854,
    "error": 0.00024103698210588943,
    "mean": 0.43577669444444445
  },
  "energy": {
    "variance": 0.01129551048515169,
    "error": 0.00010628033912794826,
    "mean": -0.5532295833333333
  },
  "magnetization": {
    "variance": 0.24788805107617143,
    "error": 0.000497883571807879,
    "mean": 0.010596833333333333
  },
  "sqr_energy": {
    "variance": 0.015018148970682372,
    "error": 0.00012254855760343477,
    "mean": 0.31735847106481485
  }
}
