{
  "sqr_magnetization": {
    "variance": 0.031537820612070624,
    "error": 0.00017758890903451886,
    "mean": 0.17469943557098763
  },
  "energy": {
    "variance": 0.009294010556417194,
    "error": 9.640544879008236e-5,
    "mean": -0.5061344166666666
  },
  "magnetization": {
    "variance": 0.17463465332213404,
    "error": 0.0004178931123171738,
    "mean": 0.008059583333333342
  },
  "sqr_energy": {
    "variance": 0.010398186963794222,
    "error": 0.00010197150074307145,
    "mean": 0.2654660489969136
  }
}
