{
  "sqr_magnetization": {
    "variance": 0.013085428415273754,
    "error": 0.00011439155744753961,
    "mean": 0.09472481790123456
  },
  "energy": {
    "variance": 0.007023517103399626,
    "error": 8.380642638485204e-5,
    "mean": -0.4316273194444444
  },
  "magnetization": {
    "variance": 0.09471529245272996,
    "error": 0.0003077584969626833,
    "mean": 0.0031016388888888895
  },
  "sqr_energy": {
    "variance": 0.005665268764504161,
    "error": 7.526797967598282e-5,
    "mean": 0.193325652970679
  }
}
