{
  "sqr_magnetization": {
    "variance": 0.007729991665472099,
    "error": 8.792037116318435e-5,
    "mean": 0.8864165046296298
  },
  "abs_magnetization": {
    "variance": 0.002473008169822213,
    "error": 4.972934917955606e-5,
    "mean": 0.9401826944444445
  },
  "energy": {
    "variance": 0.0034147290110222205,
    "error": 5.843568268637084e-5,
    "mean": -0.9072028333333332
  },
  "magnetization": {
    "variance": 0.856612753277926,
    "error": 0.0009255337666870539,
    "mean": -0.17264011111111113
  },
  "sqr_energy": {
    "variance": 0.010733928187571413,
    "error": 0.00010360467261456606,
    "mean": 0.8264317064043208
  }
}
