{
  "energy": {
    "variance": 0.0034053166684189892,
    "error": 5.8355091195361775e-5,
    "mean": -0.9079320173611107
  },
  "magnetization": {
    "variance": 0.0025208022793670954,
    "error": 5.020759184990946e-5,
    "mean": -0.9405908333333334
  }
}
