{
  "sqr_magnetization": {
    "variance": 0.010275411395659179,
    "error": 0.00010136770390839076,
    "mean": 0.8646439332561731
  },
  "abs_magnetization": {
    "variance": 0.0035287620764279715,
    "error": 5.9403384385302254e-5,
    "mean": 0.9279629166666666
  },
  "energy": {
    "variance": 0.004102365760914952,
    "error": 6.404971319931849e-5,
    "mean": -0.8920522083333331
  },
  "magnetization": {
    "variance": 0.6558254707349391,
    "error": 0.0008098305197601157,
    "mean": -0.4569673055555555
  },
  "sqr_energy": {
    "variance": 0.012423445517280451,
    "error": 0.00011146051102197787,
    "mean": 0.7998595040509259
  }
}
