{
  "sqr_magnetization": {
    "variance": 0.01861284389806585,
    "error": 0.00013642889685864154,
    "mean": 0.8099384552469137
  },
  "abs_magnetization": {
    "variance": 0.007823977310693361,
    "error": 8.845324929415177e-5,
    "mean": 0.8956084444444445
  },
  "energy": {
    "variance": 0.005889366768477686,
    "error": 7.674220982274153e-5,
    "mean": -0.8567169027777777
  },
  "magnetization": {
    "variance": 0.7787076065099985,
    "error": 0.0008824441095672851,
    "mean": -0.17672472222222224
  },
  "sqr_energy": {
    "variance": 0.016299532661892536,
    "error": 0.0001276696230976364,
    "mean": 0.7398532123842592
  }
}
