{
  "sqr_magnetization": {
    "variance": 0.002801671781221561,
    "error": 5.2930820711770194e-5,
    "mean": 0.9426351238425928
  },
  "energy": {
    "variance": 0.0016835256777162644,
    "error": 4.1030789386950194e-5,
    "mean": -0.9496729722222218
  },
  "magnetization": {
    "variance": 0.0007811573867098563,
    "error": 2.794919295274653e-5,
    "mean": 0.9704916111111113
  },
  "sqr_energy": {
    "variance": 0.005847881551058554,
    "error": 7.647144271594825e-5,
    "mean": 0.9035622781635801
  }
}
