{
  "sqr_magnetization": {
    "variance": 0.0027535331610494492,
    "error": 5.247411896401358e-5,
    "mean": 0.9440222542438275
  },
  "abs_magnetization": {
    "variance": 0.0007697758506948326,
    "error": 2.7744834666921923e-5,
    "mean": 0.9712118611111112
  },
  "energy": {
    "variance": 0.001647169564944256,
    "error": 4.058533682186531e-5,
    "mean": -0.9508400555555551
  },
  "magnetization": {
    "variance": 0.0007697758506948326,
    "error": 2.7744834666921923e-5,
    "mean": -0.9712118611111112
  },
  "sqr_energy": {
    "variance": 0.005732172993722767,
    "error": 7.571111539082466e-5,
    "mean": 0.9057439791666665
  }
}
