{
  "sqr_magnetization": {
    "variance": 0.007873365216513602,
    "error": 8.873198530695457e-5,
    "mean": 0.8812827762345682
  },
  "energy": {
    "variance": 0.0035087887575077,
    "error": 5.923502981773285e-5,
    "mean": -0.9032205416666664
  },
  "magnetization": {
    "variance": 0.0024851711955137887,
    "error": 4.985149140711628e-5,
    "mean": 0.9374420555555555
  },
  "sqr_energy": {
    "variance": 0.010948781869208793,
    "error": 0.00010463642706633666,
    "mean": 0.8193161321373457
  }
}
