{
  "sqr_magnetization": {
    "variance": 0.006804021067213069,
    "error": 8.248649021029487e-5,
    "mean": 0.8955615567129632
  },
  "abs_magnetization": {
    "variance": 0.002133680918457925,
    "error": 4.619178410126551e-5,
    "mean": 0.945213138888889
  },
  "energy": {
    "variance": 0.003129875262882787,
    "error": 5.5945288120473444e-5,
    "mean": -0.913796069444444
  },
  "magnetization": {
    "variance": 0.0021352562745703173,
    "error": 4.620883329592208e-5,
    "mean": -0.9452123055555556
  },
  "sqr_energy": {
    "variance": 0.00999213660500151,
    "error": 9.996067529284458e-5,
    "mean": 0.8381531286651234
  }
}
