{
  "sqr_magnetization": {
    "variance": 0.006254623287714017,
    "error": 7.908617633767621e-5,
    "mean": 0.06111376427469136
  },
  "abs_magnetization": {
    "variance": 0.021034323662484162,
    "error": 0.00014503214699674056,
    "mean": 0.20019855555555557
  },
  "energy": {
    "variance": 0.005930349625789248,
    "error": 7.70087633051541e-5,
    "mean": -0.37746140277777773
  },
  "magnetization": {
    "variance": 0.061113816873319966,
    "error": 0.0002472120888494735,
    "mean": -9.227777777777789e-5
  },
  "sqr_energy": {
    "variance": 0.0036027349470480574,
    "error": 6.0022786898377664e-5,
    "mean": 0.14840745428240742
  }
}
