{
  "sqr_magnetization": {
    "variance": 0.0055548307052165815,
    "error": 7.453073664748377e-5,
    "mean": 0.057097279320987654
  },
  "energy": {
    "variance": 0.005868389072933632,
    "error": 7.66054115120703e-5,
    "mean": -0.36835584722222225
  },
  "magnetization": {
    "variance": 0.05707429692861483,
    "error": 0.00023890227485022996,
    "mean": -0.004799944444444444
  },
  "sqr_energy": {
    "variance": 0.0034046916252339168,
    "error": 5.834973543413815e-5,
    "mean": 0.14155441338734567
  }
}
