{
  "energy": {
    "variance": 0.009868205470818075,
    "error": 9.93388417026194e-5,
    "mean": -0.5162921180555555
  },
  "magnetization": {
    "variance": 0.19134618415887225,
    "error": 0.000437431347938019,
    "mean": -8.812500000000102e-5
  }
}
