{
  "sqr_magnetization": {
    "variance": 0.004430829655960422,
    "error": 6.656447743324079e-5,
    "mean": 0.9203568848379633
  },
  "energy": {
    "variance": 0.002342667961475832,
    "error": 4.8401115291652445e-5,
    "mean": -0.9322723611111108
  },
  "magnetization": {
    "variance": 0.001287333433967501,
    "error": 3.5879429119866174e-5,
    "mean": 0.9586811527777778
  },
  "sqr_energy": {
    "variance": 0.00782357950653165,
    "error": 8.845100059655431e-5,
    "mean": 0.8714744209104937
  }
}
