{
  "sqr_magnetization": {
    "variance": 0.02938001412458289,
    "error": 0.0001714059920906585,
    "mean": 0.16383211419753088
  },
  "energy": {
    "variance": 0.009104207776052683,
    "error": 9.541597233195648e-5,
    "mean": -0.4979240833333333
  },
  "magnetization": {
    "variance": 0.16381412780823196,
    "error": 0.00040473958023429327,
    "mean": 0.00426030555555556
  },
  "sqr_energy": {
    "variance": 0.009864446394099672,
    "error": 9.931991942253916e-5,
    "mean": 0.2570325914351852
  }
}
