{
  "sqr_magnetization": {
    "variance": 0.0243077274286211,
    "error": 0.00015590935644989721,
    "mean": 0.14393424266975308
  },
  "abs_magnetization": {
    "variance": 0.04282867566225513,
    "error": 0.00020695090157391228,
    "mean": 0.31797108333333335
  },
  "energy": {
    "variance": 0.008500932309882156,
    "error": 9.220050059453123e-5,
    "mean": -0.47998469444444447
  },
  "magnetization": {
    "variance": 0.14391250393780025,
    "error": 0.0003793580155180595,
    "mean": 0.0046778888888888885
  },
  "sqr_energy": {
    "variance": 0.008575926921925039,
    "error": 9.260630065997152e-5,
    "mean": 0.23888623070987652
  }
}
