{
  "sqr_magnetization": {
    "variance": 0.04876784908336671,
    "error": 0.00022083443817341242,
    "mean": 0.638662936728395
  },
  "abs_magnetization": {
    "variance": 0.030698865989204724,
    "error": 0.00017521091857873678,
    "mean": 0.7797205277777778
  },
  "energy": {
    "variance": 0.010933558440274488,
    "error": 0.00010456365735892413,
    "mean": -0.760487111111111
  },
  "magnetization": {
    "variance": 0.6350757614680456,
    "error": 0.000796916408080575,
    "mean": 0.05989833333333334
  },
  "sqr_energy": {
    "variance": 0.024000113688818707,
    "error": 0.00015491970077694672,
    "mean": 0.5892741936728395
  }
}
