{
  "sqr_magnetization": {
    "variance": 0.017679771443141732,
    "error": 0.00013296530165100116,
    "mean": 0.1149183973765432
  },
  "abs_magnetization": {
    "variance": 0.03630846440019202,
    "error": 0.00019054780082748796,
    "mean": 0.2803746944444445
  },
  "energy": {
    "variance": 0.007619874753661599,
    "error": 8.72918939745358e-5,
    "mean": -0.45394990277777775
  },
  "magnetization": {
    "variance": 0.11491610557135172,
    "error": 0.00033899278100182564,
    "mean": 0.0015513611111111112
  },
  "sqr_energy": {
    "variance": 0.006831508262904713,
    "error": 8.265293862231828e-5,
    "mean": 0.21369038136574073
  }
}
