{
  "sqr_magnetization": {
    "variance": 0.004856691666552311,
    "error": 6.968996819164371e-5,
    "mean": 0.05383124884259259
  },
  "energy": {
    "variance": 0.005670697919111306,
    "error": 7.530403653929386e-5,
    "mean": -0.3600842361111111
  },
  "magnetization": {
    "variance": 0.05383100498211301,
    "error": 0.00023201509645303904,
    "mean": -0.0005456111111111118
  },
  "sqr_energy": {
    "variance": 0.003125579117315426,
    "error": 5.590687898027778e-5,
    "mean": 0.1353313493441358
  }
}
