{
  "sqr_magnetization": {
    "variance": 0.02767372060582463,
    "error": 0.00016635420224876988,
    "mean": 0.15813646180555557
  },
  "abs_magnetization": {
    "variance": 0.04578614537969786,
    "error": 0.00021397697394742702,
    "mean": 0.33518705555555556
  },
  "energy": {
    "variance": 0.008919036078603204,
    "error": 9.444064844442357e-5,
    "mean": -0.49223891666666664
  },
  "magnetization": {
    "variance": 0.15813661123105568,
    "error": 0.00039766394258350314,
    "mean": 9.333333333333257e-5
  },
  "sqr_energy": {
    "variance": 0.009484484180200295,
    "error": 9.73883164460722e-5,
    "mean": 0.2512181782407407
  }
}
