{
  "sqr_magnetization": {
    "variance": 0.007520751217118012,
    "error": 8.672226482926984e-5,
    "mean": 0.06723876331018518
  },
  "energy": {
    "variance": 0.006185349285421623,
    "error": 7.864699158532144e-5,
    "mean": -0.3886884027777778
  },
  "magnetization": {
    "variance": 0.06719939228402172,
    "error": 0.0002592284557760234,
    "mean": 0.006279986111111111
  },
  "sqr_energy": {
    "variance": 0.004006957598249116,
    "error": 6.330053394916283e-5,
    "mean": 0.15726401755401234
  }
}
