{
  "sqr_magnetization": {
    "variance": 0.019806153048459594,
    "error": 0.00014073433500201574,
    "mean": 0.8017496689814816
  },
  "abs_magnetization": {
    "variance": 0.008384334103808642,
    "error": 9.15660095439822e-5,
    "mean": 0.8907105833333334
  },
  "energy": {
    "variance": 0.006155224404409395,
    "error": 7.845523822160886e-5,
    "mean": -0.851594236111111
  },
  "magnetization": {
    "variance": 0.6638467251891441,
    "error": 0.0008147678965135679,
    "mean": -0.37135375000000004
  },
  "sqr_energy": {
    "variance": 0.01681933585846805,
    "error": 0.00012968938221176029,
    "mean": 0.7313679612268518
  }
}
