{
  "sqr_magnetization": {
    "variance": 0.004871773661703787,
    "error": 6.979809210647369e-5,
    "mean": 0.053270366705246916
  },
  "abs_magnetization": {
    "variance": 0.018463735655348125,
    "error": 0.0001358813293110872,
    "mean": 0.18656540277777778
  },
  "energy": {
    "variance": 0.005659141152733746,
    "error": 7.522726336065765e-5,
    "mean": -0.3604318888888889
  },
  "magnetization": {
    "variance": 0.053267909729016,
    "error": 0.0002307984179517182,
    "mean": 0.0015843749999999996
  },
  "sqr_energy": {
    "variance": 0.003126013844141493,
    "error": 5.591076679979888e-5,
    "mean": 0.13557028202160495
  }
}
