{
  "sqr_magnetization": {
    "variance": 0.003123939948506664,
    "error": 5.589221724450251e-5,
    "mean": 0.9376353915895065
  },
  "energy": {
    "variance": 0.0018279968412923669,
    "error": 4.2755079713320234e-5,
    "mean": -0.9456628611111106
  },
  "magnetization": {
    "variance": 0.0008781650328556199,
    "error": 2.963384944376312e-5,
    "mean": 0.9678621944444445
  },
  "sqr_energy": {
    "variance": 0.006295615333700581,
    "error": 7.934491372293867e-5,
    "mean": 0.8961062418981481
  }
}
