{
  "sqr_magnetization": {
    "variance": 0.014972377459795986,
    "error": 0.0001223616666272407,
    "mean": 0.8323496751543212
  },
  "abs_magnetization": {
    "variance": 0.005813838321464866,
    "error": 7.624852996264823e-5,
    "mean": 0.9091401666666667
  },
  "energy": {
    "variance": 0.00515819264422968,
    "error": 7.182055864604285e-5,
    "mean": -0.8708176666666665
  },
  "magnetization": {
    "variance": 0.7975455281658214,
    "error": 0.0008930540454898693,
    "mean": 0.18656083333333331
  },
  "sqr_energy": {
    "variance": 0.014791415697586473,
    "error": 0.00012161996422292877,
    "mean": 0.7634815960648146
  }
}
