{
  "sqr_magnetization": {
    "variance": 0.010751266550320573,
    "error": 0.00010368831443475476,
    "mean": 0.08426852546296294
  },
  "energy": {
    "variance": 0.006658896968680146,
    "error": 8.160206473294746e-5,
    "mean": -0.41770030555555554
  },
  "magnetization": {
    "variance": 0.0842565329361348,
    "error": 0.0002902697589073564,
    "mean": -0.003475166666666669
  },
  "sqr_energy": {
    "variance": 0.004978812551221284,
    "error": 7.056070118147413e-5,
    "mean": 0.1811324355709876
  }
}
