{
  "sqr_magnetization": {
    "variance": 0.012656392416327085,
    "error": 0.00011250063295967309,
    "mean": 0.845314554205247
  },
  "energy": {
    "variance": 0.004671217867521685,
    "error": 6.834630836791176e-5,
    "mean": -0.8790969583333331
  },
  "magnetization": {
    "variance": 0.004453246736123088,
    "error": 6.673265119956713e-5,
    "mean": 0.9169849027777778
  },
  "sqr_energy": {
    "variance": 0.01372862145589752,
    "error": 0.00011716920011631691,
    "mean": 0.7774826753472222
  }
}
