{
  "sqr_magnetization": {
    "variance": 0.029519689463219864,
    "error": 0.0001718129490557096,
    "mean": 0.7449166344521606
  },
  "abs_magnetization": {
    "variance": 0.014513078093085614,
    "error": 0.00012047023737457155,
    "mean": 0.8546365138888888
  },
  "energy": {
    "variance": 0.00794423666638173,
    "error": 8.913044747100583e-5,
    "mean": -0.8178280555555555
  },
  "magnetization": {
    "variance": 0.7445686830495425,
    "error": 0.0008628839337069281,
    "mean": 0.018673402777777768
  },
  "sqr_energy": {
    "variance": 0.019981829844397406,
    "error": 0.00014135710043856095,
    "mean": 0.6767869571759259
  }
}
