{
  "sqr_magnetization": {
    "variance": 0.013197321253991335,
    "error": 0.0001148795945936063,
    "mean": 0.8427214996141977
  },
  "energy": {
    "variance": 0.00476432305444169,
    "error": 6.902407590429364e-5,
    "mean": -0.8775534027777776
  },
  "magnetization": {
    "variance": 0.0047071308447658765,
    "error": 6.860853332323813e-5,
    "mean": 0.91543125
  },
  "sqr_energy": {
    "variance": 0.013931952658264014,
    "error": 0.0001180336928942919,
    "mean": 0.7748642930169752
  }
}
