{
  "sqr_magnetization": {
    "variance": 0.036696013152138524,
    "error": 0.00019156203473584877,
    "mean": 0.19787346122685187
  },
  "abs_magnetization": {
    "variance": 0.052515565234776476,
    "error": 0.0002291627483575297,
    "mean": 0.381258375
  },
  "energy": {
    "variance": 0.010062772572855712,
    "error": 0.00010031337185468203,
    "mean": -0.5217114305555555
  },
  "magnetization": {
    "variance": 0.19786950661469158,
    "error": 0.00044482525402082514,
    "mean": -0.0020377638888888876
  },
  "sqr_energy": {
    "variance": 0.01202549793288938,
    "error": 0.00010966083135235378,
    "mean": 0.2822455792824074
  }
}
