{
  "sqr_magnetization": {
    "variance": 0.022294535873257262,
    "error": 0.0001493135488603002,
    "mean": 0.13518090644290123
  },
  "abs_magnetization": {
    "variance": 0.04096717236818298,
    "error": 0.0002024034890217631,
    "mean": 0.306942625
  },
  "energy": {
    "variance": 0.008248705943420255,
    "error": 9.082238679653963e-5,
    "mean": -0.4726430694444445
  },
  "magnetization": {
    "variance": 0.1351800802699674,
    "error": 0.00036766843795730874,
    "mean": 0.0009804861111111108
  },
  "sqr_energy": {
    "variance": 0.008064776637721913,
    "error": 8.980410145267261e-5,
    "mean": 0.23164016878858024
  }
}
