{
  "sqr_magnetization": {
    "variance": 0.022997663996738766,
    "error": 0.00015164980711078655,
    "mean": 0.7830823532021607
  },
  "energy": {
    "variance": 0.006663113231847028,
    "error": 8.162789493700684e-5,
    "mean": -0.840953861111111
  },
  "magnetization": {
    "variance": 0.352601699368318,
    "error": 0.0005938027444937569,
    "mean": 0.6561105138888889
  },
  "sqr_energy": {
    "variance": 0.01775128254594624,
    "error": 0.00013323393916696391,
    "mean": 0.7138665030864196
  }
}
