{
  "sqr_magnetization": {
    "variance": 0.036073826551607145,
    "error": 0.00018993111001520298,
    "mean": 0.19559363155864196
  },
  "abs_magnetization": {
    "variance": 0.05216215218815219,
    "error": 0.00022839035047075038,
    "mean": 0.37872355555555554
  },
  "energy": {
    "variance": 0.009988335755113343,
    "error": 9.994166175881479e-5,
    "mean": -0.5194097916666667
  },
  "magnetization": {
    "variance": 0.19557305809777334,
    "error": 0.0004422364278276648,
    "mean": 0.004557305555555557
  },
  "sqr_energy": {
    "variance": 0.011803532046779409,
    "error": 0.00010864406125867814,
    "mean": 0.2797748574459876
  }
}
