{
  "sqr_magnetization": {
    "variance": 0.02078222763046896,
    "error": 0.00014416042324601075,
    "mean": 0.12935909741512344
  },
  "energy": {
    "variance": 0.008034191937567709,
    "error": 8.963365404560783e-5,
    "mean": -0.46699902777777774
  },
  "magnetization": {
    "variance": 0.1292259835476253,
    "error": 0.0003594801573767672,
    "mean": -0.011543097222222222
  },
  "sqr_energy": {
    "variance": 0.007650876161862347,
    "error": 8.746928696326699e-5,
    "mean": 0.22612227584876543
  }
}
