{
  "sqr_magnetization": {
    "variance": 0.005340608357399508,
    "error": 7.3079466044844e-5,
    "mean": 0.056092225115740746
  },
  "abs_magnetization": {
    "variance": 0.01939978316205149,
    "error": 0.00013928310436679494,
    "mean": 0.1915527638888889
  },
  "energy": {
    "variance": 0.005758495012911682,
    "error": 7.588474822328714e-5,
    "mean": -0.36707427777777774
  },
  "magnetization": {
    "variance": 0.056092231991782725,
    "error": 0.0002368379868006455,
    "mean": 0.0002218472222222224
  },
  "sqr_energy": {
    "variance": 0.003297669987197045,
    "error": 5.7425342725986805e-5,
    "mean": 0.1405020146604938
  }
}
