{
  "energy": {
    "variance": 0.012180630411016169,
    "error": 0.00011036589333220734,
    "mean": -0.5784770069444444
  },
  "magnetization": {
    "variance": 0.29057084780819353,
    "error": 0.0005390462390261095,
    "mean": 0.0011661111111111095
  }
}
