{
  "sqr_magnetization": {
    "variance": 0.004546056855227494,
    "error": 6.742445294718744e-5,
    "mean": 0.05116453452932099
  },
  "abs_magnetization": {
    "variance": 0.017809125796816965,
    "error": 0.00013345083662838898,
    "mean": 0.18263468055555557
  },
  "energy": {
    "variance": 0.00559817444851704,
    "error": 7.482094926233588e-5,
    "mean": -0.35421205555555557
  },
  "magnetization": {
    "variance": 0.05116446195594942,
    "error": 0.00022619562762341233,
    "mean": 0.0003517638888888887
  },
  "sqr_energy": {
    "variance": 0.002984484849405632,
    "error": 5.46304388542288e-5,
    "mean": 0.13106434915123458
  }
}
