{
  "sqr_magnetization": {
    "variance": 0.007414309391387998,
    "error": 8.610638415000364e-5,
    "mean": 0.06747158005401234
  },
  "abs_magnetization": {
    "variance": 0.023008287004424154,
    "error": 0.00015168482786496532,
    "mean": 0.2108632638888889
  },
  "energy": {
    "variance": 0.00613223740661935,
    "error": 7.830860365642686e-5,
    "mean": -0.3898041944444445
  },
  "magnetization": {
    "variance": 0.06747107083250428,
    "error": 0.0002597519409600326,
    "mean": 0.0007594027777777775
  },
  "sqr_energy": {
    "variance": 0.003974912080649756,
    "error": 6.304690381493571e-5,
    "mean": 0.15807954128086418
  }
}
