{
  "sqr_magnetization": {
    "variance": 0.06583726072766892,
    "error": 0.0002565877252084926,
    "mean": 0.43161400289351853
  },
  "abs_magnetization": {
    "variance": 0.05842480505440209,
    "error": 0.00024171223604609282,
    "mean": 0.6108921805555556
  },
  "energy": {
    "variance": 0.013597693002618929,
    "error": 0.00011660914630773578,
    "mean": -0.6546223333333333
  },
  "magnetization": {
    "variance": 0.43158745496932976,
    "error": 0.0006569531604074446,
    "mean": -0.005194180555555553
  },
  "sqr_energy": {
    "variance": 0.023616305266223995,
    "error": 0.00015367597491548247,
    "mean": 0.4421280787037037
  }
}
