{
  "energy": {
    "variance": 0.013570671617693028,
    "error": 0.00011649322563004695,
    "mean": -0.6615080416666668
  },
  "magnetization": {
    "variance": 0.4451710531167921,
    "error": 0.0006672114006196178,
    "mean": -0.0012879583333333285
  }
}
