{
  "sqr_magnetization": {
    "variance": 0.019905252235266502,
    "error": 0.00014108597462280403,
    "mean": 0.12549814216820987
  },
  "energy": {
    "variance": 0.007902264156814888,
    "error": 8.889468013787376e-5,
    "mean": -0.46346393055555557
  },
  "magnetization": {
    "variance": 0.12549803717290425,
    "error": 0.0003542570213459491,
    "mean": -0.0004800972222222217
  },
  "sqr_energy": {
    "variance": 0.007391806606797691,
    "error": 8.597561635020532e-5,
    "mean": 0.22270107118055557
  }
}
