{
  "sqr_magnetization": {
    "variance": 0.005956849620366493,
    "error": 7.718062982618432e-5,
    "mean": 0.05975453530092593
  },
  "abs_magnetization": {
    "variance": 0.020481759127397824,
    "error": 0.00014311449656620332,
    "mean": 0.1981736527777778
  },
  "energy": {
    "variance": 0.0058873104301468485,
    "error": 7.672881095225476e-5,
    "mean": -0.37401327777777776
  },
  "magnetization": {
    "variance": 0.05975353258026387,
    "error": 0.0002444453570437857,
    "mean": -0.0010307638888888888
  },
  "sqr_energy": {
    "variance": 0.0035044957375263163,
    "error": 5.919878155440631e-5,
    "mean": 0.14577323649691357
  }
}
