{
  "sqr_magnetization": {
    "variance": 0.01982780268868149,
    "error": 0.0001408112306908845,
    "mean": 0.12443212538580248
  },
  "abs_magnetization": {
    "variance": 0.038573462129622614,
    "error": 0.0001964012783299096,
    "mean": 0.2930165555555556
  },
  "energy": {
    "variance": 0.007931479753136971,
    "error": 8.905885555708073e-5,
    "mean": -0.4630176805555555
  },
  "magnetization": {
    "variance": 0.12440527763735712,
    "error": 0.0003527113233755859,
    "mean": -0.005193472222222223
  },
  "sqr_energy": {
    "variance": 0.0074123466889338884,
    "error": 8.60949864332058e-5,
    "mean": 0.2223168443287037
  }
}
