{
  "sqr_magnetization": {
    "variance": 0.002460671570664905,
    "error": 4.9605156694288394e-5,
    "mean": 0.9485027168209879
  },
  "abs_magnetization": {
    "variance": 0.0006820753890807911,
    "error": 2.6116573073065905e-5,
    "mean": 0.9735608055555557
  },
  "energy": {
    "variance": 0.0015122527904238938,
    "error": 3.8887694588698544e-5,
    "mean": -0.954483069444444
  },
  "magnetization": {
    "variance": 0.0006820753890807911,
    "error": 2.6116573073065905e-5,
    "mean": -0.9735608055555557
  },
  "sqr_energy": {
    "variance": 0.005306669885936095,
    "error": 7.284689345425855e-5,
    "mean": 0.9125501811342592
  }
}
