{
  "sqr_magnetization": {
    "variance": 0.006973610735732361,
    "error": 8.350814772064077e-5,
    "mean": 0.06520783159722222
  },
  "abs_magnetization": {
    "variance": 0.022264496222675043,
    "error": 0.00014921292243862475,
    "mean": 0.20722779166666666
  },
  "energy": {
    "variance": 0.006067050323376713,
    "error": 7.789127244676846e-5,
    "mean": -0.38581525
  },
  "magnetization": {
    "variance": 0.0652015408675592,
    "error": 0.0002553459239297922,
    "mean": -0.0025210972222222227
  },
  "sqr_energy": {
    "variance": 0.00385446595212457,
    "error": 6.208434546747328e-5,
    "mean": 0.15492045138888888
  }
}
