{
  "sqr_magnetization": {
    "variance": 0.023316374449947334,
    "error": 0.00015269700209875547,
    "mean": 0.13953281886574073
  },
  "abs_magnetization": {
    "variance": 0.041834479420974596,
    "error": 0.00020453478780142656,
    "mean": 0.3125674027777777
  },
  "energy": {
    "variance": 0.008366582400952772,
    "error": 9.146902427025649e-5,
    "mean": -0.4769893333333334
  },
  "magnetization": {
    "variance": 0.13953290868823104,
    "error": 0.00037354104016591136,
    "mean": 0.00022295833333333393
  },
  "sqr_energy": {
    "variance": 0.008329286632309122,
    "error": 9.126492553171302e-5,
    "mean": 0.23588539814814816
  }
}
