{
  "sqr_magnetization": {
    "variance": 0.017737631695153324,
    "error": 0.00013318270043497887,
    "mean": 0.11528689197530866
  },
  "energy": {
    "variance": 0.00757844006182567,
    "error": 8.705423632325809e-5,
    "mean": -0.45532809722222223
  },
  "magnetization": {
    "variance": 0.11528111975858814,
    "error": 0.0003395307346302955,
    "mean": -0.0024264166666666674
  },
  "sqr_energy": {
    "variance": 0.006809890394423035,
    "error": 8.252206004713548e-5,
    "mean": 0.21490210860339506
  }
}
