{
  "sqr_magnetization": {
    "variance": 0.05433406756958871,
    "error": 0.00023309669145997914,
    "mean": 0.29308598881172837
  },
  "abs_magnetization": {
    "variance": 0.06138881601683761,
    "error": 0.0002477676653981258,
    "mean": 0.4813493888888889
  },
  "energy": {
    "variance": 0.01225097937237424,
    "error": 0.00011068414237086648,
    "mean": -0.580032875
  },
  "magnetization": {
    "variance": 0.2930048552564725,
    "error": 0.0005412992289450194,
    "mean": -0.009023666666666668
  },
  "sqr_energy": {
    "variance": 0.01764668064291071,
    "error": 0.00013284080940325043,
    "mean": 0.3486891032021605
  }
}
