{
  "sqr_magnetization": {
    "variance": 0.027426078335446073,
    "error": 0.0001656082073311769,
    "mean": 0.7617106930941359
  },
  "energy": {
    "variance": 0.007470653181856113,
    "error": 8.643294037492947e-5,
    "mean": -0.82847475
  },
  "magnetization": {
    "variance": 0.6581650588936854,
    "error": 0.0008112737262439141,
    "mean": 0.3217860972222222
  },
  "sqr_energy": {
    "variance": 0.01922796817709696,
    "error": 0.0001386649493458854,
    "mean": 0.6938410570987654
  }
}
