{
  "sqr_magnetization": {
    "variance": 0.05836778262846226,
    "error": 0.00024159425206006507,
    "mean": 0.5741708468364197
  },
  "energy": {
    "variance": 0.012303008377836887,
    "error": 0.00011091892704961082,
    "mean": -0.7277539305555555
  },
  "magnetization": {
    "variance": 0.5655489899364098,
    "error": 0.0007520299129266135,
    "mean": 0.09285699999999998
  },
  "sqr_energy": {
    "variance": 0.025107311119507626,
    "error": 0.00015845286718613717,
    "mean": 0.5419287795138888
  }
}
