{
  "energy": {
    "variance": 0.00299695851898972,
    "error": 5.4744483913812914e-5,
    "mean": -0.917190145833333
  },
  "magnetization": {
    "variance": 0.0019502018699055744,
    "error": 4.416108999906563e-5,
    "mean": -0.9477502222222223
  }
}
