{
  "sqr_magnetization": {
    "variance": 0.0007505707264542593,
    "error": 2.739654588546263e-5,
    "mean": 0.019661186728395057
  },
  "energy": {
    "variance": 0.004265431571848239,
    "error": 6.53102715646493e-5,
    "mean": -0.21379505555555556
  },
  "magnetization": {
    "variance": 0.01966058299100274,
    "error": 0.00014021620088635527,
    "mean": -0.0007895555555555556
  },
  "sqr_energy": {
    "variance": 0.000842966271380709,
    "error": 2.903388143842826e-5,
    "mean": 0.04997375308641974
  }
}
