{
  "sqr_magnetization": {
    "variance": 0.05550435717953311,
    "error": 0.00023559362720483996,
    "mean": 0.3129542932098765
  },
  "energy": {
    "variance": 0.012402978036767388,
    "error": 0.00011136865823366729,
    "mean": -0.5899473055555555
  },
  "magnetization": {
    "variance": 0.31261852221672515,
    "error": 0.0005591229938186455,
    "mean": 0.01833258333333333
  },
  "sqr_energy": {
    "variance": 0.01833854878198412,
    "error": 0.00013541989802825922,
    "mean": 0.3604407889660494
  }
}
