{
  "sqr_magnetization": {
    "variance": 0.009361094696785375,
    "error": 9.675275033189172e-5,
    "mean": 0.8711389074074076
  },
  "energy": {
    "variance": 0.0038641908005332018,
    "error": 6.216261577936696e-5,
    "mean": -0.8963749861111108
  },
  "magnetization": {
    "variance": 0.003114083159240567,
    "error": 5.580397081965196e-5,
    "mean": -0.9316785
  },
  "sqr_energy": {
    "variance": 0.0118351543982183,
    "error": 0.00010878949580827324,
    "mean": 0.807352302662037
  }
}
