{
  "sqr_magnetization": {
    "variance": 0.047906861819256484,
    "error": 0.00021887636194723378,
    "mean": 0.6448967162422841
  },
  "abs_magnetization": {
    "variance": 0.029855458627696084,
    "error": 0.00017278732195301854,
    "mean": 0.7842456805555555
  },
  "energy": {
    "variance": 0.010814056593105782,
    "error": 0.00010399065627788769,
    "mean": -0.7637235694444444
  },
  "magnetization": {
    "variance": 0.6447280650909585,
    "error": 0.0008029496030828824,
    "mean": -0.013011375000000007
  },
  "sqr_energy": {
    "variance": 0.02389271002948249,
    "error": 0.0001545726690895984,
    "mean": 0.5940877363040123
  }
}
