{
  "sqr_magnetization": {
    "variance": 0.006401423795607907,
    "error": 8.000889822768406e-5,
    "mean": 0.897222228395062
  },
  "energy": {
    "variance": 0.003030590125798268,
    "error": 5.505079586889065e-5,
    "mean": -0.9148475138888885
  },
  "magnetization": {
    "variance": 0.0019547568467560756,
    "error": 4.421263220795699e-5,
    "mean": 0.94618575
  },
  "sqr_energy": {
    "variance": 0.009721873138296998,
    "error": 9.859955952384877e-5,
    "mean": 0.8399765607638887
  }
}
