{
  "sqr_magnetization": {
    "variance": 0.04497081398014071,
    "error": 0.00021206323108955195,
    "mean": 0.6718968294753086
  },
  "energy": {
    "variance": 0.01019494153147529,
    "error": 0.00010097000312704408,
    "mean": -0.779002125
  },
  "magnetization": {
    "variance": 0.6701894317921355,
    "error": 0.0008186509828932813,
    "mean": 0.041328777777777784
  },
  "sqr_energy": {
    "variance": 0.023306472070195892,
    "error": 0.0001526645737235587,
    "mean": 0.6170392420910493
  }
}
