{
  "sqr_magnetization": {
    "variance": 0.014541766596394591,
    "error": 0.00012058924743274001,
    "mean": 0.8347543663194447
  },
  "abs_magnetization": {
    "variance": 0.005578731441671064,
    "error": 7.469090601720576e-5,
    "mean": 0.9105908194444445
  },
  "energy": {
    "variance": 0.005074271959997269,
    "error": 7.123392422152012e-5,
    "mean": -0.872324722222222
  },
  "magnetization": {
    "variance": 0.833907698961128,
    "error": 0.0009131854679971248,
    "mean": -0.029111875
  },
  "sqr_energy": {
    "variance": 0.014611627229801251,
    "error": 0.00012087856397972824,
    "mean": 0.7660246878858024
  }
}
