{
  "sqr_magnetization": {
    "variance": 0.00836025165105979,
    "error": 9.143441174448376e-5,
    "mean": 0.8807188948688274
  },
  "abs_magnetization": {
    "variance": 0.0027185338350413585,
    "error": 5.2139561132036375e-5,
    "mean": 0.9370167361111111
  },
  "energy": {
    "variance": 0.003593042363040628,
    "error": 5.994199165060023e-5,
    "mean": -0.9031621805555554
  },
  "magnetization": {
    "variance": 0.8511279338144256,
    "error": 0.0009225659509294853,
    "mean": -0.1720227083333333
  },
  "sqr_energy": {
    "variance": 0.01118525474650409,
    "error": 0.00010576036472376638,
    "mean": 0.819294963155864
  }
}
