{
  "sqr_magnetization": {
    "variance": 0.020408439000733664,
    "error": 0.0001428581079278795,
    "mean": 0.12653694444444447
  },
  "abs_magnetization": {
    "variance": 0.03916923373910334,
    "error": 0.00019791218693931744,
    "mean": 0.29558036111111113
  },
  "energy": {
    "variance": 0.007988970238399057,
    "error": 8.938103959117424e-5,
    "mean": -0.46513498611111115
  },
  "magnetization": {
    "variance": 0.12653596783865229,
    "error": 0.00035571894500947273,
    "mean": 0.0010503055555555548
  },
  "sqr_energy": {
    "variance": 0.007550613713861315,
    "error": 8.689426743958035e-5,
    "mean": 0.2243395175540123
  }
}
