{
  "sqr_magnetization": {
    "variance": 0.0063153793178197335,
    "error": 7.946936087461465e-5,
    "mean": 0.9004556273148151
  },
  "abs_magnetization": {
    "variance": 0.0019460640765702488,
    "error": 4.411421626381057e-5,
    "mean": 0.9478974444444445
  },
  "energy": {
    "variance": 0.0029782624288604226,
    "error": 5.4573459014986604e-5,
    "mean": -0.9173623611111108
  },
  "magnetization": {
    "variance": 0.0019460640765702488,
    "error": 4.411421626381057e-5,
    "mean": -0.9478974444444445
  },
  "sqr_energy": {
    "variance": 0.00958777122078039,
    "error": 9.791716509775184e-5,
    "mean": 0.8445319610339506
  }
}
