{
  "sqr_magnetization": {
    "variance": 0.0055013427629667915,
    "error": 7.417103722455816e-5,
    "mean": 0.9081056323302472
  },
  "energy": {
    "variance": 0.0027182593533673772,
    "error": 5.213692888315706e-5,
    "mean": -0.9229869444444441
  },
  "magnetization": {
    "variance": 0.0016460281866423846,
    "error": 4.057127292361413e-5,
    "mean": 0.9520817222222222
  },
  "sqr_energy": {
    "variance": 0.008883457607386933,
    "error": 9.425209603710111e-5,
    "mean": 0.85462315625
  }
}
