{
  "sqr_magnetization": {
    "variance": 0.06551517749610901,
    "error": 0.0002559593278161767,
    "mean": 0.4245583738425926
  },
  "abs_magnetization": {
    "variance": 0.058679995903513645,
    "error": 0.00024223954240279113,
    "mean": 0.6048788611111111
  },
  "energy": {
    "variance": 0.013545773531667825,
    "error": 0.00011638631161639166,
    "mean": -0.6508705833333334
  },
  "magnetization": {
    "variance": 0.42447434885403335,
    "error": 0.0006515169597593245,
    "mean": 0.009189638888888884
  },
  "sqr_energy": {
    "variance": 0.023333104833645372,
    "error": 0.00015275177522256614,
    "mean": 0.4371782762345679
  }
}
