{
  "energy": {
    "variance": 0.0016898297647925217,
    "error": 4.110753902622391e-5,
    "mean": -0.9498480312499995
  },
  "magnetization": {
    "variance": 0.0007962099456474462,
    "error": 2.8217192377120836e-5,
    "mean": -0.9705674166666668
  }
}
