{
  "sqr_magnetization": {
    "variance": 0.0183851781166688,
    "error": 0.0001355919544687988,
    "mean": 0.11700149729938271
  },
  "energy": {
    "variance": 0.007714628172513781,
    "error": 8.783295607295579e-5,
    "mean": -0.45698456944444443
  },
  "magnetization": {
    "variance": 0.11699818377620538,
    "error": 0.0003420499726300316,
    "mean": -0.0018521666666666673
  },
  "sqr_energy": {
    "variance": 0.007032835007475721,
    "error": 8.386199978223583e-5,
    "mean": 0.21654951716820983
  }
}
