{
  "sqr_magnetization": {
    "variance": 0.025884186511064222,
    "error": 0.00016088563177320782,
    "mean": 0.14992879456018518
  },
  "energy": {
    "variance": 0.008686751337677262,
    "error": 9.320274318751171e-5,
    "mean": -0.4857394444444445
  },
  "magnetization": {
    "variance": 0.1499207509722508,
    "error": 0.00038719601104899155,
    "mean": 0.0028624305555555547
  },
  "sqr_energy": {
    "variance": 0.00901734952840354,
    "error": 9.495972582312747e-5,
    "mean": 0.24462955054012342
  }
}
