{
  "sqr_magnetization": {
    "variance": 0.016997909288115648,
    "error": 0.00013037603034344791,
    "mean": 0.818351120756173
  },
  "abs_magnetization": {
    "variance": 0.006839673162030416,
    "error": 8.270231654573175e-5,
    "mean": 0.9008393055555556
  },
  "energy": {
    "variance": 0.00559933754344229,
    "error": 7.482872138051198e-5,
    "mean": -0.8618011249999998
  },
  "magnetization": {
    "variance": 0.8183201028373676,
    "error": 0.0009046104702231606,
    "mean": 0.0056423611111110945
  },
  "sqr_energy": {
    "variance": 0.015709743348693152,
    "error": 0.0001253385150250838,
    "mean": 0.7483005109953702
  }
}
