{
  "sqr_magnetization": {
    "variance": 0.008986773109400608,
    "error": 9.479859233870833e-5,
    "mean": 0.8747360661651237
  },
  "abs_magnetization": {
    "variance": 0.0029628137197147612,
    "error": 5.443173449114736e-5,
    "mean": 0.933687986111111
  },
  "energy": {
    "variance": 0.0037766940782959306,
    "error": 6.145481330454052e-5,
    "mean": -0.8989356111111108
  },
  "magnetization": {
    "variance": 0.8066974761594592,
    "error": 0.0008981633905695885,
    "mean": 0.26084362499999997
  },
  "sqr_energy": {
    "variance": 0.011640265927083414,
    "error": 0.00010789006407952223,
    "mean": 0.8118619232253086
  }
}
