{
  "sqr_magnetization": {
    "variance": 0.06488393383179157,
    "error": 0.0002547232494920548,
    "mean": 0.442148177662037
  },
  "energy": {
    "variance": 0.01348756568566445,
    "error": 0.0001161359792900738,
    "mean": -0.6586608888888889
  },
  "magnetization": {
    "variance": 0.44198241920344067,
    "error": 0.0006648175834042303,
    "mean": -0.012891875
  },
  "sqr_energy": {
    "variance": 0.023622176081379398,
    "error": 0.00015369507500690905,
    "mean": 0.44732171875
  }
}
