{
  "sqr_magnetization": {
    "variance": 0.0029960802181186316,
    "error": 5.473646150527664e-5,
    "mean": 0.9395842310956793
  },
  "energy": {
    "variance": 0.001773791539295976,
    "error": 4.211640463401376e-5,
    "mean": -0.9472093749999996
  },
  "magnetization": {
    "variance": 0.0008393603299274597,
    "error": 2.8971716033529318e-5,
    "mean": 0.9688884722222224
  },
  "sqr_energy": {
    "variance": 0.006128334711287203,
    "error": 7.828368100241074e-5,
    "mean": 0.898979389853395
  }
}
