{
  "sqr_magnetization": {
    "variance": 0.009039728634375684,
    "error": 9.50774875266258e-5,
    "mean": 0.07589762692901235
  },
  "energy": {
    "variance": 0.006460356848713135,
    "error": 8.037634508182824e-5,
    "mean": -0.40362404166666666
  },
  "magnetization": {
    "variance": 0.07586010783750831,
    "error": 0.0002754271370753222,
    "mean": 0.00613147222222222
  },
  "sqr_energy": {
    "variance": 0.0045098473598507265,
    "error": 6.71553971014298e-5,
    "mean": 0.1693727173996913
  }
}
