{
  "energy": {
    "variance": 0.009687306417294072,
    "error": 9.84241150191053e-5,
    "mean": -0.7867140555555555
  },
  "magnetization": {
    "variance": 0.6814729835266863,
    "error": 0.0008255137694349418,
    "mean": -0.08105419444444444
  }
}
