{
  "sqr_magnetization": {
    "variance": 0.0372520953716422,
    "error": 0.00019300801893092992,
    "mean": 0.7043199729938272
  },
  "abs_magnetization": {
    "variance": 0.020431883370077817,
    "error": 0.0001429401391145182,
    "mean": 0.8269752777777778
  },
  "energy": {
    "variance": 0.009198023773400125,
    "error": 9.59063281196821e-5,
    "mean": -0.7953757916666666
  },
  "magnetization": {
    "variance": 0.7034201696760215,
    "error": 0.0008387014782841517,
    "mean": -0.030008444444444435
  },
  "sqr_energy": {
    "variance": 0.021891071237997644,
    "error": 0.00014795631530285433,
    "mean": 0.6418206645447531
  }
}
