{
  "sqr_magnetization": {
    "variance": 0.06445080206828509,
    "error": 0.00025387162517360047,
    "mean": 0.3952037665895061
  },
  "abs_magnetization": {
    "variance": 0.060532481754635305,
    "error": 0.0002460334972206738,
    "mean": 0.5785078611111111
  },
  "energy": {
    "variance": 0.013444238358119337,
    "error": 0.00011594929218464136,
    "mean": -0.635597513888889
  },
  "magnetization": {
    "variance": 0.39512088797408546,
    "error": 0.0006285864204499533,
    "mean": 0.009125444444444441
  },
  "sqr_energy": {
    "variance": 0.022320297759713826,
    "error": 0.00014939979169903092,
    "mean": 0.4174284245756173
  }
}
