{
  "sqr_magnetization": {
    "variance": 0.03983459209401917,
    "error": 0.00019958605185237563,
    "mean": 0.21404118595679011
  },
  "abs_magnetization": {
    "variance": 0.05453244069089671,
    "error": 0.00023352182058834824,
    "mean": 0.3993855277777778
  },
  "energy": {
    "variance": 0.010443573344881989,
    "error": 0.000102193802869264,
    "mean": -0.5316486666666668
  },
  "magnetization": {
    "variance": 0.21403886084192797,
    "error": 0.0004626433408598117,
    "mean": 0.0015934722222222218
  },
  "sqr_energy": {
    "variance": 0.012896909637000372,
    "error": 0.00011356456153660072,
    "mean": 0.2930938676697531
  }
}
