{
  "sqr_magnetization": {
    "variance": 0.023397681006337837,
    "error": 0.00015296300535207145,
    "mean": 0.780465141396605
  },
  "abs_magnetization": {
    "variance": 0.010561834143290741,
    "error": 0.00010277078448319221,
    "mean": 0.8774413472222222
  },
  "energy": {
    "variance": 0.006828163034952962,
    "error": 8.2632699550196e-5,
    "mean": -0.8387222083333331
  },
  "magnetization": {
    "variance": 0.7420736883369737,
    "error": 0.0008614369903463478,
    "mean": 0.1959392638888889
  },
  "sqr_energy": {
    "variance": 0.018075240342356292,
    "error": 0.0001344441904373569,
    "mean": 0.7102830989583333
  }
}
