{
  "sqr_magnetization": {
    "variance": 0.011755919896447996,
    "error": 0.00010842471995097795,
    "mean": 0.08829032870370371
  },
  "energy": {
    "variance": 0.0068624239631639335,
    "error": 8.283974869085452e-5,
    "mean": -0.4210480277777778
  },
  "magnetization": {
    "variance": 0.0882870929528144,
    "error": 0.00029713144053232466,
    "mean": -0.001823194444444446
  },
  "sqr_energy": {
    "variance": 0.005248817328337597,
    "error": 7.244872206145252e-5,
    "mean": 0.18414385879629627
  }
}
