{
  "sqr_magnetization": {
    "variance": 0.007695138241175513,
    "error": 8.772193705781646e-5,
    "mean": 0.0689472635030864
  },
  "abs_magnetization": {
    "variance": 0.02343116235174183,
    "error": 0.00015307240885196075,
    "mean": 0.21334508333333335
  },
  "energy": {
    "variance": 0.006204672107109606,
    "error": 7.876974106285742e-5,
    "mean": -0.39152836111111106
  },
  "magnetization": {
    "variance": 0.06894718418248975,
    "error": 0.00026257795829522654,
    "mean": 0.0003850555555555553
  },
  "sqr_energy": {
    "variance": 0.004069131818047943,
    "error": 6.378974696648313e-5,
    "mean": 0.1594991234567901
  }
}
