{
  "sqr_magnetization": {
    "variance": 0.006040223335681187,
    "error": 7.771887374171855e-5,
    "mean": 0.059938808834876546
  },
  "energy": {
    "variance": 0.005962632675114157,
    "error": 7.72180851557079e-5,
    "mean": -0.3752481111111111
  },
  "magnetization": {
    "variance": 0.05993436311442464,
    "error": 0.00024481495688463283,
    "mean": 0.002122652777777778
  },
  "sqr_energy": {
    "variance": 0.0035860554533031657,
    "error": 5.98836826965674e-5,
    "mean": 0.14677377160493826
  }
}
