{
  "sqr_magnetization": {
    "variance": 0.030633290233662354,
    "error": 0.00017502368477912455,
    "mean": 0.17090563676697534
  },
  "abs_magnetization": {
    "variance": 0.04818244861678485,
    "error": 0.00021950500818155574,
    "mean": 0.3503187638888889
  },
  "energy": {
    "variance": 0.009267692877531609,
    "error": 9.626885725680766e-5,
    "mean": -0.5023446388888889
  },
  "magnetization": {
    "variance": 0.1709053950267297,
    "error": 0.00041340705730155317,
    "mean": 0.0006423749999999998
  },
  "sqr_energy": {
    "variance": 0.010257953183960477,
    "error": 0.00010128155401631868,
    "mean": 0.2616178198302469
  }
}
