{
  "sqr_magnetization": {
    "variance": 0.005214887939253148,
    "error": 7.221418101213326e-5,
    "mean": 0.9119653609182101
  },
  "energy": {
    "variance": 0.0026089608985527197,
    "error": 5.107798839571425e-5,
    "mean": -0.9259268611111107
  },
  "magnetization": {
    "variance": 0.0015549501672416418,
    "error": 3.9432856442840175e-5,
    "mean": 0.9541542916666668
  },
  "sqr_energy": {
    "variance": 0.008578111749515928,
    "error": 9.261809623133013e-5,
    "mean": 0.8599495104166667
  }
}
