{
  "sqr_magnetization": {
    "variance": 0.013519884341612491,
    "error": 0.00011627503748273956,
    "mean": 0.8407579687500002
  },
  "energy": {
    "variance": 0.00483166221534875,
    "error": 6.951015908015712e-5,
    "mean": -0.8762196249999997
  },
  "magnetization": {
    "variance": 0.005007151755478145,
    "error": 7.076123059612619e-5,
    "mean": 0.9141940833333334
  },
  "sqr_energy": {
    "variance": 0.014072690960595298,
    "error": 0.00011862837333705329,
    "mean": 0.772592488618827
  }
}
