{
  "sqr_magnetization": {
    "variance": 0.005495398631693436,
    "error": 7.413095596101156e-5,
    "mean": 0.05740982002314814
  },
  "energy": {
    "variance": 0.005798213422980207,
    "error": 7.614600070246768e-5,
    "mean": -0.3697437083333333
  },
  "magnetization": {
    "variance": 0.05740941870856513,
    "error": 0.00023960262667292511,
    "mean": -0.0006772916666666668
  },
  "sqr_energy": {
    "variance": 0.0033651747568873218,
    "error": 5.80101263305582e-5,
    "mean": 0.14250861747685187
  }
}
