{
  "energy": {
    "variance": 0.0038497888783068047,
    "error": 6.204666693954482e-5,
    "mean": -0.8976940868055553
  },
  "magnetization": {
    "variance": 0.8697313418841438,
    "error": 0.0009325938783222543,
    "mean": 0.05576908333333337
  }
}
