{
  "sqr_magnetization": {
    "variance": 0.0001462155555781002,
    "error": 1.2091962437011628e-5,
    "mean": 0.008576604552469136
  },
  "abs_magnetization": {
    "variance": 0.003134160354626404,
    "error": 5.5983572185297396e-5,
    "mean": 0.07377294444444443
  },
  "energy": {
    "variance": 0.0035182021680383946,
    "error": 5.931443473589203e-5,
    "mean": -0.050238791666666664
  },
  "magnetization": {
    "variance": 0.0085766008019025,
    "error": 9.260993900172109e-5,
    "mean": -0.00011102777777777771
  },
  "sqr_energy": {
    "variance": 6.207844152014393e-5,
    "error": 7.87898734103209e-6,
    "mean": 0.006042134837962962
  }
}
