{
  "sqr_magnetization": {
    "variance": 0.00729609979048716,
    "error": 8.541721015396815e-5,
    "mean": 0.8904850241126546
  },
  "abs_magnetization": {
    "variance": 0.0023065591151700347,
    "error": 4.802665005150822e-5,
    "mean": 0.9424322083333334
  },
  "energy": {
    "variance": 0.0032876996163861538,
    "error": 5.733846541708414e-5,
    "mean": -0.9101071805555553
  },
  "magnetization": {
    "variance": 0.0023072921185805072,
    "error": 4.8034280660591835e-5,
    "mean": -0.9424318194444445
  },
  "sqr_energy": {
    "variance": 0.010406212241889898,
    "error": 0.00010201084374658362,
    "mean": 0.831582776427469
  }
}
