{
  "sqr_magnetization": {
    "variance": 0.009523983392759108,
    "error": 9.759089810407069e-5,
    "mean": 0.869978127314815
  },
  "abs_magnetization": {
    "variance": 0.003186407228972045,
    "error": 5.644827038069497e-5,
    "mean": 0.9310165
  },
  "energy": {
    "variance": 0.003927338719770045,
    "error": 6.266848266688803e-5,
    "mean": -0.8956179722222221
  },
  "magnetization": {
    "variance": 0.8098493719427045,
    "error": 0.0008999163138551853,
    "mean": -0.24521330555555557
  },
  "sqr_energy": {
    "variance": 0.01200585310644049,
    "error": 0.00010957122389770268,
    "mean": 0.8060588869598764
  }
}
