{
  "sqr_magnetization": {
    "variance": 0.002537016208142303,
    "error": 5.0368801932766906e-5,
    "mean": 0.9466598194444448
  },
  "energy": {
    "variance": 0.0015605352259912453,
    "error": 3.950361029059554e-5,
    "mean": -0.9529350833333328
  },
  "magnetization": {
    "variance": 0.0007020358001067884,
    "error": 2.649595818434933e-5,
    "mean": 0.9726036111111113
  },
  "sqr_energy": {
    "variance": 0.005462177421299513,
    "error": 7.390654518579199e-5,
    "mean": 0.9096458067129629
  }
}
