{
  "energy": {
    "variance": 0.01084548718618544,
    "error": 0.00010414166882754203,
    "mean": -0.7627997152777778
  },
  "magnetization": {
    "variance": 0.6431133826425831,
    "error": 0.0008019435033982026,
    "mean": -0.008955902777777778
  }
}
