{
  "energy": {
    "variance": 0.008872196047088977,
    "error": 9.419233539460085e-5,
    "mean": -0.4892431979166667
  },
  "magnetization": {
    "variance": 0.15545806093535725,
    "error": 0.00039428170251148764,
    "mean": -0.0029481111111111123
  }
}
