{
  "sqr_magnetization": {
    "variance": 0.01168591286214458,
    "error": 0.00010810140083340538,
    "mean": 0.08868800443672839
  },
  "abs_magnetization": {
    "variance": 0.029220069874838193,
    "error": 0.000170938789848408,
    "mean": 0.24386054166666668
  },
  "energy": {
    "variance": 0.006794344123106467,
    "error": 8.242781158751254e-5,
    "mean": -0.42300327777777774
  },
  "magnetization": {
    "variance": 0.08868414533822538,
    "error": 0.0002977988336750589,
    "mean": 0.001986902777777778
  },
  "sqr_energy": {
    "variance": 0.005226370068881975,
    "error": 7.229363781745926e-5,
    "mean": 0.18572611033950615
  }
}
