{
  "sqr_magnetization": {
    "variance": 0.01425262624812536,
    "error": 0.00011938436349926802,
    "mean": 0.10015965875771604
  },
  "abs_magnetization": {
    "variance": 0.03239658010297652,
    "error": 0.0001799905000353533,
    "mean": 0.2603134861111111
  },
  "energy": {
    "variance": 0.00717219398247157,
    "error": 8.468880671299821e-5,
    "mean": -0.437041125
  },
  "magnetization": {
    "variance": 0.10015799662258748,
    "error": 0.00031647748201505185,
    "mean": 0.0013275138888888887
  },
  "sqr_energy": {
    "variance": 0.005933099097892306,
    "error": 7.702661291977147e-5,
    "mean": 0.19817713175154317
  }
}
