{
  "sqr_magnetization": {
    "variance": 0.06466276675250583,
    "error": 0.00025428874680666824,
    "mean": 0.39936492824074066
  },
  "energy": {
    "variance": 0.013535765932728898,
    "error": 0.00011634331064882457,
    "mean": -0.6369651111111111
  },
  "magnetization": {
    "variance": 0.39466625849025544,
    "error": 0.0006282246879025493,
    "mean": 0.06854972222222223
  },
  "sqr_energy": {
    "variance": 0.022594306833875654,
    "error": 0.00015031402740222103,
    "mean": 0.4192603051697531
  }
}
