{
  "sqr_magnetization": {
    "variance": 0.0030917669740969144,
    "error": 5.560365971855553e-5,
    "mean": 0.9390953233024695
  },
  "abs_magnetization": {
    "variance": 0.0008723955773577691,
    "error": 2.953634333084868e-5,
    "mean": 0.9686190833333335
  },
  "energy": {
    "variance": 0.0017965733115021302,
    "error": 4.238600372177271e-5,
    "mean": -0.946890319444444
  },
  "magnetization": {
    "variance": 0.0008723955773577691,
    "error": 2.953634333084868e-5,
    "mean": -0.9686190833333335
  },
  "sqr_energy": {
    "variance": 0.006195130021125223,
    "error": 7.870914826832536e-5,
    "mean": 0.8983978485725308
  }
}
