{
  "sqr_magnetization": {
    "variance": 0.00958153846661123,
    "error": 9.788533325586233e-5,
    "mean": 0.8669305059799386
  },
  "energy": {
    "variance": 0.003985698066637688,
    "error": 6.31323852443236e-5,
    "mean": -0.8932305138888886
  },
  "magnetization": {
    "variance": 0.003131872436153108,
    "error": 5.596313461693428e-5,
    "mean": -0.9294076805555557
  },
  "sqr_energy": {
    "variance": 0.01212845830498671,
    "error": 0.00011012927996217313,
    "mean": 0.8018464450231481
  }
}
