{
  "sqr_magnetization": {
    "variance": 0.007535866732032663,
    "error": 8.68093700704749e-5,
    "mean": 0.8889906782407411
  },
  "abs_magnetization": {
    "variance": 0.0024218644379107347,
    "error": 4.921244190152257e-5,
    "mean": 0.9415778333333333
  },
  "energy": {
    "variance": 0.003340692331586621,
    "error": 5.779872257746378e-5,
    "mean": -0.9090930277777776
  },
  "magnetization": {
    "variance": 0.8591219525677666,
    "error": 0.0009268883172031928,
    "mean": -0.1728281944444445
  },
  "sqr_energy": {
    "variance": 0.010542103158759034,
    "error": 0.00010267474450301317,
    "mean": 0.8297908221450617
  }
}
