{
  "sqr_magnetization": {
    "variance": 0.026815757690474715,
    "error": 0.00016375517607231446,
    "mean": 0.7700725842978395
  },
  "energy": {
    "variance": 0.0071755283370592005,
    "error": 8.47084903481298e-5,
    "mean": -0.8341448888888887
  },
  "magnetization": {
    "variance": 0.6148511092262169,
    "error": 0.0007841244220314892,
    "mean": 0.3939823472222222
  },
  "sqr_energy": {
    "variance": 0.018734192420786545,
    "error": 0.0001368729060873135,
    "mean": 0.7029732168209877
  }
}
