{
  "sqr_magnetization": {
    "variance": 0.00014258180952689842,
    "error": 1.1940762518654259e-5,
    "mean": 0.008528320023148147
  },
  "energy": {
    "variance": 0.0035146267286604873,
    "error": 5.9284287367400204e-5,
    "mean": -0.05049454166666667
  },
  "magnetization": {
    "variance": 0.008528328430170828,
    "error": 9.234894926403237e-5,
    "mean": -1.101388888888897e-5
  },
  "sqr_energy": {
    "variance": 6.201609234951287e-5,
    "error": 7.875029672929041e-6,
    "mean": 0.006064321952160493
  }
}
