{
  "sqr_magnetization": {
    "variance": 0.05730115228172024,
    "error": 0.00023937659092258842,
    "mean": 0.3178449583333333
  },
  "abs_magnetization": {
    "variance": 0.06157390084315701,
    "error": 0.0002481408890996343,
    "mean": 0.5062322777777778
  },
  "energy": {
    "variance": 0.012606741896016394,
    "error": 0.00011227974837884343,
    "mean": -0.5939194583333333
  },
  "magnetization": {
    "variance": 0.3176820370631204,
    "error": 0.0005636328921054204,
    "mean": -0.0127765
  },
  "sqr_energy": {
    "variance": 0.018854347053908135,
    "error": 0.00013731113230145667,
    "mean": 0.3653470522762346
  }
}
