{
  "sqr_magnetization": {
    "variance": 0.013070689362416534,
    "error": 0.0001143271156043768,
    "mean": 0.09463445273919753
  },
  "energy": {
    "variance": 0.006989236733896458,
    "error": 8.36016550906527e-5,
    "mean": -0.4302128055555555
  },
  "magnetization": {
    "variance": 0.0946336542165969,
    "error": 0.0003076258347678181,
    "mean": -0.0009450694444444443
  },
  "sqr_energy": {
    "variance": 0.005582349173700278,
    "error": 7.471512011434016e-5,
    "mean": 0.19207228780864197
  }
}
