{
  "energy": {
    "variance": 0.007055330063504254,
    "error": 8.399601218810481e-5,
    "mean": -0.834645486111111
  },
  "magnetization": {
    "variance": 0.7713762655063195,
    "error": 0.0008782802886928065,
    "mean": -0.04935626388888889
  }
}
