{
  "sqr_magnetization": {
    "variance": 0.006523318519847249,
    "error": 8.076706333554073e-5,
    "mean": 0.8959816346450621
  },
  "energy": {
    "variance": 0.003067437427313969,
    "error": 5.5384451133093024e-5,
    "mean": -0.9139544444444441
  },
  "magnetization": {
    "variance": 0.00199741419899136,
    "error": 4.4692440065310376e-5,
    "mean": 0.945507388888889
  },
  "sqr_energy": {
    "variance": 0.009819020528802387,
    "error": 9.909097097517204e-5,
    "mean": 0.8383801608796295
  }
}
