{
  "sqr_magnetization": {
    "variance": 0.00405135662856223,
    "error": 6.36502680949753e-5,
    "mean": 0.9249159560185188
  },
  "energy": {
    "variance": 0.002202827363174393,
    "error": 4.693428771350848e-5,
    "mean": -0.9357197083333328
  },
  "magnetization": {
    "variance": 0.0011657444637004828,
    "error": 3.4143000215278135e-5,
    "mean": 0.9611192500000001
  },
  "sqr_energy": {
    "variance": 0.007416716397659194,
    "error": 8.612035994849996e-5,
    "mean": 0.8777741977237654
  }
}
