{
  "sqr_magnetization": {
    "variance": 0.008340263362494552,
    "error": 9.132504236240217e-5,
    "mean": 0.07158228877314815
  },
  "energy": {
    "variance": 0.0063386548822457365,
    "error": 7.961566982853147e-5,
    "mean": -0.3980728472222222
  },
  "magnetization": {
    "variance": 0.07158111802729837,
    "error": 0.00026754647825620576,
    "mean": -0.001114597222222222
  },
  "sqr_energy": {
    "variance": 0.0043090369450807875,
    "error": 6.564325513775797e-5,
    "mean": 0.16480064023919752
  }
}
