{
  "sqr_magnetization": {
    "variance": 0.029632531300816292,
    "error": 0.0001721410215515648,
    "mean": 0.7477041118827162
  },
  "energy": {
    "variance": 0.007848107466131963,
    "error": 8.858954490306383e-5,
    "mean": -0.8202377638888888
  },
  "magnetization": {
    "variance": 0.6970828089210805,
    "error": 0.0008349148512998679,
    "mean": 0.22499333333333332
  },
  "sqr_energy": {
    "variance": 0.01983525043687345,
    "error": 0.00014083767406796181,
    "mean": 0.680638088927469
  }
}
