{
  "sqr_magnetization": {
    "variance": 0.03504524097511402,
    "error": 0.00018720374188331286,
    "mean": 0.1908895451388889
  },
  "abs_magnetization": {
    "variance": 0.05143436211124791,
    "error": 0.0002267914507014052,
    "mean": 0.37343705555555556
  },
  "energy": {
    "variance": 0.009862107725301977,
    "error": 9.93081453119631e-5,
    "mean": -0.5162867916666666
  },
  "magnetization": {
    "variance": 0.1908801673079451,
    "error": 0.00043689834894165613,
    "mean": 0.003093333333333333
  },
  "sqr_energy": {
    "variance": 0.0115281970809871,
    "error": 0.00010736944202605832,
    "mean": 0.2764141491126543
  }
}
