{
  "sqr_magnetization": {
    "variance": 0.004400471135241248,
    "error": 6.633604702754941e-5,
    "mean": 0.05043276581790124
  },
  "abs_magnetization": {
    "variance": 0.017519234332961955,
    "error": 0.00013236024453347746,
    "mean": 0.18142091666666668
  },
  "energy": {
    "variance": 0.005564032306963634,
    "error": 7.459244135275124e-5,
    "mean": -0.35254497222222225
  },
  "magnetization": {
    "variance": 0.050432768143558265,
    "error": 0.00022457241180420684,
    "mean": -0.00021933333333333296
  },
  "sqr_energy": {
    "variance": 0.0029325006660966715,
    "error": 5.415256841643498e-5,
    "mean": 0.12985198418209876
  }
}
