{
  "sqr_magnetization": {
    "variance": 0.008822818307601522,
    "error": 9.392985844555246e-5,
    "mean": 0.8763217445987657
  },
  "abs_magnetization": {
    "variance": 0.002905698891093182,
    "error": 5.39045349770609e-5,
    "mean": 0.9345673055555554
  },
  "energy": {
    "variance": 0.0037255765946846192,
    "error": 6.10375015435971e-5,
    "mean": -0.9000501666666664
  },
  "magnetization": {
    "variance": 0.8081446283563376,
    "error": 0.0008989686470374468,
    "mean": 0.26110902777777784
  },
  "sqr_energy": {
    "variance": 0.011513917311099374,
    "error": 0.00010730292312467248,
    "mean": 0.8138158753858025
  }
}
