{
  "sqr_magnetization": {
    "variance": 0.009315115586029777,
    "error": 9.651484645395119e-5,
    "mean": 0.8716056990740743
  },
  "abs_magnetization": {
    "variance": 0.00308965547605594,
    "error": 5.558466943372012e-5,
    "mean": 0.9319420833333333
  },
  "energy": {
    "variance": 0.0038749783500369914,
    "error": 6.224932409301319e-5,
    "mean": -0.896735611111111
  },
  "magnetization": {
    "variance": 0.7363378912181103,
    "error": 0.0008581013292252321,
    "mean": -0.36778872222222225
  },
  "sqr_energy": {
    "variance": 0.011879291221662733,
    "error": 0.0001089921612854004,
    "mean": 0.8080097307098764
  }
}
