{
  "sqr_magnetization": {
    "variance": 0.0054523721879869815,
    "error": 7.384018003761218e-5,
    "mean": 0.9093474301697534
  },
  "abs_magnetization": {
    "variance": 0.0016374175838095601,
    "error": 4.046501678993301e-5,
    "mean": 0.9527381666666667
  },
  "energy": {
    "variance": 0.0027015380838295577,
    "error": 5.197632233844136e-5,
    "mean": -0.9239187361111107
  },
  "magnetization": {
    "variance": 0.0016374175838095601,
    "error": 4.046501678993301e-5,
    "mean": -0.9527381666666667
  },
  "sqr_energy": {
    "variance": 0.00883481114948685,
    "error": 9.39936761143368e-5,
    "mean": 0.8563273663194444
  }
}
