{
  "sqr_magnetization": {
    "variance": 0.00915024847881914,
    "error": 9.565693115932134e-5,
    "mean": 0.8727786570216052
  },
  "energy": {
    "variance": 0.0038124971601728925,
    "error": 6.174542217989033e-5,
    "mean": -0.897494347222222
  },
  "magnetization": {
    "variance": 0.003029371838726778,
    "error": 5.5039729638932436e-5,
    "mean": -0.9326035
  },
  "sqr_energy": {
    "variance": 0.01170757606489288,
    "error": 0.00010820155296895179,
    "mean": 0.8093085966435184
  }
}
