{
  "sqr_magnetization": {
    "variance": 0.04708181799111552,
    "error": 0.00021698345096139365,
    "mean": 0.6504857559799383
  },
  "abs_magnetization": {
    "variance": 0.029005062943098243,
    "error": 0.000170308728323296,
    "mean": 0.7883404861111111
  },
  "energy": {
    "variance": 0.010689164006455481,
    "error": 0.00010338841330853028,
    "mean": -0.7667101527777778
  },
  "magnetization": {
    "variance": 0.6503702838748887,
    "error": 0.0008064553824452341,
    "mean": -0.010776013888888897
  },
  "sqr_energy": {
    "variance": 0.023776329992271354,
    "error": 0.00015419575218621087,
    "mean": 0.5985336116898148
  }
}
