{
  "sqr_magnetization": {
    "variance": 0.059390476456763694,
    "error": 0.00024370161357029153,
    "mean": 0.5592896680169753
  },
  "abs_magnetization": {
    "variance": 0.04306372699423915,
    "error": 0.00020751801607147067,
    "mean": 0.7184886805555556
  },
  "energy": {
    "variance": 0.012507598756248252,
    "error": 0.00011183737638306905,
    "mean": -0.7197014027777777
  },
  "magnetization": {
    "variance": 0.5585511321135223,
    "error": 0.0007473627848063631,
    "mean": 0.027186291666666664
  },
  "sqr_energy": {
    "variance": 0.025072675320404747,
    "error": 0.00015834353577081936,
    "mean": 0.5304776954089506
  }
}
