{
  "sqr_magnetization": {
    "variance": 0.02253482738089695,
    "error": 0.00015011604638044844,
    "mean": 0.13578362827932097
  },
  "energy": {
    "variance": 0.008264364485721739,
    "error": 9.090855012440656e-5,
    "mean": -0.4733746944444444
  },
  "magnetization": {
    "variance": 0.13576526651882187,
    "error": 0.0003684633855877974,
    "mean": 0.004300875
  },
  "sqr_energy": {
    "variance": 0.008081138030519193,
    "error": 8.989515020577691e-5,
    "mean": 0.23234795756172838
  }
}
