{
  "sqr_magnetization": {
    "variance": 0.00503556092911298,
    "error": 7.096168634631634e-5,
    "mean": 0.054230678240740744
  },
  "abs_magnetization": {
    "variance": 0.018787938581456328,
    "error": 0.00013706910148336248,
    "mean": 0.18826247222222225
  },
  "energy": {
    "variance": 0.005719005476793864,
    "error": 7.56241064528624e-5,
    "mean": -0.362290625
  },
  "magnetization": {
    "variance": 0.054230731267767535,
    "error": 0.0002328749262324468,
    "mean": 3.4694444444444e-5
  },
  "sqr_energy": {
    "variance": 0.0031893045417286797,
    "error": 5.647392798211118e-5,
    "mean": 0.13697349672067902
  }
}
