{
  "sqr_magnetization": {
    "variance": 0.003643507445967505,
    "error": 6.0361473192488475e-5,
    "mean": 0.9304467152777781
  },
  "energy": {
    "variance": 0.0020403791000069946,
    "error": 4.517055567520721e-5,
    "mean": -0.9400324027777773
  },
  "magnetization": {
    "variance": 0.0010378177757313567,
    "error": 3.221517927517022e-5,
    "mean": 0.9640585555555556
  },
  "sqr_energy": {
    "variance": 0.006936710498807604,
    "error": 8.328691673250729e-5,
    "mean": 0.88570129533179
  }
}
