{
  "sqr_magnetization": {
    "variance": 0.013666578104297054,
    "error": 0.00011690414066360975,
    "mean": 0.8394208136574076
  },
  "abs_magnetization": {
    "variance": 0.005066758300804598,
    "error": 7.118116535154926e-5,
    "mean": 0.9134298333333333
  },
  "energy": {
    "variance": 0.004906905224335586,
    "error": 7.004930566633467e-5,
    "mean": -0.8752670694444442
  },
  "magnetization": {
    "variance": 0.8357710159648676,
    "error": 0.0009142051279471514,
    "mean": 0.06042047222222225
  },
  "sqr_energy": {
    "variance": 0.014249756730896988,
    "error": 0.00011937234491663882,
    "mean": 0.7709993431712963
  }
}
