{
  "sqr_magnetization": {
    "variance": 0.005881764589080781,
    "error": 7.669266320242622e-5,
    "mean": 0.9049925185185188
  },
  "abs_magnetization": {
    "variance": 0.0017945576423323345,
    "error": 4.236221951612468e-5,
    "mean": 0.9503672777777777
  },
  "energy": {
    "variance": 0.00283792094953341,
    "error": 5.327214046322346e-5,
    "mean": -0.9206985972222218
  },
  "magnetization": {
    "variance": 0.0017945576423323345,
    "error": 4.236221951612468e-5,
    "mean": -0.9503672777777777
  },
  "sqr_energy": {
    "variance": 0.009206917728295183,
    "error": 9.595268484151543e-5,
    "mean": 0.8505238250385803
  }
}
