{
  "sqr_magnetization": {
    "variance": 0.05631042464569436,
    "error": 0.00023729817665901767,
    "mean": 0.5938042625385802
  },
  "energy": {
    "variance": 0.011998791503084711,
    "error": 0.00010953899535363975,
    "mean": -0.7379109444444444
  },
  "magnetization": {
    "variance": 0.5427307074182444,
    "error": 0.0007367025908860674,
    "mean": 0.2259957916666667
  },
  "sqr_energy": {
    "variance": 0.02507151151641981,
    "error": 0.0001583398607944942,
    "mean": 0.5565113414351852
  }
}
