{
  "sqr_magnetization": {
    "variance": 0.058869600293455046,
    "error": 0.0002426305840026254,
    "mean": 0.5658344928626544
  },
  "abs_magnetization": {
    "variance": 0.04225468007763512,
    "error": 0.00020555943198412261,
    "mean": 0.7235881805555555
  },
  "energy": {
    "variance": 0.012417985356556152,
    "error": 0.00011143601462972442,
    "mean": -0.7231785694444445
  },
  "magnetization": {
    "variance": 0.5652364831372608,
    "error": 0.0007518221087047526,
    "mean": 0.024465791666666657
  },
  "sqr_energy": {
    "variance": 0.025088342940098533,
    "error": 0.00015839300155025325,
    "mean": 0.5354052162422841
  }
}
