{
  "energy": {
    "variance": 0.006102789883223863,
    "error": 7.812035511455296e-5,
    "mean": -0.38567125694444443
  },
  "magnetization": {
    "variance": 0.06552687420545734,
    "error": 0.00025598217556200534,
    "mean": -0.0008092361111111118
  }
}
