{
  "sqr_magnetization": {
    "variance": 0.0025601156763890103,
    "error": 5.059758567747092e-5,
    "mean": 0.9461573692129631
  },
  "energy": {
    "variance": 0.0015741041407430307,
    "error": 3.967498129480379e-5,
    "mean": -0.9525084999999995
  },
  "magnetization": {
    "variance": 0.0007087290716642574,
    "error": 2.6621965961668897e-5,
    "mean": 0.9723418333333335
  },
  "sqr_energy": {
    "variance": 0.0055048227098773135,
    "error": 7.419449244975879e-5,
    "mean": 0.9088465451388887
  }
}
