{
  "sqr_magnetization": {
    "variance": 0.00899114813703256,
    "error": 9.482166491384002e-5,
    "mean": 0.07535847241512346
  },
  "energy": {
    "variance": 0.006346487208053372,
    "error": 7.966484298643519e-5,
    "mean": -0.4050747083333333
  },
  "magnetization": {
    "variance": 0.0753574457683468,
    "error": 0.00027451310673326106,
    "mean": 0.0010497638888888883
  },
  "sqr_energy": {
    "variance": 0.004468549437391231,
    "error": 6.684720964551348e-5,
    "mean": 0.17043200019290122
  }
}
