{
  "energy": {
    "variance": 0.008470275184302769,
    "error": 9.203409794365765e-5,
    "mean": -0.8080841527777778
  },
  "magnetization": {
    "variance": 0.7253233366754038,
    "error": 0.0008516591669649331,
    "mean": 0.04922391666666667
  }
}
