{
  "sqr_magnetization": {
    "variance": 0.006943498581144358,
    "error": 8.332765796027365e-5,
    "mean": 0.8943082322530868
  },
  "abs_magnetization": {
    "variance": 0.002189784256154627,
    "error": 4.67951306885089e-5,
    "mean": 0.9445202222222222
  },
  "energy": {
    "variance": 0.0031706612577675464,
    "error": 5.6308625074384e-5,
    "mean": -0.9128920694444441
  },
  "magnetization": {
    "variance": 0.0021913584574047547,
    "error": 4.681194780613978e-5,
    "mean": -0.9445193888888889
  },
  "sqr_energy": {
    "variance": 0.0100988503042717,
    "error": 0.00010049303609838694,
    "mean": 0.8365425885416666
  }
}
