{
  "sqr_magnetization": {
    "variance": 0.056613129052760044,
    "error": 0.00023793513622993986,
    "mean": 0.3193830561342592
  },
  "energy": {
    "variance": 0.012519203765004502,
    "error": 0.00011188924776315418,
    "mean": -0.593494625
  },
  "magnetization": {
    "variance": 0.31824566803852894,
    "error": 0.0005641326688275808,
    "mean": 0.033729902777777765
  },
  "sqr_energy": {
    "variance": 0.018683358324349326,
    "error": 0.00013668708177567228,
    "mean": 0.3647550611496914
  }
}
