{
  "sqr_magnetization": {
    "variance": 0.06327002387344142,
    "error": 0.00025153533325050266,
    "mean": 0.38298924112654315
  },
  "abs_magnetization": {
    "variance": 0.060516592791264846,
    "error": 0.00024600120485734385,
    "mean": 0.5678668055555556
  },
  "energy": {
    "variance": 0.013290894161403232,
    "error": 0.00011528614036996482,
    "mean": -0.6287383194444445
  },
  "magnetization": {
    "variance": 0.38298337299875573,
    "error": 0.0006188565043681416,
    "mean": -0.0025002222222222244
  },
  "sqr_energy": {
    "variance": 0.021720850045255653,
    "error": 0.00014737995130022146,
    "mean": 0.4086027552083334
  }
}
