{
  "sqr_magnetization": {
    "variance": 0.0608480384670302,
    "error": 0.0002466739517400048,
    "mean": 0.5455740819830247
  },
  "abs_magnetization": {
    "variance": 0.045042855394815076,
    "error": 0.00021223302145240047,
    "mean": 0.7074823472222223
  },
  "energy": {
    "variance": 0.01273560148182062,
    "error": 0.00011285212218571976,
    "mean": -0.7126963888888889
  },
  "magnetization": {
    "variance": 0.544773325567475,
    "error": 0.0007380876137474975,
    "mean": 0.028307263888888892
  },
  "sqr_energy": {
    "variance": 0.025142406694089885,
    "error": 0.0001585635730364635,
    "mean": 0.5206717314814815
  }
}
