{
  "sqr_magnetization": {
    "variance": 0.006546762772819728,
    "error": 8.091206815314837e-5,
    "mean": 0.8980478790509262
  },
  "abs_magnetization": {
    "variance": 0.002030950530624722,
    "error": 4.506606850641313e-5,
    "mean": 0.9465817083333333
  },
  "energy": {
    "variance": 0.0030549196763942138,
    "error": 5.5271327796554826e-5,
    "mean": -0.9155996388888885
  },
  "magnetization": {
    "variance": 0.0020311608823134677,
    "error": 4.506840226049141e-5,
    "mean": -0.9465815972222222
  },
  "sqr_energy": {
    "variance": 0.009793086624277969,
    "error": 9.896002538539473e-5,
    "mean": 0.8413776153549382
  }
}
