{
  "sqr_magnetization": {
    "variance": 0.0663176036771144,
    "error": 0.0002575220450313223,
    "mean": 0.4533608107638889
  },
  "energy": {
    "variance": 0.013635381418938325,
    "error": 0.00011677063594473709,
    "mean": -0.665313486111111
  },
  "magnetization": {
    "variance": 0.45257004847764387,
    "error": 0.0006727332669622068,
    "mean": 0.028128541666666663
  },
  "sqr_energy": {
    "variance": 0.024270992624152547,
    "error": 0.0001557915036969364,
    "mean": 0.45627740258487653
  }
}
