{
  "sqr_magnetization": {
    "variance": 0.03769253672916691,
    "error": 0.00019414565853803406,
    "mean": 0.20208697125771607
  },
  "abs_magnetization": {
    "variance": 0.05334971450195813,
    "error": 0.00023097557122336146,
    "mean": 0.38566476388888893
  },
  "energy": {
    "variance": 0.010168555355036062,
    "error": 0.00010083925503015214,
    "mean": -0.5246010833333332
  },
  "magnetization": {
    "variance": 0.20207420022860592,
    "error": 0.00044952664017675964,
    "mean": 0.0036018194444444444
  },
  "sqr_energy": {
    "variance": 0.012269106973829944,
    "error": 0.00011076600098328884,
    "mean": 0.28537484182098766
  }
}
