{
  "sqr_magnetization": {
    "variance": 0.050254110763286466,
    "error": 0.00022417428657918478,
    "mean": 0.9403530216049382
  },
  "energy": {
    "variance": 0.0017708227960689389,
    "error": 4.208114537496501e-5,
    "mean": -0.9886900277777778
  },
  "magnetization": {
    "variance": 0.03377395939556358,
    "error": 0.00018377692835490418,
    "mean": -0.9521444722222222
  },
  "sqr_energy": {
    "variance": 0.0059431464002931995,
    "error": 7.709180501384825e-5,
    "mean": 0.9792787920524691
  }
}
