{
  "energy": {
    "variance": 0.013303957900514182,
    "error": 0.00011534278434524711,
    "mean": -0.685135048611111
  },
  "magnetization": {
    "variance": 0.49174581316170024,
    "error": 0.0007012459006380717,
    "mean": 0.008855152777777774
  }
}
