{
  "sqr_magnetization": {
    "variance": 0.006087234372964278,
    "error": 7.802073040522164e-5,
    "mean": 0.060335993634259254
  },
  "abs_magnetization": {
    "variance": 0.020721033371527007,
    "error": 0.00014394802315949673,
    "mean": 0.199035125
  },
  "energy": {
    "variance": 0.00590101245772542,
    "error": 7.681804773440562e-5,
    "mean": -0.3756958333333334
  },
  "magnetization": {
    "variance": 0.06033522473159337,
    "error": 0.00024563229578293116,
    "mean": -0.0009106250000000002
  },
  "sqr_energy": {
    "variance": 0.0035489716454585054,
    "error": 5.9573246054403523e-5,
    "mean": 0.14704836574074073
  }
}
