{
  "sqr_magnetization": {
    "variance": 0.044602249081942165,
    "error": 0.00021119244560812814,
    "mean": 0.23642996624228396
  },
  "abs_magnetization": {
    "variance": 0.057323660384948794,
    "error": 0.00023942360030905222,
    "mean": 0.42320959722222223
  },
  "energy": {
    "variance": 0.01102855716286098,
    "error": 0.00010501693750467579,
    "mean": -0.546411625
  },
  "magnetization": {
    "variance": 0.23640129096265652,
    "error": 0.00048621115882161375,
    "mean": -0.005376958333333335
  },
  "sqr_energy": {
    "variance": 0.014339508483710631,
    "error": 0.00011974768675724233,
    "mean": 0.3095942100694444
  }
}
