{
  "sqr_magnetization": {
    "variance": 0.04885074525354907,
    "error": 0.00022102204698524778,
    "mean": 0.6436532955246914
  },
  "energy": {
    "variance": 0.01081811367599774,
    "error": 0.00010401016140742086,
    "mean": -0.7638337083333333
  },
  "magnetization": {
    "variance": 0.6002014972927041,
    "error": 0.0007747267242665017,
    "mean": -0.20845238888888887
  },
  "sqr_energy": {
    "variance": 0.023971199741251906,
    "error": 0.00015482635351015637,
    "mean": 0.5942600368441358
  }
}
