{
  "sqr_magnetization": {
    "variance": 0.015638401951034893,
    "error": 0.00012505359631388013,
    "mean": 0.8278941325231484
  },
  "abs_magnetization": {
    "variance": 0.006161885335186069,
    "error": 7.849767725981495e-5,
    "mean": 0.9064944861111112
  },
  "energy": {
    "variance": 0.005305791149101141,
    "error": 7.284086180915998e-5,
    "mean": -0.8679179305555556
  },
  "magnetization": {
    "variance": 0.7904432284958811,
    "error": 0.0008890687422780543,
    "mean": -0.19352440277777777
  },
  "sqr_energy": {
    "variance": 0.01510552056310026,
    "error": 0.00012290451807439896,
    "mean": 0.7585873200231481
  }
}
