{
  "sqr_magnetization": {
    "variance": 0.009417970138225464,
    "error": 9.7046226810863e-5,
    "mean": 0.868451152777778
  },
  "energy": {
    "variance": 0.0039377552750220575,
    "error": 6.275153603715257e-5,
    "mean": -0.8943174027777775
  },
  "magnetization": {
    "variance": 0.003066971433560941,
    "error": 5.538024407278232e-5,
    "mean": -0.9302602777777778
  },
  "sqr_energy": {
    "variance": 0.01201500745097562,
    "error": 0.00010961298942632492,
    "mean": 0.8037413682484567
  }
}
