{
  "sqr_magnetization": {
    "variance": 0.004000803895481423,
    "error": 6.325190823588978e-5,
    "mean": 0.9267860522762349
  },
  "abs_magnetization": {
    "variance": 0.0011560841461148179,
    "error": 3.4001237420347185e-5,
    "mean": 0.9620966527777779
  },
  "energy": {
    "variance": 0.0021696398486427426,
    "error": 4.657939296129505e-5,
    "mean": -0.9372119027777773
  },
  "magnetization": {
    "variance": 0.0011560841461148179,
    "error": 3.4001237420347185e-5,
    "mean": 0.9620966527777779
  },
  "sqr_energy": {
    "variance": 0.007318079790414399,
    "error": 8.554577599399283e-5,
    "mean": 0.8805357883873456
  }
}
