{
  "sqr_magnetization": {
    "variance": 0.021349646058164414,
    "error": 0.0001461151807929772,
    "mean": 0.7929440754243829
  },
  "abs_magnetization": {
    "variance": 0.009360495833832059,
    "error": 9.674965547138686e-5,
    "mean": 0.8852025694444445
  },
  "energy": {
    "variance": 0.006450009954904823,
    "error": 8.031195399755146e-5,
    "mean": -0.8462420138888888
  },
  "magnetization": {
    "variance": 0.7714662875295495,
    "error": 0.0008783315362262416,
    "mean": 0.14655565277777777
  },
  "sqr_energy": {
    "variance": 0.01738639716572398,
    "error": 0.0001318574880912115,
    "mean": 0.7225755495756173
  }
}
