{
  "sqr_magnetization": {
    "variance": 0.01022211787280718,
    "error": 0.0001011044898746202,
    "mean": 0.8617283414351854
  },
  "energy": {
    "variance": 0.004141552431326928,
    "error": 6.435489438517423e-5,
    "mean": -0.8897299027777775
  },
  "magnetization": {
    "variance": 0.003393933877634496,
    "error": 5.825747915619501e-5,
    "mean": -0.926463388888889
  },
  "sqr_energy": {
    "variance": 0.012494372477873461,
    "error": 0.0001117782289977501,
    "mean": 0.7957608481867283
  }
}
