{
  "sqr_magnetization": {
    "variance": 0.02417242520794614,
    "error": 0.00015547483786113476,
    "mean": 0.7768566105324074
  },
  "abs_magnetization": {
    "variance": 0.01110092508392489,
    "error": 0.00010536092769107953,
    "mean": 0.8750746805555555
  },
  "energy": {
    "variance": 0.006954809345550088,
    "error": 8.339549955213463e-5,
    "mean": -0.8366677777777778
  },
  "magnetization": {
    "variance": 0.7766945253183632,
    "error": 0.0008813027432831258,
    "mean": 0.012761736111111095
  },
  "sqr_energy": {
    "variance": 0.018309484010966062,
    "error": 0.00013531254195737384,
    "mean": 0.7069677727623456
  }
}
