{
  "sqr_magnetization": {
    "variance": 0.02773465760924242,
    "error": 0.00016653725591963625,
    "mean": 0.7560940592206791
  },
  "abs_magnetization": {
    "variance": 0.01338039738093577,
    "error": 0.00011567366762118235,
    "mean": 0.861808375
  },
  "energy": {
    "variance": 0.007597713713537594,
    "error": 8.716486513233182e-5,
    "mean": -0.8243980972222221
  },
  "magnetization": {
    "variance": 0.6850973432691316,
    "error": 0.0008277060729927814,
    "mean": 0.266453375
  },
  "sqr_energy": {
    "variance": 0.019414477163071094,
    "error": 0.00013933584306656738,
    "mean": 0.6872299288194443
  }
}
