{
  "sqr_magnetization": {
    "variance": 0.0031447558621917953,
    "error": 5.607812284832469e-5,
    "mean": 0.9384258358410497
  },
  "abs_magnetization": {
    "variance": 0.0008892375339672795,
    "error": 2.982008608249278e-5,
    "mean": 0.9682647361111111
  },
  "energy": {
    "variance": 0.0018165035976916767,
    "error": 4.262045984843051e-5,
    "mean": -0.9463661249999995
  },
  "magnetization": {
    "variance": 0.0008892375339672795,
    "error": 2.982008608249278e-5,
    "mean": -0.9682647361111111
  },
  "sqr_energy": {
    "variance": 0.006256373558467821,
    "error": 7.909724115585714e-5,
    "mean": 0.8974253443287036
  }
}
