{
  "sqr_magnetization": {
    "variance": 0.003016080892848813,
    "error": 5.4918857351995345e-5,
    "mean": 0.9390172907021607
  },
  "energy": {
    "variance": 0.0017868186220277268,
    "error": 4.2270777400323816e-5,
    "mean": -0.946731583333333
  },
  "magnetization": {
    "variance": 0.0008450264249876525,
    "error": 2.9069338227549188e-5,
    "mean": 0.9685929305555557
  },
  "sqr_energy": {
    "variance": 0.006168618326463867,
    "error": 7.854055211458516e-5,
    "mean": 0.8980875077160492
  }
}
