{
  "energy": {
    "variance": 0.005868745018138536,
    "error": 7.660773471483501e-5,
    "mean": -0.8567793333333331
  },
  "magnetization": {
    "variance": 0.804572024104967,
    "error": 0.0008969793888964043,
    "mean": 0.07719395833333331
  }
}
