{
  "sqr_magnetization": {
    "variance": 0.0086389234659144,
    "error": 9.294580929721578e-5,
    "mean": 0.8763061051311731
  },
  "energy": {
    "variance": 0.0036790927906660918,
    "error": 6.06555256400115e-5,
    "mean": -0.8998763611111108
  },
  "magnetization": {
    "variance": 0.0028107491082412,
    "error": 5.3016498453228686e-5,
    "mean": 0.934609736111111
  },
  "sqr_energy": {
    "variance": 0.011377117594801674,
    "error": 0.00010666357201407458,
    "mean": 0.8134565543981481
  }
}
