{
  "sqr_magnetization": {
    "variance": 0.036932231892173026,
    "error": 0.00019217760507450658,
    "mean": 0.20084258892746915
  },
  "energy": {
    "variance": 0.010050565432043829,
    "error": 0.00010025250835786519,
    "mean": -0.5226778333333334
  },
  "magnetization": {
    "variance": 0.2003402032390981,
    "error": 0.0004475937926726622,
    "mean": 0.02241843055555556
  },
  "sqr_energy": {
    "variance": 0.0119846969688481,
    "error": 0.00010947464075688077,
    "mean": 0.2832426728395061
  }
}
