{
  "sqr_magnetization": {
    "variance": 0.004853354606292836,
    "error": 6.96660218922599e-5,
    "mean": 0.916320109953704
  },
  "abs_magnetization": {
    "variance": 0.0014356727893695491,
    "error": 3.789027301788084e-5,
    "mean": 0.9564959166666668
  },
  "energy": {
    "variance": 0.0024881937546596114,
    "error": 4.9881797829063976e-5,
    "mean": -0.9291823472222218
  },
  "magnetization": {
    "variance": 0.0014356727893695491,
    "error": 3.789027301788084e-5,
    "mean": -0.9564959166666668
  },
  "sqr_energy": {
    "variance": 0.008237178198406536,
    "error": 9.075890148303105e-5,
    "mean": 0.8658680256558641
  }
}
