{
  "sqr_magnetization": {
    "variance": 0.012364452462106391,
    "error": 0.00011119555954311481,
    "mean": 0.8472505169753087
  },
  "energy": {
    "variance": 0.00459665905360176,
    "error": 6.779866557390167e-5,
    "mean": -0.8804277361111109
  },
  "magnetization": {
    "variance": 0.004324243162857361,
    "error": 6.575897781183464e-5,
    "mean": 0.9181101666666667
  },
  "sqr_energy": {
    "variance": 0.0135572499136446,
    "error": 0.0001164356041494379,
    "mean": 0.7797496529706789
  }
}
