{
  "sqr_magnetization": {
    "variance": 0.04467668796604185,
    "error": 0.00021136860686024746,
    "mean": 0.6632933543595678
  },
  "abs_magnetization": {
    "variance": 0.026856696399842814,
    "error": 0.00016388012814201364,
    "mean": 0.7977698194444445
  },
  "energy": {
    "variance": 0.010344671426745305,
    "error": 0.00010170875786649498,
    "mean": -0.7732635694444443
  },
  "magnetization": {
    "variance": 0.6627593626166295,
    "error": 0.0008141003394033376,
    "mean": 0.023122597222222218
  },
  "sqr_energy": {
    "variance": 0.02335903897442125,
    "error": 0.00015283664146539352,
    "mean": 0.6082812089120371
  }
}
