{
  "sqr_magnetization": {
    "variance": 0.040539969327422515,
    "error": 0.00020134539807858164,
    "mean": 0.21818055902777775
  },
  "energy": {
    "variance": 0.01035781169617512,
    "error": 0.00010177333489758071,
    "mean": -0.5356858611111112
  },
  "magnetization": {
    "variance": 0.21812777875555656,
    "error": 0.0004670415171647554,
    "mean": -0.00728
  },
  "sqr_energy": {
    "variance": 0.01291262471589981,
    "error": 0.00011363373053763485,
    "mean": 0.29731714313271607
  }
}
