{
  "sqr_magnetization": {
    "variance": 0.006728003373578643,
    "error": 8.202440718212259e-5,
    "mean": 0.06382630632716049
  },
  "abs_magnetization": {
    "variance": 0.021844071186265628,
    "error": 0.00014779739911874507,
    "mean": 0.20489572222222224
  },
  "energy": {
    "variance": 0.006024867272740726,
    "error": 7.762001850515579e-5,
    "mean": -0.3826046111111111
  },
  "magnetization": {
    "variance": 0.0638245537216517,
    "error": 0.0002526352186882338,
    "mean": -0.00134775
  },
  "sqr_energy": {
    "variance": 0.003759096834971022,
    "error": 6.131147392593838e-5,
    "mean": 0.152411149691358
  }
}
