{
  "sqr_magnetization": {
    "variance": 0.015454306413406857,
    "error": 0.00012431535067483363,
    "mean": 0.829912181520062
  },
  "abs_magnetization": {
    "variance": 0.006099473281199942,
    "error": 7.809912471468514e-5,
    "mean": 0.9076412916666667
  },
  "energy": {
    "variance": 0.005249509657768914,
    "error": 7.245349996907613e-5,
    "mean": -0.8693101111111109
  },
  "magnetization": {
    "variance": 0.6916846869869847,
    "error": 0.0008316758304694112,
    "mean": 0.37179051388888884
  },
  "sqr_energy": {
    "variance": 0.01498889023085371,
    "error": 0.0001224291232952916,
    "mean": 0.7609495736882714
  }
}
