{
  "sqr_magnetization": {
    "variance": 0.012441008964232319,
    "error": 0.0001115392709507836,
    "mean": 0.8479475962577162
  },
  "abs_magnetization": {
    "variance": 0.004491770436166847,
    "error": 6.702067170781599e-5,
    "mean": 0.9183985138888888
  },
  "energy": {
    "variance": 0.00462710540757898,
    "error": 6.802283004682311e-5,
    "mean": -0.8808250694444443
  },
  "magnetization": {
    "variance": 0.8436310574176464,
    "error": 0.0009184939071205896,
    "mean": -0.06570679166666663
  },
  "sqr_energy": {
    "variance": 0.013629902189691743,
    "error": 0.00011674717208434533,
    "mean": 0.7804799037422838
  }
}
