{
  "sqr_magnetization": {
    "variance": 0.06386011303205007,
    "error": 0.0002527055856763955,
    "mean": 0.38660135609567897
  },
  "energy": {
    "variance": 0.01336185635293583,
    "error": 0.00011559349615326907,
    "mean": -0.63118525
  },
  "magnetization": {
    "variance": 0.38526159162571205,
    "error": 0.0006206944430440086,
    "mean": -0.036608055555555546
  },
  "sqr_energy": {
    "variance": 0.021968943663918456,
    "error": 0.0001482192418814725,
    "mean": 0.41175666280864204
  }
}
