{
  "sqr_magnetization": {
    "variance": 0.0158074377466811,
    "error": 0.00012572763318650796,
    "mean": 0.10713392129629629
  },
  "abs_magnetization": {
    "variance": 0.034221039945329296,
    "error": 0.0001849892968399234,
    "mean": 0.27002391666666664
  },
  "energy": {
    "variance": 0.007382648928382724,
    "error": 8.592234242839707e-5,
    "mean": -0.4454436944444445
  },
  "magnetization": {
    "variance": 0.10711385309116714,
    "error": 0.0003272825279344547,
    "mean": 0.004491694444444445
  },
  "sqr_energy": {
    "variance": 0.006352388256807942,
    "error": 7.970187109979252e-5,
    "mean": 0.20580272646604938
  }
}
