{
  "sqr_magnetization": {
    "variance": 0.05973007426010208,
    "error": 0.0002443973695850716,
    "mean": 0.33898348398919753
  },
  "abs_magnetization": {
    "variance": 0.061676877959802145,
    "error": 0.000248348299691788,
    "mean": 0.5265991527777778
  },
  "energy": {
    "variance": 0.012874194546245282,
    "error": 0.00011346450787028197,
    "mean": -0.6054370416666668
  },
  "magnetization": {
    "variance": 0.3389219561654437,
    "error": 0.0005821700405941924,
    "mean": 0.007865541666666667
  },
  "sqr_energy": {
    "variance": 0.019864125987236976,
    "error": 0.0001409401503732594,
    "mean": 0.37942819309413583
  }
}
