{
  "sqr_magnetization": {
    "variance": 0.0029576499958280677,
    "error": 5.4384280778806557e-5,
    "mean": 0.9410183240740744
  },
  "abs_magnetization": {
    "variance": 0.0008315169286087505,
    "error": 2.883603524426946e-5,
    "mean": 0.9696323055555556
  },
  "energy": {
    "variance": 0.0017373374642479578,
    "error": 4.1681380306414496e-5,
    "mean": -0.9484272777777772
  },
  "magnetization": {
    "variance": 0.0008315169286087505,
    "error": 2.883603524426946e-5,
    "mean": -0.9696323055555556
  },
  "sqr_energy": {
    "variance": 0.0060127166352721695,
    "error": 7.754170900407192e-5,
    "mean": 0.9012516369598764
  }
}
