{
  "energy": {
    "variance": 0.011017948055407114,
    "error": 0.00010496641393992231,
    "mean": -0.5454110625
  },
  "magnetization": {
    "variance": 0.23448446013331023,
    "error": 0.000484235955019152,
    "mean": 0.007246263888888889
  }
}
