{
  "energy": {
    "variance": 0.005795464464499765,
    "error": 7.612794798561015e-5,
    "mean": -0.3685165138888889
  },
  "magnetization": {
    "variance": 0.05681025531114864,
    "error": 0.00023834901995004853,
    "mean": -0.0013189305555555552
  }
}
