{
  "sqr_magnetization": {
    "variance": 0.041881849978285694,
    "error": 0.0002046505557732148,
    "mean": 0.6791354535108025
  },
  "abs_magnetization": {
    "variance": 0.024399820393732237,
    "error": 0.0001562044186114216,
    "mean": 0.809157375
  },
  "energy": {
    "variance": 0.00991910545035063,
    "error": 9.959470593535898e-5,
    "mean": -0.7817271527777777
  },
  "magnetization": {
    "variance": 0.6785418350110938,
    "error": 0.0008237365082422254,
    "mean": 0.02437820833333333
  },
  "sqr_energy": {
    "variance": 0.022851454859130805,
    "error": 0.00015116697674800143,
    "mean": 0.6210164369212962
  }
}
