{
  "sqr_magnetization": {
    "variance": 0.022927003818244154,
    "error": 0.0001514166563434953,
    "mean": 0.1369036114969136
  },
  "energy": {
    "variance": 0.008337045343637937,
    "error": 9.130742217168295e-5,
    "mean": -0.47585044444444446
  },
  "magnetization": {
    "variance": 0.13690047601688882,
    "error": 0.00037000064326550683,
    "mean": 0.0018089722222222253
  },
  "sqr_energy": {
    "variance": 0.008247663922633545,
    "error": 9.081665002979104e-5,
    "mean": 0.2347706824845679
  }
}
