{
  "sqr_magnetization": {
    "variance": 0.024259834892164663,
    "error": 0.00015575568975855958,
    "mean": 0.14315682291666668
  },
  "energy": {
    "variance": 0.008350176792011476,
    "error": 9.137930177021203e-5,
    "mean": -0.4820205138888889
  },
  "magnetization": {
    "variance": 0.14312052569885209,
    "error": 0.00037831273531147757,
    "mean": -0.006036583333333337
  },
  "sqr_energy": {
    "variance": 0.008462098373112124,
    "error": 9.19896644907031e-5,
    "mean": 0.2406939442515432
  }
}
