{
  "sqr_magnetization": {
    "variance": 0.06132661564407521,
    "error": 0.0002476421120166665,
    "mean": 0.5608191739969136
  },
  "energy": {
    "variance": 0.012643226250436129,
    "error": 0.00011244210176991593,
    "mean": -0.722044
  },
  "magnetization": {
    "variance": 0.5603060837025335,
    "error": 0.0007485359601933187,
    "mean": 0.02266386111111108
  },
  "sqr_energy": {
    "variance": 0.02545436363034779,
    "error": 0.0001595442372207401,
    "mean": 0.5339907515432099
  }
}
