{
  "sqr_magnetization": {
    "variance": 0.054494748293730015,
    "error": 0.00023344110240857332,
    "mean": 0.596422085455247
  },
  "abs_magnetization": {
    "variance": 0.03695371417625102,
    "error": 0.00019223348869604125,
    "mean": 0.7479762083333333
  },
  "energy": {
    "variance": 0.011801783288164266,
    "error": 0.00010863601285100751,
    "mean": -0.7383652916666666
  },
  "magnetization": {
    "variance": 0.5961129631223719,
    "error": 0.0007720835208203656,
    "mean": -0.017598819444444438
  },
  "sqr_energy": {
    "variance": 0.02465621337491387,
    "error": 0.00015702297085112696,
    "mean": 0.5569850754243827
  }
}
