{
  "sqr_magnetization": {
    "variance": 0.0043357994223992,
    "error": 6.584678748731179e-5,
    "mean": 0.922655328703704
  },
  "abs_magnetization": {
    "variance": 0.0012654513244019418,
    "error": 3.557318265775416e-5,
    "mean": 0.9598905555555557
  },
  "energy": {
    "variance": 0.0022984542999080026,
    "error": 4.794219748726588e-5,
    "mean": -0.9340151666666663
  },
  "magnetization": {
    "variance": 0.0012654513244019418,
    "error": 3.557318265775416e-5,
    "mean": 0.9598905555555557
  },
  "sqr_energy": {
    "variance": 0.007692188199153683,
    "error": 8.770512071226904e-5,
    "mean": 0.8746827835648149
  }
}
