{
  "sqr_magnetization": {
    "variance": 0.048206685911374864,
    "error": 0.00021956021021891665,
    "mean": 0.25531038811728396
  },
  "energy": {
    "variance": 0.01162876888408987,
    "error": 0.00010783676962933315,
    "mean": -0.5574625555555556
  },
  "magnetization": {
    "variance": 0.2551083368537566,
    "error": 0.000505082504996715,
    "mean": -0.014223444444444447
  },
  "sqr_energy": {
    "variance": 0.015656999515876242,
    "error": 0.000125127932596508,
    "mean": 0.32239325810185193
  }
}
