{
  "energy": {
    "variance": 0.012848941217100444,
    "error": 0.00011335317030017487,
    "mean": -0.7076890659722223
  },
  "magnetization": {
    "variance": 0.5358754302793123,
    "error": 0.0007320351291292736,
    "mean": -0.006976750000000007
  }
}
