{
  "sqr_magnetization": {
    "variance": 0.006005087140672189,
    "error": 7.74924973185933e-5,
    "mean": 0.9027438069058645
  },
  "energy": {
    "variance": 0.0028783977038218935,
    "error": 5.365070086981058e-5,
    "mean": -0.9190104027777776
  },
  "magnetization": {
    "variance": 0.0018241537980023717,
    "error": 4.271011353300728e-5,
    "mean": 0.949167875
  },
  "sqr_energy": {
    "variance": 0.009315769349374005,
    "error": 9.651823324830394e-5,
    "mean": 0.8474585152391976
  }
}
