{
  "sqr_magnetization": {
    "variance": 0.007713616042780247,
    "error": 8.782719420988153e-5,
    "mean": 0.8827913532021607
  },
  "energy": {
    "variance": 0.0034595750605856696,
    "error": 5.8818152475113236e-5,
    "mean": -0.9043052916666664
  },
  "magnetization": {
    "variance": 0.002428069976424722,
    "error": 4.9275450037769534e-5,
    "mean": 0.9382767638888889
  },
  "sqr_energy": {
    "variance": 0.010824108603341995,
    "error": 0.0001040389763662734,
    "mean": 0.8212276321373456
  }
}
