{
  "sqr_magnetization": {
    "variance": 0.008465268467128284,
    "error": 9.20068935848194e-5,
    "mean": 0.8793962575231484
  },
  "abs_magnetization": {
    "variance": 0.002761067348215304,
    "error": 5.2545859477368e-5,
    "mean": 0.9362879861111112
  },
  "energy": {
    "variance": 0.003632577175872699,
    "error": 6.027086506657009e-5,
    "mean": -0.9021828611111108
  },
  "magnetization": {
    "variance": 0.8753070347026672,
    "error": 0.0009355784492508725,
    "mean": 0.063953875
  },
  "sqr_energy": {
    "variance": 0.011283231778966176,
    "error": 0.00010622255776889472,
    "mean": 0.8175664884259258
  }
}
