{
  "sqr_magnetization": {
    "variance": 0.006227267398499679,
    "error": 7.891303693623557e-5,
    "mean": 0.8995310393518522
  },
  "energy": {
    "variance": 0.0029676413877524977,
    "error": 5.447606252063834e-5,
    "mean": -0.916562333333333
  },
  "magnetization": {
    "variance": 0.0018972251300368593,
    "error": 4.355714786389094e-5,
    "mean": -0.9474353888888889
  },
  "sqr_energy": {
    "variance": 0.009555582579894974,
    "error": 9.775266021901898e-5,
    "mean": 0.8430541493055556
  }
}
