{
  "sqr_magnetization": {
    "variance": 0.06369304254758835,
    "error": 0.0002523748056910364,
    "mean": 0.5087875680941358
  },
  "abs_magnetization": {
    "variance": 0.05002367411759213,
    "error": 0.00022365972842152904,
    "mean": 0.6773211527777777
  },
  "energy": {
    "variance": 0.013182744136250115,
    "error": 0.00011481613186416844,
    "mean": -0.693954236111111
  },
  "magnetization": {
    "variance": 0.5076223967073641,
    "error": 0.0007124762429073435,
    "mean": -0.03414204166666666
  },
  "sqr_energy": {
    "variance": 0.024983324979302245,
    "error": 0.00015806114316713722,
    "mean": 0.49475521277006174
  }
}
