{
  "sqr_magnetization": {
    "variance": 0.00994748398957721,
    "error": 9.973707429826288e-5,
    "mean": 0.8635524747299385
  },
  "energy": {
    "variance": 0.004081749399094307,
    "error": 6.388857017569188e-5,
    "mean": -0.8909358055555554
  },
  "magnetization": {
    "variance": 0.0032712626117408147,
    "error": 5.719495267714464e-5,
    "mean": -0.9275134583333332
  },
  "sqr_energy": {
    "variance": 0.012353650294099166,
    "error": 0.00011114697609066639,
    "mean": 0.7978483549382714
  }
}
