{
  "sqr_magnetization": {
    "variance": 0.009732391641720151,
    "error": 9.865288460922038e-5,
    "mean": 0.868238806520062
  },
  "abs_magnetization": {
    "variance": 0.0032573036905550416,
    "error": 5.707279291006391e-5,
    "mean": 0.9300438194444444
  },
  "energy": {
    "variance": 0.003979306177753515,
    "error": 6.308174203169659e-5,
    "mean": -0.8944436527777775
  },
  "magnetization": {
    "variance": 0.8081904593641862,
    "error": 0.000898994137558297,
    "mean": -0.2450492916666667
  },
  "sqr_energy": {
    "variance": 0.01213101783178469,
    "error": 0.00011014089990455266,
    "mean": 0.8040087501929011
  }
}
