{
  "sqr_magnetization": {
    "variance": 0.03158658374605511,
    "error": 0.00017772614817762497,
    "mean": 0.17517702430555557
  },
  "abs_magnetization": {
    "variance": 0.04889910750065072,
    "error": 0.00022113142585496688,
    "mean": 0.35535611111111115
  },
  "energy": {
    "variance": 0.009434767623258369,
    "error": 9.713273198699998e-5,
    "mean": -0.5053290555555555
  },
  "magnetization": {
    "variance": 0.1751769536869043,
    "error": 0.0004185414599378469,
    "mean": 0.000495777777777779
  },
  "sqr_energy": {
    "variance": 0.010578467990057572,
    "error": 0.00010285167956848138,
    "mean": 0.2647922125771605
  }
}
