{
  "sqr_magnetization": {
    "variance": 0.03795034960379129,
    "error": 0.00019480849469104598,
    "mean": 0.2063882947530864
  },
  "energy": {
    "variance": 0.010101729628102895,
    "error": 0.0001005073610642668,
    "mean": -0.5274283472222222
  },
  "magnetization": {
    "variance": 0.2062896444222864,
    "error": 0.00045419119808984233,
    "mean": 0.009942666666666664
  },
  "sqr_energy": {
    "variance": 0.012285597465332197,
    "error": 0.00011084041440436876,
    "mean": 0.2882823809799383
  }
}
