{
  "sqr_magnetization": {
    "variance": 0.011155077515885214,
    "error": 0.00010561760040772189,
    "mean": 0.8556826581790126
  },
  "energy": {
    "variance": 0.004347537856517602,
    "error": 6.593586168783722e-5,
    "mean": -0.8857931527777775
  },
  "magnetization": {
    "variance": 0.0038021700684385865,
    "error": 6.166173909677367e-5,
    "mean": -0.9229737222222223
  },
  "sqr_energy": {
    "variance": 0.01297943031124253,
    "error": 0.00011392730274715772,
    "mean": 0.7889770430169751
  }
}
