{
  "sqr_magnetization": {
    "variance": 0.056842135243771484,
    "error": 0.00023841588714632983,
    "mean": 0.311174708140432
  },
  "abs_magnetization": {
    "variance": 0.0618837527647541,
    "error": 0.00024876445237363416,
    "mean": 0.49929051388888895
  },
  "energy": {
    "variance": 0.012530087232755251,
    "error": 0.00011193787220040968,
    "mean": -0.5904171805555555
  },
  "magnetization": {
    "variance": 0.310999371608677,
    "error": 0.0005576731763395807,
    "mean": -0.013253208333333332
  },
  "sqr_energy": {
    "variance": 0.01858228629340012,
    "error": 0.00013631685990148147,
    "mean": 0.36112252179783955
  }
}
