{
  "sqr_magnetization": {
    "variance": 0.010995687601577207,
    "error": 0.00010486032424886549,
    "mean": 0.0851522075617284
  },
  "abs_magnetization": {
    "variance": 0.028269124577592945,
    "error": 0.00016813424570144222,
    "mean": 0.23850180555555556
  },
  "energy": {
    "variance": 0.006697807928486169,
    "error": 8.184013641536876e-5,
    "mean": -0.41892558333333335
  },
  "magnetization": {
    "variance": 0.0851522911383706,
    "error": 0.0002918086550093582,
    "mean": 3.96944444444448e-5
  },
  "sqr_energy": {
    "variance": 0.005051469588429678,
    "error": 7.107369125372395e-5,
    "mean": 0.18219644560185183
  }
}
