{
  "sqr_magnetization": {
    "variance": 0.008093468862869052,
    "error": 8.996370858779141e-5,
    "mean": 0.0711923074845679
  },
  "abs_magnetization": {
    "variance": 0.024079096779636905,
    "error": 0.0001551744076181279,
    "mean": 0.21705583333333334
  },
  "energy": {
    "variance": 0.0062567786522105566,
    "error": 7.90998018468476e-5,
    "mean": -0.3966804305555556
  },
  "magnetization": {
    "variance": 0.07119113315770029,
    "error": 0.0002668166658169993,
    "mean": -0.0011160277777777783
  },
  "sqr_energy": {
    "variance": 0.004205993398238485,
    "error": 6.485363057099028e-5,
    "mean": 0.1636121363811728
  }
}
