{
  "sqr_magnetization": {
    "variance": 0.05097080280833579,
    "error": 0.0002257671428891631,
    "mean": 0.6259719307484568
  },
  "abs_magnetization": {
    "variance": 0.032956008868963924,
    "error": 0.00018153789926338775,
    "mean": 0.7700752916666668
  },
  "energy": {
    "variance": 0.01126075968607585,
    "error": 0.0001061167267026073,
    "mean": -0.753932375
  },
  "magnetization": {
    "variance": 0.6227141400707217,
    "error": 0.0007891223859901084,
    "mean": 0.05708251388888889
  },
  "sqr_energy": {
    "variance": 0.02434138178539321,
    "error": 0.00015601724835861324,
    "mean": 0.5796747744984568
  }
}
