{
  "sqr_magnetization": {
    "variance": 0.039974829941350855,
    "error": 0.00019993706495132627,
    "mean": 0.6897630196759259
  },
  "abs_magnetization": {
    "variance": 0.022762791271356084,
    "error": 0.00015087342798304838,
    "mean": 0.8167008333333332
  },
  "energy": {
    "variance": 0.009622143318511954,
    "error": 9.809252427433985e-5,
    "mean": -0.7873915972222222
  },
  "magnetization": {
    "variance": 0.6862887148137489,
    "error": 0.0008284254431231267,
    "mean": -0.05894905555555555
  },
  "sqr_energy": {
    "variance": 0.022459996412867438,
    "error": 0.00014986659538692216,
    "mean": 0.6296076610725307
  }
}
