{
  "energy": {
    "variance": 0.005541646240676899,
    "error": 7.444223425366073e-5,
    "mean": -0.8632689201388888
  },
  "magnetization": {
    "variance": 0.8059311441063755,
    "error": 0.0008977366786014569,
    "mean": 0.12147416666666669
  }
}
