{
  "sqr_magnetization": {
    "variance": 0.06219758858809172,
    "error": 0.0002493944437795111,
    "mean": 0.5304859365354939
  },
  "abs_magnetization": {
    "variance": 0.04728878222926042,
    "error": 0.0002174598404976432,
    "mean": 0.695123875
  },
  "energy": {
    "variance": 0.012945475911386216,
    "error": 0.00011377818732686075,
    "mean": -0.7050616527777778
  },
  "magnetization": {
    "variance": 0.53041150189444,
    "error": 0.0007282935547527796,
    "mean": 0.008658236111111111
  },
  "sqr_energy": {
    "variance": 0.025116686228802882,
    "error": 0.000158482447699431,
    "mean": 0.5100573971836421
  }
}
