{
  "sqr_magnetization": {
    "variance": 0.024533078657882422,
    "error": 0.00015663038867947185,
    "mean": 0.145147837962963
  },
  "abs_magnetization": {
    "variance": 0.04295414139112905,
    "error": 0.0002072538091112659,
    "mean": 0.31967755555555555
  },
  "energy": {
    "variance": 0.00850619640954807,
    "error": 9.222904319978641e-5,
    "mean": -0.4818042361111111
  },
  "magnetization": {
    "variance": 0.14514408632138187,
    "error": 0.000380977802924766,
    "mean": 0.0019740277777777777
  },
  "sqr_energy": {
    "variance": 0.008640751372805362,
    "error": 9.295564196327924e-5,
    "mean": 0.24064150983796295
  }
}
