{
  "sqr_magnetization": {
    "variance": 0.026229711441994794,
    "error": 0.00016195589350806222,
    "mean": 0.7663814112654321
  },
  "energy": {
    "variance": 0.007259201558466799,
    "error": 8.52009481077928e-5,
    "mean": -0.831088236111111
  },
  "magnetization": {
    "variance": 0.6996051624955751,
    "error": 0.000836424032710428,
    "mean": -0.25841236111111104
  },
  "sqr_energy": {
    "variance": 0.01884579738511145,
    "error": 0.00013727999630358187,
    "mean": 0.6979668505015432
  }
}
