{
  "sqr_magnetization": {
    "variance": 0.031243424012703212,
    "error": 0.00017675809461720053,
    "mean": 0.7362678960262347
  },
  "abs_magnetization": {
    "variance": 0.015764384842659337,
    "error": 0.0001255563014852673,
    "mean": 0.8488247916666666
  },
  "energy": {
    "variance": 0.008228605984963238,
    "error": 9.071166399622067e-5,
    "mean": -0.8130158055555555
  },
  "magnetization": {
    "variance": 0.7358289474558669,
    "error": 0.0008578047257131817,
    "mean": -0.02096865277777777
  },
  "sqr_energy": {
    "variance": 0.020438539003169703,
    "error": 0.0001429634184089402,
    "mean": 0.6692232978395061
  }
}
