{
  "sqr_magnetization": {
    "variance": 0.004249053207656634,
    "error": 6.51847620817675e-5,
    "mean": 0.922276500578704
  },
  "energy": {
    "variance": 0.00228357727771308,
    "error": 4.7786789782460595e-5,
    "mean": -0.9336872222222218
  },
  "magnetization": {
    "variance": 0.001227699365637445,
    "error": 3.503854114596447e-5,
    "mean": 0.959712875
  },
  "sqr_energy": {
    "variance": 0.007652525297662273,
    "error": 8.747871339738756e-5,
    "mean": 0.8740554039351851
  }
}
