{
  "sqr_magnetization": {
    "variance": 0.005258935188229492,
    "error": 7.251851617503968e-5,
    "mean": 0.911072485725309
  },
  "energy": {
    "variance": 0.0026311893980441444,
    "error": 5.129512060658542e-5,
    "mean": -0.925222569444444
  },
  "magnetization": {
    "variance": 0.0015681634841750588,
    "error": 3.96000439920849e-5,
    "mean": 0.9536793611111113
  },
  "sqr_energy": {
    "variance": 0.008639956632029298,
    "error": 9.295136702614598e-5,
    "mean": 0.8586679897762346
  }
}
