{
  "sqr_magnetization": {
    "variance": 0.023820013073360267,
    "error": 0.00015433733531897026,
    "mean": 0.7792299382716051
  },
  "energy": {
    "variance": 0.006780763141958938,
    "error": 8.234538931815756e-5,
    "mean": -0.8388391527777778
  },
  "magnetization": {
    "variance": 0.49124546540508807,
    "error": 0.0007008890535634639,
    "mean": 0.5366423055555555
  },
  "sqr_energy": {
    "variance": 0.01798170578796183,
    "error": 0.00013409588281510299,
    "mean": 0.7104318805941358
  }
}
