{
  "sqr_magnetization": {
    "variance": 0.04453371323477555,
    "error": 0.00021103012399838926,
    "mean": 0.679693862654321
  },
  "energy": {
    "variance": 0.010068737268804976,
    "error": 0.00010034309776364777,
    "mean": -0.7837749027777777
  },
  "magnetization": {
    "variance": 0.6629943194136744,
    "error": 0.0008142446311850478,
    "mean": 0.12922927777777776
  },
  "sqr_energy": {
    "variance": 0.023236555285503054,
    "error": 0.00015243541348880532,
    "mean": 0.6243718254243827
  }
}
