{
  "energy": {
    "variance": 0.013377870684953828,
    "error": 0.00011566274544966424,
    "mean": -0.6778297361111111
  },
  "magnetization": {
    "variance": 0.4766404174799775,
    "error": 0.0006903914958050812,
    "mean": 0.035028625
  }
}
