{
  "sqr_magnetization": {
    "variance": 0.0118095043798683,
    "error": 0.00010867154356071463,
    "mean": 0.8515581566358027
  },
  "energy": {
    "variance": 0.004481020299924427,
    "error": 6.694042351169005e-5,
    "mean": -0.8831409861111109
  },
  "magnetization": {
    "variance": 0.004099727824416097,
    "error": 6.402911700481349e-5,
    "mean": -0.9205750555555555
  },
  "sqr_energy": {
    "variance": 0.013286009315853551,
    "error": 0.00011526495267796517,
    "mean": 0.7844190171682099
  }
}
