{
  "sqr_magnetization": {
    "variance": 0.011222023555509539,
    "error": 0.00010593405286077532,
    "mean": 0.08724544598765432
  },
  "energy": {
    "variance": 0.006763715863536659,
    "error": 8.22418133526776e-5,
    "mean": -0.42239268055555557
  },
  "magnetization": {
    "variance": 0.08723633396648753,
    "error": 0.0002953579759655858,
    "mean": 0.0030330277777777764
  },
  "sqr_energy": {
    "variance": 0.0051556471816251465,
    "error": 7.180283547064938e-5,
    "mean": 0.18517928568672837
  }
}
