{
  "sqr_magnetization": {
    "variance": 0.009601021209173388,
    "error": 9.79848009089848e-5,
    "mean": 0.0784456329089506
  },
  "abs_magnetization": {
    "variance": 0.02632372285242173,
    "error": 0.00016224587160363043,
    "mean": 0.22830229166666668
  },
  "energy": {
    "variance": 0.006497006238141269,
    "error": 8.060400882177803e-5,
    "mean": -0.40773425
  },
  "magnetization": {
    "variance": 0.07844430781942335,
    "error": 0.0002800791099304326,
    "mean": -0.0011847083333333334
  },
  "sqr_energy": {
    "variance": 0.004636791492673403,
    "error": 6.809399013623304e-5,
    "mean": 0.1727442183641975
  }
}
