{
  "sqr_magnetization": {
    "variance": 0.003462540636945825,
    "error": 5.88433567783639e-5,
    "mean": 0.932719567322531
  },
  "energy": {
    "variance": 0.0019701657389805537,
    "error": 4.4386549077176e-5,
    "mean": -0.9417859999999996
  },
  "magnetization": {
    "variance": 0.0009816269940326658,
    "error": 3.133092711734949e-5,
    "mean": 0.9652657361111112
  },
  "sqr_energy": {
    "variance": 0.00672691152871457,
    "error": 8.201775130247458e-5,
    "mean": 0.8889310335648148
  }
}
