{
  "sqr_magnetization": {
    "variance": 0.005755923602128361,
    "error": 7.586780346186622e-5,
    "mean": 0.9051432864583338
  },
  "energy": {
    "variance": 0.0028037189964117046,
    "error": 5.29501557732525e-5,
    "mean": -0.9207602916666663
  },
  "magnetization": {
    "variance": 0.001733301979130491,
    "error": 4.163294343582364e-5,
    "mean": 0.9504788194444445
  },
  "sqr_energy": {
    "variance": 0.00911506621401516,
    "error": 9.547285590163918e-5,
    "mean": 0.8506032309027778
  }
}
