{
  "sqr_magnetization": {
    "variance": 0.03286709213628088,
    "error": 0.00018129283531425304,
    "mean": 0.7291044951774692
  },
  "energy": {
    "variance": 0.008401329461857045,
    "error": 9.165876642120516e-5,
    "mean": -0.809508125
  },
  "magnetization": {
    "variance": 0.7021734653800084,
    "error": 0.0008379579138477113,
    "mean": -0.16410890277777773
  },
  "sqr_energy": {
    "variance": 0.020688530560607783,
    "error": 0.00014383508111934232,
    "mean": 0.6637047255015432
  }
}
