{
  "sqr_magnetization": {
    "variance": 0.0633265888953227,
    "error": 0.0002516477476460354,
    "mean": 0.46982682581018514
  },
  "energy": {
    "variance": 0.013225175668183195,
    "error": 0.00011500076377217325,
    "mean": -0.6723070416666668
  },
  "magnetization": {
    "variance": 0.46971482567039485,
    "error": 0.0006853574437258232,
    "mean": -0.010605180555555548
  },
  "sqr_energy": {
    "variance": 0.023927189426858286,
    "error": 0.00015468416023257936,
    "mean": 0.4652219207175926
  }
}
