{
  "sqr_magnetization": {
    "variance": 0.004675268325579595,
    "error": 6.837593381870258e-5,
    "mean": 0.05155173013117284
  },
  "energy": {
    "variance": 0.005591963073993167,
    "error": 7.477942948427171e-5,
    "mean": -0.35568102777777777
  },
  "magnetization": {
    "variance": 0.0515365856395484,
    "error": 0.00022701670784228283,
    "mean": -0.003898208333333333
  },
  "sqr_energy": {
    "variance": 0.0030090072381595816,
    "error": 5.485441858373473e-5,
    "mean": 0.13210095100308641
  }
}
