{
  "sqr_magnetization": {
    "variance": 0.04273710922807256,
    "error": 0.00020672955576809176,
    "mean": 0.22667304089506174
  },
  "abs_magnetization": {
    "variance": 0.05635247215244052,
    "error": 0.00023738675648072812,
    "mean": 0.4126991944444444
  },
  "energy": {
    "variance": 0.01082026293356849,
    "error": 0.0001040204928539011,
    "mean": -0.5401398333333333
  },
  "magnetization": {
    "variance": 0.2266397685201358,
    "error": 0.0004760669790272539,
    "mean": -0.005787833333333334
  },
  "sqr_energy": {
    "variance": 0.013778806055629308,
    "error": 0.00011738315916531343,
    "mean": 0.30257129166666663
  }
}
