{
  "sqr_magnetization": {
    "variance": 0.0027963270988049646,
    "error": 5.288030917841692e-5,
    "mean": 0.9434368616898151
  },
  "abs_magnetization": {
    "variance": 0.0007828516172480297,
    "error": 2.7979485650169298e-5,
    "mean": 0.9709037083333335
  },
  "energy": {
    "variance": 0.0016652377095353564,
    "error": 4.0807324214353434e-5,
    "mean": -0.9503712638888884
  },
  "magnetization": {
    "variance": 0.0007828516172480297,
    "error": 2.7979485650169298e-5,
    "mean": -0.9709037083333335
  },
  "sqr_energy": {
    "variance": 0.005788353614534202,
    "error": 7.608123036948207e-5,
    "mean": 0.9048707752700615
  }
}
