{
  "sqr_magnetization": {
    "variance": 0.036458214851828985,
    "error": 0.00019094034369883432,
    "mean": 0.709031553433642
  },
  "abs_magnetization": {
    "variance": 0.019783828511343752,
    "error": 0.0001406549981740562,
    "mean": 0.8302094583333333
  },
  "energy": {
    "variance": 0.009059725561996974,
    "error": 9.518259064554281e-5,
    "mean": -0.7980057638888889
  },
  "magnetization": {
    "variance": 0.7082803314304915,
    "error": 0.0008415939231187994,
    "mean": 0.027421347222222225
  },
  "sqr_energy": {
    "variance": 0.021703115865636193,
    "error": 0.00014731977418403882,
    "mean": 0.6458729157021604
  }
}
