{
  "sqr_magnetization": {
    "variance": 0.05138816075750134,
    "error": 0.00022668956914137303,
    "mean": 0.2754639292052469
  },
  "energy": {
    "variance": 0.011873801740656487,
    "error": 0.00010896697545888153,
    "mean": -0.5706803472222223
  },
  "magnetization": {
    "variance": 0.27408262846016535,
    "error": 0.0005235290139621351,
    "mean": 0.03716954166666667
  },
  "sqr_energy": {
    "variance": 0.0166553408060949,
    "error": 0.0001290555725495606,
    "mean": 0.3375498485725309
  }
}
