{
  "sqr_magnetization": {
    "variance": 0.055079971688407676,
    "error": 0.00023469122627062068,
    "mean": 0.2998707461419753
  },
  "abs_magnetization": {
    "variance": 0.061230497054409874,
    "error": 0.0002474479683780206,
    "mean": 0.48850825
  },
  "energy": {
    "variance": 0.012334934614286279,
    "error": 0.00011106275079560329,
    "mean": -0.5837295694444444
  },
  "magnetization": {
    "variance": 0.29969105230499987,
    "error": 0.0005474404554880831,
    "mean": 0.013416166666666668
  },
  "sqr_energy": {
    "variance": 0.017977648141091335,
    "error": 0.00013408075231401161,
    "mean": 0.3530751325231482
  }
}
