{
  "sqr_magnetization": {
    "variance": 0.0062964423424623885,
    "error": 7.935012503117048e-5,
    "mean": 0.8984390437885805
  },
  "energy": {
    "variance": 0.0029924963174276435,
    "error": 5.4703713927188195e-5,
    "mean": -0.9157199166666663
  },
  "magnetization": {
    "variance": 0.0019209352562977182,
    "error": 4.382847540466949e-5,
    "mean": 0.9468464027777779
  },
  "sqr_energy": {
    "variance": 0.009618638214816132,
    "error": 9.807465633289843e-5,
    "mean": 0.8415354591049382
  }
}
