{
  "sqr_magnetization": {
    "variance": 0.003974792637178651,
    "error": 6.304595654900203e-5,
    "mean": 0.9257740617283954
  },
  "energy": {
    "variance": 0.002175623349234267,
    "error": 4.6643577791956174e-5,
    "mean": -0.9363611249999996
  },
  "magnetization": {
    "variance": 0.0011412251545268525,
    "error": 3.378202413306303e-5,
    "mean": 0.9615783055555556
  },
  "sqr_energy": {
    "variance": 0.0073361992328311145,
    "error": 8.565161547122806e-5,
    "mean": 0.8789477775848764
  }
}
