{
  "sqr_magnetization": {
    "variance": 0.004840808167295205,
    "error": 6.957591657531509e-5,
    "mean": 0.05307013831018519
  },
  "abs_magnetization": {
    "variance": 0.01841148252883882,
    "error": 0.00013568891822414542,
    "mean": 0.18616840277777777
  },
  "energy": {
    "variance": 0.005665015732296598,
    "error": 7.526629878170307e-5,
    "mean": -0.35911672222222224
  },
  "magnetization": {
    "variance": 0.05306797173341137,
    "error": 0.0002303648665343988,
    "mean": 0.0014898472222222225
  },
  "sqr_energy": {
    "variance": 0.0031080880845543715,
    "error": 5.5750229457414535e-5,
    "mean": 0.1346298302469136
  }
}
