{
  "sqr_magnetization": {
    "variance": 0.0035302571957286427,
    "error": 5.941596751487468e-5,
    "mean": 0.932922286844136
  },
  "abs_magnetization": {
    "variance": 0.0010078018017661153,
    "error": 3.174589425053444e-5,
    "mean": 0.9653571805555556
  },
  "energy": {
    "variance": 0.001982953992864294,
    "error": 4.4530371577882594e-5,
    "mean": -0.9419940972222218
  },
  "magnetization": {
    "variance": 0.0010078018017661153,
    "error": 3.174589425053444e-5,
    "mean": 0.9653571805555556
  },
  "sqr_energy": {
    "variance": 0.006762083571021274,
    "error": 8.223188901527967e-5,
    "mean": 0.8893358312114197
  }
}
