{
  "sqr_magnetization": {
    "variance": 0.006198869483647381,
    "error": 7.873289962682298e-5,
    "mean": 0.9016092870370374
  },
  "abs_magnetization": {
    "variance": 0.0019045545094804363,
    "error": 4.364120197107816e-5,
    "mean": 0.9485276666666668
  },
  "energy": {
    "variance": 0.0029416401868236344,
    "error": 5.423688953861232e-5,
    "mean": -0.9182057361111108
  },
  "magnetization": {
    "variance": 0.0019045545094804363,
    "error": 4.364120197107816e-5,
    "mean": -0.9485276666666668
  },
  "sqr_energy": {
    "variance": 0.009488539767616351,
    "error": 9.74091359555989e-5,
    "mean": 0.8460434110725308
  }
}
