{
  "energy": {
    "variance": 0.007333704348679163,
    "error": 8.563705009328126e-5,
    "mean": -0.44291726736111114
  },
  "magnetization": {
    "variance": 0.1058067389958206,
    "error": 0.00032527947828877955,
    "mean": 0.004598597222222223
  }
}
