{
  "sqr_magnetization": {
    "variance": 0.01125758641932684,
    "error": 0.0001061017738745533,
    "mean": 0.8558364976851854
  },
  "abs_magnetization": {
    "variance": 0.003904476198086538,
    "error": 6.248580797338334e-5,
    "mean": 0.923001638888889
  },
  "energy": {
    "variance": 0.004369301692676502,
    "error": 6.61006935869549e-5,
    "mean": -0.8860038194444443
  },
  "magnetization": {
    "variance": 0.32531898375230467,
    "error": 0.0005703674111941396,
    "mean": -0.7283665555555555
  },
  "sqr_energy": {
    "variance": 0.01304487136973121,
    "error": 0.00011421414697720774,
    "mean": 0.7893720653935185
  }
}
