{
  "sqr_magnetization": {
    "variance": 0.0042892349482688205,
    "error": 6.549225105513491e-5,
    "mean": 0.04929464351851852
  },
  "energy": {
    "variance": 0.005572565749089672,
    "error": 7.464961988576816e-5,
    "mean": -0.35158236111111113
  },
  "magnetization": {
    "variance": 0.04929183408085877,
    "error": 0.000222017643625138,
    "mean": -0.0016907777777777793
  },
  "sqr_energy": {
    "variance": 0.002924156777786654,
    "error": 5.40754729779283e-5,
    "mean": 0.12918271682098764
  }
}
