{
  "sqr_magnetization": {
    "variance": 0.02903844652476238,
    "error": 0.00017040670915419493,
    "mean": 0.7485296051311728
  },
  "abs_magnetization": {
    "variance": 0.01425650810579032,
    "error": 0.0001194006202068914,
    "mean": 0.856897375
  },
  "energy": {
    "variance": 0.007845835282887558,
    "error": 8.857671975687267e-5,
    "mean": -0.8199772361111111
  },
  "magnetization": {
    "variance": 0.7375977669611881,
    "error": 0.0008588351221050453,
    "mean": 0.10455895833333337
  },
  "sqr_energy": {
    "variance": 0.01982830976357979,
    "error": 0.00014081303122786537,
    "mean": 0.6802084951774691
  }
}
