{
  "sqr_magnetization": {
    "variance": 0.04818007384142784,
    "error": 0.00021949959872725927,
    "mean": 0.6414750046296297
  },
  "energy": {
    "variance": 0.01084127926821426,
    "error": 0.00010412146401301828,
    "mean": -0.761886986111111
  },
  "magnetization": {
    "variance": 0.5973371869380634,
    "error": 0.0007728759194968255,
    "mean": -0.21009144444444444
  },
  "sqr_energy": {
    "variance": 0.023909416111215536,
    "error": 0.00015462669921852284,
    "mean": 0.5913130480324074
  }
}
