{
  "sqr_magnetization": {
    "variance": 0.005437048625709153,
    "error": 7.37363453509133e-5,
    "mean": 0.9091093335262348
  },
  "energy": {
    "variance": 0.0026896975714498874,
    "error": 5.186229431340159e-5,
    "mean": -0.9237484166666663
  },
  "magnetization": {
    "variance": 0.0016295249270555983,
    "error": 4.036737453755939e-5,
    "mean": 0.9526173472222222
  },
  "sqr_energy": {
    "variance": 0.008803854095087233,
    "error": 9.382885534358411e-5,
    "mean": 0.8560008321759258
  }
}
