{
  "sqr_magnetization": {
    "variance": 0.012094694329517769,
    "error": 0.00010997588067170805,
    "mean": 0.09051642573302468
  },
  "abs_magnetization": {
    "variance": 0.029711779499969126,
    "error": 0.0001723710518038604,
    "mean": 0.2465860416666667
  },
  "energy": {
    "variance": 0.006863969435878196,
    "error": 8.284907625241332e-5,
    "mean": -0.42491548611111113
  },
  "magnetization": {
    "variance": 0.09051492854295147,
    "error": 0.00030085699018462484,
    "mean": 0.0012600416666666663
  },
  "sqr_energy": {
    "variance": 0.005344174631955517,
    "error": 7.31038619496639e-5,
    "mean": 0.18741713290895062
  }
}
