{
  "sqr_magnetization": {
    "variance": 0.06582054080075966,
    "error": 0.0002565551418326276,
    "mean": 0.4301597854938271
  },
  "energy": {
    "variance": 0.013670716514026505,
    "error": 0.00011692183933733896,
    "mean": -0.6529709583333333
  },
  "magnetization": {
    "variance": 0.42519068132505167,
    "error": 0.000652066470020543,
    "mean": -0.0704948888888889
  },
  "sqr_energy": {
    "variance": 0.023650303453339797,
    "error": 0.00015378655160104148,
    "mean": 0.4400417752700617
  }
}
