{
  "sqr_magnetization": {
    "variance": 0.016702749081438005,
    "error": 0.00012923911591092692,
    "mean": 0.8176677430555558
  },
  "energy": {
    "variance": 0.0055079802030016155,
    "error": 7.421576788662646e-5,
    "mean": -0.8612707916666665
  },
  "magnetization": {
    "variance": 0.006570628372923899,
    "error": 8.105941261151537e-5,
    "mean": 0.9006093055555555
  },
  "sqr_energy": {
    "variance": 0.015501749809183462,
    "error": 0.00012450602318435627,
    "mean": 0.7472953512731481
  }
}
