{
  "sqr_magnetization": {
    "variance": 0.01749137058976153,
    "error": 0.00013225494542648121,
    "mean": 0.11506820794753087
  },
  "energy": {
    "variance": 0.007666838598739642,
    "error": 8.756048537291032e-5,
    "mean": -0.4533702083333333
  },
  "magnetization": {
    "variance": 0.11493722165697164,
    "error": 0.0003390239249034965,
    "mean": -0.011449944444444447
  },
  "sqr_energy": {
    "variance": 0.006834243567944837,
    "error": 8.266948389789811e-5,
    "mean": 0.21321137673611107
  }
}
