{
  "sqr_magnetization": {
    "variance": 0.01564572612642503,
    "error": 0.00012508287703129085,
    "mean": 0.832604516396605
  },
  "energy": {
    "variance": 0.005144646518188955,
    "error": 7.172619129849957e-5,
    "mean": -0.8714398055555553
  },
  "magnetization": {
    "variance": 0.016263194720123535,
    "error": 0.0001275272312885508,
    "mean": 0.9035160972222223
  },
  "sqr_energy": {
    "variance": 0.014747872254243758,
    "error": 0.00012144081790832832,
    "mean": 0.7645519760802468
  }
}
