{
  "sqr_magnetization": {
    "variance": 0.05345260903860088,
    "error": 0.00023119820293116659,
    "mean": 0.6077242145061728
  },
  "abs_magnetization": {
    "variance": 0.035572700429873275,
    "error": 0.0001886072650506159,
    "mean": 0.756407
  },
  "energy": {
    "variance": 0.011648271220815782,
    "error": 0.00010792715701256927,
    "mean": -0.7443739305555555
  },
  "magnetization": {
    "variance": 0.60638220711662,
    "error": 0.0007787054687856122,
    "mean": -0.03664169444444444
  },
  "sqr_energy": {
    "variance": 0.024651775451455193,
    "error": 0.0001570088387685712,
    "mean": 0.5657408080632716
  }
}
