{
  "sqr_magnetization": {
    "variance": 0.026131413536215634,
    "error": 0.00016165213743163324,
    "mean": 0.1510376105324074
  },
  "abs_magnetization": {
    "variance": 0.04445823156022057,
    "error": 0.00021085120715855666,
    "mean": 0.3264650416666667
  },
  "energy": {
    "variance": 0.008737237002221373,
    "error": 9.347318868114734e-5,
    "mean": -0.48683834722222225
  },
  "magnetization": {
    "variance": 0.1510375076519056,
    "error": 0.00038863544312363693,
    "mean": 0.0005039027777777774
  },
  "sqr_energy": {
    "variance": 0.009093341455916783,
    "error": 9.535901350117242e-5,
    "mean": 0.2457488045910494
  }
}
