{
  "sqr_magnetization": {
    "variance": 0.03490048768318868,
    "error": 0.00018681672217226347,
    "mean": 0.19129890277777775
  },
  "energy": {
    "variance": 0.009846261067294823,
    "error": 9.922832794769255e-5,
    "mean": -0.5154460972222222
  },
  "magnetization": {
    "variance": 0.19127871986667047,
    "error": 0.00043735422699074314,
    "mean": 0.0045137777777777745
  },
  "sqr_energy": {
    "variance": 0.011445112079029684,
    "error": 0.00010698183060234893,
    "mean": 0.2755309303626543
  }
}
