{
  "sqr_magnetization": {
    "variance": 0.002457181980624945,
    "error": 4.956997055299655e-5,
    "mean": 0.9477649469521607
  },
  "energy": {
    "variance": 0.0015280436274564364,
    "error": 3.9090198611115245e-5,
    "mean": -0.9538161388888884
  },
  "magnetization": {
    "variance": 0.0006781471360620667,
    "error": 2.6041258342523826e-5,
    "mean": 0.9731838472222224
  },
  "sqr_energy": {
    "variance": 0.00535944287260728,
    "error": 7.320821588187544e-5,
    "mean": 0.9112932689043209
  }
}
