{
  "energy": {
    "variance": 0.006462099510903522,
    "error": 8.038718499178536e-5,
    "mean": -0.8460777777777776
  },
  "magnetization": {
    "variance": 0.7894825169591712,
    "error": 0.0008885282870900459,
    "mean": 0.05798756944444444
  }
}
