{
  "sqr_magnetization": {
    "variance": 0.05222671124352465,
    "error": 0.00022853164166811705,
    "mean": 0.6189102617669754
  },
  "abs_magnetization": {
    "variance": 0.03428585814844284,
    "error": 0.0001851644084278694,
    "mean": 0.764607375
  },
  "energy": {
    "variance": 0.011411177605666614,
    "error": 0.00010682311363027486,
    "mean": -0.7504671805555555
  },
  "magnetization": {
    "variance": 0.618792861004623,
    "error": 0.0007866338798987894,
    "mean": 0.01086368055555556
  },
  "sqr_energy": {
    "variance": 0.02448918836013101,
    "error": 0.00015649021809726962,
    "mean": 0.5746121552854938
  }
}
