{
  "energy": {
    "variance": 0.007767848787953808,
    "error": 8.813540031085016e-5,
    "mean": -0.821813704861111
  },
  "magnetization": {
    "variance": 0.7095005530808214,
    "error": 0.0008423185579582237,
    "mean": 0.20525231944444441
  }
}
