{
  "sqr_magnetization": {
    "variance": 0.0035811951087466832,
    "error": 5.984308739317085e-5,
    "mean": 0.9312145727237656
  },
  "energy": {
    "variance": 0.0020187420474440153,
    "error": 4.493041339053109e-5,
    "mean": -0.940622180555555
  },
  "magnetization": {
    "variance": 0.0010180064435216835,
    "error": 3.190621324321775e-5,
    "mean": 0.9644669861111113
  },
  "sqr_energy": {
    "variance": 0.006873128879115708,
    "error": 8.290433570758354e-5,
    "mean": 0.88678882658179
  }
}
