{
  "sqr_magnetization": {
    "variance": 0.005082132933666888,
    "error": 7.128908004503135e-5,
    "mean": 0.913004613233025
  },
  "energy": {
    "variance": 0.002570651572454042,
    "error": 5.07015933916681e-5,
    "mean": -0.9266775555555552
  },
  "magnetization": {
    "variance": 0.0015074146072986737,
    "error": 3.882543763177273e-5,
    "mean": 0.954723625
  },
  "sqr_energy": {
    "variance": 0.008470200631634233,
    "error": 9.203369291533526e-5,
    "mean": 0.8613019409722221
  }
}
