{
  "sqr_magnetization": {
    "variance": 0.04355797591871061,
    "error": 0.00020870547649429473,
    "mean": 0.2327038287037037
  },
  "abs_magnetization": {
    "variance": 0.05652888677169852,
    "error": 0.00023775804249635493,
    "mean": 0.41973205555555554
  },
  "energy": {
    "variance": 0.010909664995076845,
    "error": 0.00010444934176468918,
    "mean": -0.5436949305555555
  },
  "magnetization": {
    "variance": 0.2327021318533286,
    "error": 0.0004823920934813594,
    "mean": 0.0013890833333333327
  },
  "sqr_energy": {
    "variance": 0.014054266865248063,
    "error": 0.00011855069322972373,
    "mean": 0.30651383159722223
  }
}
