{
  "sqr_magnetization": {
    "variance": 0.026153449285518313,
    "error": 0.0001617202809962879,
    "mean": 0.7582658007330249
  },
  "energy": {
    "variance": 0.007364471598928386,
    "error": 8.581649957280002e-5,
    "mean": -0.8256392222222223
  },
  "magnetization": {
    "variance": 0.6700353511318479,
    "error": 0.0008185568710430864,
    "mean": 0.2970372361111111
  },
  "sqr_energy": {
    "variance": 0.018978540832228254,
    "error": 0.00013776262494678392,
    "mean": 0.6890445895061728
  }
}
