{
  "sqr_magnetization": {
    "variance": 0.041130152480893425,
    "error": 0.00020280570130273316,
    "mean": 0.6840597704475309
  },
  "abs_magnetization": {
    "variance": 0.02381524964400273,
    "error": 0.00015432190267101664,
    "mean": 0.8125543333333334
  },
  "energy": {
    "variance": 0.00978422030303955,
    "error": 9.891521775257611e-5,
    "mean": -0.784427375
  },
  "magnetization": {
    "variance": 0.674637595937163,
    "error": 0.0008213632545574235,
    "mean": -0.09707136111111113
  },
  "sqr_energy": {
    "variance": 0.02268163751780125,
    "error": 0.00015060424136723792,
    "mean": 0.6251105171682099
  }
}
