{
  "sqr_magnetization": {
    "variance": 0.0015075084882703739,
    "error": 3.882664662664513e-5,
    "mean": 0.9459468994140625
  },
  "energy": {
    "variance": 0.0009078020801745782,
    "error": 3.0129754067608623e-5,
    "mean": -0.9526168515625
  },
  "magnetization": {
    "variance": 0.00040996624856756676,
    "error": 2.0247623281945137e-5,
    "mean": -0.972387234375
  },
  "sqr_energy": {
    "variance": 0.0032208283117724622,
    "error": 5.675234190562062e-5,
    "mean": 0.9083866670532227
  }
}
