{
  "sqr_magnetization": {
    "variance": 0.05078273053644895,
    "error": 0.0002253502397079909,
    "mean": 0.5293863483886718
  },
  "energy": {
    "variance": 0.0076331194561926365,
    "error": 8.736772548368554e-5,
    "mean": -0.7200926796875
  },
  "magnetization": {
    "variance": 0.5130755686217578,
    "error": 0.0007162929349238046,
    "mean": -0.127715671875
  },
  "sqr_energy": {
    "variance": 0.015558040050705014,
    "error": 0.00012473187263368178,
    "mean": 0.5261665791625977
  }
}
