{
  "energy": {
    "variance": 0.0009452619121119482,
    "error": 3.0745112003568114e-5,
    "mean": -0.9500556796875
  },
  "magnetization": {
    "variance": 0.00045030566928784706,
    "error": 2.122040690674538e-5,
    "mean": 0.970691296875
  }
}
