{
  "sqr_magnetization": {
    "variance": 0.0024041847944185936,
    "error": 4.903248713270206e-5,
    "mean": 0.9248029180908203
  },
  "energy": {
    "variance": 0.0012656706094107822,
    "error": 3.557626469165618e-5,
    "mean": -0.9360068828125
  },
  "magnetization": {
    "variance": 0.0006783722553165913,
    "error": 2.6045580341328378e-5,
    "mean": -0.96131396875
  },
  "sqr_energy": {
    "variance": 0.004328525026430059,
    "error": 6.579152701093097e-5,
    "mean": 0.8773745540161133
  }
}
