{
  "sqr_magnetization": {
    "variance": 0.0014707930836625833,
    "error": 3.835092024531593e-5,
    "mean": 0.9467016613769531
  },
  "abs_magnetization": {
    "variance": 0.0004001861883102118,
    "error": 2.0004654166223717e-5,
    "mean": 0.97278028125
  },
  "energy": {
    "variance": 0.0008751552795788632,
    "error": 2.9583023502996835e-5,
    "mean": -0.953249078125
  },
  "magnetization": {
    "variance": 0.0004001861883102118,
    "error": 2.0004654166223717e-5,
    "mean": -0.97278028125
  },
  "sqr_energy": {
    "variance": 0.003113881867820694,
    "error": 5.580216723229209e-5,
    "mean": 0.909558959350586
  }
}
