{
  "sqr_magnetization": {
    "variance": 0.09295967226464975,
    "error": 0.0003048928865432084,
    "mean": 0.8604021568603516
  },
  "energy": {
    "variance": 0.0023148776764692295,
    "error": 4.81131757055095e-5,
    "mean": -0.977727953125
  },
  "magnetization": {
    "variance": 0.048013083268587164,
    "error": 0.00021911887930661558,
    "mean": 0.9013263125
  },
  "sqr_energy": {
    "variance": 0.008126830693786818,
    "error": 9.01489361766783e-5,
    "mean": 0.9582668256835938
  }
}
