{
  "sqr_magnetization": {
    "variance": 0.010316569466571177,
    "error": 0.00010157051474995672,
    "mean": 0.8095474587402344
  },
  "energy": {
    "variance": 0.0032276799330410166,
    "error": 5.681267405289964e-5,
    "mean": -0.857296421875
  },
  "magnetization": {
    "variance": 0.003633751952922852,
    "error": 6.028061009083146e-5,
    "mean": 0.89772696875
  },
  "sqr_energy": {
    "variance": 0.009210825611759772,
    "error": 9.597304627737817e-5,
    "mean": 0.738184831665039
  }
}
