{
  "sqr_magnetization": {
    "variance": 0.005126427456354649,
    "error": 7.159907440990176e-5,
    "mean": 0.8770428030395507
  },
  "abs_magnetization": {
    "variance": 0.0015836222334268601,
    "error": 3.97947513301297e-5,
    "mean": 0.9356597578125
  },
  "energy": {
    "variance": 0.002061691116612015,
    "error": 4.540584892513314e-5,
    "mean": -0.90137284375
  },
  "magnetization": {
    "variance": 0.0015836222334268601,
    "error": 3.97947513301297e-5,
    "mean": -0.9356597578125
  },
  "sqr_energy": {
    "variance": 0.006522617230718676,
    "error": 8.076272178869825e-5,
    "mean": 0.8145346925048829
  }
}
