{
  "sqr_magnetization": {
    "variance": 0.012158617121748047,
    "error": 0.00011026611955513828,
    "mean": 0.09275798486328125
  },
  "energy": {
    "variance": 0.0045017462737784375,
    "error": 6.709505401874595e-5,
    "mean": -0.4871910546875
  },
  "magnetization": {
    "variance": 0.09214069583026517,
    "error": 0.0003035468593648519,
    "mean": 0.02484715625
  },
  "sqr_energy": {
    "variance": 0.0044570077167189704,
    "error": 6.676082471568914e-5,
    "mean": 0.24185686553955077
  }
}
