{
  "sqr_magnetization": {
    "variance": 0.005416290913257911,
    "error": 7.359545443339494e-5,
    "mean": 0.05732159063720703
  },
  "abs_magnetization": {
    "variance": 0.01962801571651371,
    "error": 0.00014010002040154638,
    "mean": 0.1941483828125
  },
  "energy": {
    "variance": 0.0038181809536203455,
    "error": 6.179143106952893e-5,
    "mean": -0.4345783671875
  },
  "magnetization": {
    "variance": 0.05732089460191261,
    "error": 0.0002394178243195619,
    "mean": -0.0008679609375
  },
  "sqr_energy": {
    "variance": 0.0029901190849778397,
    "error": 5.468198135563341e-5,
    "mean": 0.19267653436279297
  }
}
