{
  "sqr_magnetization": {
    "variance": 0.0021953909357099273,
    "error": 4.685499904716601e-5,
    "mean": 0.9293375956420898
  },
  "energy": {
    "variance": 0.001188586984776865,
    "error": 3.4475889905510275e-5,
    "mean": -0.9395174609375
  },
  "magnetization": {
    "variance": 0.000614500494036566,
    "error": 2.4789120477269175e-5,
    "mean": -0.9637028046875
  },
  "sqr_energy": {
    "variance": 0.004096477273408248,
    "error": 6.400372858988958e-5,
    "mean": 0.8838816452026367
  }
}
