{
  "sqr_magnetization": {
    "variance": 0.02879788903483465,
    "error": 0.00016969940788003548,
    "mean": 0.6944809385375976
  },
  "energy": {
    "variance": 0.005317845194270914,
    "error": 7.292355719704652e-5,
    "mean": -0.7964364921875
  },
  "magnetization": {
    "variance": 0.192291823893629,
    "error": 0.0004385109165045142,
    "mean": 0.7086531640625
  },
  "sqr_energy": {
    "variance": 0.012937379317510623,
    "error": 0.00011374260115502292,
    "mean": 0.6396289259643555
  }
}
