{
  "sqr_magnetization": {
    "variance": 0.007601538840067727,
    "error": 8.71868042771825e-5,
    "mean": 0.8359031711425782
  },
  "energy": {
    "variance": 0.002749667887343425,
    "error": 5.2437275742961945e-5,
    "mean": -0.873293109375
  },
  "magnetization": {
    "variance": 0.002470575938847179,
    "error": 4.970488848038168e-5,
    "mean": 0.912925296875
  },
  "sqr_energy": {
    "variance": 0.00816742514985031,
    "error": 9.037380787512668e-5,
    "mean": 0.7653905200195312
  }
}
