{
  "energy": {
    "variance": 0.0011811818228947394,
    "error": 3.436832586691908e-5,
    "mean": -0.939211041015625
  },
  "magnetization": {
    "variance": 0.0006272308720892099,
    "error": 2.5044577698360374e-5,
    "mean": 0.9634400703125
  }
}
