{
  "sqr_magnetization": {
    "variance": 0.002057531288460138,
    "error": 4.536001861177019e-5,
    "mean": 0.93195090234375
  },
  "abs_magnetization": {
    "variance": 0.0005724012784315523,
    "error": 2.392490916245143e-5,
    "mean": 0.96507953125
  },
  "energy": {
    "variance": 0.0011223938830882186,
    "error": 3.350214743995105e-5,
    "mean": -0.94154709375
  },
  "magnetization": {
    "variance": 0.0005724012784315523,
    "error": 2.392490916245143e-5,
    "mean": -0.96507953125
  },
  "sqr_energy": {
    "variance": 0.003892001325511992,
    "error": 6.238590646541887e-5,
    "mean": 0.8876333225097657
  }
}
