{
  "sqr_magnetization": {
    "variance": 0.0038787153958041013,
    "error": 6.227933361721287e-5,
    "mean": 0.8953437066040039
  },
  "abs_magnetization": {
    "variance": 0.0011478679048038789,
    "error": 3.388019930289488e-5,
    "mean": 0.9456192890625
  },
  "energy": {
    "variance": 0.0017427907425407421,
    "error": 4.174674529278591e-5,
    "mean": -0.9141255
  },
  "magnetization": {
    "variance": 0.0011478679048038789,
    "error": 3.388019930289488e-5,
    "mean": -0.9456192890625
  },
  "sqr_energy": {
    "variance": 0.0056812643745374316,
    "error": 7.53741625130086e-5,
    "mean": 0.83736821875
  }
}
