{
  "sqr_magnetization": {
    "variance": 0.0030432967362021765,
    "error": 5.516608320519209e-5,
    "mean": 0.04075770812988281
  },
  "energy": {
    "variance": 0.0034425665083916437,
    "error": 5.867338841750699e-5,
    "mean": -0.3961506953125
  },
  "magnetization": {
    "variance": 0.04075323564842706,
    "error": 0.00020187430655838068,
    "mean": 0.0021244375
  },
  "sqr_energy": {
    "variance": 0.002238769873715549,
    "error": 4.731564089934267e-5,
    "mean": 0.16037793646240234
  }
}
