{
  "sqr_magnetization": {
    "variance": 7.424171489891212e-5,
    "error": 8.616363206069724e-6,
    "mean": 0.006120991088867187
  },
  "energy": {
    "variance": 0.0020551891387904572,
    "error": 4.533419392456931e-5,
    "mean": -0.101985734375
  },
  "magnetization": {
    "variance": 0.006120953214757903,
    "error": 7.823652097810781e-5,
    "mean": -0.00020975
  },
  "sqr_energy": {
    "variance": 9.584187247990823e-5,
    "error": 9.789886234267905e-6,
    "mean": 0.012456277099609375
  }
}
