{
  "sqr_magnetization": {
    "variance": 0.00934245060905896,
    "error": 9.665635317483771e-5,
    "mean": 0.8177092694091797
  },
  "energy": {
    "variance": 0.003058472915771193,
    "error": 5.530346205954192e-5,
    "mean": -0.8622016015625
  },
  "magnetization": {
    "variance": 0.0031817008888454196,
    "error": 5.6406567781114105e-5,
    "mean": 0.9025118125
  },
  "sqr_energy": {
    "variance": 0.008839846191526928,
    "error": 9.402045623972971e-5,
    "mean": 0.7464500715942383
  }
}
