{
  "sqr_magnetization": {
    "variance": 0.005258292700129946,
    "error": 7.251408621867854e-5,
    "mean": 0.875461510925293
  },
  "abs_magnetization": {
    "variance": 0.0016340907060457236,
    "error": 4.042388781457968e-5,
    "mean": 0.9347873671875
  },
  "energy": {
    "variance": 0.002090592790240251,
    "error": 4.572300066968758e-5,
    "mean": -0.90030721875
  },
  "magnetization": {
    "variance": 0.0016340907060457236,
    "error": 4.042388781457968e-5,
    "mean": -0.9347873671875
  },
  "sqr_energy": {
    "variance": 0.0065964850488916,
    "error": 8.121874813669316e-5,
    "mean": 0.8126436788330078
  }
}
