{
  "sqr_magnetization": {
    "variance": 0.0016295445364356935,
    "error": 4.0367617423322045e-5,
    "mean": 0.9426108650512696
  },
  "abs_magnetization": {
    "variance": 0.00044636421464979787,
    "error": 2.1127333353970583e-5,
    "mean": 0.9706515859375
  },
  "energy": {
    "variance": 0.0009429209249276995,
    "error": 3.0707017519252815e-5,
    "mean": -0.9499699296875
  },
  "magnetization": {
    "variance": 0.00044636421464979787,
    "error": 2.1127333353970583e-5,
    "mean": -0.9706515859375
  },
  "sqr_energy": {
    "variance": 0.0033308338881729233,
    "error": 5.771337702970536e-5,
    "mean": 0.9033857872924804
  }
}
