{
  "sqr_magnetization": {
    "variance": 0.004208929245900396,
    "error": 6.487626103514595e-5,
    "mean": 0.8901309313964844
  },
  "abs_magnetization": {
    "variance": 0.001259505130941655,
    "error": 3.548950733585429e-5,
    "mean": 0.94279978125
  },
  "energy": {
    "variance": 0.0018325029035417227,
    "error": 4.2807743499765584e-5,
    "mean": -0.910432734375
  },
  "magnetization": {
    "variance": 0.001259505130941655,
    "error": 3.548950733585429e-5,
    "mean": -0.94279978125
  },
  "sqr_energy": {
    "variance": 0.005922555277490447,
    "error": 7.695813977410347e-5,
    "mean": 0.8307202648925781
  }
}
