{
  "sqr_magnetization": {
    "variance": 0.007486048644696396,
    "error": 8.652195469761646e-5,
    "mean": 0.839636666442871
  },
  "energy": {
    "variance": 0.0027005553796270957,
    "error": 5.196686809523059e-5,
    "mean": -0.8758693984375
  },
  "magnetization": {
    "variance": 0.0024348439517115675,
    "error": 4.9344137967053066e-5,
    "mean": 0.9149873359375
  },
  "sqr_energy": {
    "variance": 0.008060425496034793,
    "error": 8.977987244385454e-5,
    "mean": 0.7698477557983399
  }
}
