{
  "sqr_magnetization": {
    "variance": 0.0015128881103255202,
    "error": 3.889586238053503e-5,
    "mean": 0.028255426513671876
  },
  "energy": {
    "variance": 0.003098699705262145,
    "error": 5.566596541210927e-5,
    "mean": -0.3521112578125
  },
  "magnetization": {
    "variance": 0.028217241663743373,
    "error": 0.00016797988469975617,
    "mean": -0.006181671875
  },
  "sqr_energy": {
    "variance": 0.0015828614450416572,
    "error": 3.978519127818361e-5,
    "mean": 0.12708103448486327
  }
}
