{
  "sqr_magnetization": {
    "variance": 0.0026178596560990663,
    "error": 5.116502375743674e-5,
    "mean": 0.038417499633789064
  },
  "abs_magnetization": {
    "variance": 0.013454500578524013,
    "error": 0.00011599353679634057,
    "mean": 0.157996875
  },
  "energy": {
    "variance": 0.0033853848763315936,
    "error": 5.8184060328681026e-5,
    "mean": -0.3903256015625
  },
  "magnetization": {
    "variance": 0.03841579366902024,
    "error": 0.00019599947364475304,
    "mean": 0.00132075
  },
  "sqr_energy": {
    "variance": 0.002129505493930657,
    "error": 4.614656535356296e-5,
    "mean": 0.15573945672607423
  }
}
