{
  "sqr_magnetization": {
    "variance": 0.005250833846110813,
    "error": 7.246263758731678e-5,
    "mean": 0.056095792907714846
  },
  "energy": {
    "variance": 0.0037529822127964213,
    "error": 6.126158839596327e-5,
    "mean": -0.435635921875
  },
  "magnetization": {
    "variance": 0.056089926505026054,
    "error": 0.00023683311952728666,
    "mean": 0.0024336171875
  },
  "sqr_energy": {
    "variance": 0.0029468224990013376,
    "error": 5.4284643307305033e-5,
    "mean": 0.19353163488769531
  }
}
