{
  "energy": {
    "variance": 0.003048354069753467,
    "error": 5.521190152271036e-5,
    "mean": -0.86426694140625
  },
  "magnetization": {
    "variance": 0.5295045314279588,
    "error": 0.0007276706201489509,
    "mean": 0.539025453125
  }
}
