{
  "energy": {
    "variance": 0.0036979280084000208,
    "error": 6.081059125185366e-5,
    "mean": -0.421333837890625
  },
  "magnetization": {
    "variance": 0.05097263486970299,
    "error": 0.0002257712002663382,
    "mean": -0.001653953125
  }
}
