{
  "sqr_magnetization": {
    "variance": 0.0029687784287605293,
    "error": 5.448649767383227e-5,
    "mean": 0.912098396118164
  },
  "abs_magnetization": {
    "variance": 0.0008520033790968849,
    "error": 2.9189096921571332e-5,
    "mean": 0.954592265625
  },
  "energy": {
    "variance": 0.0014573342467248725,
    "error": 3.8175047435790735e-5,
    "mean": -0.926394
  },
  "magnetization": {
    "variance": 0.0008520033790968849,
    "error": 2.9189096921571332e-5,
    "mean": -0.954592265625
  },
  "sqr_energy": {
    "variance": 0.004886044955134718,
    "error": 6.990025003628183e-5,
    "mean": 0.8596631760253907
  }
}
