{
  "sqr_magnetization": {
    "variance": 0.049140737912201554,
    "error": 0.00022167710281443493,
    "mean": 0.553557876525879
  },
  "energy": {
    "variance": 0.007484892257339461,
    "error": 8.651527181567115e-5,
    "mean": -0.7309561328125
  },
  "magnetization": {
    "variance": 0.5030278811142185,
    "error": 0.0007092445848324952,
    "mean": 0.2247898984375
  },
  "sqr_energy": {
    "variance": 0.015563818967044087,
    "error": 0.0001247550358384145,
    "mean": 0.5417817528686524
  }
}
