{
  "sqr_magnetization": {
    "variance": 0.030109259472117785,
    "error": 0.00017352019903203714,
    "mean": 0.18053607916259765
  },
  "energy": {
    "variance": 0.006145498525925223,
    "error": 7.839323010263847e-5,
    "mean": -0.5508733046875
  },
  "magnetization": {
    "variance": 0.1797795375014974,
    "error": 0.0004240041715614333,
    "mean": 0.0275085703125
  },
  "sqr_energy": {
    "variance": 0.00790558064161181,
    "error": 8.891333219271342e-5,
    "mean": 0.3096068901977539
  }
}
