{
  "sqr_magnetization": {
    "variance": 0.007215771193635824,
    "error": 8.494569555684282e-5,
    "mean": 0.8491848961181641
  },
  "abs_magnetization": {
    "variance": 0.002362508296077633,
    "error": 4.860564057882205e-5,
    "mean": 0.92022953125
  },
  "energy": {
    "variance": 0.0025473652139665318,
    "error": 5.047142968023129e-5,
    "mean": -0.882694515625
  },
  "magnetization": {
    "variance": 0.0023625370532789976,
    "error": 4.8605936399569524e-5,
    "mean": 0.920229515625
  },
  "sqr_energy": {
    "variance": 0.007713309634490035,
    "error": 8.782544981091777e-5,
    "mean": 0.7816969705810547
  }
}
