{
  "sqr_magnetization": {
    "variance": 0.002436498257448145,
    "error": 4.936089806160485e-5,
    "mean": 0.9232143646240234
  },
  "abs_magnetization": {
    "variance": 0.0006867720217954596,
    "error": 2.62063355277967e-5,
    "mean": 0.960483
  },
  "energy": {
    "variance": 0.0012680310652769154,
    "error": 3.560942382680342e-5,
    "mean": -0.934799859375
  },
  "magnetization": {
    "variance": 0.0006867720217954596,
    "error": 2.62063355277967e-5,
    "mean": -0.960483
  },
  "sqr_energy": {
    "variance": 0.004332309374014345,
    "error": 6.582028087158505e-5,
    "mean": 0.8751188068847656
  }
}
