{
  "sqr_magnetization": {
    "variance": 0.04256224123146794,
    "error": 0.0002063061832119143,
    "mean": 0.2511164951171875
  },
  "energy": {
    "variance": 0.007225640216495685,
    "error": 8.500376589596302e-5,
    "mean": -0.5891893125
  },
  "magnetization": {
    "variance": 0.2510551168033629,
    "error": 0.0005010540058749784,
    "mean": 0.0078504375
  },
  "sqr_energy": {
    "variance": 0.010535801486399486,
    "error": 0.00010264405236738993,
    "mean": 0.35436967895507815
  }
}
