{
  "sqr_magnetization": {
    "variance": 0.0021688537860555576,
    "error": 4.6570954317638344e-5,
    "mean": 0.9301561300048828
  },
  "energy": {
    "variance": 0.0011775591430239875,
    "error": 3.43155816361021e-5,
    "mean": -0.9401544375
  },
  "magnetization": {
    "variance": 0.0006066717066304468,
    "error": 2.4630706580007946e-5,
    "mean": -0.964131453125
  },
  "sqr_energy": {
    "variance": 0.0040631269610907515,
    "error": 6.3742662017606e-5,
    "mean": 0.8850679243164062
  }
}
