{
  "sqr_magnetization": {
    "variance": 7.44569687735692e-5,
    "error": 8.628845158743387e-6,
    "mean": 0.0061226705322265625
  },
  "abs_magnetization": {
    "variance": 0.0022264046548724284,
    "error": 4.7184792622967295e-5,
    "mean": 0.06242009375
  },
  "energy": {
    "variance": 0.0020508360691450906,
    "error": 4.5286157588661575e-5,
    "mean": -0.1016530859375
  },
  "magnetization": {
    "variance": 0.006122656892674226,
    "error": 7.824740821697692e-5,
    "mean": 0.000140578125
  },
  "sqr_energy": {
    "variance": 9.488947559298457e-5,
    "error": 9.741122912323022e-6,
    "mean": 0.012384183898925781
  }
}
