{
  "sqr_magnetization": {
    "variance": 0.03959206520363058,
    "error": 0.00019897754949649616,
    "mean": 0.6216799462280274
  },
  "abs_magnetization": {
    "variance": 0.025317522923592194,
    "error": 0.0001591148105098711,
    "mean": 0.7722450703125
  },
  "energy": {
    "variance": 0.006574212962208812,
    "error": 8.108152047297099e-5,
    "mean": -0.760982609375
  },
  "magnetization": {
    "variance": 0.6159472105946495,
    "error": 0.0007848230441281968,
    "mean": 0.0757188984375
  },
  "sqr_energy": {
    "variance": 0.014670134253440268,
    "error": 0.00012112032964552345,
    "mean": 0.5856687381591796
  }
}
