{
  "sqr_magnetization": {
    "variance": 0.004486221885786399,
    "error": 6.697926459574187e-5,
    "mean": 0.051469917297363284
  },
  "abs_magnetization": {
    "variance": 0.01774230549912624,
    "error": 0.00013320024586736405,
    "mean": 0.1836508359375
  },
  "energy": {
    "variance": 0.003691125539892568,
    "error": 6.075463389645738e-5,
    "mean": -0.4230753984375
  },
  "magnetization": {
    "variance": 0.05146995518960698,
    "error": 0.0002268699080742243,
    "mean": -0.0001165234375
  },
  "sqr_energy": {
    "variance": 0.002736442454383932,
    "error": 5.23110165680608e-5,
    "mean": 0.1826839146118164
  }
}
