{
  "sqr_magnetization": {
    "variance": 0.0018799121451986084,
    "error": 4.33579536555706e-5,
    "mean": 0.9362151365356445
  },
  "abs_magnetization": {
    "variance": 0.0005198658017163264,
    "error": 2.2800565820091534e-5,
    "mean": 0.9673134296875
  },
  "energy": {
    "variance": 0.0010495189170711013,
    "error": 3.239627937080277e-5,
    "mean": -0.9448871484375
  },
  "magnetization": {
    "variance": 0.0005198658017163264,
    "error": 2.2800565820091534e-5,
    "mean": 0.9673134296875
  },
  "sqr_energy": {
    "variance": 0.003666357564194998,
    "error": 6.055045469849915e-5,
    "mean": 0.8938612411499024
  }
}
