{
  "sqr_magnetization": {
    "variance": 0.007503433879959431,
    "error": 8.662236362487133e-5,
    "mean": 0.8379090061035156
  },
  "energy": {
    "variance": 0.0027213711300697998,
    "error": 5.216676269493632e-5,
    "mean": -0.8746395234375
  },
  "magnetization": {
    "variance": 0.0024363735949456166,
    "error": 4.935963527970619e-5,
    "mean": 0.914041921875
  },
  "sqr_energy": {
    "variance": 0.008104058715907215,
    "error": 9.002254559779576e-5,
    "mean": 0.7677156643676758
  }
}
