{
  "sqr_magnetization": {
    "variance": 0.047545215544126544,
    "error": 0.0002180486540754759,
    "mean": 0.2828954807128906
  },
  "energy": {
    "variance": 0.0076246553353120135,
    "error": 8.731927241630003e-5,
    "mean": -0.6078363359375
  },
  "magnetization": {
    "variance": 0.2650630144853427,
    "error": 0.0005148427084900229,
    "mean": 0.13353925
  },
  "sqr_energy": {
    "variance": 0.011738097462409522,
    "error": 0.00010834250072067526,
    "mean": 0.37708965899658203
  }
}
