{
  "sqr_magnetization": {
    "variance": 0.0017422122095736403,
    "error": 4.173981563895126e-5,
    "mean": 0.03092187939453125
  },
  "energy": {
    "variance": 0.0031933222404352778,
    "error": 5.650948805674387e-5,
    "mean": -0.366104609375
  },
  "magnetization": {
    "variance": 0.03090581026948191,
    "error": 0.00017580048426975935,
    "mean": -0.004012484375
  },
  "sqr_energy": {
    "variance": 0.0017652810385076682,
    "error": 4.201524769066188e-5,
    "mean": 0.13722590405273438
  }
}
