{
  "sqr_magnetization": {
    "variance": 0.006801807617494345,
    "error": 8.247307207503758e-5,
    "mean": 0.8529045830078125
  },
  "energy": {
    "variance": 0.0024907558709607058,
    "error": 4.990747309732988e-5,
    "mean": -0.884926421875
  },
  "magnetization": {
    "variance": 0.0021943742957170687,
    "error": 4.684414900195187e-5,
    "mean": 0.92233953125
  },
  "sqr_energy": {
    "variance": 0.007590860257999871,
    "error": 8.712554308582455e-5,
    "mean": 0.7855855255126953
  }
}
