{
  "sqr_magnetization": {
    "variance": 0.0031878425457624497,
    "error": 5.646098250794481e-5,
    "mean": 0.9085502389526368
  },
  "energy": {
    "variance": 0.0015356288138316948,
    "error": 3.918710009469564e-5,
    "mean": -0.923809515625
  },
  "magnetization": {
    "variance": 0.0009227894534461305,
    "error": 3.0377449752178514e-5,
    "mean": -0.9526948359375
  },
  "sqr_energy": {
    "variance": 0.005113593048866196,
    "error": 7.150939133335004e-5,
    "mean": 0.8549596484375
  }
}
