{
  "sqr_magnetization": {
    "variance": 0.021867394845398076,
    "error": 0.00014787628222740143,
    "mean": 0.14331508471679688
  },
  "energy": {
    "variance": 0.005422566575667161,
    "error": 7.363807829966207e-5,
    "mean": -0.52480265625
  },
  "magnetization": {
    "variance": 0.1430411224829037,
    "error": 0.0003782077768672978,
    "mean": -0.016556125
  },
  "sqr_energy": {
    "variance": 0.006286377547333431,
    "error": 7.928667950755304e-5,
    "mean": 0.28084038916015625
  }
}
