{
  "sqr_magnetization": {
    "variance": 0.006517918679924392,
    "error": 8.073362793733719e-5,
    "mean": 0.8552562850952149
  },
  "energy": {
    "variance": 0.002444679803381891,
    "error": 4.944370337446307e-5,
    "mean": -0.8864004296875
  },
  "magnetization": {
    "variance": 0.0020675180904818962,
    "error": 4.546996910579439e-5,
    "mean": 0.9236821796875
  },
  "sqr_energy": {
    "variance": 0.007479793137621486,
    "error": 8.648579731737163e-5,
    "mean": 0.7881503991088867
  }
}
