{
  "sqr_magnetization": {
    "variance": 0.0030654957352639536,
    "error": 5.53669191418843e-5,
    "mean": 0.041563334533691404
  },
  "energy": {
    "variance": 0.003429770016304136,
    "error": 5.8564238373807405e-5,
    "mean": -0.4010041796875
  },
  "magnetization": {
    "variance": 0.04154423757201094,
    "error": 0.00020382403580542443,
    "mean": -0.0043747578125
  },
  "sqr_energy": {
    "variance": 0.002284121149984147,
    "error": 4.77924800568473e-5,
    "mean": 0.1642341187133789
  }
}
