{
  "sqr_magnetization": {
    "variance": 0.01972514259866285,
    "error": 0.00014044622671564676,
    "mean": 0.7453539296264649
  },
  "abs_magnetization": {
    "variance": 0.008974739157685875,
    "error": 9.473509992439906e-5,
    "mean": 0.8581253984375
  },
  "energy": {
    "variance": 0.004430060290276048,
    "error": 6.655869808128797e-5,
    "mean": -0.8220173046875
  },
  "magnetization": {
    "variance": 0.682986999465254,
    "error": 0.0008264302750173508,
    "mean": 0.2497350859375
  },
  "sqr_energy": {
    "variance": 0.011522441443797405,
    "error": 0.00010734263572223949,
    "mean": 0.680142505065918
  }
}
