{
  "sqr_magnetization": {
    "variance": 0.002384018000271648,
    "error": 4.882640679255077e-5,
    "mean": 0.9255075487670898
  },
  "energy": {
    "variance": 0.0012544156922437556,
    "error": 3.541773132547814e-5,
    "mean": -0.9365857421875
  },
  "magnetization": {
    "variance": 0.0006722299777108741,
    "error": 2.5927398205583105e-5,
    "mean": -0.9616835859375
  },
  "sqr_energy": {
    "variance": 0.004296003529878354,
    "error": 6.554390536028774e-5,
    "mean": 0.8784472669067382
  }
}
