{
  "sqr_magnetization": {
    "variance": 0.004038395428114933,
    "error": 6.354837077467e-5,
    "mean": 0.8928033309326172
  },
  "abs_magnetization": {
    "variance": 0.001201643310369873,
    "error": 3.4664727178644765e-5,
    "mean": 0.944246625
  },
  "energy": {
    "variance": 0.0017876186311144796,
    "error": 4.228023925091342e-5,
    "mean": -0.912311390625
  },
  "magnetization": {
    "variance": 0.001201643310369873,
    "error": 3.4664727178644765e-5,
    "mean": -0.944246625
  },
  "sqr_energy": {
    "variance": 0.005802285258875621,
    "error": 7.617273304060726e-5,
    "mean": 0.8340996903076172
  }
}
