{
  "sqr_magnetization": {
    "variance": 0.01113552299222536,
    "error": 0.00010552498752535041,
    "mean": 0.8109887509155274
  },
  "abs_magnetization": {
    "variance": 0.004161755651962622,
    "error": 6.45116706647923e-5,
    "mean": 0.8982354921875
  },
  "energy": {
    "variance": 0.00323146561114768,
    "error": 5.684598148636084e-5,
    "mean": -0.8589864609375
  },
  "magnetization": {
    "variance": 0.7693745562211367,
    "error": 0.0008771399866732429,
    "mean": 0.2039974609375
  },
  "sqr_energy": {
    "variance": 0.009229536905205902,
    "error": 9.607047884342984e-5,
    "mean": 0.7410892024536133
  }
}
