{
  "sqr_magnetization": {
    "variance": 0.04167754939352373,
    "error": 0.00020415080061935524,
    "mean": 0.24120085174560546
  },
  "abs_magnetization": {
    "variance": 0.054659146092604034,
    "error": 0.0002337929556094538,
    "mean": 0.4319048046875
  },
  "energy": {
    "variance": 0.007087302866013807,
    "error": 8.418612038818398e-5,
    "mean": -0.5866175
  },
  "magnetization": {
    "variance": 0.24115116752169727,
    "error": 0.0004910714484896238,
    "mean": 0.0070657890625
  },
  "sqr_energy": {
    "variance": 0.010278552203296492,
    "error": 0.00010138319487615535,
    "mean": 0.35120738708496096
  }
}
