{
  "sqr_magnetization": {
    "variance": 0.0051109693360119925,
    "error": 7.149104374683582e-5,
    "mean": 0.8779437456054687
  },
  "energy": {
    "variance": 0.0020807581707933277,
    "error": 4.561532824384066e-5,
    "mean": -0.9019624375
  },
  "magnetization": {
    "variance": 0.0015680948606729855,
    "error": 3.9599177525208595e-5,
    "mean": -0.936149375
  },
  "sqr_energy": {
    "variance": 0.006585595697053384,
    "error": 8.115168326691311e-5,
    "mean": 0.8156169947509766
  }
}
