{
  "energy": {
    "variance": 0.0010574832069526739,
    "error": 3.2518966880155864e-5,
    "mean": -0.94490122265625
  },
  "magnetization": {
    "variance": 0.0005310222171471561,
    "error": 2.304391930959567e-5,
    "mean": 0.9672732578125
  }
}
