{
  "sqr_magnetization": {
    "variance": 0.014725113422576229,
    "error": 0.00012134707834379958,
    "mean": 0.7732765381469726
  },
  "energy": {
    "variance": 0.0038693882695992063,
    "error": 6.220440715575711e-5,
    "mean": -0.83675225
  },
  "magnetization": {
    "variance": 0.005689153217580403,
    "error": 7.542647557443211e-5,
    "mean": -0.8761206484375
  },
  "sqr_energy": {
    "variance": 0.010488123335268431,
    "error": 0.00010241153907284292,
    "mean": 0.7040237122802734
  }
}
