{
  "sqr_magnetization": {
    "variance": 0.02161327101698017,
    "error": 0.00014701452655088262,
    "mean": 0.13802565087890625
  },
  "abs_magnetization": {
    "variance": 0.040439985215223254,
    "error": 0.00020109695476367426,
    "mean": 0.312387109375
  },
  "energy": {
    "variance": 0.005373747694012344,
    "error": 7.330585033960348e-5,
    "mean": -0.52360134375
  },
  "magnetization": {
    "variance": 0.1380241187910424,
    "error": 0.0003715159738033378,
    "mean": 0.001292328125
  },
  "sqr_energy": {
    "variance": 0.006236092908003854,
    "error": 7.896893634843928e-5,
    "mean": 0.2795321094970703
  }
}
