{
  "sqr_magnetization": {
    "variance": 0.026073116539851178,
    "error": 0.00016147172055766044,
    "mean": 0.7073768010253906
  },
  "abs_magnetization": {
    "variance": 0.013484742819234036,
    "error": 0.00011612382537289252,
    "mean": 0.83300184375
  },
  "energy": {
    "variance": 0.005153811840393324,
    "error": 7.179005390994858e-5,
    "mean": -0.8024569765625
  },
  "magnetization": {
    "variance": 0.7044139364438131,
    "error": 0.0008392937128585041,
    "mean": 0.054438671875
  },
  "sqr_energy": {
    "variance": 0.012738062410748062,
    "error": 0.00011286302499378644,
    "mean": 0.6490910059204101
  }
}
