{
  "sqr_magnetization": {
    "variance": 0.05300637955208649,
    "error": 0.0002302311437492471,
    "mean": 0.33752295654296877
  },
  "abs_magnetization": {
    "variance": 0.05645401696163317,
    "error": 0.0002376005407435622,
    "mean": 0.53015940625
  },
  "energy": {
    "variance": 0.007999353055261015,
    "error": 8.9439102495838e-5,
    "mean": -0.633503921875
  },
  "magnetization": {
    "variance": 0.3373601771033168,
    "error": 0.0005808271490756237,
    "mean": 0.01277171875
  },
  "sqr_energy": {
    "variance": 0.013218275753474926,
    "error": 0.00011497076042835816,
    "mean": 0.40932656408691404
  }
}
