{
  "sqr_magnetization": {
    "variance": 0.0538575802590945,
    "error": 0.00023207235996364258,
    "mean": 0.48738111071777346
  },
  "abs_magnetization": {
    "variance": 0.04407231041334337,
    "error": 0.00020993406206078937,
    "mean": 0.665814421875
  },
  "energy": {
    "variance": 0.007999146333594026,
    "error": 8.943794683239338e-5,
    "mean": -0.7005285390625
  },
  "magnetization": {
    "variance": 0.4873449066493744,
    "error": 0.0006981009286982609,
    "mean": 0.00605734375
  },
  "sqr_energy": {
    "variance": 0.015498232928482156,
    "error": 0.00012449189904761737,
    "mean": 0.49873937237548827
  }
}
