{
  "sqr_magnetization": {
    "variance": 0.00804501315285091,
    "error": 8.969399730668106e-5,
    "mean": 0.8308953892822266
  },
  "energy": {
    "variance": 0.0028358741845030907,
    "error": 5.325292653463367e-5,
    "mean": -0.8702030625
  },
  "magnetization": {
    "variance": 0.0026335461961729052,
    "error": 5.13180883916471e-5,
    "mean": 0.910088921875
  },
  "sqr_energy": {
    "variance": 0.008363434401131385,
    "error": 9.14518146409976e-5,
    "mean": 0.7600892413330078
  }
}
