{
  "sqr_magnetization": {
    "variance": 0.0018008133984409316,
    "error": 4.243599178104515e-5,
    "mean": 0.9382104533081055
  },
  "abs_magnetization": {
    "variance": 0.0004966117600882617,
    "error": 2.228478763839274e-5,
    "mean": 0.9683562578125
  },
  "energy": {
    "variance": 0.0010150425442880888,
    "error": 3.185973233233589e-5,
    "mean": -0.9464689765625
  },
  "magnetization": {
    "variance": 0.0004966117600882617,
    "error": 2.228478763839274e-5,
    "mean": 0.9683562578125
  },
  "sqr_energy": {
    "variance": 0.0035583994518518145,
    "error": 5.965232142885819e-5,
    "mean": 0.8968185651245117
  }
}
