{
  "sqr_magnetization": {
    "variance": 0.039382524014686233,
    "error": 0.00019845030615921517,
    "mean": 0.22544562731933593
  },
  "abs_magnetization": {
    "variance": 0.05375030608016448,
    "error": 0.000231841122495912,
    "mean": 0.41436140625
  },
  "energy": {
    "variance": 0.006862816447687296,
    "error": 8.284211759538318e-5,
    "mean": -0.578929109375
  },
  "magnetization": {
    "variance": 0.2252581360327835,
    "error": 0.0004746136702969938,
    "mean": -0.01370096875
  },
  "sqr_energy": {
    "variance": 0.00972706517316705,
    "error": 9.862588490435486e-5,
    "mean": 0.3420217232666016
  }
}
