{
  "sqr_magnetization": {
    "variance": 0.002821014957558068,
    "error": 5.311322770796431e-5,
    "mean": 0.915030143737793
  },
  "abs_magnetization": {
    "variance": 0.0008060521566853968,
    "error": 2.83910576887406e-5,
    "mean": 0.9561506640625
  },
  "energy": {
    "variance": 0.0014061058033516534,
    "error": 3.7498077328733185e-5,
    "mean": -0.928588140625
  },
  "magnetization": {
    "variance": 0.0008060521566853968,
    "error": 2.83910576887406e-5,
    "mean": -0.9561506640625
  },
  "sqr_energy": {
    "variance": 0.00473793514728276,
    "error": 6.8832660469306e-5,
    "mean": 0.8636820393066407
  }
}
