{
  "sqr_magnetization": {
    "variance": 0.0019094469705308206,
    "error": 4.3697219253984805e-5,
    "mean": 0.9355009205932617
  },
  "abs_magnetization": {
    "variance": 0.0005285769676735861,
    "error": 2.299080180580021e-5,
    "mean": 0.9669396796875
  },
  "energy": {
    "variance": 0.0010614977060201675,
    "error": 3.258063391065569e-5,
    "mean": -0.94432821875
  },
  "magnetization": {
    "variance": 0.0005285769676735861,
    "error": 2.299080180580021e-5,
    "mean": 0.9669396796875
  },
  "sqr_energy": {
    "variance": 0.0037036475932585022,
    "error": 6.085760094892422e-5,
    "mean": 0.8928172813720703
  }
}
