{
  "sqr_magnetization": {
    "variance": 0.007197213641688728,
    "error": 8.483639337977969e-5,
    "mean": 0.8508817603149414
  },
  "abs_magnetization": {
    "variance": 0.0023942477856881534,
    "error": 4.893105134460278e-5,
    "mean": 0.9211338203125
  },
  "energy": {
    "variance": 0.00252387336932448,
    "error": 5.023816646061518e-5,
    "mean": -0.8838916171875
  },
  "magnetization": {
    "variance": 0.7788585433310453,
    "error": 0.0008825296274522716,
    "mean": -0.2683728671875
  },
  "sqr_energy": {
    "variance": 0.007659101925373857,
    "error": 8.751629519908769e-5,
    "mean": 0.7837882617797851
  }
}
