{
  "sqr_magnetization": {
    "variance": 0.0019561463115837408,
    "error": 4.4228342853692144e-5,
    "mean": 0.03218616998291016
  },
  "energy": {
    "variance": 0.003223129456740235,
    "error": 5.677261185413469e-5,
    "mean": -0.3702463984375
  },
  "magnetization": {
    "variance": 0.03215386789808171,
    "error": 0.0001793149963000354,
    "mean": 0.0056863203125
  },
  "sqr_energy": {
    "variance": 0.0018219236610266985,
    "error": 4.26839977160844e-5,
    "mean": 0.14030552178955077
  }
}
