{
  "energy": {
    "variance": 0.0008487944179951583,
    "error": 2.91340765770113e-5,
    "mean": -0.954643513671875
  },
  "magnetization": {
    "variance": 0.00038500816204179215,
    "error": 1.962162485733004e-5,
    "mean": 0.9736680390625
  }
}
