{
  "sqr_magnetization": {
    "variance": 0.004791626153171355,
    "error": 6.922157288859706e-5,
    "mean": 0.8815903342285156
  },
  "abs_magnetization": {
    "variance": 0.0014611899029552844,
    "error": 3.82255137696707e-5,
    "mean": 0.938151984375
  },
  "energy": {
    "variance": 0.001982715975721285,
    "error": 4.4527698971778056e-5,
    "mean": -0.9044976484375
  },
  "magnetization": {
    "variance": 0.0014611899029552844,
    "error": 3.82255137696707e-5,
    "mean": -0.938151984375
  },
  "sqr_energy": {
    "variance": 0.006319087994485299,
    "error": 7.949269145327322e-5,
    "mean": 0.8200987100219727
  }
}
