{
  "sqr_magnetization": {
    "variance": 0.027441323201085294,
    "error": 0.00016565422783945265,
    "mean": 0.7013028963623047
  },
  "abs_magnetization": {
    "variance": 0.014795224996739645,
    "error": 0.00012163562388025823,
    "mean": 0.82855759375
  },
  "energy": {
    "variance": 0.005278252244110644,
    "error": 7.26515811535485e-5,
    "mean": -0.79959278125
  },
  "magnetization": {
    "variance": 0.6929624946302595,
    "error": 0.0008324436885641332,
    "mean": -0.09132959375
  },
  "sqr_energy": {
    "variance": 0.012941115837579299,
    "error": 0.00011375902530164058,
    "mean": 0.6446268627929688
  }
}
