{
  "sqr_magnetization": {
    "variance": 0.0017636155358902693,
    "error": 4.1995422796898586e-5,
    "mean": 0.030444851501464844
  },
  "energy": {
    "variance": 0.003201602722130005,
    "error": 5.658270691766173e-5,
    "mean": -0.3605699921875
  },
  "magnetization": {
    "variance": 0.03044464786401792,
    "error": 0.00017448394729607054,
    "mean": -0.0004838203125
  },
  "sqr_energy": {
    "variance": 0.0017224964413479701,
    "error": 4.150296906665799e-5,
    "mean": 0.1332123187866211
  }
}
