{
  "sqr_magnetization": {
    "variance": 0.002603711273763851,
    "error": 5.102657419192328e-5,
    "mean": 0.9196861815795898
  },
  "abs_magnetization": {
    "variance": 0.0007381767243016631,
    "error": 2.7169407875433413e-5,
    "mean": 0.9586177578125
  },
  "energy": {
    "variance": 0.0013281472048266487,
    "error": 3.6443753989218076e-5,
    "mean": -0.932121265625
  },
  "magnetization": {
    "variance": 0.0007381767243016631,
    "error": 2.7169407875433413e-5,
    "mean": 0.9586177578125
  },
  "sqr_energy": {
    "variance": 0.004510449625091479,
    "error": 6.715988106817552e-5,
    "mean": 0.8701781997070313
  }
}
