{
  "sqr_magnetization": {
    "variance": 0.0025629027370075003,
    "error": 5.06251196246241e-5,
    "mean": 0.9205743037719727
  },
  "abs_magnetization": {
    "variance": 0.0007256666560274347,
    "error": 2.693820068281166e-5,
    "mean": 0.9590873984375
  },
  "energy": {
    "variance": 0.0013128639048340589,
    "error": 3.6233463881252906e-5,
    "mean": -0.9327978984375
  },
  "magnetization": {
    "variance": 0.0007256666560274347,
    "error": 2.693820068281166e-5,
    "mean": -0.9590873984375
  },
  "sqr_energy": {
    "variance": 0.0044651930638451185,
    "error": 6.68221001154941e-5,
    "mean": 0.8714247819213867
  }
}
