{
  "sqr_magnetization": {
    "variance": 0.0016059787996602903,
    "error": 4.007466530939829e-5,
    "mean": 0.02948601416015625
  },
  "energy": {
    "variance": 0.00317865185933881,
    "error": 5.6379534046840174e-5,
    "mean": -0.3614072265625
  },
  "magnetization": {
    "variance": 0.029482248025224346,
    "error": 0.00017170395459984125,
    "mean": -0.001948234375
  },
  "sqr_energy": {
    "variance": 0.0017154489683720662,
    "error": 4.1417978805973454e-5,
    "mean": 0.13379383209228515
  }
}
