{
  "sqr_magnetization": {
    "variance": 0.04131237326432172,
    "error": 0.00020325445447596399,
    "mean": 0.23355432318115235
  },
  "energy": {
    "variance": 0.007087642876699274,
    "error": 8.418813976267248e-5,
    "mean": -0.582706171875
  },
  "magnetization": {
    "variance": 0.23340967907051105,
    "error": 0.0004831249104222541,
    "mean": -0.0120365078125
  },
  "sqr_energy": {
    "variance": 0.010184654735751046,
    "error": 0.0001009190504104703,
    "mean": 0.3466341185302734
  }
}
