{
  "sqr_magnetization": {
    "variance": 0.0035526487958803085,
    "error": 5.960410049552219e-5,
    "mean": 0.9047942166137696
  },
  "energy": {
    "variance": 0.0016071679311253895,
    "error": 4.008949901315043e-5,
    "mean": -0.9212785859375
  },
  "magnetization": {
    "variance": 0.0010498382359460851,
    "error": 3.2401207322352743e-5,
    "mean": -0.9506547109375
  },
  "sqr_energy": {
    "variance": 0.0053169103958506485,
    "error": 7.2917147474724e-5,
    "mean": 0.850361399230957
  }
}
