{
  "sqr_magnetization": {
    "variance": 0.02016524154894855,
    "error": 0.00014200437158393592,
    "mean": 0.7476137111206055
  },
  "energy": {
    "variance": 0.004419203483685844,
    "error": 6.647708991589391e-5,
    "mean": -0.8235706171875
  },
  "magnetization": {
    "variance": 0.6384029940111312,
    "error": 0.0007990012478157535,
    "mean": 0.3304714140625
  },
  "sqr_energy": {
    "variance": 0.011511459169264104,
    "error": 0.00010729146829671082,
    "mean": 0.682687760559082
  }
}
