{
  "sqr_magnetization": {
    "variance": 0.006200772730306648,
    "error": 7.874498542959195e-5,
    "mean": 0.8604133095092773
  },
  "energy": {
    "variance": 0.002361704340762934,
    "error": 4.859736968975722e-5,
    "mean": -0.8899363125
  },
  "magnetization": {
    "variance": 0.0019507076100971983,
    "error": 4.4166815711540696e-5,
    "mean": 0.9265325703125
  },
  "sqr_energy": {
    "variance": 0.007280460428920454,
    "error": 8.532561414323635e-5,
    "mean": 0.7943483422851563
  }
}
