{
  "sqr_magnetization": {
    "variance": 0.033814703128488194,
    "error": 0.00018388774599871575,
    "mean": 0.6611734965820313
  },
  "abs_magnetization": {
    "variance": 0.01988181536615033,
    "error": 0.00014100289133968258,
    "mean": 0.80080690625
  },
  "energy": {
    "variance": 0.00595481175968084,
    "error": 7.716742680484325e-5,
    "mean": -0.7798511328125
  },
  "magnetization": {
    "variance": 0.6594025721008183,
    "error": 0.0008120360657635954,
    "mean": 0.0420901875
  },
  "sqr_energy": {
    "variance": 0.013906677962090259,
    "error": 0.00011792657869238071,
    "mean": 0.6141225951538086
  }
}
