{
  "sqr_magnetization": {
    "variance": 0.005199163865981315,
    "error": 7.210522772990399e-5,
    "mean": 0.05617273675537109
  },
  "energy": {
    "variance": 0.0037856534701695226,
    "error": 6.152766426713696e-5,
    "mean": -0.4311458359375
  },
  "magnetization": {
    "variance": 0.0561687198117715,
    "error": 0.00023699940888485672,
    "mean": -0.0020181953125
  },
  "sqr_energy": {
    "variance": 0.002910215118064794,
    "error": 5.394640968651013e-5,
    "mean": 0.1896723815307617
  }
}
