{
  "sqr_magnetization": {
    "variance": 0.013627177788888676,
    "error": 0.00011673550354921453,
    "mean": 0.7876980484008789
  },
  "energy": {
    "variance": 0.003626940728747308,
    "error": 6.0224087612410604e-5,
    "mean": -0.8456093671875
  },
  "magnetization": {
    "variance": 0.005298554898019681,
    "error": 7.279117321502436e-5,
    "mean": 0.8845334921875
  },
  "sqr_energy": {
    "variance": 0.010036533728560214,
    "error": 0.00010018250210770449,
    "mean": 0.7186821389770508
  }
}
