{
  "sqr_magnetization": {
    "variance": 0.00733213409949976,
    "error": 8.562788155443156e-5,
    "mean": 0.8472331955566407
  },
  "abs_magnetization": {
    "variance": 0.002397222263072848,
    "error": 4.896143648906604e-5,
    "mean": 0.91914959375
  },
  "energy": {
    "variance": 0.0025786080445260135,
    "error": 5.077999649986217e-5,
    "mean": -0.8813990625
  },
  "magnetization": {
    "variance": 0.002397222263072848,
    "error": 4.896143648906604e-5,
    "mean": 0.91914959375
  },
  "sqr_energy": {
    "variance": 0.007785723781494757,
    "error": 8.823674847530794e-5,
    "mean": 0.7794429128417969
  }
}
