{
  "sqr_magnetization": {
    "variance": 0.011874404512665433,
    "error": 0.00010896974127098508,
    "mean": 0.09193360955810546
  },
  "abs_magnetization": {
    "variance": 0.029573861175979765,
    "error": 0.00017197052414870336,
    "mean": 0.2497193984375
  },
  "energy": {
    "variance": 0.0044983560837876645,
    "error": 6.706978517773607e-5,
    "mean": -0.4832403671875
  },
  "magnetization": {
    "variance": 0.09193369979088722,
    "error": 0.00030320570540622624,
    "mean": 4.12421875e-5
  },
  "sqr_energy": {
    "variance": 0.004396691966678045,
    "error": 6.630755587923632e-5,
    "mean": 0.2380196040649414
  }
}
