{
  "sqr_magnetization": {
    "variance": 0.0033915028737377816,
    "error": 5.823661111137719e-5,
    "mean": 0.04448024615478516
  },
  "energy": {
    "variance": 0.0035533360894146417,
    "error": 5.960986570539009e-5,
    "mean": -0.4075553359375
  },
  "magnetization": {
    "variance": 0.044472390970369424,
    "error": 0.00021088478126780376,
    "mean": 0.0028106328125
  },
  "sqr_energy": {
    "variance": 0.002436610830863795,
    "error": 4.936203835807224e-5,
    "mean": 0.16965468438720704
  }
}
