{
  "sqr_magnetization": {
    "variance": 0.0018649067817352535,
    "error": 4.3184566476175875e-5,
    "mean": 0.03192845007324219
  },
  "abs_magnetization": {
    "variance": 0.011292065965425096,
    "error": 0.00010626413301497875,
    "mean": 0.143653734375
  },
  "energy": {
    "variance": 0.003219589571716281,
    "error": 5.6741427297136975e-5,
    "mean": -0.366908078125
  },
  "magnetization": {
    "variance": 0.03192769700493919,
    "error": 0.00017868323090021403,
    "mean": 0.000886
  },
  "sqr_energy": {
    "variance": 0.0017882368829261464,
    "error": 4.228754997544959e-5,
    "mean": 0.1378411241455078
  }
}
