{
  "sqr_magnetization": {
    "variance": 0.004097364657339448,
    "error": 6.401066049760343e-5,
    "mean": 0.8943867110595703
  },
  "energy": {
    "variance": 0.001796053432919644,
    "error": 4.237987060999177e-5,
    "mean": -0.91360803125
  },
  "magnetization": {
    "variance": 0.0012228804808392213,
    "error": 3.4969708046239414e-5,
    "mean": 0.945073453125
  },
  "sqr_energy": {
    "variance": 0.005839324193025644,
    "error": 7.64154709010266e-5,
    "mean": 0.8364756864013672
  }
}
