{
  "sqr_magnetization": {
    "variance": 0.002183746344247164,
    "error": 4.673057183736536e-5,
    "mean": 0.03467548193359375
  },
  "abs_magnetization": {
    "variance": 0.012245583260891854,
    "error": 0.000110659763513627,
    "mean": 0.1497661875
  },
  "energy": {
    "variance": 0.0032982824678623023,
    "error": 5.743067532131502e-5,
    "mean": -0.378660921875
  },
  "magnetization": {
    "variance": 0.03467488473253219,
    "error": 0.00018621193498949575,
    "mean": -0.00079490625
  },
  "sqr_energy": {
    "variance": 0.0019516522003249243,
    "error": 4.417750785552445e-5,
    "mean": 0.14668237292480468
  }
}
