{
  "sqr_magnetization": {
    "variance": 0.0024791099111487053,
    "error": 4.979066088282726e-5,
    "mean": 0.9223297440185547
  },
  "abs_magnetization": {
    "variance": 0.0006997744746765745,
    "error": 2.6453250739305643e-5,
    "mean": 0.960015609375
  },
  "energy": {
    "variance": 0.001283173112273149,
    "error": 3.582140578303913e-5,
    "mean": -0.9341312109375
  },
  "magnetization": {
    "variance": 0.0006997744746765745,
    "error": 2.6453250739305643e-5,
    "mean": -0.960015609375
  },
  "sqr_energy": {
    "variance": 0.004377490620287658,
    "error": 6.616260741754105e-5,
    "mean": 0.8738842910766601
  }
}
