{
  "energy": {
    "variance": 0.008131398680501082,
    "error": 9.017426839459848e-5,
    "mean": -0.65077576171875
  },
  "magnetization": {
    "variance": 0.37578366733816704,
    "error": 0.000613011963454358,
    "mean": -0.015154484375
  }
}
