{
  "sqr_magnetization": {
    "variance": 0.008995852194377303,
    "error": 9.484646643063357e-5,
    "mean": 0.07709743579101562
  },
  "abs_magnetization": {
    "variance": 0.025537691142776837,
    "error": 0.00015980516619551707,
    "mean": 0.227067765625
  },
  "energy": {
    "variance": 0.0042322523665316025,
    "error": 6.505576351509221e-5,
    "mean": -0.4655883828125
  },
  "magnetization": {
    "variance": 0.07709344459546023,
    "error": 0.00027765706293098367,
    "mean": -0.002017
  },
  "sqr_energy": {
    "variance": 0.003829794221429464,
    "error": 6.188533122985983e-5,
    "mean": 0.22100479034423828
  }
}
