{
  "sqr_magnetization": {
    "variance": 0.004228414397825825,
    "error": 6.502625929442524e-5,
    "mean": 0.8896432087402344
  },
  "energy": {
    "variance": 0.001866384212477963,
    "error": 4.320166909365844e-5,
    "mean": -0.91002375
  },
  "magnetization": {
    "variance": 0.0012595849555983832,
    "error": 3.549063194137832e-5,
    "mean": -0.942541046875
  },
  "sqr_energy": {
    "variance": 0.006023829022416671,
    "error": 7.761333018506983e-5,
    "mean": 0.8300096079101562
  }
}
