{
  "sqr_magnetization": {
    "variance": 0.00634958362838926,
    "error": 7.96842746618758e-5,
    "mean": 0.06365011492919923
  },
  "energy": {
    "variance": 0.003877712251125337,
    "error": 6.227127950448214e-5,
    "mean": -0.44441484375
  },
  "magnetization": {
    "variance": 0.06353146466774244,
    "error": 0.00025205448749772826,
    "mean": 0.0108955859375
  },
  "sqr_energy": {
    "variance": 0.0031684694927409615,
    "error": 5.6289159637899744e-5,
    "mean": 0.20138226171875
  }
}
