{
  "energy": {
    "variance": 0.003161335970419466,
    "error": 5.6225758958145386e-5,
    "mean": -0.860936125
  },
  "magnetization": {
    "variance": 0.004007352678973529,
    "error": 6.330365454674421e-5,
    "mean": 0.900166859375
  }
}
