{
  "sqr_magnetization": {
    "variance": 0.028473677910062736,
    "error": 0.00016874145285039697,
    "mean": 0.18183642767333985
  },
  "energy": {
    "variance": 0.005886329138641396,
    "error": 7.672241614183821e-5,
    "mean": -0.549578484375
  },
  "magnetization": {
    "variance": 0.1818326392317964,
    "error": 0.0004264183851943961,
    "mean": -0.0019925546875
  },
  "sqr_energy": {
    "variance": 0.007472440075324647,
    "error": 8.644327663459228e-5,
    "mean": 0.3079228337402344
  }
}
