{
  "sqr_magnetization": {
    "variance": 0.003485564145017025,
    "error": 5.9038666524719416e-5,
    "mean": 0.9024545641479492
  },
  "abs_magnetization": {
    "variance": 0.0010182664012155596,
    "error": 3.1910286761725596e-5,
    "mean": 0.9494399921875
  },
  "energy": {
    "variance": 0.0016221002106240746,
    "error": 4.0275305220743824e-5,
    "mean": -0.9192931640625
  },
  "magnetization": {
    "variance": 0.0010182664012155596,
    "error": 3.1910286761725596e-5,
    "mean": -0.9494399921875
  },
  "sqr_energy": {
    "variance": 0.005350198771234569,
    "error": 7.31450529512049e-5,
    "mean": 0.8467220200805664
  }
}
