{
  "sqr_magnetization": {
    "variance": 0.038181383720595596,
    "error": 0.00019540057246742037,
    "mean": 0.2195515030517578
  },
  "abs_magnetization": {
    "variance": 0.0529970825090393,
    "error": 0.0002302109521917654,
    "mean": 0.408110859375
  },
  "energy": {
    "variance": 0.006787041898108243,
    "error": 8.238350501227927e-5,
    "mean": -0.5755565078125
  },
  "magnetization": {
    "variance": 0.21955007049327266,
    "error": 0.00046856170404043125,
    "mean": -0.00128534375
  },
  "sqr_energy": {
    "variance": 0.009503269370196502,
    "error": 9.748471352061563e-5,
    "mean": 0.3380523287963867
  }
}
