{
  "sqr_magnetization": {
    "variance": 0.007194432739431564,
    "error": 8.482000200089343e-5,
    "mean": 0.0669196700439453
  },
  "energy": {
    "variance": 0.004104188805571617,
    "error": 6.406394310040256e-5,
    "mean": -0.45242275
  },
  "magnetization": {
    "variance": 0.0669197356856185,
    "error": 0.0002586884915987151,
    "mean": -3.575e-5
  },
  "sqr_energy": {
    "variance": 0.003494249299520146,
    "error": 5.911217556070954e-5,
    "mean": 0.20879052941894533
  }
}
