{
  "sqr_magnetization": {
    "variance": 0.0017535432729143573,
    "error": 4.1875330123049266e-5,
    "mean": 0.9394858370361329
  },
  "abs_magnetization": {
    "variance": 0.00048271582771558313,
    "error": 2.197079488128691e-5,
    "mean": 0.969021734375
  },
  "energy": {
    "variance": 0.0009943546724396337,
    "error": 3.15333898025511e-5,
    "mean": -0.94748815625
  },
  "magnetization": {
    "variance": 0.00048271582771558313,
    "error": 2.197079488128691e-5,
    "mean": 0.969021734375
  },
  "sqr_energy": {
    "variance": 0.0034935856534246365,
    "error": 5.9106561847434814e-5,
    "mean": 0.8987281599121094
  }
}
