{
  "sqr_magnetization": {
    "variance": 0.0020868593623523833,
    "error": 4.568215584177681e-5,
    "mean": 0.03402282012939453
  },
  "energy": {
    "variance": 0.0032337169382393983,
    "error": 5.686578002840899e-5,
    "mean": -0.37547384375
  },
  "magnetization": {
    "variance": 0.03397357447077851,
    "error": 0.0001843192189403441,
    "mean": -0.0070199453125
  },
  "sqr_energy": {
    "variance": 0.0018872579679118811,
    "error": 4.3442582426829566e-5,
    "mean": 0.14421432104492188
  }
}
