{
  "sqr_magnetization": {
    "variance": 0.002571858053682296,
    "error": 5.071348985903352e-5,
    "mean": 0.9207307189941406
  },
  "energy": {
    "variance": 0.0013336523324404177,
    "error": 3.651920498094692e-5,
    "mean": -0.93282565625
  },
  "magnetization": {
    "variance": 0.0007292959125280906,
    "error": 2.7005479305653706e-5,
    "mean": 0.959167046875
  },
  "sqr_energy": {
    "variance": 0.004530629512998525,
    "error": 6.730995106964887e-5,
    "mean": 0.8714973559570313
  }
}
