{
  "sqr_magnetization": {
    "variance": 0.028509346229252688,
    "error": 0.00016884710903433524,
    "mean": 0.17073295196533203
  },
  "abs_magnetization": {
    "variance": 0.04644310992117089,
    "error": 0.00021550663544580453,
    "mean": 0.3525477109375
  },
  "energy": {
    "variance": 0.005957317921265614,
    "error": 7.718366356467937e-5,
    "mean": -0.5465680390625
  },
  "magnetization": {
    "variance": 0.170732720771771,
    "error": 0.0004131981616268047,
    "mean": 0.0006339765625
  },
  "sqr_energy": {
    "variance": 0.007542440769298878,
    "error": 8.684722660683459e-5,
    "mean": 0.3046939332885742
  }
}
