{
  "energy": {
    "variance": 0.00815081507716212,
    "error": 9.02818646083593e-5,
    "mean": -0.691976970703125
  },
  "magnetization": {
    "variance": 0.46660638517515174,
    "error": 0.0006830859281050604,
    "mean": 0.0177025546875
  }
}
