{
  "sqr_magnetization": {
    "variance": 0.0024747874562415675,
    "error": 4.974723566432177e-5,
    "mean": 0.9231385185546875
  },
  "energy": {
    "variance": 0.0012927894122639605,
    "error": 3.595538085271745e-5,
    "mean": -0.9347166171875
  },
  "magnetization": {
    "variance": 0.0007000386269797889,
    "error": 2.645824308187883e-5,
    "mean": -0.960436609375
  },
  "sqr_energy": {
    "variance": 0.00440914242979717,
    "error": 6.640137370414237e-5,
    "mean": 0.8749879425659179
  }
}
