{
  "energy": {
    "variance": 0.0032215332992230825,
    "error": 5.6758552652645063e-5,
    "mean": -0.368250912109375
  },
  "magnetization": {
    "variance": 0.032345730137917396,
    "error": 0.00017984918720393873,
    "mean": -0.001693734375
  }
}
