{
  "sqr_magnetization": {
    "variance": 0.001724434102526934,
    "error": 4.152630615076344e-5,
    "mean": 0.9405180004882813
  },
  "energy": {
    "variance": 0.0009976746821861568,
    "error": 3.1585988700469026e-5,
    "mean": -0.948276109375
  },
  "magnetization": {
    "variance": 0.0004738312605500106,
    "error": 2.1767665482315982e-5,
    "mean": -0.96955875
  },
  "sqr_energy": {
    "variance": 0.0035059974437978867,
    "error": 5.921146378698881e-5,
    "mean": 0.9002252532958984
  }
}
