{
  "sqr_magnetization": {
    "variance": 0.0015360200468129699,
    "error": 3.919209163610651e-5,
    "mean": 0.9449985638427735
  },
  "abs_magnetization": {
    "variance": 0.0004190376974009784,
    "error": 2.047041028902397e-5,
    "mean": 0.9718948125
  },
  "energy": {
    "variance": 0.0009036083661908241,
    "error": 3.0060079277853278e-5,
    "mean": -0.9518809140625
  },
  "magnetization": {
    "variance": 0.0004190376974009784,
    "error": 2.047041028902397e-5,
    "mean": -0.9718948125
  },
  "sqr_energy": {
    "variance": 0.003205341785661435,
    "error": 5.661573796800175e-5,
    "mean": 0.9069808820190429
  }
}
