{
  "sqr_magnetization": {
    "variance": 0.003664401579009651,
    "error": 6.0534300846789755e-5,
    "mean": 0.8990128726806641
  },
  "abs_magnetization": {
    "variance": 0.001076737794114503,
    "error": 3.2813683031846685e-5,
    "mean": 0.947594921875
  },
  "energy": {
    "variance": 0.0016798271742919568,
    "error": 4.098569475185161e-5,
    "mean": -0.9167684921875
  },
  "magnetization": {
    "variance": 0.001076737794114503,
    "error": 3.2813683031846685e-5,
    "mean": -0.947594921875
  },
  "sqr_energy": {
    "variance": 0.005509473674439677,
    "error": 7.422582889021635e-5,
    "mean": 0.842144293762207
  }
}
