{
  "sqr_magnetization": {
    "variance": 0.00448944491461829,
    "error": 6.700332017608001e-5,
    "mean": 0.8854160288696289
  },
  "energy": {
    "variance": 0.0019457487194398824,
    "error": 4.411064179356136e-5,
    "mean": -0.907077640625
  },
  "magnetization": {
    "variance": 0.0013453066015306613,
    "error": 3.6678421469995965e-5,
    "mean": -0.9402503515625
  },
  "sqr_energy": {
    "variance": 0.0062363226825862235,
    "error": 7.897039117660632e-5,
    "mean": 0.8247355928955078
  }
}
