{
  "sqr_magnetization": {
    "variance": 0.013634545525350197,
    "error": 0.0001167670566784579,
    "mean": 0.10020365734863282
  },
  "abs_magnetization": {
    "variance": 0.031774957774477065,
    "error": 0.00017825531625866609,
    "mean": 0.261588859375
  },
  "energy": {
    "variance": 0.004655911184075184,
    "error": 6.823423762360933e-5,
    "mean": -0.4923587421875
  },
  "magnetization": {
    "variance": 0.10020194044657325,
    "error": 0.00031654690086395295,
    "mean": -0.001348
  },
  "sqr_energy": {
    "variance": 0.004740721933586521,
    "error": 6.88529006911584e-5,
    "mean": 0.2470730375366211
  }
}
