{
  "sqr_magnetization": {
    "variance": 0.010624196820287484,
    "error": 0.00010307374457293906,
    "mean": 0.8066657260742187
  },
  "energy": {
    "variance": 0.003277240188680558,
    "error": 5.7247184984770716e-5,
    "mean": -0.8556428203125
  },
  "magnetization": {
    "variance": 0.0037599313232006097,
    "error": 6.131827886691381e-5,
    "mean": 0.896050109375
  },
  "sqr_energy": {
    "variance": 0.00931485150010753,
    "error": 9.651347833389662e-5,
    "mean": 0.7354018728637696
  }
}
