{
  "sqr_magnetization": {
    "variance": 0.0025930688545338153,
    "error": 5.092218430638866e-5,
    "mean": 0.9198724981079102
  },
  "energy": {
    "variance": 0.0013453506065105186,
    "error": 3.667902134068627e-5,
    "mean": -0.932152609375
  },
  "magnetization": {
    "variance": 0.000735725729278891,
    "error": 2.712426458503329e-5,
    "mean": 0.9587162109375
  },
  "sqr_energy": {
    "variance": 0.00456440797072927,
    "error": 6.75604023872658e-5,
    "mean": 0.8702538364257812
  }
}
