{
  "sqr_magnetization": {
    "variance": 0.008520990141052835,
    "error": 9.230920940541543e-5,
    "mean": 0.07511955535888672
  },
  "abs_magnetization": {
    "variance": 0.024863261605588202,
    "error": 0.0001576808853526267,
    "mean": 0.2241792109375
  },
  "energy": {
    "variance": 0.004152968212776563,
    "error": 6.444352731482475e-5,
    "mean": -0.463107109375
  },
  "magnetization": {
    "variance": 0.07511680495107735,
    "error": 0.00027407445147455345,
    "mean": -0.0016809296875
  },
  "sqr_energy": {
    "variance": 0.0037132059538356257,
    "error": 6.093608088674251e-5,
    "mean": 0.21862115881347657
  }
}
