{
  "sqr_magnetization": {
    "variance": 0.0015308489675506859,
    "error": 3.9126065066023266e-5,
    "mean": 0.9453557572021485
  },
  "energy": {
    "variance": 0.0009177938873270295,
    "error": 3.0295113258197756e-5,
    "mean": -0.9521446328125
  },
  "magnetization": {
    "variance": 0.0004167172588031963,
    "error": 2.0413653734772624e-5,
    "mean": -0.97207975
  },
  "sqr_energy": {
    "variance": 0.003252665733784273,
    "error": 5.703214649462418e-5,
    "mean": 0.9074971947631836
  }
}
