{
  "sqr_magnetization": {
    "variance": 0.0058379909550745485,
    "error": 7.640674679028384e-5,
    "mean": 0.8672773718261719
  },
  "abs_magnetization": {
    "variance": 0.0018403606475811067,
    "error": 4.2899424793126385e-5,
    "mean": 0.930288671875
  },
  "energy": {
    "variance": 0.002233770957315329,
    "error": 4.726278617808443e-5,
    "mean": -0.8947413515625
  },
  "magnetization": {
    "variance": 0.0018403606475811067,
    "error": 4.2899424793126385e-5,
    "mean": 0.930288671875
  },
  "sqr_energy": {
    "variance": 0.006957763821953548,
    "error": 8.341321131543581e-5,
    "mean": 0.8027958549194336
  }
}
