{
  "sqr_magnetization": {
    "variance": 0.05260610387287179,
    "error": 0.00022936020551279552,
    "mean": 0.5134013037719727
  },
  "abs_magnetization": {
    "variance": 0.04127489083880142,
    "error": 0.00020316222788402724,
    "mean": 0.6871145859375
  },
  "energy": {
    "variance": 0.00787285266910047,
    "error": 8.872909708263953e-5,
    "mean": -0.712315046875
  },
  "magnetization": {
    "variance": 0.5131349451191233,
    "error": 0.0007163343808020967,
    "mean": -0.0163362109375
  },
  "sqr_energy": {
    "variance": 0.015661119420907855,
    "error": 0.00012514439428479347,
    "mean": 0.5152655708007813
  }
}
