{
  "sqr_magnetization": {
    "variance": 0.005654789770161403,
    "error": 7.519833621936993e-5,
    "mean": 0.05815915692138672
  },
  "energy": {
    "variance": 0.003818345988750041,
    "error": 6.17927664759399e-5,
    "mean": -0.438136796875
  },
  "magnetization": {
    "variance": 0.058157683576139076,
    "error": 0.00024115904207833277,
    "mean": -0.0012375390625
  },
  "sqr_energy": {
    "variance": 0.0030400424850358754,
    "error": 5.513658028057122e-5,
    "mean": 0.19578219494628907
  }
}
