{
  "energy": {
    "variance": 0.0021428595500374045,
    "error": 4.629103098913875e-5,
    "mean": -0.898322533203125
  },
  "magnetization": {
    "variance": 0.0017162847061669689,
    "error": 4.14280666477084e-5,
    "mean": 0.9331532265625
  }
}
