{
  "sqr_magnetization": {
    "variance": 0.006782797103312879,
    "error": 8.235773857575788e-5,
    "mean": 0.06555992352294922
  },
  "energy": {
    "variance": 0.003940717301649859,
    "error": 6.277513282861183e-5,
    "mean": -0.4496128203125
  },
  "magnetization": {
    "variance": 0.06552347790107256,
    "error": 0.0002559755416071476,
    "mean": 0.0060424453125
  },
  "sqr_energy": {
    "variance": 0.0033040653543555346,
    "error": 5.748099994220294e-5,
    "mean": 0.20609240155029296
  }
}
