{
  "sqr_magnetization": {
    "variance": 0.01600888246570943,
    "error": 0.0001265262125636796,
    "mean": 0.7730072473144531
  },
  "abs_magnetization": {
    "variance": 0.006887142933330434,
    "error": 8.298881209735704e-5,
    "mean": 0.875282875
  },
  "energy": {
    "variance": 0.003942896939212311,
    "error": 6.279249110532494e-5,
    "mean": -0.8370368203125
  },
  "magnetization": {
    "variance": 0.7654927645988104,
    "error": 0.0008749244336505927,
    "mean": -0.08669053125
  },
  "sqr_energy": {
    "variance": 0.010646490799386945,
    "error": 0.00010318183366943499,
    "mean": 0.7045735315551758
  }
}
