{
  "energy": {
    "variance": 0.0013246532444459685,
    "error": 3.639578608089086e-5,
    "mean": -0.932855109375
  },
  "magnetization": {
    "variance": 0.0007434042136751491,
    "error": 2.7265439913471947e-5,
    "mean": 0.9590741484375
  }
}
