{
  "sqr_magnetization": {
    "variance": 0.013294118207107745,
    "error": 0.00011530012232043705,
    "mean": 0.0990399058227539
  },
  "abs_magnetization": {
    "variance": 0.03137674650164878,
    "error": 0.00017713482577305,
    "mean": 0.2601214921875
  },
  "energy": {
    "variance": 0.0046600561160558725,
    "error": 6.82646036834308e-5,
    "mean": -0.490069765625
  },
  "magnetization": {
    "variance": 0.09903637616154454,
    "error": 0.00031470045465735273,
    "mean": -0.0019049140625
  },
  "sqr_energy": {
    "variance": 0.00469935987041522,
    "error": 6.855187722021346e-5,
    "mean": 0.2448284266357422
  }
}
