{
  "sqr_magnetization": {
    "variance": 0.0017526032579375116,
    "error": 4.186410464750813e-5,
    "mean": 0.9398098969116211
  },
  "energy": {
    "variance": 0.0010090495571315275,
    "error": 3.176554040358085e-5,
    "mean": -0.9477255078125
  },
  "magnetization": {
    "variance": 0.0004819890729704574,
    "error": 2.1954249542411088e-5,
    "mean": -0.9691893046875
  },
  "sqr_energy": {
    "variance": 0.0035421336597201585,
    "error": 5.9515826968296076e-5,
    "mean": 0.899192686706543
  }
}
