{
  "sqr_magnetization": {
    "variance": 0.006976143429314899,
    "error": 8.352331069417028e-5,
    "mean": 0.8479209569091797
  },
  "energy": {
    "variance": 0.0025638098750876475,
    "error": 5.0634078199248844e-5,
    "mean": -0.8813844140625
  },
  "magnetization": {
    "variance": 0.0022540978361202963,
    "error": 4.747734023847899e-5,
    "mean": 0.91960146875
  },
  "sqr_energy": {
    "variance": 0.007751561250227878,
    "error": 8.804295116718817e-5,
    "mean": 0.7794022926635742
  }
}
