{
  "sqr_magnetization": {
    "variance": 0.02977515023809661,
    "error": 0.00017255477460243344,
    "mean": 0.6850382739868164
  },
  "abs_magnetization": {
    "variance": 0.016508754934326166,
    "error": 0.00012848639980296033,
    "mean": 0.8176365546875
  },
  "energy": {
    "variance": 0.005545955104271511,
    "error": 7.44711696179905e-5,
    "mean": -0.7914149375
  },
  "magnetization": {
    "variance": 0.6785087456390628,
    "error": 0.0008237164230723234,
    "mean": 0.0808096953125
  },
  "sqr_energy": {
    "variance": 0.013324147286924482,
    "error": 0.00011543027023672986,
    "mean": 0.6318835528564453
  }
}
