{
  "sqr_magnetization": {
    "variance": 0.004074432083589705,
    "error": 6.383127825439269e-5,
    "mean": 0.047971988708496095
  },
  "energy": {
    "variance": 0.0036122853695195003,
    "error": 6.010229088412105e-5,
    "mean": -0.415464265625
  },
  "magnetization": {
    "variance": 0.04796632954046473,
    "error": 0.0002190121675625917,
    "mean": -0.0023889609375
  },
  "sqr_energy": {
    "variance": 0.002583458661128294,
    "error": 5.082773515639167e-5,
    "mean": 0.17622283776855469
  }
}
