{
  "sqr_magnetization": {
    "variance": 0.03831269792120521,
    "error": 0.00019573629689254165,
    "mean": 0.22303331860351563
  },
  "energy": {
    "variance": 0.006788285492289338,
    "error": 8.239105225866057e-5,
    "mean": -0.5762749921875
  },
  "magnetization": {
    "variance": 0.22290371791517083,
    "error": 0.0004721268027926087,
    "mean": 0.011394015625
  },
  "sqr_energy": {
    "variance": 0.009525753918283685,
    "error": 9.759996884366144e-5,
    "mean": 0.33888114532470703
  }
}
