{
  "sqr_magnetization": {
    "variance": 0.014949807554880477,
    "error": 0.00012226940563722584,
    "mean": 0.10794820068359375
  },
  "energy": {
    "variance": 0.0048045896111753045,
    "error": 6.931514705441592e-5,
    "mean": -0.499412734375
  },
  "magnetization": {
    "variance": 0.10790354767857478,
    "error": 0.00032848675419044644,
    "mean": -0.006690359375
  },
  "sqr_energy": {
    "variance": 0.005032935974031642,
    "error": 7.094318835541325e-5,
    "mean": 0.2542176640625
  }
}
