{
  "sqr_magnetization": {
    "variance": 0.00350777358072749,
    "error": 5.9226460140105365e-5,
    "mean": 0.04489086358642578
  },
  "abs_magnetization": {
    "variance": 0.01563048086015121,
    "error": 0.000125021921518393,
    "mean": 0.1710567109375
  },
  "energy": {
    "variance": 0.003533134158140934,
    "error": 5.9440172931620365e-5,
    "mean": -0.4081985703125
  },
  "magnetization": {
    "variance": 0.04489003756464639,
    "error": 0.00021187269188039875,
    "mean": 0.0009332265625
  },
  "sqr_energy": {
    "variance": 0.00243253238163115,
    "error": 4.932070945993326e-5,
    "mean": 0.1701592034301758
  }
}
