{
  "sqr_magnetization": {
    "variance": 0.04315574841337272,
    "error": 0.00020773961686056108,
    "mean": 0.2530063794555664
  },
  "energy": {
    "variance": 0.007212256543396925,
    "error": 8.492500540710565e-5,
    "mean": -0.591271984375
  },
  "magnetization": {
    "variance": 0.25255927944168416,
    "error": 0.0005025527628435488,
    "mean": 0.0211507109375
  },
  "sqr_energy": {
    "variance": 0.010595990183971834,
    "error": 0.00010293682617980716,
    "mean": 0.35681480883789063
  }
}
