{
  "sqr_magnetization": {
    "variance": 0.00397727512937394,
    "error": 6.30656414331444e-5,
    "mean": 0.8985748571166993
  },
  "energy": {
    "variance": 0.001723486744896351,
    "error": 4.151489786686643e-5,
    "mean": -0.9168959765625
  },
  "magnetization": {
    "variance": 0.0011889981805484125,
    "error": 3.448185291640245e-5,
    "mean": -0.9473045234375
  },
  "sqr_energy": {
    "variance": 0.005644353315943938,
    "error": 7.512891131877221e-5,
    "mean": 0.8424217168579101
  }
}
