{
  "sqr_magnetization": {
    "variance": 0.007195161938957237,
    "error": 8.482430040358269e-5,
    "mean": 0.06790753228759766
  },
  "abs_magnetization": {
    "variance": 0.02269532377619383,
    "error": 0.0001506496723401476,
    "mean": 0.2126316796875
  },
  "energy": {
    "variance": 0.004030650131211654,
    "error": 6.348740135815652e-5,
    "mean": -0.45270484375
  },
  "magnetization": {
    "variance": 0.06790656248585442,
    "error": 0.00026058887636630696,
    "mean": -0.0010186796875
  },
  "sqr_energy": {
    "variance": 0.003433961736440451,
    "error": 5.8600014816042925e-5,
    "mean": 0.20897232165527344
  }
}
