{
  "sqr_magnetization": {
    "variance": 0.024641572279811067,
    "error": 0.0001569763430578349,
    "mean": 0.7099793510742187
  },
  "energy": {
    "variance": 0.0050468063645553885,
    "error": 7.104087812348175e-5,
    "mean": -0.80289921875
  },
  "magnetization": {
    "variance": 0.113360035653438,
    "error": 0.00033668982113131663,
    "mean": 0.7724114375
  },
  "sqr_energy": {
    "variance": 0.012508870449396827,
    "error": 0.00011184306169538112,
    "mean": 0.6496939567871094
  }
}
