{
  "sqr_magnetization": {
    "variance": 0.019818504086921263,
    "error": 0.00014077820884966986,
    "mean": 0.7399417765502929
  },
  "energy": {
    "variance": 0.004431367654022928,
    "error": 6.656851849052168e-5,
    "mean": -0.81839840625
  },
  "magnetization": {
    "variance": 0.23721028574646483,
    "error": 0.0004870423859855165,
    "mean": 0.7090357734375
  },
  "sqr_energy": {
    "variance": 0.011447016529554434,
    "error": 0.00010699073104505097,
    "mean": 0.6742073145751953
  }
}
