{
  "sqr_magnetization": {
    "variance": 0.003425756383250435,
    "error": 5.852996141507728e-5,
    "mean": 0.04394929418945313
  },
  "energy": {
    "variance": 0.0035732090751811824,
    "error": 5.977632537368939e-5,
    "mean": -0.4034619765625
  },
  "magnetization": {
    "variance": 0.04394045577417623,
    "error": 0.0002096197886035005,
    "mean": -0.002980328125
  },
  "sqr_energy": {
    "variance": 0.002415217711859217,
    "error": 4.914486455225222e-5,
    "mean": 0.1663547720336914
  }
}
