{
  "sqr_magnetization": {
    "variance": 0.0016075500890108216,
    "error": 4.009426503891575e-5,
    "mean": 0.943200555847168
  },
  "abs_magnetization": {
    "variance": 0.0004399199964257948,
    "error": 2.097426986633372e-5,
    "mean": 0.9709586171875
  },
  "energy": {
    "variance": 0.0009333073512662748,
    "error": 3.0550079398690195e-5,
    "mean": -0.9504443828125
  },
  "magnetization": {
    "variance": 0.0004399199964257948,
    "error": 2.097426986633372e-5,
    "mean": -0.9709586171875
  },
  "sqr_energy": {
    "variance": 0.0033002816394548645,
    "error": 5.744807776988595e-5,
    "mean": 0.9042778312377929
  }
}
