{
  "sqr_magnetization": {
    "variance": 0.0526688206589656,
    "error": 0.00022949688594611824,
    "mean": 0.33653889721679686
  },
  "energy": {
    "variance": 0.008147032892321951,
    "error": 9.02609156408351e-5,
    "mean": -0.632789625
  },
  "magnetization": {
    "variance": 0.33553653875852996,
    "error": 0.0005792551585946645,
    "mean": -0.03166534375
  },
  "sqr_energy": {
    "variance": 0.013463835981735445,
    "error": 0.00011603377086751704,
    "mean": 0.4085697342529297
  }
}
