{
  "sqr_magnetization": {
    "variance": 0.0030334389447264328,
    "error": 5.5076664248358695e-5,
    "mean": 0.0418156187133789
  },
  "energy": {
    "variance": 0.0034657714701503755,
    "error": 5.8870803206261556e-5,
    "mean": -0.3998983125
  },
  "magnetization": {
    "variance": 0.04179221365014816,
    "error": 0.00020443143997474593,
    "mean": 0.0048421953125
  },
  "sqr_energy": {
    "variance": 0.002281584079012714,
    "error": 4.776593010727117e-5,
    "mean": 0.16338442834472655
  }
}
