{
  "sqr_magnetization": {
    "variance": 0.052260905524338985,
    "error": 0.0002286064424383945,
    "mean": 0.5067678829956055
  },
  "energy": {
    "variance": 0.007792875879052087,
    "error": 8.82772670569954e-5,
    "mean": -0.7092770859375
  },
  "magnetization": {
    "variance": 0.4994234652519222,
    "error": 0.0007066989919703594,
    "mean": -0.0857024921875
  },
  "sqr_energy": {
    "variance": 0.015424761170999234,
    "error": 0.00012419646199066716,
    "mean": 0.5108668527221679
  }
}
