{
  "sqr_magnetization": {
    "variance": 0.0025399597441492765,
    "error": 5.0398013295657565e-5,
    "mean": 0.9215514028320313
  },
  "energy": {
    "variance": 0.0013199876422884233,
    "error": 3.633163418136354e-5,
    "mean": -0.9334794375
  },
  "magnetization": {
    "variance": 0.0007196034015994955,
    "error": 2.682542453717174e-5,
    "mean": -0.9595998125
  },
  "sqr_energy": {
    "variance": 0.00449055363378324,
    "error": 6.701159327894867e-5,
    "mean": 0.8727038465576172
  }
}
