{
  "sqr_magnetization": {
    "variance": 0.012076433396673705,
    "error": 0.0001098928268663324,
    "mean": 0.09165552606201172
  },
  "energy": {
    "variance": 0.004529475414904857,
    "error": 6.730137751119852e-5,
    "mean": -0.484314984375
  },
  "magnetization": {
    "variance": 0.09160692725651069,
    "error": 0.0003026663629419541,
    "mean": -0.0069778515625
  },
  "sqr_energy": {
    "variance": 0.00447499664895675,
    "error": 6.689541575442034e-5,
    "mean": 0.23909047497558594
  }
}
