{
  "sqr_magnetization": {
    "variance": 0.0019635681068163884,
    "error": 4.4312166577773966e-5,
    "mean": 0.9341283090209961
  },
  "abs_magnetization": {
    "variance": 0.0005445187669967329,
    "error": 2.333492590510484e-5,
    "mean": 0.9662213984375
  },
  "energy": {
    "variance": 0.001084713840426182,
    "error": 3.2934994161623616e-5,
    "mean": -0.9432448984375
  },
  "magnetization": {
    "variance": 0.0005445187669967329,
    "error": 2.333492590510484e-5,
    "mean": -0.9662213984375
  },
  "sqr_energy": {
    "variance": 0.0037755443905151246,
    "error": 6.144545866469812e-5,
    "mean": 0.890795651184082
  }
}
