{
  "sqr_magnetization": {
    "variance": 0.021341487914959566,
    "error": 0.00014608726130282395,
    "mean": 0.7360831994628906
  },
  "abs_magnetization": {
    "variance": 0.010082956980362988,
    "error": 0.00010041392821896267,
    "mean": 0.852056484375
  },
  "energy": {
    "variance": 0.004614372068537046,
    "error": 6.79291694968888e-5,
    "mean": -0.8172165546875
  },
  "magnetization": {
    "variance": 0.6858061377400283,
    "error": 0.0008281341302832702,
    "mean": -0.224227
  },
  "sqr_energy": {
    "variance": 0.011849617408847147,
    "error": 0.00010885594797183636,
    "mean": 0.6724572647094726
  }
}
