{
  "sqr_magnetization": {
    "variance": 0.006999402628477136,
    "error": 8.366243259956727e-5,
    "mean": 0.8527629530639649
  },
  "abs_magnetization": {
    "variance": 0.0022845673347913955,
    "error": 4.7797147768369985e-5,
    "mean": 0.9222138515625
  },
  "energy": {
    "variance": 0.0024876804565495355,
    "error": 4.987665241923856e-5,
    "mean": -0.8851328671875
  },
  "magnetization": {
    "variance": 0.0022845673347913955,
    "error": 4.7797147768369985e-5,
    "mean": -0.9222138515625
  },
  "sqr_energy": {
    "variance": 0.007573894394969374,
    "error": 8.702812416092498e-5,
    "mean": 0.7859478705444336
  }
}
