{
  "sqr_magnetization": {
    "variance": 0.003414639072953572,
    "error": 5.8434913133789905e-5,
    "mean": 0.9059457346191406
  },
  "energy": {
    "variance": 0.0015851246378978312,
    "error": 3.981362377249566e-5,
    "mean": -0.922070765625
  },
  "magnetization": {
    "variance": 0.0009965199386254076,
    "error": 3.156770404425079e-5,
    "mean": -0.9512881875
  },
  "sqr_energy": {
    "variance": 0.00525513842632636,
    "error": 7.249233356932552e-5,
    "mean": 0.8517996198730469
  }
}
