{
  "sqr_magnetization": {
    "variance": 0.029102763963208562,
    "error": 0.00017059532221959828,
    "mean": 0.6855197674560547
  },
  "energy": {
    "variance": 0.005529359738480588,
    "error": 7.435966472813461e-5,
    "mean": -0.791144859375
  },
  "magnetization": {
    "variance": 0.5864307576618124,
    "error": 0.000765787671395807,
    "mean": 0.314785
  },
  "sqr_energy": {
    "variance": 0.013283398484487946,
    "error": 0.0001152536267736853,
    "mean": 0.6314395427246093
  }
}
