{
  "sqr_magnetization": {
    "variance": 0.029210960396089277,
    "error": 0.000170912142330758,
    "mean": 0.6899013822021485
  },
  "abs_magnetization": {
    "variance": 0.015992136600480107,
    "error": 0.00012646001977099366,
    "mean": 0.820919765625
  },
  "energy": {
    "variance": 0.0054825137112627376,
    "error": 7.404399848240732e-5,
    "mean": -0.79396309375
  },
  "magnetization": {
    "variance": 0.6786585402276564,
    "error": 0.0008238073441209761,
    "mean": 0.10603546875
  },
  "sqr_energy": {
    "variance": 0.013252080055408883,
    "error": 0.00011511767916097372,
    "mean": 0.6358599024658204
  }
}
