{
  "sqr_magnetization": {
    "variance": 0.005617597575378618,
    "error": 7.495063425601292e-5,
    "mean": 0.8705643533325196
  },
  "abs_magnetization": {
    "variance": 0.0017642418584405274,
    "error": 4.200287916846329e-5,
    "mean": 0.9320944765625
  },
  "energy": {
    "variance": 0.0021767409745607376,
    "error": 4.6655556738300074e-5,
    "mean": -0.8969827265625
  },
  "magnetization": {
    "variance": 0.0017642418584405274,
    "error": 4.200287916846329e-5,
    "mean": 0.9320944765625
  },
  "sqr_energy": {
    "variance": 0.006814616986521968,
    "error": 8.25506934345313e-5,
    "mean": 0.8067547505493164
  }
}
