{
  "energy": {
    "variance": 3.8088397701434777e-7,
    "error": 6.171579838374838e-7,
    "mean": -0.9999756328125
  },
  "magnetization": {
    "variance": 9.531054452929446e-8,
    "error": 3.0872405887668437e-7,
    "mean": 0.9999878125
  }
}
