{
  "sqr_magnetization": {
    "variance": 0.015205491667753507,
    "error": 0.00012331054970177331,
    "mean": 0.10882946209716797
  },
  "abs_magnetization": {
    "variance": 0.03367467869030216,
    "error": 0.0001835066175654223,
    "mean": 0.2741437890625
  },
  "energy": {
    "variance": 0.004804341843835925,
    "error": 6.931335977887613e-5,
    "mean": -0.4998326328125
  },
  "magnetization": {
    "variance": 0.10881851939460332,
    "error": 0.00032987652143582957,
    "mean": 0.0033243828125
  },
  "sqr_energy": {
    "variance": 0.0050419561722299605,
    "error": 7.100673328797742e-5,
    "mean": 0.25463699786376953
  }
}
