{
  "sqr_magnetization": {
    "variance": 0.0027729263692011182,
    "error": 5.265858305348824e-5,
    "mean": 0.9159973246459961
  },
  "abs_magnetization": {
    "variance": 0.0007906438861413833,
    "error": 2.811839053255686e-5,
    "mean": 0.9566643515625
  },
  "energy": {
    "variance": 0.0013896032647643366,
    "error": 3.727738275099711e-5,
    "mean": -0.9293143046875
  },
  "magnetization": {
    "variance": 0.0007906438861413833,
    "error": 2.811839053255686e-5,
    "mean": -0.9566643515625
  },
  "sqr_energy": {
    "variance": 0.004690020547460605,
    "error": 6.848372469032774e-5,
    "mean": 0.8650146787719727
  }
}
