{
  "sqr_magnetization": {
    "variance": 0.004578570010448276,
    "error": 6.766513142267793e-5,
    "mean": 0.05229954949951172
  },
  "energy": {
    "variance": 0.0036837324065878752,
    "error": 6.069375920626333e-5,
    "mean": -0.4272901875
  },
  "magnetization": {
    "variance": 0.05229921213992253,
    "error": 0.00022869020997830783,
    "mean": 0.0006242265625
  },
  "sqr_energy": {
    "variance": 0.0027737208374094837,
    "error": 5.2666126090775686e-5,
    "mean": 0.18626063305664062
  }
}
