{
  "sqr_magnetization": {
    "variance": 0.043880028247256994,
    "error": 0.000209475602988169,
    "mean": 0.591695555480957
  },
  "abs_magnetization": {
    "variance": 0.029884823322208025,
    "error": 0.00017287227459083203,
    "mean": 0.7495403671875
  },
  "energy": {
    "variance": 0.006987964595861995,
    "error": 8.359404641397612e-5,
    "mean": -0.7472164296875
  },
  "magnetization": {
    "variance": 0.5902517401729751,
    "error": 0.000768278426205614,
    "mean": -0.0380053359375
  },
  "sqr_energy": {
    "variance": 0.015085994652517632,
    "error": 0.0001228250571036612,
    "mean": 0.565320350402832
  }
}
