{
  "energy": {
    "variance": 0.0019513460570015594,
    "error": 4.4174042796664644e-5,
    "mean": -0.01986941015625
  },
  "magnetization": {
    "variance": 0.004234250698278468,
    "error": 6.507112030907774e-5,
    "mean": 9.20859375e-5
  }
}
