{
  "sqr_magnetization": {
    "variance": 0.054648195665352894,
    "error": 0.00023376953536625102,
    "mean": 0.3559236113891602
  },
  "energy": {
    "variance": 0.008189089381359342,
    "error": 9.04935875151347e-5,
    "mean": -0.6421070859375
  },
  "magnetization": {
    "variance": 0.35461892611148904,
    "error": 0.0005954988884217073,
    "mean": 0.0361253359375
  },
  "sqr_energy": {
    "variance": 0.013829689266412601,
    "error": 0.00011759969926157381,
    "mean": 0.42049059100341796
  }
}
