{
  "sqr_magnetization": {
    "variance": 0.0100846451386657,
    "error": 0.00010042233386386567,
    "mean": 0.08385280682373047
  },
  "energy": {
    "variance": 0.004372981048231048,
    "error": 6.61285191746424e-5,
    "mean": -0.474316
  },
  "magnetization": {
    "variance": 0.08385219851692746,
    "error": 0.00028957244087952753,
    "mean": -0.0008319609375
  },
  "sqr_energy": {
    "variance": 0.004118014870302121,
    "error": 6.417176069192836e-5,
    "mean": 0.22934864453125
  }
}
