{
  "sqr_magnetization": {
    "variance": 0.005003794918126803,
    "error": 7.07375071523361e-5,
    "mean": 0.8806464588012696
  },
  "energy": {
    "variance": 0.0020392060816513944,
    "error": 4.5157569483436483e-5,
    "mean": -0.903976375
  },
  "magnetization": {
    "variance": 0.001533552680558968,
    "error": 3.916060112611869e-5,
    "mean": -0.9376102109375
  },
  "sqr_energy": {
    "variance": 0.006484917848300923,
    "error": 8.052898762744334e-5,
    "mean": 0.819212490600586
  }
}
