{
  "sqr_magnetization": {
    "variance": 0.009921828990382138,
    "error": 9.960837811340037e-5,
    "mean": 0.8218192354125976
  },
  "abs_magnetization": {
    "variance": 0.003588537343772632,
    "error": 5.9904401706157055e-5,
    "mean": 0.9045610546875
  },
  "energy": {
    "variance": 0.0030352298485461938,
    "error": 5.5092920130867936e-5,
    "mean": -0.8654794921875
  },
  "magnetization": {
    "variance": 0.589284728548368,
    "error": 0.0007676488315293445,
    "mean": 0.4822189296875
  },
  "sqr_energy": {
    "variance": 0.008807279939841156,
    "error": 9.38471093845791e-5,
    "mean": 0.7520899782104492
  }
}
