{
  "sqr_magnetization": {
    "variance": 0.02010116780983106,
    "error": 0.00014177858727548056,
    "mean": 0.12790533526611328
  },
  "energy": {
    "variance": 0.0052547680254207965,
    "error": 7.248977876515279e-5,
    "mean": -0.5188994140625
  },
  "magnetization": {
    "variance": 0.12774184233450536,
    "error": 0.0003574099079971138,
    "mean": -0.0127914296875
  },
  "sqr_energy": {
    "variance": 0.005983193692095113,
    "error": 7.735110659903395e-5,
    "mean": 0.2745113646850586
  }
}
