{
  "sqr_magnetization": {
    "variance": 0.002456630739538347,
    "error": 4.956441000898071e-5,
    "mean": 0.03642833715820312
  },
  "energy": {
    "variance": 0.0033520441320562776,
    "error": 5.789684043241287e-5,
    "mean": -0.3835339140625
  },
  "magnetization": {
    "variance": 0.036426921334178165,
    "error": 0.00019085838030900862,
    "mean": -0.00120509375
  },
  "sqr_energy": {
    "variance": 0.002037276835287557,
    "error": 4.513620315542233e-5,
    "mean": 0.15045030401611328
  }
}
