{
  "sqr_magnetization": {
    "variance": 0.007475105922246709,
    "error": 8.645869489095189e-5,
    "mean": 0.8452363229980469
  },
  "abs_magnetization": {
    "variance": 0.002455666688912538,
    "error": 4.955468382416074e-5,
    "mean": 0.918030859375
  },
  "energy": {
    "variance": 0.002611551955654434,
    "error": 5.1103345836201705e-5,
    "mean": -0.8800764453125
  },
  "magnetization": {
    "variance": 0.002455666688912538,
    "error": 4.955468382416074e-5,
    "mean": 0.918030859375
  },
  "sqr_energy": {
    "variance": 0.007861375395241565,
    "error": 8.866439756317958e-5,
    "mean": 0.7771460989379883
  }
}
