{
  "energy": {
    "variance": 0.006801263844527757,
    "error": 8.246977533937968e-5,
    "mean": -0.753892626953125
  },
  "magnetization": {
    "variance": 0.6035466431050328,
    "error": 0.0007768826443582278,
    "mean": -0.05050928125
  }
}
