{
  "sqr_magnetization": {
    "variance": 0.025730782916193275,
    "error": 0.00016040817596429827,
    "mean": 0.15791916717529297
  },
  "abs_magnetization": {
    "variance": 0.04414825335299157,
    "error": 0.00021011485752557235,
    "mean": 0.3372995078125
  },
  "energy": {
    "variance": 0.005713817795319507,
    "error": 7.558979954543806e-5,
    "mean": -0.537769328125
  },
  "magnetization": {
    "variance": 0.15790475421928052,
    "error": 0.0003973723118427862,
    "mean": 0.0038171796875
  },
  "sqr_energy": {
    "variance": 0.006993487442609601,
    "error": 8.362707362218053e-5,
    "mean": 0.2949096623535156
  }
}
