{
  "sqr_magnetization": {
    "variance": 0.006619380116559851,
    "error": 8.135957298658745e-5,
    "mean": 0.8567168739624024
  },
  "abs_magnetization": {
    "variance": 0.0021315058037342577,
    "error": 4.616823370819224e-5,
    "mean": 0.9244378671875
  },
  "energy": {
    "variance": 0.0024187864885323383,
    "error": 4.918115989413363e-5,
    "mean": -0.887661890625
  },
  "magnetization": {
    "variance": 0.722611317168114,
    "error": 0.0008500654781651316,
    "mean": 0.3662052421875
  },
  "sqr_energy": {
    "variance": 0.007409015862212424,
    "error": 8.607564035319415e-5,
    "mean": 0.7903624161376953
  }
}
