{
  "sqr_magnetization": {
    "variance": 0.05129536798738332,
    "error": 0.00022648480740964353,
    "mean": 0.3094474960327148
  },
  "abs_magnetization": {
    "variance": 0.05788393694713513,
    "error": 0.00024059080811023338,
    "mean": 0.5015611796875
  },
  "energy": {
    "variance": 0.007892818086877595,
    "error": 8.884153356892031e-5,
    "mean": -0.6207911953125
  },
  "magnetization": {
    "variance": 0.30894033255632225,
    "error": 0.0005558240122163869,
    "mean": 0.0225271484375
  },
  "sqr_energy": {
    "variance": 0.012615873882671425,
    "error": 0.0001123204072404985,
    "mean": 0.393274518371582
  }
}
