{
  "sqr_magnetization": {
    "variance": 0.015206928429555006,
    "error": 0.00012331637535037675,
    "mean": 0.10734685229492187
  },
  "energy": {
    "variance": 0.004830916935705998,
    "error": 6.950479793299163e-5,
    "mean": -0.50063325
  },
  "magnetization": {
    "variance": 0.10650063615041738,
    "error": 0.0003263443521043644,
    "mean": 0.029091625
  },
  "sqr_energy": {
    "variance": 0.005088156674010944,
    "error": 7.133131622233635e-5,
    "mean": 0.25546456311035154
  }
}
