{
  "sqr_magnetization": {
    "variance": 0.0022232284524641597,
    "error": 4.715112355463187e-5,
    "mean": 0.92812157421875
  },
  "abs_magnetization": {
    "variance": 0.000622083750771251,
    "error": 2.4941606820155973e-5,
    "mean": 0.96306775
  },
  "energy": {
    "variance": 0.001186969976985601,
    "error": 3.445243063973282e-5,
    "mean": -0.938579125
  },
  "magnetization": {
    "variance": 0.000622083750771251,
    "error": 2.4941606820155973e-5,
    "mean": -0.96306775
  },
  "sqr_energy": {
    "variance": 0.00408896922178881,
    "error": 6.394504845403443e-5,
    "mean": 0.8821177426757812
  }
}
