{
  "sqr_magnetization": {
    "variance": 0.003776197133302234,
    "error": 6.145076999763496e-5,
    "mean": 0.04646687353515625
  },
  "energy": {
    "variance": 0.0035560374554297887,
    "error": 5.963252011637433e-5,
    "mean": -0.411789578125
  },
  "magnetization": {
    "variance": 0.04646552435378998,
    "error": 0.00021555863321562877,
    "mean": -0.001181375
  },
  "sqr_energy": {
    "variance": 0.002494151223970063,
    "error": 4.9941477991445776e-5,
    "mean": 0.1731266905517578
  }
}
