{
  "sqr_magnetization": {
    "variance": 0.051941967811167354,
    "error": 0.00022790780550733085,
    "mean": 0.4589720524291992
  },
  "energy": {
    "variance": 0.007835463159021755,
    "error": 8.851815157933289e-5,
    "mean": -0.6867491875
  },
  "magnetization": {
    "variance": 0.4251757772410101,
    "error": 0.0006520550415731866,
    "mean": 0.1838387890625
  },
  "sqr_energy": {
    "variance": 0.014760477057264168,
    "error": 0.00012149270372028178,
    "mean": 0.4794599018554688
  }
}
