{
  "sqr_magnetization": {
    "variance": 0.016196439395472124,
    "error": 0.0001272652324693281,
    "mean": 0.7697632405395508
  },
  "abs_magnetization": {
    "variance": 0.00691875159242829,
    "error": 8.317903337036497e-5,
    "mean": 0.8734096953125
  },
  "energy": {
    "variance": 0.00398442101379577,
    "error": 6.312227034728527e-5,
    "mean": -0.835108734375
  },
  "magnetization": {
    "variance": 0.7229995192218844,
    "error": 0.0008502937840663569,
    "mean": 0.2162508828125
  },
  "sqr_energy": {
    "variance": 0.01071372232721695,
    "error": 0.00010350711244748811,
    "mean": 0.7013910152587891
  }
}
