{
  "sqr_magnetization": {
    "variance": 0.01331994369601312,
    "error": 0.00011541206044436223,
    "mean": 0.10015112463378906
  },
  "energy": {
    "variance": 0.0045420684154939515,
    "error": 6.739486935586383e-5,
    "mean": -0.492017859375
  },
  "magnetization": {
    "variance": 0.09991186496909152,
    "error": 0.00031608838157877857,
    "mean": -0.01547125
  },
  "sqr_energy": {
    "variance": 0.004594210764410765,
    "error": 6.778060758366485e-5,
    "mean": 0.2466236378173828
  }
}
