{
  "sqr_magnetization": {
    "variance": 0.05502816310378173,
    "error": 0.00023458082424567813,
    "mean": 0.349013973815918
  },
  "energy": {
    "variance": 0.008157904822256385,
    "error": 9.032112057684174e-5,
    "mean": -0.638764
  },
  "magnetization": {
    "variance": 0.34622999920963243,
    "error": 0.0005884131195084219,
    "mean": 0.0527666640625
  },
  "sqr_energy": {
    "variance": 0.01366957547387322,
    "error": 0.00011691695973584508,
    "mean": 0.4161773443603516
  }
}
