{
  "sqr_magnetization": {
    "variance": 0.003916365306368231,
    "error": 6.258087013112099e-5,
    "mean": 0.04791933361816406
  },
  "energy": {
    "variance": 0.0035673036259021985,
    "error": 5.972690872548318e-5,
    "mean": -0.4176243046875
  },
  "magnetization": {
    "variance": 0.04782213349073115,
    "error": 0.00021868272334761875,
    "mean": 0.0098614375
  },
  "sqr_energy": {
    "variance": 0.0025593324576394295,
    "error": 5.058984540043021e-5,
    "mean": 0.1779773599243164
  }
}
