{
  "sqr_magnetization": {
    "variance": 0.05808131199368855,
    "error": 0.000241000647288941,
    "mean": 0.41293492877197263
  },
  "energy": {
    "variance": 0.008391996757305351,
    "error": 9.160784222600897e-5,
    "mean": -0.6691369375
  },
  "magnetization": {
    "variance": 0.4117487495558266,
    "error": 0.0006416765147298338,
    "mean": -0.0344469296875
  },
  "sqr_energy": {
    "variance": 0.015131182826730287,
    "error": 0.00012300887295935316,
    "mean": 0.4561362294921875
  }
}
