{
  "sqr_magnetization": {
    "variance": 0.001609661156205315,
    "error": 4.012058270022153e-5,
    "mean": 0.9435706242065429
  },
  "energy": {
    "variance": 0.0009479635675186826,
    "error": 3.0789016995004606e-5,
    "mean": -0.9507308359375
  },
  "magnetization": {
    "variance": 0.00044007752937873777,
    "error": 2.0978024916057703e-5,
    "mean": -0.9711490859375
  },
  "sqr_energy": {
    "variance": 0.003349070772260422,
    "error": 5.787115665217364e-5,
    "mean": 0.9048370850219727
  }
}
