{
  "sqr_magnetization": {
    "variance": 0.003255537567047575,
    "error": 5.705731826021597e-5,
    "mean": 0.9068483726196289
  },
  "abs_magnetization": {
    "variance": 0.0009443627963251377,
    "error": 3.0730486431638817e-5,
    "mean": 0.9517898984375
  },
  "energy": {
    "variance": 0.001547146485378664,
    "error": 3.933378300365557e-5,
    "mean": -0.922523453125
  },
  "magnetization": {
    "variance": 0.0009443627963251377,
    "error": 3.0730486431638817e-5,
    "mean": -0.9517898984375
  },
  "sqr_energy": {
    "variance": 0.005140888088734447,
    "error": 7.169998667178709e-5,
    "mean": 0.8525966665039062
  }
}
