{
  "sqr_magnetization": {
    "variance": 0.016957251756983135,
    "error": 0.00013022001288965967,
    "mean": 0.7499999878540039
  },
  "energy": {
    "variance": 0.004205206659367731,
    "error": 6.484756479134534e-5,
    "mean": -0.8231398046875
  },
  "magnetization": {
    "variance": 0.00717639477812665,
    "error": 8.471360444537022e-5,
    "mean": 0.8618721484375
  },
  "sqr_energy": {
    "variance": 0.011039652715648109,
    "error": 0.00010506975166834701,
    "mean": 0.6817643405151367
  }
}
