{
  "sqr_magnetization": {
    "variance": 0.006314016571493934,
    "error": 7.946078637601024e-5,
    "mean": 0.06291583996582031
  },
  "abs_magnetization": {
    "variance": 0.02127116879314145,
    "error": 0.00014584638765887021,
    "mean": 0.2040703125
  },
  "energy": {
    "variance": 0.00391484221426354,
    "error": 6.256869995663599e-5,
    "mean": -0.4443977265625
  },
  "magnetization": {
    "variance": 0.06291531708224676,
    "error": 0.00025082925882409887,
    "mean": -0.000765375
  },
  "sqr_energy": {
    "variance": 0.0032096096201772095,
    "error": 5.6653416668169356e-5,
    "mean": 0.20140417767333985
  }
}
