{
  "sqr_magnetization": {
    "variance": 0.02466668319564669,
    "error": 0.00015705630581306404,
    "mean": 0.1487112666015625
  },
  "energy": {
    "variance": 0.005571886761004864,
    "error": 7.464507191372292e-5,
    "mean": -0.5340170546875
  },
  "magnetization": {
    "variance": 0.14772172794652383,
    "error": 0.00038434584419052046,
    "mean": 0.03145928125
  },
  "sqr_energy": {
    "variance": 0.006746128844917908,
    "error": 8.213482114741536e-5,
    "mean": 0.29074609588623046
  }
}
