{
  "sqr_magnetization": {
    "variance": 0.0017282456982721445,
    "error": 4.1572174567517445e-5,
    "mean": 0.9401237724609375
  },
  "abs_magnetization": {
    "variance": 0.00047532334270517857,
    "error": 2.180191144613652e-5,
    "mean": 0.96935465625
  },
  "energy": {
    "variance": 0.0009835376375913478,
    "error": 3.1361403629164116e-5,
    "mean": -0.94799396875
  },
  "magnetization": {
    "variance": 0.00047532334270517857,
    "error": 2.180191144613652e-5,
    "mean": 0.96935465625
  },
  "sqr_energy": {
    "variance": 0.003459337133100347,
    "error": 5.881612987183318e-5,
    "mean": 0.8996761014404296
  }
}
