{
  "sqr_magnetization": {
    "variance": 0.0016398056964426913,
    "error": 4.0494514399393546e-5,
    "mean": 0.942925130859375
  },
  "energy": {
    "variance": 0.000957199207300769,
    "error": 3.0938636157735994e-5,
    "mean": -0.95022925
  },
  "magnetization": {
    "variance": 0.00044919196456696443,
    "error": 2.1194149300383926e-5,
    "mean": -0.970812
  },
  "sqr_energy": {
    "variance": 0.0033779457064506135,
    "error": 5.8120097268075985e-5,
    "mean": 0.9038928258056641
  }
}
