{
  "sqr_magnetization": {
    "variance": 0.004769243005454338,
    "error": 6.905970609157222e-5,
    "mean": 0.05334060229492187
  },
  "abs_magnetization": {
    "variance": 0.0183418345466158,
    "error": 0.00013543202924942016,
    "mean": 0.187079625
  },
  "energy": {
    "variance": 0.0037317985878649322,
    "error": 6.108844889064489e-5,
    "mean": -0.4270679921875
  },
  "magnetization": {
    "variance": 0.053339875973391376,
    "error": 0.000230954272472694,
    "mean": 0.000882984375
  },
  "sqr_energy": {
    "variance": 0.0028208774130805635,
    "error": 5.311193286899436e-5,
    "mean": 0.18611886480712891
  }
}
