{
  "sqr_magnetization": {
    "variance": 0.0020213898014054543,
    "error": 4.495986878768058e-5,
    "mean": 0.9327235865478516
  },
  "abs_magnetization": {
    "variance": 0.0005616381134340116,
    "error": 2.3698905321428066e-5,
    "mean": 0.96548534375
  },
  "energy": {
    "variance": 0.0011089788804388415,
    "error": 3.330133451438307e-5,
    "mean": -0.94213921875
  },
  "magnetization": {
    "variance": 0.0005616381134340116,
    "error": 2.3698905321428066e-5,
    "mean": -0.96548534375
  },
  "sqr_energy": {
    "variance": 0.0038504411790469084,
    "error": 6.205192325018547e-5,
    "mean": 0.8887352852783204
  }
}
