{
  "sqr_magnetization": {
    "variance": 0.0283023407922555,
    "error": 0.00016823299555157275,
    "mean": 0.6954777018432617
  },
  "abs_magnetization": {
    "variance": 0.015324780208988647,
    "error": 0.0001237932963006828,
    "mean": 0.8247138515625
  },
  "energy": {
    "variance": 0.0053773692343396925,
    "error": 7.33305477569866e-5,
    "mean": -0.796719421875
  },
  "magnetization": {
    "variance": 0.6817397800878099,
    "error": 0.0008256753478745807,
    "mean": 0.1172117890625
  },
  "sqr_energy": {
    "variance": 0.013091397318896502,
    "error": 0.00011441764426388311,
    "mean": 0.6401392010498047
  }
}
