{
  "sqr_magnetization": {
    "variance": 0.018316739162539973,
    "error": 0.00013533934816800314,
    "mean": 0.12347116876220703
  },
  "energy": {
    "variance": 0.005031172205482512,
    "error": 7.093075641414317e-5,
    "mean": -0.512763203125
  },
  "magnetization": {
    "variance": 0.12339629858817937,
    "error": 0.0003512780929522639,
    "mean": -0.0086598828125
  },
  "sqr_energy": {
    "variance": 0.00556548730637122,
    "error": 7.460219371017999e-5,
    "mean": 0.26795726965332034
  }
}
