{
  "sqr_magnetization": {
    "variance": 0.01737686134144689,
    "error": 0.00013182132354610496,
    "mean": 0.11916078283691406
  },
  "energy": {
    "variance": 0.004925690231353317,
    "error": 7.01832617605745e-5,
    "mean": -0.50883590625
  },
  "magnetization": {
    "variance": 0.1190913856771081,
    "error": 0.000345096197714649,
    "mean": 0.008337640625
  },
  "sqr_energy": {
    "variance": 0.005368899151370015,
    "error": 7.327277223751e-5,
    "mean": 0.2638396647949219
  }
}
