{
  "sqr_magnetization": {
    "variance": 0.044871751177725835,
    "error": 0.00021182953329912672,
    "mean": 0.2610188306274414
  },
  "abs_magnetization": {
    "variance": 0.05604459385034574,
    "error": 0.00023673739427970762,
    "mean": 0.4527408671875
  },
  "energy": {
    "variance": 0.007322158423958959,
    "error": 8.556961156835385e-5,
    "mean": -0.597367890625
  },
  "magnetization": {
    "variance": 0.2608469490792977,
    "error": 0.0005107317780198307,
    "mean": 0.0131203046875
  },
  "sqr_energy": {
    "variance": 0.010965682752736452,
    "error": 0.00010471715596184062,
    "mean": 0.3641705478515625
  }
}
