{
  "sqr_magnetization": {
    "variance": 0.0015157575695674292,
    "error": 3.893273133967651e-5,
    "mean": 0.9455572348632812
  },
  "abs_magnetization": {
    "variance": 0.0004131964820675756,
    "error": 2.0327234983331493e-5,
    "mean": 0.9721851875
  },
  "energy": {
    "variance": 0.0008943047306069155,
    "error": 2.9904928199327204e-5,
    "mean": -0.9523328515625
  },
  "magnetization": {
    "variance": 0.0004131964820675756,
    "error": 2.0327234983331493e-5,
    "mean": -0.9721851875
  },
  "sqr_energy": {
    "variance": 0.0031755502885451887,
    "error": 5.6352021157587494e-5,
    "mean": 0.9078321640014648
  }
}
