{
  "sqr_magnetization": {
    "variance": 0.04416073452486444,
    "error": 0.00021014455625798265,
    "mean": 0.5985467536010742
  },
  "energy": {
    "variance": 0.007006780929747483,
    "error": 8.370651665042264e-5,
    "mean": -0.751617546875
  },
  "magnetization": {
    "variance": 0.5773318221837136,
    "error": 0.0007598235467420799,
    "mean": 0.1456554453125
  },
  "sqr_energy": {
    "variance": 0.015256323032740394,
    "error": 0.0001235164889103491,
    "mean": 0.5719357106933594
  }
}
