{
  "sqr_magnetization": {
    "variance": 0.005172453013505363,
    "error": 7.191976789106985e-5,
    "mean": 0.05602739642333984
  },
  "abs_magnetization": {
    "variance": 0.019153691935913555,
    "error": 0.0001383968638947919,
    "mean": 0.1920253203125
  },
  "energy": {
    "variance": 0.003782844638214206,
    "error": 6.150483426702494e-5,
    "mean": -0.4326775390625
  },
  "magnetization": {
    "variance": 0.056027452403848335,
    "error": 0.00023670118800683771,
    "mean": 6.8515625e-6
  },
  "sqr_energy": {
    "variance": 0.0029352816841204743,
    "error": 5.417823995037559e-5,
    "mean": 0.1909926936645508
  }
}
