{
  "sqr_magnetization": {
    "variance": 0.033540944973390635,
    "error": 0.0001831418711638347,
    "mean": 0.1962828762817383
  },
  "abs_magnetization": {
    "variance": 0.04993681580866878,
    "error": 0.00022346546894021183,
    "mean": 0.3825521015625
  },
  "energy": {
    "variance": 0.006383167467195726,
    "error": 7.989472740547855e-5,
    "mean": -0.5623093046875
  },
  "magnetization": {
    "variance": 0.19628243868696255,
    "error": 0.00044303773957413893,
    "mean": 0.0007961640625
  },
  "sqr_energy": {
    "variance": 0.00855032652519478,
    "error": 9.246797567371518e-5,
    "mean": 0.32257491522216797
  }
}
