{
  "sqr_magnetization": {
    "variance": 0.0019361821580213077,
    "error": 4.400206992882616e-5,
    "mean": 0.03269393420410156
  },
  "energy": {
    "variance": 0.0032132176130388406,
    "error": 5.668525040113028e-5,
    "mean": -0.3722025546875
  },
  "magnetization": {
    "variance": 0.03268919321452915,
    "error": 0.00018080152990096392,
    "mean": -0.002184875
  },
  "sqr_energy": {
    "variance": 0.0018343470103150796,
    "error": 4.2829277489996014e-5,
    "mean": 0.14174795611572266
  }
}
