{
  "sqr_magnetization": {
    "variance": 0.0026959928590263287,
    "error": 5.192295117793603e-5,
    "mean": 0.9177939653930665
  },
  "energy": {
    "variance": 0.0013787270109728606,
    "error": 3.713121343254029e-5,
    "mean": -0.930619359375
  },
  "magnetization": {
    "variance": 0.0007675527492895044,
    "error": 2.7704742361002106e-5,
    "mean": -0.9576149609375
  },
  "sqr_energy": {
    "variance": 0.004661133863241164,
    "error": 6.82724971217632e-5,
    "mean": 0.8674311176757813
  }
}
