{
  "sqr_magnetization": {
    "variance": 0.05122806955602001,
    "error": 0.00022633618702280026,
    "mean": 0.3110613838500977
  },
  "energy": {
    "variance": 0.007798581023767547,
    "error": 8.830957492688744e-5,
    "mean": -0.62262978125
  },
  "magnetization": {
    "variance": 0.30753805860061817,
    "error": 0.0005545611405432391,
    "mean": 0.0593601953125
  },
  "sqr_energy": {
    "variance": 0.012592192324740336,
    "error": 0.00011221493806414696,
    "mean": 0.3954664177246094
  }
}
