{
  "sqr_magnetization": {
    "variance": 0.003316350233600618,
    "error": 5.758776114419294e-5,
    "mean": 0.9072449309082031
  },
  "energy": {
    "variance": 0.0015602850778924384,
    "error": 3.950044402145928e-5,
    "mean": -0.9229553828125
  },
  "magnetization": {
    "variance": 0.0009652077108483355,
    "error": 3.106779217853009e-5,
    "mean": -0.95198725
  },
  "sqr_energy": {
    "variance": 0.005183701041487823,
    "error": 7.199792386928824e-5,
    "mean": 0.8534069221801758
  }
}
