{
  "sqr_magnetization": {
    "variance": 0.04609388577672284,
    "error": 0.00021469486667529533,
    "mean": 0.5748188201293946
  },
  "abs_magnetization": {
    "variance": 0.032395060733670045,
    "error": 0.00017998627929281179,
    "mean": 0.7364942578125
  },
  "energy": {
    "variance": 0.0072083307655802144,
    "error": 8.490188905778371e-5,
    "mean": -0.7396597265625
  },
  "magnetization": {
    "variance": 0.5745810582832745,
    "error": 0.000758011252082233,
    "mean": 0.0154381484375
  },
  "sqr_energy": {
    "variance": 0.015284297234580175,
    "error": 0.00012362967780666653,
    "mean": 0.5543048346557617
  }
}
