{
  "sqr_magnetization": {
    "variance": 0.001932663147571774,
    "error": 4.396206486929127e-5,
    "mean": 0.03255752947998047
  },
  "abs_magnetization": {
    "variance": 0.01151116845307757,
    "error": 0.00010729011349177319,
    "mean": 0.1450736796875
  },
  "energy": {
    "variance": 0.0032356065950477587,
    "error": 5.688239266282457e-5,
    "mean": -0.370257390625
  },
  "magnetization": {
    "variance": 0.03255633736555361,
    "error": 0.00018043374785652936,
    "mean": 0.0011066484375
  },
  "sqr_energy": {
    "variance": 0.001831513648554897,
    "error": 4.279618731329809e-5,
    "mean": 0.140326138671875
  }
}
