{
  "sqr_magnetization": {
    "variance": 0.022082921238838402,
    "error": 0.00014860323428121747,
    "mean": 0.7242287407226562
  },
  "energy": {
    "variance": 0.004756691175099316,
    "error": 6.89687695634721e-5,
    "mean": -0.8103093671875
  },
  "magnetization": {
    "variance": 0.6422996233832171,
    "error": 0.0008014359758478634,
    "mean": 0.28623375
  },
  "sqr_energy": {
    "variance": 0.012021282977266597,
    "error": 0.00010964161152257202,
    "mean": 0.6613579569702148
  }
}
