{
  "sqr_magnetization": {
    "variance": 0.0014208755281438195,
    "error": 3.769450262496932e-5,
    "mean": 0.9481944330444336
  },
  "energy": {
    "variance": 0.0008678389061628807,
    "error": 2.9459105657892615e-5,
    "mean": -0.954425859375
  },
  "magnetization": {
    "variance": 0.0003851714635879066,
    "error": 1.9625785680779933e-5,
    "mean": -0.9735549609375
  },
  "sqr_energy": {
    "variance": 0.0030917159673167567,
    "error": 5.560320105278793e-5,
    "mean": 0.9117965590820313
  }
}
