{
  "sqr_magnetization": {
    "variance": 0.005203799765597027,
    "error": 7.213736733203553e-5,
    "mean": 0.876172182800293
  },
  "energy": {
    "variance": 0.002106352427840709,
    "error": 4.5895015283151494e-5,
    "mean": -0.9007879375
  },
  "magnetization": {
    "variance": 0.0015969479977755736,
    "error": 3.996183176201478e-5,
    "mean": 0.9351872734375
  },
  "sqr_energy": {
    "variance": 0.006650534227042323,
    "error": 8.155080764187637e-5,
    "mean": 0.8135252586669922
  }
}
