{
  "sqr_magnetization": {
    "variance": 0.00158565052657526,
    "error": 3.9820227605769154e-5,
    "mean": 0.02911618713378906
  },
  "energy": {
    "variance": 0.003129413850406037,
    "error": 5.594116418529415e-5,
    "mean": -0.355904625
  },
  "magnetization": {
    "variance": 0.029094715328933103,
    "error": 0.00017057173074379325,
    "mean": -0.00463690625
  },
  "sqr_energy": {
    "variance": 0.0016341319310923946,
    "error": 4.0424397720836785e-5,
    "mean": 0.1297975128173828
  }
}
