{
  "sqr_magnetization": {
    "variance": 0.012251742329817971,
    "error": 0.00011068758886983658,
    "mean": 0.7928116674804687
  },
  "energy": {
    "variance": 0.0034955342564106607,
    "error": 5.912304336221758e-5,
    "mean": -0.8480128984375
  },
  "magnetization": {
    "variance": 0.004469124081526425,
    "error": 6.685150769822939e-5,
    "mean": 0.8878865625
  },
  "sqr_energy": {
    "variance": 0.009756480977939212,
    "error": 9.877490054633927e-5,
    "mean": 0.7226214066772461
  }
}
