{
  "sqr_magnetization": {
    "variance": 0.002877145834256945,
    "error": 5.3639032749080634e-5,
    "mean": 0.9140465434570313
  },
  "abs_magnetization": {
    "variance": 0.0008238797853241214,
    "error": 2.87033061740999e-5,
    "mean": 0.95562684375
  },
  "energy": {
    "variance": 0.0014247135912955622,
    "error": 3.774537840975451e-5,
    "mean": -0.9278549921875
  },
  "magnetization": {
    "variance": 0.0008238797853241214,
    "error": 2.87033061740999e-5,
    "mean": -0.95562684375
  },
  "sqr_energy": {
    "variance": 0.004791939456316129,
    "error": 6.922383589715417e-5,
    "mean": 0.8623395986938477
  }
}
