{
  "energy": {
    "variance": 0.002901645936066067,
    "error": 5.386692803628278e-5,
    "mean": -0.870166380859375
  },
  "magnetization": {
    "variance": 0.0035231200680983393,
    "error": 5.9355876441160725e-5,
    "mean": 0.908697078125
  }
}
