{
  "sqr_magnetization": {
    "variance": 0.0042936696290797535,
    "error": 6.552609883916296e-5,
    "mean": 0.04986276525878906
  },
  "energy": {
    "variance": 0.0036581537292396057,
    "error": 6.0482672967054005e-5,
    "mean": -0.4198822421875
  },
  "magnetization": {
    "variance": 0.049860929304155865,
    "error": 0.00022329560968401476,
    "mean": -0.00137325
  },
  "sqr_energy": {
    "variance": 0.0026699076517352704,
    "error": 5.167114912342545e-5,
    "mean": 0.17995924737548827
  }
}
