{
  "sqr_magnetization": {
    "variance": 0.05729132631790824,
    "error": 0.00023935606597265974,
    "mean": 0.38403868060302737
  },
  "energy": {
    "variance": 0.008374310480143917,
    "error": 9.151125876166231e-5,
    "mean": -0.6549546484375
  },
  "magnetization": {
    "variance": 0.38304733776082495,
    "error": 0.0006189081820115363,
    "mean": 0.0314916796875
  },
  "sqr_energy": {
    "variance": 0.014613986511528794,
    "error": 0.0001208883224779333,
    "mean": 0.4373398936157227
  }
}
