{
  "sqr_magnetization": {
    "variance": 0.002927581572167747,
    "error": 5.410713051130828e-5,
    "mean": 0.9137911380615235
  },
  "energy": {
    "variance": 0.0014530294188006589,
    "error": 3.8118622991926916e-5,
    "mean": -0.927673453125
  },
  "magnetization": {
    "variance": 0.0008392550866916103,
    "error": 2.8969899666578245e-5,
    "mean": 0.95548515625
  },
  "sqr_energy": {
    "variance": 0.004879607528390383,
    "error": 6.985418762243523e-5,
    "mean": 0.8620310635986328
  }
}
