{
  "sqr_magnetization": {
    "variance": 0.0056212885769038705,
    "error": 7.497525309663095e-5,
    "mean": 0.05866715112304687
  },
  "abs_magnetization": {
    "variance": 0.019987885540682416,
    "error": 0.0001413785186677326,
    "mean": 0.1966705
  },
  "energy": {
    "variance": 0.0038378890952728228,
    "error": 6.19506989086711e-5,
    "mean": -0.4366039453125
  },
  "magnetization": {
    "variance": 0.05866687184752981,
    "error": 0.00024221245188373326,
    "mean": 0.000581328125
  },
  "sqr_energy": {
    "variance": 0.003033689730325701,
    "error": 5.5078940896913594e-5,
    "mean": 0.19446089031982422
  }
}
