{
  "sqr_magnetization": {
    "variance": 0.011215532721680802,
    "error": 0.0001059034122286945,
    "mean": 0.08835044885253907
  },
  "abs_magnetization": {
    "variance": 0.028739362914386352,
    "error": 0.0001695268796220421,
    "mean": 0.244153875
  },
  "energy": {
    "variance": 0.004436003080884917,
    "error": 6.660332635000235e-5,
    "mean": -0.48045715625
  },
  "magnetization": {
    "variance": 0.08835022021616527,
    "error": 0.00029723764939214086,
    "mean": 0.000563015625
  },
  "sqr_energy": {
    "variance": 0.004287199714357503,
    "error": 6.547671123657253e-5,
    "mean": 0.23527507763671876
  }
}
