{
  "sqr_magnetization": {
    "variance": 0.00296975946433928,
    "error": 5.449549948701526e-5,
    "mean": 0.9127618453979492
  },
  "energy": {
    "variance": 0.001470496451862662,
    "error": 3.834705271416126e-5,
    "mean": -0.92689090625
  },
  "magnetization": {
    "variance": 0.0008520842502331147,
    "error": 2.9190482185690505e-5,
    "mean": 0.9549396640625
  },
  "sqr_energy": {
    "variance": 0.004930507583555444,
    "error": 7.021757318189974e-5,
    "mean": 0.8605972470703125
  }
}
