{
  "energy": {
    "variance": 0.006109074510181444,
    "error": 7.816056876828267e-5,
    "mean": -0.77414615625
  },
  "magnetization": {
    "variance": 0.6264598835131062,
    "error": 0.0007914921879040287,
    "mean": 0.1528609375
  }
}
