{
  "sqr_magnetization": {
    "variance": 0.017524985703872058,
    "error": 0.00013238196895299623,
    "mean": 0.7616224982910156
  },
  "abs_magnetization": {
    "variance": 0.007712456138467857,
    "error": 8.782059062923601e-5,
    "mean": 0.8682799375
  },
  "energy": {
    "variance": 0.00414302897579991,
    "error": 6.436636525235762e-5,
    "mean": -0.8307801484375
  },
  "magnetization": {
    "variance": 0.7610409021372866,
    "error": 0.000872376582753851,
    "mean": -0.024132078125
  },
  "sqr_energy": {
    "variance": 0.011011789345424247,
    "error": 0.00010493707326500129,
    "mean": 0.6943386798706055
  }
}
