{
  "sqr_magnetization": {
    "variance": 0.0016554347639836605,
    "error": 4.068703434736502e-5,
    "mean": 0.9419860177001953
  },
  "abs_magnetization": {
    "variance": 0.0004539873637996201,
    "error": 2.1306979227464884e-5,
    "mean": 0.970325734375
  },
  "energy": {
    "variance": 0.0009527142976224393,
    "error": 3.086607033009611e-5,
    "mean": -0.9494788671875
  },
  "magnetization": {
    "variance": 0.0004539873637996201,
    "error": 2.1306979227464884e-5,
    "mean": -0.970325734375
  },
  "sqr_energy": {
    "variance": 0.0033617653134234405,
    "error": 5.798073226015208e-5,
    "mean": 0.9024628325805664
  }
}
