{
  "sqr_magnetization": {
    "variance": 0.0022542461018080846,
    "error": 4.747890164913342e-5,
    "mean": 0.0349318251953125
  },
  "energy": {
    "variance": 0.003310256493620202,
    "error": 5.7534828526903614e-5,
    "mean": -0.3782704140625
  },
  "magnetization": {
    "variance": 0.034862469335582374,
    "error": 0.00018671494138279983,
    "mean": 0.008330109375
  },
  "sqr_energy": {
    "variance": 0.0019598902707621533,
    "error": 4.4270647959592294e-5,
    "mean": 0.1463987593383789
  }
}
