{
  "sqr_magnetization": {
    "variance": 0.04416442810219132,
    "error": 0.00021015334425650075,
    "mean": 0.5899433309936524
  },
  "energy": {
    "variance": 0.006949486766440806,
    "error": 8.3363581775502e-5,
    "mean": -0.7469289453125
  },
  "magnetization": {
    "variance": 0.5641652169658513,
    "error": 0.0007511093242437158,
    "mean": -0.1605573984375
  },
  "sqr_energy": {
    "variance": 0.015044806332134656,
    "error": 0.0001226572718273754,
    "mean": 0.5648523291625976
  }
}
