{
  "sqr_magnetization": {
    "variance": 0.0023107220845647457,
    "error": 4.806997071524743e-5,
    "mean": 0.035904883728027345
  },
  "abs_magnetization": {
    "variance": 0.012630411887137899,
    "error": 0.00011238510527262009,
    "mean": 0.1525597734375
  },
  "energy": {
    "variance": 0.003318819384219225,
    "error": 5.7609195309596414e-5,
    "mean": -0.3817973984375
  },
  "magnetization": {
    "variance": 0.035904490023959686,
    "error": 0.00018948480156455737,
    "mean": -0.0006554453125
  },
  "sqr_energy": {
    "variance": 0.0019972228160588246,
    "error": 4.4690298903216395e-5,
    "mean": 0.14908806951904297
  }
}
