{
  "sqr_magnetization": {
    "variance": 0.002645535807875398,
    "error": 5.143477236146184e-5,
    "mean": 0.9187812194824219
  },
  "energy": {
    "variance": 0.0013620256356105967,
    "error": 3.690563148911825e-5,
    "mean": -0.93135290625
  },
  "magnetization": {
    "variance": 0.0007519548194352887,
    "error": 2.7421794606394542e-5,
    "mean": 0.9581384375
  },
  "sqr_energy": {
    "variance": 0.004612110138100807,
    "error": 6.791251827241283e-5,
    "mean": 0.8687802602539062
  }
}
