{
  "sqr_magnetization": {
    "variance": 0.04763123116509156,
    "error": 0.00021824580446160141,
    "mean": 0.5427620989990234
  },
  "energy": {
    "variance": 0.007295121954164679,
    "error": 8.541148607865736e-5,
    "mean": -0.725391890625
  },
  "magnetization": {
    "variance": 0.5269288550587808,
    "error": 0.0007258986534350237,
    "mean": -0.1258323125
  },
  "sqr_energy": {
    "variance": 0.015070964332744225,
    "error": 0.00012276385597049413,
    "mean": 0.5334885096435547
  }
}
