{
  "sqr_magnetization": {
    "variance": 0.05536334729101441,
    "error": 0.0002352941718169288,
    "mean": 0.37214386083984374
  },
  "abs_magnetization": {
    "variance": 0.05538996333658809,
    "error": 0.00023535072410466065,
    "mean": 0.562808984375
  },
  "energy": {
    "variance": 0.008163321684034329,
    "error": 9.035110228455615e-5,
    "mean": -0.649646578125
  },
  "magnetization": {
    "variance": 0.37184741632050594,
    "error": 0.0006097929290509247,
    "mean": 0.017228359375
  },
  "sqr_energy": {
    "variance": 0.014048922344661945,
    "error": 0.00011852815000944688,
    "mean": 0.43020398999023435
  }
}
