{
  "sqr_magnetization": {
    "variance": 0.055644763599140334,
    "error": 0.00023589142332679317,
    "mean": 0.4478811126098633
  },
  "abs_magnetization": {
    "variance": 0.04857443794949111,
    "error": 0.0002203960933172163,
    "mean": 0.6319072109375
  },
  "energy": {
    "variance": 0.008162402369714626,
    "error": 9.03460146863968e-5,
    "mean": -0.683397765625
  },
  "magnetization": {
    "variance": 0.4478210989933694,
    "error": 0.0006691943656318165,
    "mean": -0.0077756953125
  },
  "sqr_energy": {
    "variance": 0.015211640999544307,
    "error": 0.00012333548151097603,
    "mean": 0.4751949002685547
  }
}
