{
  "sqr_magnetization": {
    "variance": 0.002470059862966793,
    "error": 4.969969680960632e-5,
    "mean": 0.037513336853027344
  },
  "energy": {
    "variance": 0.0033342839541764713,
    "error": 5.774325895008413e-5,
    "mean": -0.3853206328125
  },
  "magnetization": {
    "variance": 0.037391568360332944,
    "error": 0.00019336899534396135,
    "mean": 0.0110365703125
  },
  "sqr_energy": {
    "variance": 0.0020409635674642408,
    "error": 4.5177024774372215e-5,
    "mean": 0.15180627069091795
  }
}
