{
  "energy": {
    "variance": 0.0023871484131878385,
    "error": 4.885845283252263e-5,
    "mean": -0.213986154296875
  },
  "magnetization": {
    "variance": 0.011145893847330371,
    "error": 0.00010557411542291212,
    "mean": 0.00010240625
  }
}
