{
  "sqr_magnetization": {
    "variance": 0.005800173221102248,
    "error": 7.615886830239961e-5,
    "mean": 0.8654759285888672
  },
  "energy": {
    "variance": 0.0022683939560597284,
    "error": 4.7627659569411223e-5,
    "mean": -0.893341578125
  },
  "magnetization": {
    "variance": 0.001806028021779731,
    "error": 4.24973884112863e-5,
    "mean": 0.929338421875
  },
  "sqr_energy": {
    "variance": 0.00705018983648419,
    "error": 8.396540857093586e-5,
    "mean": 0.8003275668945312
  }
}
