{
  "sqr_magnetization": {
    "variance": 0.005459191631173954,
    "error": 7.388634265663685e-5,
    "mean": 0.8716870223999024
  },
  "energy": {
    "variance": 0.002170866360053616,
    "error": 4.65925569168898e-5,
    "mean": -0.897675265625
  },
  "magnetization": {
    "variance": 0.0016870660534234149,
    "error": 4.107390964375579e-5,
    "mean": 0.9327378828125
  },
  "sqr_energy": {
    "variance": 0.006807555447723826,
    "error": 8.250791142504957e-5,
    "mean": 0.8079917467041016
  }
}
