{
  "sqr_magnetization": {
    "variance": 0.007843390535853091,
    "error": 8.856291851476605e-5,
    "mean": 0.8333051447753906
  },
  "energy": {
    "variance": 0.0027931453906610143,
    "error": 5.285021656210137e-5,
    "mean": -0.871719125
  },
  "magnetization": {
    "variance": 0.0025593736469478657,
    "error": 5.0590252489465454e-5,
    "mean": 0.9114525625
  },
  "sqr_energy": {
    "variance": 0.008265730852234473,
    "error": 9.0916064874336e-5,
    "mean": 0.7626873754882812
  }
}
