{
  "energy": {
    "variance": 0.004537174075542972,
    "error": 6.735854864486743e-5,
    "mean": -0.483535609375
  },
  "magnetization": {
    "variance": 0.09353594417809939,
    "error": 0.0003058364663968301,
    "mean": -0.0053255703125
  }
}
