{
  "sqr_magnetization": {
    "variance": 0.0029395462197597476,
    "error": 5.421758220134634e-5,
    "mean": 0.04046367547607422
  },
  "energy": {
    "variance": 0.0034301845052010457,
    "error": 5.856777702116622e-5,
    "mean": -0.3939720546875
  },
  "magnetization": {
    "variance": 0.04045908513377941,
    "error": 0.00020114443848582892,
    "mean": -0.0021519296875
  },
  "sqr_energy": {
    "variance": 0.0021936488617897484,
    "error": 4.683640530388459e-5,
    "mean": 0.15864416094970704
  }
}
