{
  "sqr_magnetization": {
    "variance": 0.027394912516153502,
    "error": 0.000165514085552117,
    "mean": 0.6935550014648437
  },
  "energy": {
    "variance": 0.0052996106343049095,
    "error": 7.279842466911569e-5,
    "mean": -0.7948635703125
  },
  "magnetization": {
    "variance": 0.6830994493517226,
    "error": 0.0008264983057161839,
    "mean": -0.102255734375
  },
  "sqr_energy": {
    "variance": 0.012868010041339263,
    "error": 0.00011343725155935004,
    "mean": 0.6371077007446289
  }
}
