{
  "sqr_magnetization": {
    "variance": 0.002164833727217278,
    "error": 4.6527773718686325e-5,
    "mean": 0.034590639221191405
  },
  "abs_magnetization": {
    "variance": 0.012210372218904874,
    "error": 0.00011050055302533501,
    "mean": 0.1496003984375
  },
  "energy": {
    "variance": 0.0032921613234501417,
    "error": 5.7377358979393096e-5,
    "mean": -0.376897984375
  },
  "magnetization": {
    "variance": 0.03459028573114749,
    "error": 0.00018598463842787525,
    "mean": -0.0006229609375
  },
  "sqr_energy": {
    "variance": 0.0019308583527803916,
    "error": 4.3941533345803846e-5,
    "mean": 0.14534424865722656
  }
}
