{
  "energy": {
    "variance": 0.005292109557573725,
    "error": 7.27468869270275e-5,
    "mean": -0.797675548828125
  },
  "magnetization": {
    "variance": 0.6779264259854485,
    "error": 0.0008233628762492565,
    "mean": 0.14298690625
  }
}
