{
  "sqr_magnetization": {
    "variance": 0.003086904000436367,
    "error": 5.555991361077128e-5,
    "mean": 0.910673220703125
  },
  "energy": {
    "variance": 0.0015093603493984357,
    "error": 3.885048711919112e-5,
    "mean": -0.92538590625
  },
  "magnetization": {
    "variance": 0.0008884381388480509,
    "error": 2.9806679433443283e-5,
    "mean": -0.953826390625
  },
  "sqr_energy": {
    "variance": 0.005042170372511058,
    "error": 7.100824158160133e-5,
    "mean": 0.8578484343261719
  }
}
