{
  "sqr_magnetization": {
    "variance": 0.051749084527620774,
    "error": 0.0002274842511639449,
    "mean": 0.3195123480834961
  },
  "abs_magnetization": {
    "variance": 0.057253104661007435,
    "error": 0.00023927620997710457,
    "mean": 0.5121125859375
  },
  "energy": {
    "variance": 0.007905827253452005,
    "error": 8.89147189921444e-5,
    "mean": -0.625240265625
  },
  "magnetization": {
    "variance": 0.319047122115501,
    "error": 0.000564842564008327,
    "mean": 0.0215764921875
  },
  "sqr_energy": {
    "variance": 0.012779152238541385,
    "error": 0.00011304491248411573,
    "mean": 0.3988312091064453
  }
}
