{
  "sqr_magnetization": {
    "variance": 0.02298840582277111,
    "error": 0.0001516192791922291,
    "mean": 0.14444890985107423
  },
  "abs_magnetization": {
    "variance": 0.041708163493673685,
    "error": 0.00020422576598870597,
    "mean": 0.3205320390625
  },
  "energy": {
    "variance": 0.005486125993371534,
    "error": 7.406838727400194e-5,
    "mean": -0.5289630234375
  },
  "magnetization": {
    "variance": 0.14444847004234693,
    "error": 0.0003800637710205314,
    "mean": -0.0007643671875
  },
  "sqr_energy": {
    "variance": 0.0064947118021809035,
    "error": 8.05897747991698e-5,
    "mean": 0.2852880006713867
  }
}
