{
  "sqr_magnetization": {
    "variance": 0.010190388515492498,
    "error": 0.00010094745422987396,
    "mean": 0.08336342523193359
  },
  "abs_magnetization": {
    "variance": 0.027259767727330658,
    "error": 0.0001651053231344485,
    "mean": 0.2368621640625
  },
  "energy": {
    "variance": 0.004343176134355272,
    "error": 6.590277789558853e-5,
    "mean": -0.4738817265625
  },
  "magnetization": {
    "variance": 0.08336348678613027,
    "error": 0.000288727357183434,
    "mean": -0.0001476796875
  },
  "sqr_energy": {
    "variance": 0.004077564300597447,
    "error": 6.385580866763373e-5,
    "mean": 0.22890706256103516
  }
}
