{
  "energy": {
    "variance": 0.005054311306443737,
    "error": 7.109367979253667e-5,
    "mean": -0.50808323046875
  },
  "magnetization": {
    "variance": 0.1180601224546515,
    "error": 0.00034359878121822767,
    "mean": 0.001464796875
  }
}
