{
  "sqr_magnetization": {
    "variance": 0.04575780069952724,
    "error": 0.0002139107306787746,
    "mean": 0.5804000742797851
  },
  "energy": {
    "variance": 0.0072447091067666634,
    "error": 8.511585696429698e-5,
    "mean": -0.7422598203125
  },
  "magnetization": {
    "variance": 0.4624506568713707,
    "error": 0.0006800372466794527,
    "mean": 0.3434383203125
  },
  "sqr_energy": {
    "variance": 0.015453991280626328,
    "error": 0.00012431408319505207,
    "mean": 0.5581943427124023
  }
}
