{
  "sqr_magnetization": {
    "variance": 0.00218861017330675,
    "error": 4.6782584081116664e-5,
    "mean": 0.9288887894287109
  },
  "abs_magnetization": {
    "variance": 0.0006117297045302411,
    "error": 2.4733170126982128e-5,
    "mean": 0.963471359375
  },
  "energy": {
    "variance": 0.0011731488990321386,
    "error": 3.425126127651562e-5,
    "mean": -0.9391728359375
  },
  "magnetization": {
    "variance": 0.0006117297045302411,
    "error": 2.4733170126982128e-5,
    "mean": -0.963471359375
  },
  "sqr_energy": {
    "variance": 0.004046916946779918,
    "error": 6.361538294139175e-5,
    "mean": 0.8832187634887695
  }
}
