{
  "sqr_magnetization": {
    "variance": 0.006614591107056707,
    "error": 8.13301365242719e-5,
    "mean": 0.06412335754394531
  },
  "abs_magnetization": {
    "variance": 0.021724135867807498,
    "error": 0.00014739109833299805,
    "mean": 0.205910765625
  },
  "energy": {
    "variance": 0.003963993460594046,
    "error": 6.29602530219983e-5,
    "mean": -0.44643565625
  },
  "magnetization": {
    "variance": 0.0641146692137217,
    "error": 0.00025320874632153153,
    "mean": -0.002958453125
  },
  "sqr_energy": {
    "variance": 0.0032827968102998625,
    "error": 5.729569626333083e-5,
    "mean": 0.20326878466796874
  }
}
