{
  "sqr_magnetization": {
    "variance": 0.010669302533997673,
    "error": 0.00010329231594846575,
    "mean": 0.08596615478515625
  },
  "abs_magnetization": {
    "variance": 0.027959281658265056,
    "error": 0.00016721029172352117,
    "mean": 0.24084621875
  },
  "energy": {
    "variance": 0.004397906803290043,
    "error": 6.631671586628851e-5,
    "mean": -0.4764851640625
  },
  "magnetization": {
    "variance": 0.08595535641164914,
    "error": 0.0002931814394051048,
    "mean": -0.003299140625
  },
  "sqr_energy": {
    "variance": 0.004175990668443406,
    "error": 6.462190548446715e-5,
    "mean": 0.23143601397705077
  }
}
