{
  "sqr_magnetization": {
    "variance": 0.05532497282769561,
    "error": 0.00023521261196563336,
    "mean": 0.4322686178588867
  },
  "energy": {
    "variance": 0.00817506785810277,
    "error": 9.041608185551268e-5,
    "mean": -0.676452859375
  },
  "magnetization": {
    "variance": 0.4283933680363924,
    "error": 0.0006545176605993092,
    "mean": -0.0622549453125
  },
  "sqr_energy": {
    "variance": 0.014995569450364949,
    "error": 0.00012245639816018167,
    "mean": 0.4657635306396484
  }
}
