{
  "energy": {
    "variance": 0.007461641507554286,
    "error": 8.638079362655963e-5,
    "mean": -0.730880705078125
  },
  "magnetization": {
    "variance": 0.5452574416480579,
    "error": 0.0007384154939111571,
    "mean": 0.09425009375
  }
}
