{
  "sqr_magnetization": {
    "variance": 0.041745595799007225,
    "error": 0.00020431738985952032,
    "mean": 0.601082771484375
  },
  "energy": {
    "variance": 0.0068414016365127206,
    "error": 8.271276586182282e-5,
    "mean": -0.751004921875
  },
  "magnetization": {
    "variance": 0.590360594311522,
    "error": 0.0007683492658365217,
    "mean": -0.103550796875
  },
  "sqr_energy": {
    "variance": 0.014917910266267995,
    "error": 0.00012213889743348756,
    "mean": 0.5708497874755859
  }
}
