{
  "sqr_magnetization": {
    "variance": 0.02523629209549539,
    "error": 0.0001588593468937078,
    "mean": 0.15475603326416015
  },
  "energy": {
    "variance": 0.0056668733158063605,
    "error": 7.52786378450511e-5,
    "mean": -0.5339539765625
  },
  "magnetization": {
    "variance": 0.15398495490281322,
    "error": 0.00039240916770994687,
    "mean": -0.0277710703125
  },
  "sqr_energy": {
    "variance": 0.006845278241279184,
    "error": 8.273619668125423e-5,
    "mean": 0.29077371673583985
  }
}
