{
  "sqr_magnetization": {
    "variance": 0.0032393413552837297,
    "error": 5.691521198487914e-5,
    "mean": 0.042954309692382814
  },
  "abs_magnetization": {
    "variance": 0.015018962959783272,
    "error": 0.000122551878646487,
    "mean": 0.16713875
  },
  "energy": {
    "variance": 0.003500764503984963,
    "error": 5.916725871615959e-5,
    "mean": -0.402840671875
  },
  "magnetization": {
    "variance": 0.04295351590692192,
    "error": 0.00020725230012456295,
    "mean": 0.000914734375
  },
  "sqr_energy": {
    "variance": 0.0023482846596721216,
    "error": 4.84591029598374e-5,
    "mean": 0.16578136791992187
  }
}
