{
  "sqr_magnetization": {
    "variance": 0.007905873029359965,
    "error": 8.891497640645228e-5,
    "mean": 0.07114264739990235
  },
  "energy": {
    "variance": 0.004097839890906298,
    "error": 6.401437253387944e-5,
    "mean": -0.4576478125
  },
  "magnetization": {
    "variance": 0.07111983089197292,
    "error": 0.0002666830157546088,
    "mean": -0.0047841015625
  },
  "sqr_energy": {
    "variance": 0.0035593749966563067,
    "error": 5.9660497790885946e-5,
    "mean": 0.21353935607910157
  }
}
