{
  "energy": {
    "variance": 0.006482813012035121,
    "error": 8.051591775565326e-5,
    "mean": -0.7613573046875
  },
  "magnetization": {
    "variance": 0.591600715814016,
    "error": 0.0007691558462457501,
    "mean": 0.1767755234375
  }
}
