{
  "sqr_magnetization": {
    "variance": 0.05581539921030078,
    "error": 0.00023625282899957152,
    "mean": 0.4398611832275391
  },
  "abs_magnetization": {
    "variance": 0.04962043520515786,
    "error": 0.00022275644817862817,
    "mean": 0.6246925625
  },
  "energy": {
    "variance": 0.008204133794867195,
    "error": 9.05766735692319e-5,
    "mean": -0.67957915625
  },
  "magnetization": {
    "variance": 0.4395880501818383,
    "error": 0.0006630143664973167,
    "mean": -0.01654003125
  },
  "sqr_energy": {
    "variance": 0.015151112077821223,
    "error": 0.00012308985367535873,
    "mean": 0.4700319552001953
  }
}
