{
  "sqr_magnetization": {
    "variance": 0.055649101450826646,
    "error": 0.00023590061774151133,
    "mean": 0.3922216936035156
  },
  "abs_magnetization": {
    "variance": 0.053703871252156164,
    "error": 0.0002317409572176575,
    "mean": 0.581822890625
  },
  "energy": {
    "variance": 0.008194383544778508,
    "error": 9.052283438325663e-5,
    "mean": -0.6584345859375
  },
  "magnetization": {
    "variance": 0.3921810555544928,
    "error": 0.0006262436071965068,
    "mean": 0.006405484375
  },
  "sqr_energy": {
    "variance": 0.014391592050167145,
    "error": 0.00011996496176037046,
    "mean": 0.44173047930908205
  }
}
