{
  "sqr_magnetization": {
    "variance": 2.4286004549801343e-5,
    "error": 4.928083253132129e-6,
    "mean": 0.998546169921875
  },
  "energy": {
    "variance": 2.2836074830154432e-5,
    "error": 4.778710582380401e-6,
    "mean": -0.9985673671875
  },
  "magnetization": {
    "variance": 6.136662949162951e-6,
    "error": 2.4772288850978127e-6,
    "mean": 0.99926975
  },
  "sqr_energy": {
    "variance": 8.962855581837942e-5,
    "error": 9.467235912259682e-6,
    "mean": 0.9971596228637696
  }
}
