{
  "sqr_magnetization": {
    "variance": 0.0027509088948618017,
    "error": 5.2449107665067114e-5,
    "mean": 0.9168385952148438
  },
  "energy": {
    "variance": 0.0013959034796534188,
    "error": 3.736179170828694e-5,
    "mean": -0.9299162421875
  },
  "magnetization": {
    "variance": 0.0007846669121317562,
    "error": 2.801190661364835e-5,
    "mean": 0.9571070625
  },
  "sqr_energy": {
    "variance": 0.004710570995700636,
    "error": 6.863359961200225e-5,
    "mean": 0.8661401195678711
  }
}
