{
  "sqr_magnetization": {
    "variance": 0.0017668971497574219,
    "error": 4.20344757283521e-5,
    "mean": 0.03125116064453125
  },
  "energy": {
    "variance": 0.0031461704961264912,
    "error": 5.6090734494446506e-5,
    "mean": -0.3635596796875
  },
  "magnetization": {
    "variance": 0.031236966137034253,
    "error": 0.00017673982612030108,
    "mean": 0.003771703125
  },
  "sqr_energy": {
    "variance": 0.0017106732331269403,
    "error": 4.136028569929057e-5,
    "mean": 0.13532180804443358
  }
}
