{
  "sqr_magnetization": {
    "variance": 0.001890799748147564,
    "error": 4.3483327243295955e-5,
    "mean": 0.032096297546386716
  },
  "abs_magnetization": {
    "variance": 0.011371231228956755,
    "error": 0.00010663597530363172,
    "mean": 0.1439620703125
  },
  "energy": {
    "variance": 0.00322263533965432,
    "error": 5.676825996676593e-5,
    "mean": -0.3683989765625
  },
  "magnetization": {
    "variance": 0.03209631846790288,
    "error": 0.00017915445422289362,
    "mean": -0.0001057109375
  },
  "sqr_energy": {
    "variance": 0.0018061040003960285,
    "error": 4.249828232288957e-5,
    "mean": 0.1389404380493164
  }
}
