{
  "energy": {
    "variance": 0.007194226812555055,
    "error": 8.481878808704504e-5,
    "mean": -0.739246033203125
  },
  "magnetization": {
    "variance": 0.5731830446924501,
    "error": 0.0007570885316080611,
    "mean": -0.02220196875
  }
}
