{
  "sqr_magnetization": {
    "variance": 0.0035446982052178607,
    "error": 5.953736814151143e-5,
    "mean": 0.04466870330810547
  },
  "energy": {
    "variance": 0.0035089448902534234,
    "error": 5.9236347711970084e-5,
    "mean": -0.4095635078125
  },
  "magnetization": {
    "variance": 0.0446414802158449,
    "error": 0.00021128530525297992,
    "mean": 0.0052218515625
  },
  "sqr_energy": {
    "variance": 0.002426899153357073,
    "error": 4.926356821584357e-5,
    "mean": 0.1712512083129883
  }
}
