{
  "sqr_magnetization": {
    "variance": 0.0017686898648914657,
    "error": 4.205579466484334e-5,
    "mean": 0.9392200541992187
  },
  "energy": {
    "variance": 0.0010186498179026865,
    "error": 3.1916293924932554e-5,
    "mean": -0.9472338203125
  },
  "magnetization": {
    "variance": 0.00048654393645384853,
    "error": 2.2057740964428983e-5,
    "mean": -0.968882609375
  },
  "sqr_energy": {
    "variance": 0.0035720697552577346,
    "error": 5.976679475476106e-5,
    "mean": 0.8982705591430664
  }
}
