{
  "sqr_magnetization": {
    "variance": 0.04943148615393643,
    "error": 0.00022233192787797355,
    "mean": 0.3074433978271484
  },
  "energy": {
    "variance": 0.007743955415985688,
    "error": 8.799974668137226e-5,
    "mean": -0.61878215625
  },
  "magnetization": {
    "variance": 0.2954535356711312,
    "error": 0.0005435563776381721,
    "mean": -0.109499578125
  },
  "sqr_energy": {
    "variance": 0.012307608421954922,
    "error": 0.00011093966117649234,
    "mean": 0.39063530456542966
  }
}
