{
  "energy": {
    "variance": 0.005108010479239482,
    "error": 7.147034685265968e-5,
    "mean": -0.802926
  },
  "magnetization": {
    "variance": 0.6304626122190514,
    "error": 0.0007940167581474912,
    "mean": 0.280007421875
  }
}
