{
  "sqr_magnetization": {
    "variance": 0.002293450595924563,
    "error": 4.7889984296557904e-5,
    "mean": 0.9265029811401367
  },
  "abs_magnetization": {
    "variance": 0.0006433060235671932,
    "error": 2.5363478144118822e-5,
    "mean": 0.9622160234375
  },
  "energy": {
    "variance": 0.001213645758368416,
    "error": 3.483741893953133e-5,
    "mean": -0.9373343125
  },
  "magnetization": {
    "variance": 0.0006433060235671932,
    "error": 2.5363478144118822e-5,
    "mean": 0.9622160234375
  },
  "sqr_energy": {
    "variance": 0.004169458313357268,
    "error": 6.457134281829106e-5,
    "mean": 0.8798092579345703
  }
}
