{
  "sqr_magnetization": {
    "variance": 0.03191971068625617,
    "error": 0.0001786608818019663,
    "mean": 0.6725193114624023
  },
  "abs_magnetization": {
    "variance": 0.018127834795525162,
    "error": 0.00013463964793301102,
    "mean": 0.8089446796875
  },
  "energy": {
    "variance": 0.0057687388287089815,
    "error": 7.595221411327639e-5,
    "mean": -0.7854481015625
  },
  "magnetization": {
    "variance": 0.6725198207220325,
    "error": 0.0008200730581613034,
    "mean": -0.0004040546875
  },
  "sqr_energy": {
    "variance": 0.013655316761895742,
    "error": 0.00011685596588063333,
    "mean": 0.6226974533081054
  }
}
