{
  "sqr_magnetization": {
    "variance": 0.05366048284828562,
    "error": 0.0002316473242847532,
    "mean": 0.3799789467163086
  },
  "energy": {
    "variance": 0.008040160607542444,
    "error": 8.96669426686471e-5,
    "mean": -0.65201559375
  },
  "magnetization": {
    "variance": 0.3765978980884248,
    "error": 0.0006136757271462061,
    "mean": 0.0581500234375
  },
  "sqr_energy": {
    "variance": 0.013966104303038384,
    "error": 0.00011817827339675591,
    "mean": 0.4331644870605469
  }
}
