{
  "sqr_magnetization": {
    "variance": 0.055321930538365115,
    "error": 0.00023520614477169833,
    "mean": 0.45790474993896485
  },
  "abs_magnetization": {
    "variance": 0.047677347508656036,
    "error": 0.00021835143120358985,
    "mean": 0.6404900078125
  },
  "energy": {
    "variance": 0.008110064525446362,
    "error": 9.005589667226883e-5,
    "mean": -0.68776071875
  },
  "magnetization": {
    "variance": 0.45691382832542254,
    "error": 0.0006759540134694242,
    "mean": 0.0314861640625
  },
  "sqr_energy": {
    "variance": 0.015271848582903206,
    "error": 0.00012357932101651637,
    "mean": 0.48112486267089843
  }
}
