{
  "energy": {
    "variance": 0.0029982740412458084,
    "error": 5.475649770799634e-5,
    "mean": -0.867080474609375
  },
  "magnetization": {
    "variance": 0.0037671465392045845,
    "error": 6.137708480536188e-5,
    "mean": 0.9057320234375
  }
}
