{
  "energy": {
    "variance": 0.0055162546194411095,
    "error": 7.427149264314748e-5,
    "mean": -0.791739568359375
  },
  "magnetization": {
    "variance": 0.6829685008474217,
    "error": 0.0008264190830610227,
    "mean": 0.0553490703125
  }
}
