{
  "sqr_magnetization": {
    "variance": 0.003353125348666168,
    "error": 5.790617712011533e-5,
    "mean": 0.043105119140625
  },
  "energy": {
    "variance": 0.0034852178720320803,
    "error": 5.9035733856979206e-5,
    "mean": -0.405857078125
  },
  "magnetization": {
    "variance": 0.04307460878624918,
    "error": 0.0002075442333244872,
    "mean": 0.005527515625
  },
  "sqr_energy": {
    "variance": 0.002369121597290269,
    "error": 4.867362321925777e-5,
    "mean": 0.16820518225097655
  }
}
