{
  "sqr_magnetization": {
    "variance": 0.031187473507496483,
    "error": 0.00017659975511731744,
    "mean": 0.6786370507202149
  },
  "abs_magnetization": {
    "variance": 0.01772110292431185,
    "error": 0.00013312063297743086,
    "mean": 0.8129673828125
  },
  "energy": {
    "variance": 0.005670830784884497,
    "error": 7.530491872968523e-5,
    "mean": -0.78844678125
  },
  "magnetization": {
    "variance": 0.6651518601421941,
    "error": 0.0008155684276271329,
    "mean": -0.1161286171875
  },
  "sqr_energy": {
    "variance": 0.013519830206195647,
    "error": 0.00011627480469214148,
    "mean": 0.6273191519775391
  }
}
