{
  "sqr_magnetization": {
    "variance": 0.0036027392226639287,
    "error": 6.002282251497283e-5,
    "mean": 0.9002075035400391
  },
  "abs_magnetization": {
    "variance": 0.001057296725363132,
    "error": 3.2516099479536776e-5,
    "mean": 0.9482353125
  },
  "energy": {
    "variance": 0.0016591472201994049,
    "error": 4.0732630902010304e-5,
    "mean": -0.9176401484375
  },
  "magnetization": {
    "variance": 0.001057296725363132,
    "error": 3.2516099479536776e-5,
    "mean": -0.9482353125
  },
  "sqr_energy": {
    "variance": 0.00545242284845318,
    "error": 7.384052307813901e-5,
    "mean": 0.8437225875854493
  }
}
