{
  "sqr_magnetization": {
    "variance": 0.020005944753997605,
    "error": 0.00014144237255503603,
    "mean": 0.129874044921875
  },
  "energy": {
    "variance": 0.005151416446728947,
    "error": 7.177336864554252e-5,
    "mean": -0.51786125
  },
  "magnetization": {
    "variance": 0.127861087237253,
    "error": 0.00035757668721164275,
    "mean": 0.044867421875
  },
  "sqr_energy": {
    "variance": 0.005832961288566733,
    "error": 7.63738259390397e-5,
    "mean": 0.273331685546875
  }
}
