{
  "sqr_magnetization": {
    "variance": 0.009787325406300902,
    "error": 9.893091228883367e-5,
    "mean": 0.8126506729125976
  },
  "energy": {
    "variance": 0.003162611456907355,
    "error": 5.623710036005906e-5,
    "mean": -0.85901940625
  },
  "magnetization": {
    "variance": 0.003359622641811058,
    "error": 5.796225186973896e-5,
    "mean": 0.8996060546875
  },
  "sqr_energy": {
    "variance": 0.009069656139982294,
    "error": 9.523474229493296e-5,
    "mean": 0.7410769486083985
  }
}
