{
  "sqr_magnetization": {
    "variance": 0.001938580098159225,
    "error": 4.4029309535345036e-5,
    "mean": 0.9348046159057617
  },
  "abs_magnetization": {
    "variance": 0.0005371894823940113,
    "error": 2.3177348476346712e-5,
    "mean": 0.9665751015625
  },
  "energy": {
    "variance": 0.0010731998211529461,
    "error": 3.275972864895169e-5,
    "mean": -0.94378325
  },
  "magnetization": {
    "variance": 0.0005371894823940113,
    "error": 2.3177348476346712e-5,
    "mean": -0.9665751015625
  },
  "sqr_energy": {
    "variance": 0.003739893393678841,
    "error": 6.115466779959515e-5,
    "mean": 0.8918000217285156
  }
}
