{
  "sqr_magnetization": {
    "variance": 0.006610730665412765,
    "error": 8.130639990439108e-5,
    "mean": 0.06346049688720704
  },
  "energy": {
    "variance": 0.004054731542792517,
    "error": 6.367677396659253e-5,
    "mean": -0.4498527109375
  },
  "magnetization": {
    "variance": 0.06343358130511445,
    "error": 0.000251860241612515,
    "mean": -0.0051941328125
  },
  "sqr_energy": {
    "variance": 0.003415724296448373,
    "error": 5.844419814188893e-5,
    "mean": 0.20642218902587892
  }
}
