{
  "sqr_magnetization": {
    "variance": 0.004593117082868522,
    "error": 6.777253929777548e-5,
    "mean": 0.052215301330566406
  },
  "abs_magnetization": {
    "variance": 0.017981158308150436,
    "error": 0.00013409384142513942,
    "mean": 0.1850247578125
  },
  "energy": {
    "variance": 0.003720668191951151,
    "error": 6.099728020126103e-5,
    "mean": -0.424867578125
  },
  "magnetization": {
    "variance": 0.05221292673936711,
    "error": 0.00022850148082532662,
    "mean": -0.0015578203125
  },
  "sqr_energy": {
    "variance": 0.002783773000057156,
    "error": 5.2761472686584066e-5,
    "mean": 0.18423312341308593
  }
}
