{
  "sqr_magnetization": {
    "variance": 0.00534234521860944,
    "error": 7.309134845253192e-5,
    "mean": 0.8739224805908203
  },
  "abs_magnetization": {
    "variance": 0.00166055102780469,
    "error": 4.074985923662424e-5,
    "mean": 0.933949640625
  },
  "energy": {
    "variance": 0.0021166487442434104,
    "error": 4.600705102746111e-5,
    "mean": -0.8992299453125
  },
  "magnetization": {
    "variance": 0.00166055102780469,
    "error": 4.074985923662424e-5,
    "mean": -0.933949640625
  },
  "sqr_energy": {
    "variance": 0.00666248090487515,
    "error": 8.16240216166488e-5,
    "mean": 0.8107311411743164
  }
}
