{
  "sqr_magnetization": {
    "variance": 0.016959142093290285,
    "error": 0.00013022727092775263,
    "mean": 0.7655554634399414
  },
  "abs_magnetization": {
    "variance": 0.0074186280240600925,
    "error": 8.613145780758673e-5,
    "mean": 0.8707105390625
  },
  "energy": {
    "variance": 0.004067169141128553,
    "error": 6.377436115813746e-5,
    "mean": -0.8329097109375
  },
  "magnetization": {
    "variance": 0.5502295698433637,
    "error": 0.0007417746085188975,
    "mean": 0.4640328046875
  },
  "sqr_energy": {
    "variance": 0.010870886498356443,
    "error": 0.00010426354347688574,
    "mean": 0.6978057516479492
  }
}
