{
  "sqr_magnetization": {
    "variance": 0.012346686027176193,
    "error": 0.00011111564258544426,
    "mean": 0.09417617419433594
  },
  "abs_magnetization": {
    "variance": 0.030198746443839214,
    "error": 0.0001737778652298365,
    "mean": 0.25293765625
  },
  "energy": {
    "variance": 0.0045497129582576365,
    "error": 6.745156008764835e-5,
    "mean": -0.485401546875
  },
  "magnetization": {
    "variance": 0.09417603385717424,
    "error": 0.0003068811396244061,
    "mean": -0.000484265625
  },
  "sqr_energy": {
    "variance": 0.004496209973755975,
    "error": 6.70537841866958e-5,
    "mean": 0.2401643701171875
  }
}
