{
  "sqr_magnetization": {
    "variance": 0.00902796841923913,
    "error": 9.501562197470019e-5,
    "mean": 0.0772017817993164
  },
  "energy": {
    "variance": 0.004222115165991875,
    "error": 6.497780517986027e-5,
    "mean": -0.469388921875
  },
  "magnetization": {
    "variance": 0.0769738541997008,
    "error": 0.00027744162304834655,
    "mean": 0.0150998203125
  },
  "sqr_energy": {
    "variance": 0.0038758288089650156,
    "error": 6.22561547878201e-5,
    "mean": 0.22454807092285156
  }
}
