{
  "sqr_magnetization": {
    "variance": 0.05532906544873859,
    "error": 0.00023522131163807966,
    "mean": 0.43579020837402344
  },
  "energy": {
    "variance": 0.0081550179738107,
    "error": 9.03051381362694e-5,
    "mean": -0.678397109375
  },
  "magnetization": {
    "variance": 0.43322966962337833,
    "error": 0.0006582018456547947,
    "mean": -0.050606046875
  },
  "sqr_energy": {
    "variance": 0.015034801639228507,
    "error": 0.00012261648192322478,
    "mean": 0.4683776478271484
  }
}
