{
  "energy": {
    "variance": 0.00245661261377776,
    "error": 4.9564227158080054e-5,
    "mean": -0.88659279296875
  },
  "magnetization": {
    "variance": 0.3066448010639377,
    "error": 0.0005537551815233314,
    "mean": 0.7404281875
  }
}
