{
  "energy": {
    "variance": 5.325064678664227e-5,
    "error": 7.2973040766191366e-6,
    "mean": -0.99674298828125
  },
  "magnetization": {
    "variance": 1.4888012887036331e-5,
    "error": 3.858498786709195e-6,
    "mean": 0.99832009375
  }
}
