{
  "sqr_magnetization": {
    "variance": 0.009108885040057973,
    "error": 9.54404790435273e-5,
    "mean": 0.8292517581787109
  },
  "abs_magnetization": {
    "variance": 0.0032138157972511007,
    "error": 5.6690526521201944e-5,
    "mean": 0.908866296875
  },
  "energy": {
    "variance": 0.002897638787110897,
    "error": 5.3829720295677706e-5,
    "mean": -0.8700774765625
  },
  "magnetization": {
    "variance": 0.7292248256912867,
    "error": 0.0008539466175887616,
    "mean": -0.3162715
  },
  "sqr_energy": {
    "variance": 0.008506842281084491,
    "error": 9.223254458749628e-5,
    "mean": 0.7599324511108398
  }
}
