{
  "sqr_magnetization": {
    "variance": 0.03768245041309245,
    "error": 0.00019411968064339188,
    "mean": 0.6337524079589844
  },
  "energy": {
    "variance": 0.006362157381991305,
    "error": 7.976313297502364e-5,
    "mean": -0.7670756171875
  },
  "magnetization": {
    "variance": 0.49984269963761746,
    "error": 0.000706995544284133,
    "mean": 0.3659374375
  },
  "sqr_energy": {
    "variance": 0.01444541812956039,
    "error": 0.00012018909322214053,
    "mean": 0.594767153503418
  }
}
