{
  "sqr_magnetization": {
    "variance": 0.039126019798036524,
    "error": 0.0001978029822779134,
    "mean": 0.6385721326293945
  },
  "energy": {
    "variance": 0.006436722032897813,
    "error": 8.022918442124295e-5,
    "mean": -0.7696954375
  },
  "magnetization": {
    "variance": 0.3852211027157432,
    "error": 0.000620661826372255,
    "mean": 0.5033402578125
  },
  "sqr_energy": {
    "variance": 0.014635160326273997,
    "error": 0.00012097586671015834,
    "mean": 0.5988677821044922
  }
}
