{
  "sqr_magnetization": {
    "variance": 0.021940735587129452,
    "error": 0.00014812405472147138,
    "mean": 0.13774244384765624
  },
  "energy": {
    "variance": 0.0053695921847088214,
    "error": 7.327750121769179e-5,
    "mean": -0.5246962734375
  },
  "magnetization": {
    "variance": 0.1374466337845244,
    "error": 0.0003707379583810166,
    "mean": 0.017203125
  },
  "sqr_energy": {
    "variance": 0.006256509684377971,
    "error": 7.909810164838327e-5,
    "mean": 0.2806757661743164
  }
}
