{
  "sqr_magnetization": {
    "variance": 0.002259319285934697,
    "error": 4.7532297292837603e-5,
    "mean": 0.927315923461914
  },
  "abs_magnetization": {
    "variance": 0.0006329647634332698,
    "error": 2.5158790977176744e-5,
    "mean": 0.962643734375
  },
  "energy": {
    "variance": 0.0012006014544207904,
    "error": 3.464969631065748e-5,
    "mean": -0.93795990625
  },
  "magnetization": {
    "variance": 0.0006329647634332698,
    "error": 2.5158790977176744e-5,
    "mean": 0.962643734375
  },
  "sqr_energy": {
    "variance": 0.004130279653592579,
    "error": 6.426725179741685e-5,
    "mean": 0.8809693859863281
  }
}
