{
  "sqr_magnetization": {
    "variance": 0.031614645632500764,
    "error": 0.0001778050776341912,
    "mean": 0.18529041705322266
  },
  "abs_magnetization": {
    "variance": 0.04869891228627258,
    "error": 0.00022067830044268644,
    "mean": 0.3695829453125
  },
  "energy": {
    "variance": 0.006220280035024595,
    "error": 7.886875195554063e-5,
    "mean": -0.5558149609375
  },
  "magnetization": {
    "variance": 0.18521595955402345,
    "error": 0.0004303672380119373,
    "mean": -0.0086396015625
  },
  "sqr_energy": {
    "variance": 0.008151738450462962,
    "error": 9.02869782995475e-5,
    "mean": 0.3151505446166992
  }
}
