{
  "sqr_magnetization": {
    "variance": 0.04915515463893482,
    "error": 0.00022170961783137604,
    "mean": 0.2916969365234375
  },
  "abs_magnetization": {
    "variance": 0.057373259251070785,
    "error": 0.00023952715764829423,
    "mean": 0.48406996875
  },
  "energy": {
    "variance": 0.007677786245637747,
    "error": 8.762297784050567e-5,
    "mean": -0.6125987421875
  },
  "magnetization": {
    "variance": 0.29169167423913905,
    "error": 0.0005400848768843088,
    "mean": 0.0023566875
  },
  "sqr_energy": {
    "variance": 0.01200684941666225,
    "error": 0.00010957577020793533,
    "mean": 0.38295499749755857
  }
}
