{
  "sqr_magnetization": {
    "variance": 0.0017017960290294622,
    "error": 4.125283055778672e-5,
    "mean": 0.9407564074707031
  },
  "abs_magnetization": {
    "variance": 0.0004675299238541425,
    "error": 2.162244028443928e-5,
    "mean": 0.9696849375
  },
  "energy": {
    "variance": 0.0009728169911958369,
    "error": 3.119001428656032e-5,
    "mean": -0.9484949921875
  },
  "magnetization": {
    "variance": 0.0004675299238541425,
    "error": 2.162244028443928e-5,
    "mean": 0.9696849375
  },
  "sqr_energy": {
    "variance": 0.003425417241612668,
    "error": 5.8527064180707614e-5,
    "mean": 0.9006155662231445
  }
}
