{
  "energy": {
    "variance": 0.004587702089334746,
    "error": 6.773257775498247e-5,
    "mean": -0.817730962890625
  },
  "magnetization": {
    "variance": 0.6922441783049006,
    "error": 0.000832012126296787,
    "mean": -0.213044390625
  }
}
