{
  "sqr_magnetization": {
    "variance": 0.0014842072079304409,
    "error": 3.85254098995772e-5,
    "mean": 0.028273673950195314
  },
  "abs_magnetization": {
    "variance": 0.01005396127832627,
    "error": 0.0001002694433929214,
    "mean": 0.134980453125
  },
  "energy": {
    "variance": 0.0031031647486178746,
    "error": 5.570605666009644e-5,
    "mean": -0.352309875
  },
  "magnetization": {
    "variance": 0.028272489780829402,
    "error": 0.00016814425289265583,
    "mean": -0.001101109375
  },
  "sqr_energy": {
    "variance": 0.001589196856157877,
    "error": 3.986473198402163e-5,
    "mean": 0.12722540966796875
  }
}
