{
  "sqr_magnetization": {
    "variance": 0.007895162901152223,
    "error": 8.885472919970114e-5,
    "mean": 0.8408386945800781
  },
  "abs_magnetization": {
    "variance": 0.002640226131137996,
    "error": 5.138313080319256e-5,
    "mean": 0.915531796875
  },
  "energy": {
    "variance": 0.002686039505434952,
    "error": 5.182701520862408e-5,
    "mean": -0.8772976953125
  },
  "magnetization": {
    "variance": 0.5546628151513345,
    "error": 0.000744756883252068,
    "mean": 0.534954609375
  },
  "sqr_energy": {
    "variance": 0.008030324538779136,
    "error": 8.961207808537383e-5,
    "mean": 0.7723372830200196
  }
}
