{
  "sqr_magnetization": {
    "variance": 0.00292757122180715,
    "error": 5.4107034864305306e-5,
    "mean": 0.9130625799560547
  },
  "abs_magnetization": {
    "variance": 0.0008395866135231367,
    "error": 2.897562102049129e-5,
    "mean": 0.95510365625
  },
  "energy": {
    "variance": 0.0014413684093146373,
    "error": 3.796535801641593e-5,
    "mean": -0.9271229453125
  },
  "magnetization": {
    "variance": 0.0008395866135231367,
    "error": 2.897562102049129e-5,
    "mean": -0.95510365625
  },
  "sqr_energy": {
    "variance": 0.004840179335206111,
    "error": 6.957139739293808e-5,
    "mean": 0.8609983226928711
  }
}
