{
  "sqr_magnetization": {
    "variance": 0.0107546223271938,
    "error": 0.00010370449521208713,
    "mean": 0.813862609008789
  },
  "abs_magnetization": {
    "variance": 0.003945776444836748,
    "error": 6.281541566237342e-5,
    "mean": 0.899953796875
  },
  "energy": {
    "variance": 0.003179060931052569,
    "error": 5.638316176885231e-5,
    "mean": -0.8606637734375
  },
  "magnetization": {
    "variance": 0.8073164926421527,
    "error": 0.0008985079257536645,
    "mean": -0.0809130625
  },
  "sqr_energy": {
    "variance": 0.009118969527271144,
    "error": 9.549329571897257e-5,
    "mean": 0.7439211886596679
  }
}
