{
  "energy": {
    "variance": 0.00564679950784412,
    "error": 7.514518951898465e-5,
    "mean": -0.534531955078125
  },
  "magnetization": {
    "variance": 0.151870602318405,
    "error": 0.00038970578943403573,
    "mean": -0.0011843828125
  }
}
