{
  "sqr_magnetization": {
    "variance": 0.003622464310678881,
    "error": 6.018691145655242e-5,
    "mean": 0.04573935314941406
  },
  "abs_magnetization": {
    "variance": 0.015903759335657772,
    "error": 0.0001261101079836893,
    "mean": 0.172729875
  },
  "energy": {
    "variance": 0.003565704766788506,
    "error": 5.971352247848477e-5,
    "mean": -0.409999703125
  },
  "magnetization": {
    "variance": 0.04573758994606554,
    "error": 0.00021386348436810233,
    "mean": -0.00134496875
  },
  "sqr_energy": {
    "variance": 0.00247800722887643,
    "error": 4.977958646751126e-5,
    "mean": 0.17166545776367187
  }
}
