{
  "sqr_magnetization": {
    "variance": 0.05018218507354262,
    "error": 0.00022401380554229827,
    "mean": 0.5033620710449219
  },
  "energy": {
    "variance": 0.007697635418678144,
    "error": 8.773616938685063e-5,
    "mean": -0.706333640625
  },
  "magnetization": {
    "variance": 0.4354210538759406,
    "error": 0.0006598644208289613,
    "mean": -0.2606558125
  },
  "sqr_energy": {
    "variance": 0.01515681864377578,
    "error": 0.00012311303198189776,
    "mean": 0.5066048395996093
  }
}
