{
  "sqr_magnetization": {
    "variance": 0.01279221470551907,
    "error": 0.00011310267329077182,
    "mean": 0.09692413372802734
  },
  "abs_magnetization": {
    "variance": 0.030713456757156407,
    "error": 0.00017525255135705271,
    "mean": 0.2573144140625
  },
  "energy": {
    "variance": 0.0046009284459894205,
    "error": 6.78301440805592e-5,
    "mean": -0.4879332890625
  },
  "magnetization": {
    "variance": 0.09691690156926822,
    "error": 0.00031131479497330066,
    "mean": -0.0027072265625
  },
  "sqr_energy": {
    "variance": 0.004600863522711162,
    "error": 6.782966550640776e-5,
    "mean": 0.24267981842041014
  }
}
