{
  "sqr_magnetization": {
    "variance": 0.022124831341894163,
    "error": 0.000148744180867334,
    "mean": 0.7283931949462891
  },
  "abs_magnetization": {
    "variance": 0.01055765114926028,
    "error": 0.00010275043138235615,
    "mean": 0.847251765625
  },
  "energy": {
    "variance": 0.004742240540560306,
    "error": 6.886392771662322e-5,
    "mean": -0.8128412265625
  },
  "magnetization": {
    "variance": 0.7194119217493206,
    "error": 0.0008481815382035385,
    "mean": 0.094773375
  },
  "sqr_energy": {
    "variance": 0.012046548873767576,
    "error": 0.00010975677142558256,
    "mean": 0.6654530953979492
  }
}
