{
  "sqr_magnetization": {
    "variance": 0.014663361821510975,
    "error": 0.00012109236896481535,
    "mean": 0.7813356144409179
  },
  "energy": {
    "variance": 0.00374843167815769,
    "error": 6.122443693622416e-5,
    "mean": -0.8419762734375
  },
  "magnetization": {
    "variance": 0.006090851524247459,
    "error": 7.80439076690004e-5,
    "mean": 0.8804798515625
  },
  "sqr_energy": {
    "variance": 0.010274623452719848,
    "error": 0.00010136381727579051,
    "mean": 0.7126724729614258
  }
}
