{
  "sqr_magnetization": {
    "variance": 0.04719494536706518,
    "error": 0.00021724397659558984,
    "mean": 0.28094229626464845
  },
  "abs_magnetization": {
    "variance": 0.05648546505245333,
    "error": 0.00023766671002152013,
    "mean": 0.4737688125
  },
  "energy": {
    "variance": 0.007543227797885757,
    "error": 8.685175759813821e-5,
    "mean": -0.606239671875
  },
  "magnetization": {
    "variance": 0.28076919480056095,
    "error": 0.0005298765844992218,
    "mean": 0.01316746875
  },
  "sqr_energy": {
    "variance": 0.011580750676937245,
    "error": 0.00010761389630032565,
    "mean": 0.3750697600097656
  }
}
