{
  "sqr_magnetization": {
    "variance": 0.002506497007686618,
    "error": 5.006492792051755e-5,
    "mean": 0.038551674072265625
  },
  "energy": {
    "variance": 0.0033524139904383427,
    "error": 5.7900034459733635e-5,
    "mean": -0.3881554453125
  },
  "magnetization": {
    "variance": 0.03841739018459331,
    "error": 0.00019600354635718536,
    "mean": 0.01158975
  },
  "sqr_energy": {
    "variance": 0.0020864824953619487,
    "error": 4.5678030773687566e-5,
    "mean": 0.15401706036376953
  }
}
