{
  "sqr_magnetization": {
    "variance": 0.03298588280977054,
    "error": 0.00018162016080207214,
    "mean": 0.19176278283691406
  },
  "energy": {
    "variance": 0.006196191011432161,
    "error": 7.871588792252909e-5,
    "mean": -0.5615544296875
  },
  "magnetization": {
    "variance": 0.19087617184372557,
    "error": 0.0004368937763847473,
    "mean": -0.02977921875
  },
  "sqr_energy": {
    "variance": 0.008274257376006634,
    "error": 9.096294507109273e-5,
    "mean": 0.3215395623168945
  }
}
