{
  "sqr_magnetization": {
    "variance": 0.006307487800126479,
    "error": 7.941969403193692e-5,
    "mean": 0.0612219013671875
  },
  "energy": {
    "variance": 0.0039512963059026894,
    "error": 6.285933745994058e-5,
    "mean": -0.4410088046875
  },
  "magnetization": {
    "variance": 0.061220044448793476,
    "error": 0.00024742684666137884,
    "mean": 0.00138496875
  },
  "sqr_energy": {
    "variance": 0.003195416087553185,
    "error": 5.652801153015366e-5,
    "mean": 0.1984400581665039
  }
}
