{
  "sqr_magnetization": {
    "variance": 0.011105418904288815,
    "error": 0.00010538225137227243,
    "mean": 0.08737437536621094
  },
  "abs_magnetization": {
    "variance": 0.028555005139422864,
    "error": 0.00016898226279530898,
    "mean": 0.242527109375
  },
  "energy": {
    "variance": 0.0044428781151803,
    "error": 6.665491816198037e-5,
    "mean": -0.4785273515625
  },
  "magnetization": {
    "variance": 0.08737281243748797,
    "error": 0.0002955889247544434,
    "mean": -0.001284640625
  },
  "sqr_energy": {
    "variance": 0.00426163102896885,
    "error": 6.52811690226887e-5,
    "mean": 0.23343129986572267
  }
}
