{
  "energy": {
    "variance": 0.007506296201337156,
    "error": 8.663888388787772e-5,
    "mean": -0.6032703671875
  },
  "magnetization": {
    "variance": 0.27614874456877486,
    "error": 0.0005254985676181953,
    "mean": 0.00011196875
  }
}
