{
  "sqr_magnetization": {
    "variance": 0.018616376026140226,
    "error": 0.00013644184118568697,
    "mean": 0.7537245496215821
  },
  "abs_magnetization": {
    "variance": 0.008340557038017915,
    "error": 9.132665020692435e-5,
    "mean": 0.8633562421875
  },
  "energy": {
    "variance": 0.00429081201612885,
    "error": 6.550429005896369e-5,
    "mean": -0.8264734140625
  },
  "magnetization": {
    "variance": 0.6390368102123641,
    "error": 0.0007993977797144324,
    "mean": 0.3386567265625
  },
  "sqr_energy": {
    "variance": 0.011279509823451921,
    "error": 0.00010620503671414045,
    "mean": 0.6873491118774414
  }
}
