{
  "sqr_magnetization": {
    "variance": 0.04098035419363276,
    "error": 0.00020243604963946705,
    "mean": 0.6134488359985352
  },
  "abs_magnetization": {
    "variance": 0.026570954519305044,
    "error": 0.00016300599534773265,
    "mean": 0.7660795703125
  },
  "energy": {
    "variance": 0.006717208206330215,
    "error": 8.195857616094985e-5,
    "mean": -0.7573326953125
  },
  "magnetization": {
    "variance": 0.6133512435724212,
    "error": 0.0007831674428705659,
    "mean": -0.0099098828125
  },
  "sqr_energy": {
    "variance": 0.014854227700597668,
    "error": 0.00012187792130077403,
    "mean": 0.580270012878418
  }
}
