{
  "sqr_magnetization": {
    "variance": 0.003014597852715345,
    "error": 5.490535358883818e-5,
    "mean": 0.9111051135864258
  },
  "abs_magnetization": {
    "variance": 0.0008663573449202718,
    "error": 2.943394885026934e-5,
    "mean": 0.9540643359375
  },
  "energy": {
    "variance": 0.0014736692877413092,
    "error": 3.838840043217885e-5,
    "mean": -0.925647171875
  },
  "magnetization": {
    "variance": 0.0008663573449202718,
    "error": 2.943394885026934e-5,
    "mean": -0.9540643359375
  },
  "sqr_energy": {
    "variance": 0.004932596686015353,
    "error": 7.023244752972342e-5,
    "mean": 0.8582963546142578
  }
}
