{
  "energy": {
    "variance": 0.001680122485277358,
    "error": 4.098929720399409e-5,
    "mean": -0.917639275390625
  },
  "magnetization": {
    "variance": 0.0011099314199389887,
    "error": 3.331563326636594e-5,
    "mean": 0.948073484375
  }
}
