{
  "sqr_magnetization": {
    "variance": 0.0048302001997253775,
    "error": 6.949964172371954e-5,
    "mean": 0.05384881903076172
  },
  "energy": {
    "variance": 0.0036938130363950673,
    "error": 6.0776747497666137e-5,
    "mean": -0.4320776875
  },
  "magnetization": {
    "variance": 0.05382196245330956,
    "error": 0.00023199560869402151,
    "mean": -0.0051875234375
  },
  "sqr_energy": {
    "variance": 0.0028484593932471634,
    "error": 5.337096020540724e-5,
    "mean": 0.1903849373779297
  }
}
