{
  "sqr_magnetization": {
    "variance": 0.027817703356028275,
    "error": 0.00016678640039292255,
    "mean": 0.16601017687988281
  },
  "energy": {
    "variance": 0.00602594090546233,
    "error": 7.762693414957421e-5,
    "mean": -0.5424446171875
  },
  "magnetization": {
    "variance": 0.16601034153391356,
    "error": 0.0004074436666999667,
    "mean": -3.6828125e-5
  },
  "sqr_energy": {
    "variance": 0.007497501906299923,
    "error": 8.658811642656239e-5,
    "mean": 0.30027209759521484
  }
}
