{
  "sqr_magnetization": {
    "variance": 0.0074117263987189645,
    "error": 8.609138399816188e-5,
    "mean": 0.06865242077636718
  },
  "abs_magnetization": {
    "variance": 0.02305978511701168,
    "error": 0.00015185448665420355,
    "mean": 0.213524375
  },
  "energy": {
    "variance": 0.004052345873649039,
    "error": 6.365803856269087e-5,
    "mean": -0.4544952109375
  },
  "magnetization": {
    "variance": 0.0686490067695888,
    "error": 0.0002620095547295724,
    "mean": 0.0018661875
  },
  "sqr_energy": {
    "variance": 0.0034849636416280916,
    "error": 5.903358062686094e-5,
    "mean": 0.21061823858642578
  }
}
