{
  "sqr_magnetization": {
    "variance": 0.039885859952724936,
    "error": 0.00019971444602913665,
    "mean": 0.22493962658691405
  },
  "energy": {
    "variance": 0.00688207742359787,
    "error": 8.295828725087005e-5,
    "mean": -0.5785588046875
  },
  "magnetization": {
    "variance": 0.22493903879553073,
    "error": 0.000474277385920445,
    "mean": -0.000901515625
  },
  "sqr_energy": {
    "variance": 0.009750550720266926,
    "error": 9.87448769317524e-5,
    "mean": 0.34161236102294923
  }
}
