{
  "sqr_magnetization": {
    "variance": 0.012089876365829557,
    "error": 0.00010995397385192386,
    "mean": 0.8023536412353516
  },
  "abs_magnetization": {
    "variance": 0.0045979266584491195,
    "error": 6.780801323183803e-5,
    "mean": 0.89317171875
  },
  "energy": {
    "variance": 0.0033895725978809474,
    "error": 5.822003605186919e-5,
    "mean": -0.853845890625
  },
  "magnetization": {
    "variance": 0.5237301260132277,
    "error": 0.0007236920104666263,
    "mean": 0.5278485
  },
  "sqr_energy": {
    "variance": 0.009558962044245525,
    "error": 9.776994448318729e-5,
    "mean": 0.7324423741455078
  }
}
