{
  "sqr_magnetization": {
    "variance": 0.0035572132723352924,
    "error": 5.9642378157944814e-5,
    "mean": 0.9013077632446289
  },
  "abs_magnetization": {
    "variance": 0.0010431978463301093,
    "error": 3.2298573441099674e-5,
    "mean": 0.9488227265625
  },
  "energy": {
    "variance": 0.001642070680348938,
    "error": 4.0522471301105736e-5,
    "mean": -0.9184566953125
  },
  "magnetization": {
    "variance": 0.0010431978463301093,
    "error": 3.2298573441099674e-5,
    "mean": -0.9488227265625
  },
  "sqr_energy": {
    "variance": 0.005405422342099844,
    "error": 7.352157739126551e-5,
    "mean": 0.8452047702026367
  }
}
