{
  "sqr_magnetization": {
    "variance": 0.0023620452041900257,
    "error": 4.8600876578411896e-5,
    "mean": 0.9248767621459961
  },
  "abs_magnetization": {
    "variance": 0.0006640586987725054,
    "error": 2.576933640535793e-5,
    "mean": 0.9613598203125
  },
  "energy": {
    "variance": 0.0012400815365096976,
    "error": 3.521479144492691e-5,
    "mean": -0.9360792109375
  },
  "magnetization": {
    "variance": 0.0006640586987725054,
    "error": 2.576933640535793e-5,
    "mean": -0.9613598203125
  },
  "sqr_energy": {
    "variance": 0.004248747366799252,
    "error": 6.518241608592959e-5,
    "mean": 0.8774843694458008
  }
}
