{
  "sqr_magnetization": {
    "variance": 0.02087060192326581,
    "error": 0.0001444666117940952,
    "mean": 0.7227680114746093
  },
  "energy": {
    "variance": 0.004688748910061837,
    "error": 6.847443983021575e-5,
    "mean": -0.8087441640625
  },
  "magnetization": {
    "variance": 0.21976312169869883,
    "error": 0.00046878899485664,
    "mean": -0.70922853125
  },
  "sqr_energy": {
    "variance": 0.011856827149464049,
    "error": 0.00010888905890613643,
    "mean": 0.6587558671264648
  }
}
