{
  "sqr_magnetization": {
    "variance": 0.016369970942879633,
    "error": 0.00012794518725954342,
    "mean": 0.11416445538330078
  },
  "energy": {
    "variance": 0.004859173673741789,
    "error": 6.970777340972662e-5,
    "mean": -0.505507453125
  },
  "magnetization": {
    "variance": 0.11413381495391937,
    "error": 0.0003378369650495922,
    "mean": -0.0055456796875
  },
  "sqr_energy": {
    "variance": 0.0052073293748508,
    "error": 7.216182768507738e-5,
    "mean": 0.2603969539794922
  }
}
