{
  "sqr_magnetization": {
    "variance": 0.004179995907376778,
    "error": 6.465288785024825e-5,
    "mean": 0.04939965948486328
  },
  "abs_magnetization": {
    "variance": 0.017153750220558754,
    "error": 0.0001309723261630439,
    "mean": 0.1795715078125
  },
  "energy": {
    "variance": 0.0036385049993524106,
    "error": 6.032002154635234e-5,
    "mean": -0.419192390625
  },
  "magnetization": {
    "variance": 0.04939970779092551,
    "error": 0.00022226045035256611,
    "mean": 3.30703125e-5
  },
  "sqr_energy": {
    "variance": 0.0026459504494374874,
    "error": 5.143880295494334e-5,
    "mean": 0.17936076171875
  }
}
