{
  "sqr_magnetization": {
    "variance": 0.032595355919438455,
    "error": 0.0001805418398029622,
    "mean": 0.6623927166137695
  },
  "energy": {
    "variance": 0.0059131250328832725,
    "error": 7.689684670312088e-5,
    "mean": -0.7798038359375
  },
  "magnetization": {
    "variance": 0.661464554835525,
    "error": 0.0008133047121685236,
    "mean": -0.0304766015625
  },
  "sqr_energy": {
    "variance": 0.01377277601057043,
    "error": 0.00011735747104709794,
    "mean": 0.6140071416625976
  }
}
