{
  "sqr_magnetization": {
    "variance": 0.00221844371529221,
    "error": 4.7100357910447034e-5,
    "mean": 0.9286675758056641
  },
  "energy": {
    "variance": 0.0011997865947961158,
    "error": 3.463793577562202e-5,
    "mean": -0.938981578125
  },
  "magnetization": {
    "variance": 0.0006212832462822698,
    "error": 2.4925554081750516e-5,
    "mean": -0.96335159375
  },
  "sqr_energy": {
    "variance": 0.004130684959893679,
    "error": 6.427040500801033e-5,
    "mean": 0.882886189453125
  }
}
