{
  "sqr_magnetization": {
    "variance": 0.005449610129450539,
    "error": 7.382147471739195e-5,
    "mean": 0.8703002592163086
  },
  "energy": {
    "variance": 0.002186658828315077,
    "error": 4.676172396645655e-5,
    "mean": -0.89660275
  },
  "magnetization": {
    "variance": 0.0016790423306243007,
    "error": 4.0976119028335286e-5,
    "mean": 0.9319985078125
  },
  "sqr_energy": {
    "variance": 0.0068446703208067975,
    "error": 8.273252275137509e-5,
    "mean": 0.8060831479492188
  }
}
