{
  "energy": {
    "variance": 0.007788026953143394,
    "error": 8.824979860114919e-5,
    "mean": -0.71004815234375
  },
  "magnetization": {
    "variance": 0.5027749931956875,
    "error": 0.0007090662826532422,
    "mean": -0.08720459375
  }
}
