{
  "sqr_magnetization": {
    "variance": 0.001983279014332071,
    "error": 4.453402086418956e-5,
    "mean": 0.9339468120117187
  },
  "energy": {
    "variance": 0.0011060756196476413,
    "error": 3.325771518982688e-5,
    "mean": -0.943053171875
  },
  "magnetization": {
    "variance": 0.0005510480385079993,
    "error": 2.3474412420931844e-5,
    "mean": -0.96612409375
  },
  "sqr_energy": {
    "variance": 0.0038429409517304397,
    "error": 6.199145869981154e-5,
    "mean": 0.8904553594970703
  }
}
