{
  "sqr_magnetization": {
    "variance": 0.007679105285061522,
    "error": 8.763050430678534e-5,
    "mean": 0.843081919128418
  },
  "abs_magnetization": {
    "variance": 0.002539239768370079,
    "error": 5.039086989098401e-5,
    "mean": 0.9168111484375
  },
  "energy": {
    "variance": 0.0026496374575571357,
    "error": 5.147462926099746e-5,
    "mean": -0.878705953125
  },
  "magnetization": {
    "variance": 0.002539239768370079,
    "error": 5.039086989098401e-5,
    "mean": 0.9168111484375
  },
  "sqr_energy": {
    "variance": 0.007948759828844599,
    "error": 8.915581769489077e-5,
    "mean": 0.7747737868652343
  }
}
