{
  "sqr_magnetization": {
    "variance": 0.013110698825606155,
    "error": 0.0001145019599203706,
    "mean": 0.7933122147827149
  },
  "abs_magnetization": {
    "variance": 0.005135240326461944,
    "error": 7.166059116740487e-5,
    "mean": 0.8877933203125
  },
  "energy": {
    "variance": 0.0035516711226207674,
    "error": 5.959589853858038e-5,
    "mean": -0.8485110859375
  },
  "magnetization": {
    "variance": 0.6804591170434772,
    "error": 0.0008248994587484449,
    "mean": -0.3359371640625
  },
  "sqr_energy": {
    "variance": 0.009884426308676022,
    "error": 9.942045216491435e-5,
    "mean": 0.7235227305297851
  }
}
