{
  "sqr_magnetization": {
    "variance": 0.04259509265664988,
    "error": 0.00020638578598500886,
    "mean": 0.6138829789428711
  },
  "energy": {
    "variance": 0.0069276383351939376,
    "error": 8.323243559570955e-5,
    "mean": -0.7583445546875
  },
  "magnetization": {
    "variance": 0.41263503196765117,
    "error": 0.0006423667425759611,
    "mean": 0.4486071328125
  },
  "sqr_energy": {
    "variance": 0.015304356760182703,
    "error": 0.00012371077867422346,
    "mean": 0.5820140950317383
  }
}
