{
  "energy": {
    "variance": 0.008210941439228169,
    "error": 9.061424523345195e-5,
    "mean": -0.68398633203125
  },
  "magnetization": {
    "variance": 0.4458991114421454,
    "error": 0.0006677567756617265,
    "mean": -0.0598873203125
  }
}
