{
  "sqr_magnetization": {
    "variance": 0.050742978384545306,
    "error": 0.00022526202162047933,
    "mean": 0.2966292631225586
  },
  "energy": {
    "variance": 0.00783316225957089,
    "error": 8.850515385880582e-5,
    "mean": -0.6172719609375
  },
  "magnetization": {
    "variance": 0.29647648644903274,
    "error": 0.0005444965440193655,
    "mean": -0.0123722734375
  },
  "sqr_energy": {
    "variance": 0.012475429086139871,
    "error": 0.00011169346035529507,
    "mean": 0.38885782818603515
  }
}
