{
  "sqr_magnetization": {
    "variance": 0.045419340084455695,
    "error": 0.00021311813645125488,
    "mean": 0.582396181640625
  },
  "abs_magnetization": {
    "variance": 0.031713718854319436,
    "error": 0.00017808346036148173,
    "mean": 0.74207984375
  },
  "energy": {
    "variance": 0.007130903500297788,
    "error": 8.444467715787531e-5,
    "mean": -0.743202640625
  },
  "magnetization": {
    "variance": 0.5823262378253001,
    "error": 0.0007631030322474811,
    "mean": -0.008397984375
  },
  "sqr_energy": {
    "variance": 0.015240022958459214,
    "error": 0.00012345048788262934,
    "mean": 0.5594810614013672
  }
}
