{
  "energy": {
    "variance": 0.0074593371829835406,
    "error": 8.63674544199581e-5,
    "mean": -0.725906529296875
  },
  "magnetization": {
    "variance": 0.5441366173008204,
    "error": 0.0007376561646870583,
    "mean": 0.035634875
  }
}
