{
  "sqr_magnetization": {
    "variance": 0.001409173591730266,
    "error": 3.753896098362695e-5,
    "mean": 0.9483605780029297
  },
  "abs_magnetization": {
    "variance": 0.0003823818948574808,
    "error": 1.9554587565517226e-5,
    "mean": 0.97364171875
  },
  "energy": {
    "variance": 0.0008477982619700764,
    "error": 2.9116975494890886e-5,
    "mean": -0.9545882578125
  },
  "magnetization": {
    "variance": 0.0003823818948574808,
    "error": 1.9554587565517226e-5,
    "mean": -0.97364171875
  },
  "sqr_energy": {
    "variance": 0.003025479652296823,
    "error": 5.5004360302587134e-5,
    "mean": 0.9120865393676758
  }
}
