{
  "sqr_magnetization": {
    "variance": 0.0022551843977144407,
    "error": 4.748878180912246e-5,
    "mean": 0.035441078002929685
  },
  "abs_magnetization": {
    "variance": 0.012478774096968431,
    "error": 0.00011170843341918475,
    "mean": 0.15153321875
  },
  "energy": {
    "variance": 0.003308013878395714,
    "error": 5.7515336027843165e-5,
    "mean": -0.38023678125
  },
  "magnetization": {
    "variance": 0.03544086522187206,
    "error": 0.00018825744400121884,
    "mean": -0.00049821875
  },
  "sqr_energy": {
    "variance": 0.001975690497175713,
    "error": 4.4448740107855846e-5,
    "mean": 0.1478880203857422
  }
}
