{
  "sqr_magnetization": {
    "variance": 0.006635346815879101,
    "error": 8.145763816781764e-5,
    "mean": 0.06494966015625
  },
  "abs_magnetization": {
    "variance": 0.021849190724668996,
    "error": 0.00014781471755095633,
    "mean": 0.207606578125
  },
  "energy": {
    "variance": 0.003968930639090552,
    "error": 6.299944951418665e-5,
    "mean": -0.448380390625
  },
  "magnetization": {
    "variance": 0.06494971814415174,
    "error": 0.00025485234576937235,
    "mean": 8.34375e-5
  },
  "sqr_energy": {
    "variance": 0.0033107771634644277,
    "error": 5.753935317210672e-5,
    "mean": 0.2050139013671875
  }
}
