{
  "sqr_magnetization": {
    "variance": 0.011755708242570103,
    "error": 0.0001084237439058904,
    "mean": 0.8053773258666992
  },
  "abs_magnetization": {
    "variance": 0.004450315835932962,
    "error": 6.67106875690317e-5,
    "mean": 0.8949452578125
  },
  "energy": {
    "variance": 0.003331914188068425,
    "error": 5.772273545205931e-5,
    "mean": -0.8556258828125
  },
  "magnetization": {
    "variance": 0.499282675789153,
    "error": 0.0007065993743198142,
    "mean": 0.5532586640625
  },
  "sqr_energy": {
    "variance": 0.009439030272270192,
    "error": 9.715467190140776e-5,
    "mean": 0.7354275621948242
  }
}
