{
  "sqr_magnetization": {
    "variance": 0.00922697004403791,
    "error": 9.605711865363185e-5,
    "mean": 0.07844739270019531
  },
  "abs_magnetization": {
    "variance": 0.02586765307886305,
    "error": 0.00016083424100253978,
    "mean": 0.22930278125
  },
  "energy": {
    "variance": 0.004245422336242649,
    "error": 6.515690551463174e-5,
    "mean": -0.467390625
  },
  "magnetization": {
    "variance": 0.07843718328159636,
    "error": 0.0002800663908461641,
    "mean": 0.00320746875
  },
  "sqr_energy": {
    "variance": 0.0038705531086599913,
    "error": 6.221376944583885e-5,
    "mean": 0.22269941442871094
  }
}
