{
  "sqr_magnetization": {
    "variance": 0.005234036855931599,
    "error": 7.234664370882453e-5,
    "mean": 0.8748674578857422
  },
  "energy": {
    "variance": 0.0021285585390263127,
    "error": 4.613630391596527e-5,
    "mean": -0.89979034375
  },
  "magnetization": {
    "variance": 0.001605915927622716,
    "error": 4.0073880865505355e-5,
    "mean": 0.934484640625
  },
  "sqr_energy": {
    "variance": 0.006707291103448009,
    "error": 8.189805311146296e-5,
    "mean": 0.811751219116211
  }
}
