{
  "sqr_magnetization": {
    "variance": 0.02501895274634917,
    "error": 0.0001581738054999916,
    "mean": 0.7125002971191406
  },
  "abs_magnetization": {
    "variance": 0.012609638575556546,
    "error": 0.00011229264702355426,
    "mean": 0.8365946875
  },
  "energy": {
    "variance": 0.0050453115147396765,
    "error": 7.10303562903895e-5,
    "mean": -0.8050052109375
  },
  "magnetization": {
    "variance": 0.7101443598977779,
    "error": 0.0008427006348032365,
    "mean": 0.0485453125
  },
  "sqr_energy": {
    "variance": 0.012560570333395242,
    "error": 0.00011207395028906246,
    "mean": 0.653078696105957
  }
}
