{
  "sqr_magnetization": {
    "variance": 0.0015121859135286322,
    "error": 3.888683470698833e-5,
    "mean": 0.028625530578613282
  },
  "abs_magnetization": {
    "variance": 0.010168702870563161,
    "error": 0.00010083998646649633,
    "mean": 0.1358559453125
  },
  "energy": {
    "variance": 0.0031171335683484137,
    "error": 5.583129559976567e-5,
    "mean": -0.3539020625
  },
  "magnetization": {
    "variance": 0.028625122644145542,
    "error": 0.00016918960560313845,
    "mean": 0.0006607265625
  },
  "sqr_energy": {
    "variance": 0.0016106961705044322,
    "error": 4.013347942185467e-5,
    "mean": 0.12836380029296876
  }
}
