{
  "sqr_magnetization": {
    "variance": 0.0047697260664052105,
    "error": 6.906320341835593e-5,
    "mean": 0.8822662065429687
  },
  "energy": {
    "variance": 0.0020092797735373424,
    "error": 4.482499050236757e-5,
    "mean": -0.904981265625
  },
  "magnetization": {
    "variance": 0.0014425168574170035,
    "error": 3.798047995243087e-5,
    "mean": -0.938522078125
  },
  "sqr_energy": {
    "variance": 0.006406731715210481,
    "error": 8.004206216240609e-5,
    "mean": 0.8210003688964844
  }
}
