{
  "sqr_magnetization": {
    "variance": 0.009458008264545134,
    "error": 9.725229182155624e-5,
    "mean": 0.8266858912963867
  },
  "abs_magnetization": {
    "variance": 0.0034023967604186714,
    "error": 5.833006737882849e-5,
    "mean": 0.9073497109375
  },
  "energy": {
    "variance": 0.0029450708610081174,
    "error": 5.426850708291243e-5,
    "mean": -0.868541234375
  },
  "magnetization": {
    "variance": 0.8118071805480378,
    "error": 0.0009010034298203519,
    "mean": 0.1219816484375
  },
  "sqr_energy": {
    "variance": 0.008611547120427741,
    "error": 9.279842197164637e-5,
    "mean": 0.757308943725586
  }
}
