{
  "sqr_magnetization": {
    "variance": 0.014186834516693645,
    "error": 0.00011910849892721192,
    "mean": 0.7702726704101562
  },
  "energy": {
    "variance": 0.0038955065315065328,
    "error": 6.241399307452242e-5,
    "mean": -0.834058
  },
  "magnetization": {
    "variance": 0.005392092421545302,
    "error": 7.34308683153434e-5,
    "mean": 0.874574515625
  },
  "sqr_energy": {
    "variance": 0.010497965117922005,
    "error": 0.0001024595779706417,
    "mean": 0.69954825
  }
}
