{
  "energy": {
    "variance": 0.0032301733943574155,
    "error": 5.6834614403173484e-5,
    "mean": -0.8578710703125
  },
  "magnetization": {
    "variance": 0.6744804377933038,
    "error": 0.0008212675798990874,
    "mean": -0.3676484296875
  }
}
