{
  "sqr_magnetization": {
    "variance": 0.008994181532412186,
    "error": 9.483765883029898e-5,
    "mean": 0.8315626616821289
  },
  "abs_magnetization": {
    "variance": 0.0032186958406044716,
    "error": 5.673355127792083e-5,
    "mean": 0.9101340390625
  },
  "energy": {
    "variance": 0.002862294493628417,
    "error": 5.3500415826686966e-5,
    "mean": -0.8715598828125
  },
  "magnetization": {
    "variance": 0.8121036793378299,
    "error": 0.0009011679529021379,
    "mean": -0.1394983671875
  },
  "sqr_energy": {
    "variance": 0.008428917921896973,
    "error": 9.180913855328876e-5,
    "mean": 0.7624789209594727
  }
}
