{
  "sqr_magnetization": {
    "variance": 0.01844785578051476,
    "error": 0.00013582288386172176,
    "mean": 0.12255732977294923
  },
  "abs_magnetization": {
    "variance": 0.03722165223378449,
    "error": 0.00019292913785580573,
    "mean": 0.2921227734375
  },
  "energy": {
    "variance": 0.005107288829920605,
    "error": 7.146529808180054e-5,
    "mean": -0.5123109296875
  },
  "magnetization": {
    "variance": 0.12253905230068066,
    "error": 0.00035005578455537715,
    "mean": 0.0042895234375
  },
  "sqr_energy": {
    "variance": 0.0056648289742927994,
    "error": 7.526505812322741e-5,
    "mean": 0.2675697723999023
  }
}
