{
  "sqr_magnetization": {
    "variance": 0.048034976480256904,
    "error": 0.00021916883099623658,
    "mean": 0.28848778125
  },
  "abs_magnetization": {
    "variance": 0.05648257133700883,
    "error": 0.00023766062218425843,
    "mean": 0.48166925
  },
  "energy": {
    "variance": 0.007636262272956608,
    "error": 8.73857097754353e-5,
    "mean": -0.60996234375
  },
  "magnetization": {
    "variance": 0.2884697744512175,
    "error": 0.0005370938227639725,
    "mean": -0.004277296875
  },
  "sqr_energy": {
    "variance": 0.011847867264371585,
    "error": 0.00010884790886540534,
    "mean": 0.3796903154296875
  }
}
