{
  "sqr_magnetization": {
    "variance": 0.019763927061354367,
    "error": 0.0001405842347539523,
    "mean": 0.12927968951416016
  },
  "abs_magnetization": {
    "variance": 0.038593332166366276,
    "error": 0.00019645185712119465,
    "mean": 0.3011418203125
  },
  "energy": {
    "variance": 0.005209860000752029,
    "error": 7.217935993587105e-5,
    "mean": -0.5176691015625
  },
  "magnetization": {
    "variance": 0.1292724336831143,
    "error": 0.00035954475894263053,
    "mean": -0.0027175546875
  },
  "sqr_energy": {
    "variance": 0.00590109289636981,
    "error": 7.681857129867628e-5,
    "mean": 0.273191153503418
  }
}
