{
  "sqr_magnetization": {
    "variance": 0.0034190991357336393,
    "error": 5.8473063334612796e-5,
    "mean": 0.9036045128173829
  },
  "abs_magnetization": {
    "variance": 0.0009965965255943291,
    "error": 3.1568917079848165e-5,
    "mean": 0.950056796875
  },
  "energy": {
    "variance": 0.001601605026591293,
    "error": 4.002005780344768e-5,
    "mean": -0.9201288671875
  },
  "magnetization": {
    "variance": 0.0009965965255943291,
    "error": 3.1568917079848165e-5,
    "mean": -0.950056796875
  },
  "sqr_energy": {
    "variance": 0.005292981873566413,
    "error": 7.275288223545794e-5,
    "mean": 0.8482387356567382
  }
}
