{
  "sqr_magnetization": {
    "variance": 0.0018185647543769203,
    "error": 4.264463335962593e-5,
    "mean": 0.03157978820800781
  },
  "abs_magnetization": {
    "variance": 0.011150126601719372,
    "error": 0.00010559415988452851,
    "mean": 0.14293240625
  },
  "energy": {
    "variance": 0.0032021038173625444,
    "error": 5.658713473363486e-5,
    "mean": -0.3653140546875
  },
  "magnetization": {
    "variance": 0.031579777973926165,
    "error": 0.00017770700035149478,
    "mean": -0.000204484375
  },
  "sqr_energy": {
    "variance": 0.0017646928204293308,
    "error": 4.200824705256494e-5,
    "mean": 0.13665645916748048
  }
}
