{
  "energy": {
    "variance": 0.004293172103987534,
    "error": 6.55223023404057e-5,
    "mean": -0.82667
  },
  "magnetization": {
    "variance": 0.7331972554049938,
    "error": 0.0008562693824988686,
    "mean": 0.1434164375
  }
}
