{
  "sqr_magnetization": {
    "variance": 0.03258113260322718,
    "error": 0.000180502444867728,
    "mean": 0.18953932629394532
  },
  "abs_magnetization": {
    "variance": 0.04951699834818952,
    "error": 0.0002225241522805772,
    "mean": 0.374195640625
  },
  "energy": {
    "variance": 0.006312344216937968,
    "error": 7.945026253536214e-5,
    "mean": -0.55850825
  },
  "magnetization": {
    "variance": 0.18953574537594828,
    "error": 0.00043535703207361686,
    "mean": 0.001941765625
  },
  "sqr_energy": {
    "variance": 0.008362715397600211,
    "error": 9.144788350530705e-5,
    "mean": 0.3182438032226563
  }
}
