{
  "sqr_magnetization": {
    "variance": 0.008162819717266739,
    "error": 9.034832437442733e-5,
    "mean": 0.07316098052978516
  },
  "energy": {
    "variance": 0.0041261572847510345,
    "error": 6.423517171107301e-5,
    "mean": -0.458916875
  },
  "magnetization": {
    "variance": 0.07316100746243318,
    "error": 0.00027048291528751527,
    "mean": 0.0002150078125
  },
  "sqr_energy": {
    "variance": 0.003613451802991743,
    "error": 6.0111993836436196e-5,
    "mean": 0.21473085131835937
  }
}
