{
  "sqr_magnetization": {
    "variance": 0.014337716084021549,
    "error": 0.00011974020245523868,
    "mean": 0.7837037097167969
  },
  "abs_magnetization": {
    "variance": 0.005761524121973342,
    "error": 7.590470421504416e-5,
    "mean": 0.8820103125
  },
  "energy": {
    "variance": 0.0037299553848281876,
    "error": 6.107336068064527e-5,
    "mean": -0.843005796875
  },
  "magnetization": {
    "variance": 0.6647097540502999,
    "error": 0.0008152973408826376,
    "mean": -0.34495596875
  },
  "sqr_energy": {
    "variance": 0.01023927241090716,
    "error": 0.00010118929000100336,
    "mean": 0.7143887252197265
  }
}
