{
  "sqr_magnetization": {
    "variance": 0.0018177635620656302,
    "error": 4.2635238501333965e-5,
    "mean": 0.9379174532470703
  },
  "energy": {
    "variance": 0.0010398033947555437,
    "error": 3.224598261420396e-5,
    "mean": -0.94619459375
  },
  "magnetization": {
    "variance": 0.0005008886403964531,
    "error": 2.238054155726472e-5,
    "mean": -0.96820275
  },
  "sqr_energy": {
    "variance": 0.0036384399427065776,
    "error": 6.0319482281486614e-5,
    "mean": 0.8963240115966797
  }
}
