{
  "sqr_magnetization": {
    "variance": 0.05240502576529362,
    "error": 0.00022892144016079758,
    "mean": 0.32722537200927737
  },
  "abs_magnetization": {
    "variance": 0.056973519326031466,
    "error": 0.00023869126361480319,
    "mean": 0.5198575859375
  },
  "energy": {
    "variance": 0.007951832438999858,
    "error": 8.917304771622342e-5,
    "mean": -0.6290805234375
  },
  "magnetization": {
    "variance": 0.3272239552860143,
    "error": 0.0005720349248831004,
    "mean": -0.0013205859375
  },
  "sqr_energy": {
    "variance": 0.012989732469247136,
    "error": 0.00011397250751495791,
    "mean": 0.40369412945556643
  }
}
