{
  "sqr_magnetization": {
    "variance": 0.0014268885508378023,
    "error": 3.7774178360856535e-5,
    "mean": 0.9478206738891601
  },
  "abs_magnetization": {
    "variance": 0.00038738019936207166,
    "error": 1.9681976510555834e-5,
    "mean": 0.9733618515625
  },
  "energy": {
    "variance": 0.0008562870665941347,
    "error": 2.926238313251562e-5,
    "mean": -0.9541509609375
  },
  "magnetization": {
    "variance": 0.00038738019936207166,
    "error": 1.9681976510555834e-5,
    "mean": -0.9733618515625
  },
  "sqr_energy": {
    "variance": 0.0030529202860354165,
    "error": 5.525323778780223e-5,
    "mean": 0.9112603424682617
  }
}
