{
  "sqr_magnetization": {
    "variance": 0.03478096773535932,
    "error": 0.00018649656226150474,
    "mean": 0.2029806268310547
  },
  "abs_magnetization": {
    "variance": 0.05063204844121251,
    "error": 0.0002250156626575415,
    "mean": 0.390318625
  },
  "energy": {
    "variance": 0.006490217173224986,
    "error": 8.056188412161787e-5,
    "mean": -0.565958125
  },
  "magnetization": {
    "variance": 0.2029768176736839,
    "error": 0.00045052948590928413,
    "mean": -0.00200303125
  },
  "sqr_energy": {
    "variance": 0.008805151877757099,
    "error": 9.38357707793627e-5,
    "mean": 0.32679880993652344
  }
}
