{
  "sqr_magnetization": {
    "variance": 0.054918308133509626,
    "error": 0.00023434655562544466,
    "mean": 0.4779467756347656
  },
  "energy": {
    "variance": 0.007999215864108199,
    "error": 8.943833553967895e-5,
    "mean": -0.696910921875
  },
  "magnetization": {
    "variance": 0.47667591311715435,
    "error": 0.0006904172022170032,
    "mean": 0.03565584375
  },
  "sqr_energy": {
    "variance": 0.015403310857256054,
    "error": 0.00012411007556703869,
    "mean": 0.49368404089355467
  }
}
