{
  "sqr_magnetization": {
    "variance": 0.004015756150123679,
    "error": 6.336999408334893e-5,
    "mean": 0.8940320830688476
  },
  "abs_magnetization": {
    "variance": 0.0012245834705331164,
    "error": 3.499404907313694e-5,
    "mean": 0.9448849140625
  },
  "energy": {
    "variance": 0.0017694606598556192,
    "error": 4.20649576233665e-5,
    "mean": -0.9132159140625
  },
  "magnetization": {
    "variance": 0.001229514586800659,
    "error": 3.5064434785130345e-5,
    "mean": -0.9448823046875
  },
  "sqr_energy": {
    "variance": 0.005752331770636414,
    "error": 7.584412812233005e-5,
    "mean": 0.8357327645874023
  }
}
