{
  "sqr_magnetization": {
    "variance": 0.05296169460126344,
    "error": 0.0002301340796172167,
    "mean": 0.3120571276245117
  },
  "energy": {
    "variance": 0.008070189278160406,
    "error": 8.983423221779327e-5,
    "mean": -0.6241644609375
  },
  "magnetization": {
    "variance": 0.3116970669391796,
    "error": 0.0005582983673083592,
    "mean": -0.0189834765625
  },
  "sqr_energy": {
    "variance": 0.013075635048820387,
    "error": 0.00011434874310118318,
    "mean": 0.3976514555053711
  }
}
