{
  "sqr_magnetization": {
    "variance": 0.0019436916797453457,
    "error": 4.408731880876116e-5,
    "mean": 0.9352046591796875
  },
  "energy": {
    "variance": 0.0010866858118515823,
    "error": 3.2964917895416973e-5,
    "mean": -0.944079078125
  },
  "magnetization": {
    "variance": 0.0005393390294552404,
    "error": 2.3223673900897773e-5,
    "mean": -0.96678090625
  },
  "sqr_energy": {
    "variance": 0.00378344387573434,
    "error": 6.150970554094972e-5,
    "mean": 0.8923719904785157
  }
}
