{
  "sqr_magnetization": {
    "variance": 0.029305237632925574,
    "error": 0.00017118772629171045,
    "mean": 0.17364220721435547
  },
  "abs_magnetization": {
    "variance": 0.047142366970608626,
    "error": 0.00021712293054997354,
    "mean": 0.3556682265625
  },
  "energy": {
    "variance": 0.00602477377555405,
    "error": 7.761941622786176e-5,
    "mean": -0.54903440625
  },
  "magnetization": {
    "variance": 0.17362020063485342,
    "error": 0.0004166775739523948,
    "mean": 0.0047095859375
  },
  "sqr_energy": {
    "variance": 0.007704855681818068,
    "error": 8.777730732836402e-5,
    "mean": 0.3074635469970703
  }
}
