{
  "sqr_magnetization": {
    "variance": 0.05329379577810088,
    "error": 0.0002308544904871917,
    "mean": 0.4747210131225586
  },
  "energy": {
    "variance": 0.007901365337223736,
    "error": 8.888962446328444e-5,
    "mean": -0.69493621875
  },
  "magnetization": {
    "variance": 0.4733665305194831,
    "error": 0.0006880163737292036,
    "mean": 0.0368097265625
  },
  "sqr_energy": {
    "variance": 0.015138439476182843,
    "error": 0.00012303836587090566,
    "mean": 0.49083770556640627
  }
}
