{
  "sqr_magnetization": {
    "variance": 0.01855966534747697,
    "error": 0.0001362338627048245,
    "mean": 0.7539037350463867
  },
  "energy": {
    "variance": 0.004242665739960112,
    "error": 6.513574855607412e-5,
    "mean": -0.8265181484375
  },
  "magnetization": {
    "variance": 0.5191256589734234,
    "error": 0.0007205037536150825,
    "mean": 0.4845395703125
  },
  "sqr_energy": {
    "variance": 0.011153723067931609,
    "error": 0.00010561118817592958,
    "mean": 0.6873749111938476
  }
}
