{
  "sqr_magnetization": {
    "variance": 0.05310865727098175,
    "error": 0.00023045315634849037,
    "mean": 0.5044776062622071
  },
  "abs_magnetization": {
    "variance": 0.042288286431967526,
    "error": 0.00020564115938198637,
    "mean": 0.6798451015625
  },
  "energy": {
    "variance": 0.007878383889859475,
    "error": 8.876026075817643e-5,
    "mean": -0.70842790625
  },
  "magnetization": {
    "variance": 0.5044158668376436,
    "error": 0.0007102224066006672,
    "mean": -0.0078894765625
  },
  "sqr_energy": {
    "variance": 0.015543825749528412,
    "error": 0.00012467488018654124,
    "mean": 0.5097484743652344
  }
}
