{
  "sqr_magnetization": {
    "variance": 0.002410390249042202,
    "error": 4.9095725364253475e-5,
    "mean": 0.036521624633789065
  },
  "abs_magnetization": {
    "variance": 0.012878534097459636,
    "error": 0.00011348362920465505,
    "mean": 0.153763140625
  },
  "energy": {
    "variance": 0.003333304129323111,
    "error": 5.773477400426116e-5,
    "mean": -0.3836284765625
  },
  "magnetization": {
    "variance": 0.03652145675235885,
    "error": 0.00019110587838253132,
    "mean": 0.000452109375
  },
  "sqr_energy": {
    "variance": 0.002026790391408873,
    "error": 4.501988884269788e-5,
    "mean": 0.1505041088256836
  }
}
