{
  "sqr_magnetization": {
    "variance": 0.0029799594088922997,
    "error": 5.458900446877832e-5,
    "mean": 0.041200214599609375
  },
  "energy": {
    "variance": 0.003454765968902688,
    "error": 5.877725724208886e-5,
    "mean": -0.3973994375
  },
  "magnetization": {
    "variance": 0.041199542038189506,
    "error": 0.0002029767031907591,
    "mean": -0.00084484375
  },
  "sqr_energy": {
    "variance": 0.0022470309213441547,
    "error": 4.740285773393999e-5,
    "mean": 0.16138107543945313
  }
}
