{
  "sqr_magnetization": {
    "variance": 0.003922470101714896,
    "error": 6.26296263897119e-5,
    "mean": 0.8995806727905273
  },
  "energy": {
    "variance": 0.0017004708166268227,
    "error": 4.123676535116234e-5,
    "mean": -0.917676015625
  },
  "magnetization": {
    "variance": 0.0011715814523479925,
    "error": 3.42283720376531e-5,
    "mean": -0.9478444453125
  },
  "sqr_energy": {
    "variance": 0.005579393218373841,
    "error": 7.469533598809126e-5,
    "mean": 0.8438297387695313
  }
}
