{
  "sqr_magnetization": {
    "variance": 0.008116679693032706,
    "error": 9.009261730592971e-5,
    "mean": 0.8287515723876954
  },
  "energy": {
    "variance": 0.002864901418447317,
    "error": 5.3524773875723355e-5,
    "mean": -0.86875740625
  },
  "magnetization": {
    "variance": 0.0026594090070886952,
    "error": 5.15694580841092e-5,
    "mean": 0.908896125
  },
  "sqr_energy": {
    "variance": 0.00842218260213682,
    "error": 9.177245012604175e-5,
    "mean": 0.7576043294677735
  }
}
