{
  "sqr_magnetization": {
    "variance": 0.012475684449042845,
    "error": 0.00011169460349113938,
    "mean": 0.7993149956665039
  },
  "abs_magnetization": {
    "variance": 0.004794955301824869,
    "error": 6.924561575886858e-5,
    "mean": 0.8913585390625
  },
  "energy": {
    "variance": 0.0034525734900905203,
    "error": 5.875860354101789e-5,
    "mean": -0.8520536015625
  },
  "magnetization": {
    "variance": 0.7210306539157272,
    "error": 0.0008491352388846709,
    "mean": -0.2797946796875
  },
  "sqr_energy": {
    "variance": 0.009689771109728443,
    "error": 9.843663499799474e-5,
    "mean": 0.7294479099731446
  }
}
