{
  "sqr_magnetization": {
    "variance": 0.0016785589646461183,
    "error": 4.097022046128283e-5,
    "mean": 0.9417685437011719
  },
  "energy": {
    "variance": 0.000976935699673981,
    "error": 3.125597062441001e-5,
    "mean": -0.9492829375
  },
  "magnetization": {
    "variance": 0.0004604027230079477,
    "error": 2.145699706408023e-5,
    "mean": -0.970210359375
  },
  "sqr_energy": {
    "variance": 0.0034406197390119907,
    "error": 5.865679618775638e-5,
    "mean": 0.9021150301513672
  }
}
