{
  "sqr_magnetization": {
    "variance": 0.015191748398972832,
    "error": 0.00012325481085528805,
    "mean": 0.1061936312866211
  },
  "energy": {
    "variance": 0.004820787116409614,
    "error": 6.943188832524731e-5,
    "mean": -0.4968141484375
  },
  "magnetization": {
    "variance": 0.10608749877680974,
    "error": 0.0003257107593814023,
    "mean": -0.0103072109375
  },
  "sqr_energy": {
    "variance": 0.004991113526484197,
    "error": 7.064781331707442e-5,
    "mean": 0.2516450803833008
  }
}
