{
  "sqr_magnetization": {
    "variance": 0.0014391902036263102,
    "error": 3.793666041741564e-5,
    "mean": 0.9476655229492188
  },
  "energy": {
    "variance": 0.0008764593616033431,
    "error": 2.96050563519704e-5,
    "mean": -0.9539964765625
  },
  "magnetization": {
    "variance": 0.00039037875422616604,
    "error": 1.9758004813901783e-5,
    "mean": -0.973280609375
  },
  "sqr_energy": {
    "variance": 0.0031196537875179202,
    "error": 5.5853860990247755e-5,
    "mean": 0.9109857357788086
  }
}
