{
  "sqr_magnetization": {
    "variance": 0.0017758523695875516,
    "error": 4.214086341767989e-5,
    "mean": 0.9388592170410156
  },
  "abs_magnetization": {
    "variance": 0.0004892447769789078,
    "error": 2.2118878293867157e-5,
    "mean": 0.968694984375
  },
  "energy": {
    "variance": 0.0010044039577461817,
    "error": 3.169233279116862e-5,
    "mean": -0.9469842109375
  },
  "magnetization": {
    "variance": 0.0004892447769789078,
    "error": 2.2118878293867157e-5,
    "mean": 0.968694984375
  },
  "sqr_energy": {
    "variance": 0.0035250881422166074,
    "error": 5.937245272191985e-5,
    "mean": 0.8977834987182617
  }
}
