{
  "sqr_magnetization": {
    "variance": 0.012352269471288745,
    "error": 0.00011114076421947414,
    "mean": 0.0940373427734375
  },
  "energy": {
    "variance": 0.004582181070309977,
    "error": 6.769180947729184e-5,
    "mean": -0.4828114375
  },
  "magnetization": {
    "variance": 0.09378564115157474,
    "error": 0.00030624441407407706,
    "mean": 0.0158680625
  },
  "sqr_energy": {
    "variance": 0.0044868140490281205,
    "error": 6.698368494662055e-5,
    "mean": 0.23768906066894532
  }
}
