{
  "sqr_magnetization": {
    "variance": 0.015223442588861094,
    "error": 0.0001233833156827174,
    "mean": 0.7614543287963867
  },
  "energy": {
    "variance": 0.004015809254519215,
    "error": 6.337041308465028e-5,
    "mean": -0.82944003125
  },
  "magnetization": {
    "variance": 0.005981480947836844,
    "error": 7.73400345735431e-5,
    "mean": 0.8691794140625
  },
  "sqr_energy": {
    "variance": 0.010711283420446012,
    "error": 0.00010349533042821793,
    "mean": 0.6919865706787109
  }
}
