{
  "sqr_magnetization": {
    "variance": 0.0031970288193458843,
    "error": 5.654227462125913e-5,
    "mean": 0.9079219204711914
  },
  "abs_magnetization": {
    "variance": 0.0009255810997617031,
    "error": 3.042336437282542e-5,
    "mean": 0.9523635546875
  },
  "energy": {
    "variance": 0.0015287123725350653,
    "error": 3.909875154701318e-5,
    "mean": -0.9233140390625
  },
  "magnetization": {
    "variance": 0.0009255810997617031,
    "error": 3.042336437282542e-5,
    "mean": -0.9523635546875
  },
  "sqr_energy": {
    "variance": 0.005089179477191131,
    "error": 7.133848524598158e-5,
    "mean": 0.8540375255737305
  }
}
