{
  "sqr_magnetization": {
    "variance": 0.0020186140805352956,
    "error": 4.49289893113043e-5,
    "mean": 0.03330889788818359
  },
  "abs_magnetization": {
    "variance": 0.011759580256894163,
    "error": 0.0001084415983693258,
    "mean": 0.1467968984375
  },
  "energy": {
    "variance": 0.0032627797348803215,
    "error": 5.712074697411021e-5,
    "mean": -0.37335665625
  },
  "magnetization": {
    "variance": 0.03330818160566446,
    "error": 0.00018250529199358704,
    "mean": -0.0008657890625
  },
  "sqr_energy": {
    "variance": 0.001878066536948573,
    "error": 4.333666504183926e-5,
    "mean": 0.14265796923828125
  }
}
