{
  "sqr_magnetization": {
    "variance": 0.002648614152445096,
    "error": 5.1464688403264386e-5,
    "mean": 0.9187874528198242
  },
  "abs_magnetization": {
    "variance": 0.0007523644628209454,
    "error": 2.7429262892410092e-5,
    "mean": 0.9581414765625
  },
  "energy": {
    "variance": 0.0013434054268585515,
    "error": 3.665249550656206e-5,
    "mean": -0.931434
  },
  "magnetization": {
    "variance": 0.0007523644628209454,
    "error": 2.7429262892410092e-5,
    "mean": 0.9581414765625
  },
  "sqr_energy": {
    "variance": 0.0045553348057172744,
    "error": 6.749322044262872e-5,
    "mean": 0.8689127004394531
  }
}
