{
  "sqr_magnetization": {
    "variance": 0.005872571703996448,
    "error": 7.663270649009109e-5,
    "mean": 0.8640490933837891
  },
  "energy": {
    "variance": 0.002293162305747694,
    "error": 4.788697428056709e-5,
    "mean": -0.8923097734375
  },
  "magnetization": {
    "variance": 0.0018311090355191916,
    "error": 4.279145984328171e-5,
    "mean": 0.9285569375
  },
  "sqr_energy": {
    "variance": 0.007110215442298339,
    "error": 8.432209344115183e-5,
    "mean": 0.7985098917846679
  }
}
