{
  "sqr_magnetization": {
    "variance": 0.0037326407613738014,
    "error": 6.109534156851732e-5,
    "mean": 0.8978053440551758
  },
  "abs_magnetization": {
    "variance": 0.001099076915162791,
    "error": 3.315232895533571e-5,
    "mean": 0.9469457578125
  },
  "energy": {
    "variance": 0.0017005657545476269,
    "error": 4.123791646710133e-5,
    "mean": -0.9158958515625
  },
  "magnetization": {
    "variance": 0.001099076915162791,
    "error": 3.315232895533571e-5,
    "mean": -0.9469457578125
  },
  "sqr_energy": {
    "variance": 0.00556637774155069,
    "error": 7.460816136020703e-5,
    "mean": 0.8405657749633789
  }
}
