{
  "sqr_magnetization": {
    "variance": 0.0045081162702641855,
    "error": 6.714250717886685e-5,
    "mean": 0.8859511578979492
  },
  "abs_magnetization": {
    "variance": 0.001363868941114974,
    "error": 3.69305962734827e-5,
    "mean": 0.9405250078125
  },
  "energy": {
    "variance": 0.0019065678872094277,
    "error": 4.366426327340733e-5,
    "mean": -0.9075350546875
  },
  "magnetization": {
    "variance": 0.001363868941114974,
    "error": 3.69305962734827e-5,
    "mean": -0.9405250078125
  },
  "sqr_energy": {
    "variance": 0.00611946349127023,
    "error": 7.822699975884432e-5,
    "mean": 0.8255264414672852
  }
}
