{
  "sqr_magnetization": {
    "variance": 0.00414975214067704,
    "error": 6.441856984346238e-5,
    "mean": 0.8910663745117188
  },
  "energy": {
    "variance": 0.0018462175988615808,
    "error": 4.296763431772316e-5,
    "mean": -0.9110270234375
  },
  "magnetization": {
    "variance": 0.0012336219119334355,
    "error": 3.512295420282063e-5,
    "mean": -0.94330946875
  },
  "sqr_energy": {
    "variance": 0.005970452310306044,
    "error": 7.726870200997326e-5,
    "mean": 0.8318164531860351
  }
}
