{
  "energy": {
    "variance": 0.00822834796259317,
    "error": 9.071024177342474e-5,
    "mean": -0.668252724609375
  },
  "magnetization": {
    "variance": 0.4147094410658345,
    "error": 0.0006439793793793669,
    "mean": 0.0311031796875
  }
}
