{
  "sqr_magnetization": {
    "variance": 0.011353426049687969,
    "error": 0.00010655245679799208,
    "mean": 0.808364412109375
  },
  "abs_magnetization": {
    "variance": 0.0042247872057420395,
    "error": 6.499836310048153e-5,
    "mean": 0.896738328125
  },
  "energy": {
    "variance": 0.00327613430819583,
    "error": 5.72375253500344e-5,
    "mean": -0.85735978125
  },
  "magnetization": {
    "variance": 0.6611595508094716,
    "error": 0.0008131171814747685,
    "mean": 0.38367371875
  },
  "sqr_energy": {
    "variance": 0.0093229130647991,
    "error": 9.655523323362177e-5,
    "mean": 0.7383419255371094
  }
}
