{
  "sqr_magnetization": {
    "variance": 0.001618566782300723,
    "error": 4.0231415365367435e-5,
    "mean": 0.02952407879638672
  },
  "abs_magnetization": {
    "variance": 0.010511732059354068,
    "error": 0.00010252673826545964,
    "mean": 0.1378853046875
  },
  "energy": {
    "variance": 0.0031422273237043164,
    "error": 5.6055573529349566e-5,
    "mean": -0.3585901640625
  },
  "magnetization": {
    "variance": 0.029523472824405376,
    "error": 0.0001718239588195004,
    "mean": 0.0007971796875
  },
  "sqr_energy": {
    "variance": 0.0016679188111165253,
    "error": 4.0840161742046584e-5,
    "mean": 0.13172912994384767
  }
}
