{
  "sqr_magnetization": {
    "variance": 0.006026762428267751,
    "error": 7.763222544966589e-5,
    "mean": 0.8621443337402344
  },
  "energy": {
    "variance": 0.0023240755097307837,
    "error": 4.8208666334288734e-5,
    "mean": -0.89105990625
  },
  "magnetization": {
    "variance": 0.0018862596098999907,
    "error": 4.343109036047783e-5,
    "mean": 0.927500984375
  },
  "sqr_energy": {
    "variance": 0.007188151413544544,
    "error": 8.478296652951312e-5,
    "mean": 0.796311829711914
  }
}
