{
  "sqr_magnetization": {
    "variance": 0.036048521901473216,
    "error": 0.0001898644829910882,
    "mean": 0.6431812986450195
  },
  "abs_magnetization": {
    "variance": 0.021804522248185274,
    "error": 0.00014766354407295414,
    "mean": 0.7882745703125
  },
  "energy": {
    "variance": 0.006225921549468364,
    "error": 7.890450905663355e-5,
    "mean": -0.7709492421875
  },
  "magnetization": {
    "variance": 0.6325310381035466,
    "error": 0.000795318199278469,
    "mean": -0.1032031640625
  },
  "sqr_energy": {
    "variance": 0.014233952618399444,
    "error": 0.00011930612984419301,
    "mean": 0.6005886493530274
  }
}
