{
  "sqr_magnetization": {
    "variance": 0.0038455516325925053,
    "error": 6.201251190358689e-5,
    "mean": 0.04739350048828125
  },
  "abs_magnetization": {
    "variance": 0.01639247031976304,
    "error": 0.00012803308291126572,
    "mean": 0.176071140625
  },
  "energy": {
    "variance": 0.0036121177657602826,
    "error": 6.0100896547058955e-5,
    "mean": -0.4137768671875
  },
  "magnetization": {
    "variance": 0.047393519273249494,
    "error": 0.00021770052658009233,
    "mean": -0.000169140625
  },
  "sqr_energy": {
    "variance": 0.002559272584399411,
    "error": 5.0589253645407845e-5,
    "mean": 0.17482340997314452
  }
}
