{
  "sqr_magnetization": {
    "variance": 0.0021220722122507435,
    "error": 4.606595502375636e-5,
    "mean": 0.9310256751098632
  },
  "energy": {
    "variance": 0.0011630340794283659,
    "error": 3.410328546384301e-5,
    "mean": -0.940794640625
  },
  "magnetization": {
    "variance": 0.0005926666903004183,
    "error": 2.4344746667410988e-5,
    "mean": -0.9645895546875
  },
  "sqr_energy": {
    "variance": 0.004018729025448318,
    "error": 6.33934462341993e-5,
    "mean": 0.8862575887451172
  }
}
