{
  "sqr_magnetization": {
    "variance": 0.0023261208584789777,
    "error": 4.822987516549237e-5,
    "mean": 0.9257011179199218
  },
  "abs_magnetization": {
    "variance": 0.0006531496324892321,
    "error": 2.555679229655459e-5,
    "mean": 0.961794140625
  },
  "energy": {
    "variance": 0.0012266874907490147,
    "error": 3.502409871429977e-5,
    "mean": -0.93670934375
  },
  "magnetization": {
    "variance": 0.0006531496324892321,
    "error": 2.555679229655459e-5,
    "mean": -0.961794140625
  },
  "sqr_energy": {
    "variance": 0.004208610813846763,
    "error": 6.487380683948463e-5,
    "mean": 0.8786510809326172
  }
}
