{
  "sqr_magnetization": {
    "variance": 0.00501636603169866,
    "error": 7.082630889506144e-5,
    "mean": 0.8794826744384766
  },
  "energy": {
    "variance": 0.0020500197755705567,
    "error": 4.5277144074803974e-5,
    "mean": -0.9030623125
  },
  "magnetization": {
    "variance": 0.0015383306162202652,
    "error": 3.9221558054471336e-5,
    "mean": -0.93698684375
  },
  "sqr_energy": {
    "variance": 0.006507141921500639,
    "error": 8.066685763992943e-5,
    "mean": 0.8175715579833984
  }
}
