{
  "sqr_magnetization": {
    "variance": 0.04879517314064924,
    "error": 0.0002208962949907699,
    "mean": 0.5485549486083985
  },
  "energy": {
    "variance": 0.007321798187461273,
    "error": 8.556750661005189e-5,
    "mean": -0.72852090625
  },
  "magnetization": {
    "variance": 0.5323934321833909,
    "error": 0.000729652953247906,
    "mean": 0.127130046875
  },
  "sqr_energy": {
    "variance": 0.015209135083358218,
    "error": 0.00012332532214982543,
    "mean": 0.5380645017089843
  }
}
