{
  "sqr_magnetization": {
    "variance": 0.008476777505071384,
    "error": 9.206941677382009e-5,
    "mean": 0.07206757049560547
  },
  "energy": {
    "variance": 0.004151667081836759,
    "error": 6.443343139890005e-5,
    "mean": -0.460784296875
  },
  "magnetization": {
    "variance": 0.0720654490843499,
    "error": 0.00026845008676539835,
    "mean": -0.0014810390625
  },
  "sqr_energy": {
    "variance": 0.003691150113236164,
    "error": 6.0754836130436265e-5,
    "mean": 0.2164738311767578
  }
}
