{
  "sqr_magnetization": {
    "variance": 0.00660741107792026,
    "error": 8.128598328076164e-5,
    "mean": 0.06417024981689454
  },
  "energy": {
    "variance": 0.003933600570934006,
    "error": 6.271842289896969e-5,
    "mean": -0.4467513515625
  },
  "magnetization": {
    "variance": 0.0637886366364735,
    "error": 0.0002525641238111096,
    "mean": 0.0195365546875
  },
  "sqr_energy": {
    "variance": 0.003248591124293428,
    "error": 5.699641325814658e-5,
    "mean": 0.2035203667602539
  }
}
