{
  "sqr_magnetization": {
    "variance": 0.05483089008474214,
    "error": 0.00023415996687039,
    "mean": 0.4557624686279297
  },
  "energy": {
    "variance": 0.007985348271363652,
    "error": 8.936077591070733e-5,
    "mean": -0.687772515625
  },
  "magnetization": {
    "variance": 0.45416119732418564,
    "error": 0.0006739148294289017,
    "mean": 0.0400215625
  },
  "sqr_energy": {
    "variance": 0.01506065841632122,
    "error": 0.0001227218742373226,
    "mean": 0.48101637353515625
  }
}
