{
  "sqr_magnetization": {
    "variance": 0.028416947779536673,
    "error": 0.000168573271248845,
    "mean": 0.6750931267089844
  },
  "energy": {
    "variance": 0.005593056076893723,
    "error": 7.478673730611412e-5,
    "mean": -0.784408578125
  },
  "magnetization": {
    "variance": 0.6227755503222058,
    "error": 0.0007891612955044145,
    "mean": 0.22873171875
  },
  "sqr_energy": {
    "variance": 0.013226087575226895,
    "error": 0.0001150047284907316,
    "mean": 0.6208898679199218
  }
}
