{
  "sqr_magnetization": {
    "variance": 0.04731725821927974,
    "error": 0.00021752530477919053,
    "mean": 0.26331937493896485
  },
  "energy": {
    "variance": 0.007502182638894004,
    "error": 8.661514093329182e-5,
    "mean": -0.6014063359375
  },
  "magnetization": {
    "variance": 0.2632390896565564,
    "error": 0.0005130683089575465,
    "mean": 0.0089748828125
  },
  "sqr_energy": {
    "variance": 0.011442846921904396,
    "error": 0.00010697124343441277,
    "mean": 0.36919175604248045
  }
}
