{
  "sqr_magnetization": {
    "variance": 0.00306260237113237,
    "error": 5.5340783976488534e-5,
    "mean": 0.9100843203735351
  },
  "abs_magnetization": {
    "variance": 0.0008812937741667603,
    "error": 2.968659249841181e-5,
    "mean": 0.9535213828125
  },
  "energy": {
    "variance": 0.0014904808620857819,
    "error": 3.860674632866362e-5,
    "mean": -0.9248865234375
  },
  "magnetization": {
    "variance": 0.0008812937741667603,
    "error": 2.968659249841181e-5,
    "mean": -0.9535213828125
  },
  "sqr_energy": {
    "variance": 0.0049804374473508455,
    "error": 7.057221441439149e-5,
    "mean": 0.8569055606079101
  }
}
