{
  "sqr_magnetization": {
    "variance": 0.056319978537348,
    "error": 0.0002373183063679412,
    "mean": 0.39777163043212893
  },
  "abs_magnetization": {
    "variance": 0.05367884248130287,
    "error": 0.00023168694931157186,
    "mean": 0.5865942734375
  },
  "energy": {
    "variance": 0.008257460524573258,
    "error": 9.087057017854162e-5,
    "mean": -0.6615884765625
  },
  "magnetization": {
    "variance": 0.3976116196840806,
    "error": 0.0006305645246000448,
    "mean": 0.0126652421875
  },
  "sqr_energy": {
    "variance": 0.014623556845494889,
    "error": 0.00012092789936774264,
    "mean": 0.44595676458740235
  }
}
