{
  "sqr_magnetization": {
    "variance": 0.002726854440749741,
    "error": 5.2219291844583076e-5,
    "mean": 0.916957933227539
  },
  "abs_magnetization": {
    "variance": 0.0007763463148228769,
    "error": 2.7862991849815355e-5,
    "mean": 0.95717375
  },
  "energy": {
    "variance": 0.0013736669876425122,
    "error": 3.7063013742038195e-5,
    "mean": -0.9300345703125
  },
  "magnetization": {
    "variance": 0.0007763463148228769,
    "error": 2.7862991849815355e-5,
    "mean": -0.95717375
  },
  "sqr_energy": {
    "variance": 0.00464364838627548,
    "error": 6.814432027891598e-5,
    "mean": 0.866337967590332
  }
}
