{
  "sqr_magnetization": {
    "variance": 0.01447295699897473,
    "error": 0.00012030360343304239,
    "mean": 0.7808363822021485
  },
  "abs_magnetization": {
    "variance": 0.005799136957285394,
    "error": 7.615206469482882e-5,
    "mean": 0.880362
  },
  "energy": {
    "variance": 0.0037763482252480655,
    "error": 6.145199935924026e-5,
    "mean": -0.8411841015625
  },
  "magnetization": {
    "variance": 0.7728447168216737,
    "error": 0.0008791158722385085,
    "mean": 0.0894004375
  },
  "sqr_energy": {
    "variance": 0.010321439048179129,
    "error": 0.00010159448335504802,
    "mean": 0.7113670371704102
  }
}
