{
  "sqr_magnetization": {
    "variance": 0.00971089670569533,
    "error": 9.854388213225279e-5,
    "mean": 0.8241853926391601
  },
  "abs_magnetization": {
    "variance": 0.0035081225044989073,
    "error": 5.922940574156478e-5,
    "mean": 0.9059123984375
  },
  "energy": {
    "variance": 0.002989330616314015,
    "error": 5.4674771296403385e-5,
    "mean": -0.86699803125
  },
  "magnetization": {
    "variance": 0.6759541565596132,
    "error": 0.0008221643123850689,
    "mean": -0.3850089765625
  },
  "sqr_energy": {
    "variance": 0.00870752595733297,
    "error": 9.33141251758434e-5,
    "mean": 0.7546749138183594
  }
}
