{
  "sqr_magnetization": {
    "variance": 0.006955250243330499,
    "error": 8.339814292495066e-5,
    "mean": 0.8511456027832032
  },
  "energy": {
    "variance": 0.002519290886125846,
    "error": 5.019253815185924e-5,
    "mean": -0.88375840625
  },
  "magnetization": {
    "variance": 0.0022535922051974302,
    "error": 4.74720149687943e-5,
    "mean": 0.921353359375
  },
  "sqr_energy": {
    "variance": 0.007655822197729551,
    "error": 8.749755538144795e-5,
    "mean": 0.783548208984375
  }
}
