{
  "sqr_magnetization": {
    "variance": 0.0190284178115088,
    "error": 0.0001379435312419861,
    "mean": 0.12568844177246094
  },
  "abs_magnetization": {
    "variance": 0.03780795221816316,
    "error": 0.00019444267077512372,
    "mean": 0.2964465
  },
  "energy": {
    "variance": 0.005164595857344886,
    "error": 7.186512267675389e-5,
    "mean": -0.51508046875
  },
  "magnetization": {
    "variance": 0.12568177116816864,
    "error": 0.00035451624951216075,
    "mean": -0.00260696875
  },
  "sqr_energy": {
    "variance": 0.005787158784059028,
    "error": 7.607337763014752e-5,
    "mean": 0.27047247998046875
  }
}
