{
  "energy": {
    "variance": 0.0036825779110331073,
    "error": 6.068424763505854e-5,
    "mean": -0.843342341796875
  },
  "magnetization": {
    "variance": 0.7844579150046664,
    "error": 0.0008856962882414414,
    "mean": 0.0072808984375
  }
}
