{
  "sqr_magnetization": {
    "variance": 0.001584416929523787,
    "error": 3.98047350138622e-5,
    "mean": 0.02912381085205078
  },
  "energy": {
    "variance": 0.0031539032672210773,
    "error": 5.615962310433607e-5,
    "mean": -0.3580433515625
  },
  "magnetization": {
    "variance": 0.029119929558425107,
    "error": 0.0001706456256644896,
    "mean": -0.0019774765625
  },
  "sqr_energy": {
    "variance": 0.0016713138945450698,
    "error": 4.0881706110986485e-5,
    "mean": 0.13134894171142578
  }
}
