{
  "sqr_magnetization": {
    "variance": 0.033225517896184255,
    "error": 0.00018227868195755712,
    "mean": 0.655497399597168
  },
  "energy": {
    "variance": 0.006017826675838394,
    "error": 7.757465227661929e-5,
    "mean": -0.7763910625
  },
  "magnetization": {
    "variance": 0.6207301847008385,
    "error": 0.0007878643187128342,
    "mean": 0.1864613515625
  },
  "sqr_energy": {
    "variance": 0.013957443150992963,
    "error": 0.00011814162327898225,
    "mean": 0.6088009025878907
  }
}
