{
  "sqr_magnetization": {
    "variance": 0.001446640772810735,
    "error": 3.803473113893057e-5,
    "mean": 0.9472754834594727
  },
  "abs_magnetization": {
    "variance": 0.00039303249431124154,
    "error": 1.9825047145246377e-5,
    "mean": 0.9730788515625
  },
  "energy": {
    "variance": 0.0008656856875799749,
    "error": 2.9422537069056007e-5,
    "mean": -0.953707640625
  },
  "magnetization": {
    "variance": 0.00039303249431124154,
    "error": 1.9825047145246377e-5,
    "mean": -0.9730788515625
  },
  "sqr_energy": {
    "variance": 0.0030833419588222207,
    "error": 5.552784849804844e-5,
    "mean": 0.9104239486083985
  }
}
