{
  "sqr_magnetization": {
    "variance": 0.010533637105566152,
    "error": 0.0001026335086877875,
    "mean": 0.816384200378418
  },
  "abs_magnetization": {
    "variance": 0.0038865396302148617,
    "error": 6.234211762696918e-5,
    "mean": 0.9013865234375
  },
  "energy": {
    "variance": 0.0031316261706825672,
    "error": 5.59609343263903e-5,
    "mean": -0.862233671875
  },
  "magnetization": {
    "variance": 0.65308303637151,
    "error": 0.0008081355309423723,
    "mean": -0.4041061953125
  },
  "sqr_energy": {
    "variance": 0.009018506658384266,
    "error": 9.496581836842279e-5,
    "mean": 0.7465785279541015
  }
}
