{
  "sqr_magnetization": {
    "variance": 0.00429922846597926,
    "error": 6.556850208735335e-5,
    "mean": 0.04997933502197266
  },
  "energy": {
    "variance": 0.0036629006851262693,
    "error": 6.052190252401414e-5,
    "mean": -0.42351028125
  },
  "magnetization": {
    "variance": 0.04995881429140407,
    "error": 0.00022351468473324985,
    "mean": 0.0045354921875
  },
  "sqr_energy": {
    "variance": 0.002711616123315286,
    "error": 5.207318046091756e-5,
    "mean": 0.1830238553466797
  }
}
