{
  "sqr_magnetization": {
    "variance": 0.004186526084409037,
    "error": 6.470336996176502e-5,
    "mean": 0.050102248107910155
  },
  "energy": {
    "variance": 0.0036225686235832727,
    "error": 6.018777802497175e-5,
    "mean": -0.42379784375
  },
  "magnetization": {
    "variance": 0.05007106763260566,
    "error": 0.00022376565338006114,
    "mean": -0.0055884296875
  },
  "sqr_energy": {
    "variance": 0.0026820946591950413,
    "error": 5.178894340682228e-5,
    "mean": 0.18322717736816407
  }
}
