{
  "sqr_magnetization": {
    "variance": 0.010722097460973669,
    "error": 0.00010354756134730392,
    "mean": 0.08484435363769531
  },
  "energy": {
    "variance": 0.004388690858021852,
    "error": 6.624719509550463e-5,
    "mean": -0.4781753203125
  },
  "magnetization": {
    "variance": 0.08468156768119439,
    "error": 0.00029100097539560654,
    "mean": 0.012762078125
  },
  "sqr_energy": {
    "variance": 0.004190443767638033,
    "error": 6.473363706480606e-5,
    "mean": 0.23304032342529296
  }
}
