{
  "sqr_magnetization": {
    "variance": 0.012896053781203001,
    "error": 0.00011356079332764016,
    "mean": 0.7962732864379882
  },
  "abs_magnetization": {
    "variance": 0.005030782866534757,
    "error": 7.092801186086324e-5,
    "mean": 0.8895181328125
  },
  "energy": {
    "variance": 0.0035141029476066094,
    "error": 5.9279869665904374e-5,
    "mean": -0.850289640625
  },
  "magnetization": {
    "variance": 0.48410451867132764,
    "error": 0.0006957761986956206,
    "mean": 0.5587210859375
  },
  "sqr_energy": {
    "variance": 0.009816150948369051,
    "error": 9.907649039186366e-5,
    "mean": 0.7265065723876953
  }
}
