{
  "sqr_magnetization": {
    "variance": 0.009024541479594009,
    "error": 9.49975867040527e-5,
    "mean": 0.8204404093627929
  },
  "energy": {
    "variance": 0.003016618230696356,
    "error": 5.4923749241073815e-5,
    "mean": -0.86382725
  },
  "magnetization": {
    "variance": 0.0030471764263750954,
    "error": 5.5201235732319396e-5,
    "mean": 0.9040980234375
  },
  "sqr_energy": {
    "variance": 0.00875309529707101,
    "error": 9.355797826519666e-5,
    "mean": 0.7492141330566406
  }
}
