{
  "sqr_magnetization": {
    "variance": 0.005936048872860914,
    "error": 7.704575830544413e-5,
    "mean": 0.865680323791504
  },
  "abs_magnetization": {
    "variance": 0.0018769273854038868,
    "error": 4.3323520002463864e-5,
    "mean": 0.9294102421875
  },
  "energy": {
    "variance": 0.0022589367897443455,
    "error": 4.7528273582619696e-5,
    "mean": -0.8936343203125
  },
  "magnetization": {
    "variance": 0.0018769273854038868,
    "error": 4.3323520002463864e-5,
    "mean": -0.9294102421875
  },
  "sqr_energy": {
    "variance": 0.007018148841268574,
    "error": 8.377439251506735e-5,
    "mean": 0.8008412329711914
  }
}
