{
  "sqr_magnetization": {
    "variance": 0.02445805467009607,
    "error": 0.00015639071158510685,
    "mean": 0.7171709167480469
  },
  "abs_magnetization": {
    "variance": 0.012270186939126149,
    "error": 0.0001107708758615104,
    "mean": 0.839583671875
  },
  "energy": {
    "variance": 0.004968508729138062,
    "error": 7.04876494794518e-5,
    "mean": -0.8074684140625
  },
  "magnetization": {
    "variance": 0.6870642353447198,
    "error": 0.0008288933799619345,
    "mean": 0.17351475
  },
  "sqr_energy": {
    "variance": 0.012440041587233892,
    "error": 0.00011153493438037202,
    "mean": 0.6569737434692383
  }
}
