{
  "sqr_magnetization": {
    "variance": 0.0014916627907353177,
    "error": 3.862205057652064e-5,
    "mean": 0.9461490729980468
  },
  "abs_magnetization": {
    "variance": 0.00040622562241678464,
    "error": 2.015503962826133e-5,
    "mean": 0.972493109375
  },
  "energy": {
    "variance": 0.0008844757823273449,
    "error": 2.97401375640286e-5,
    "mean": -0.95280125
  },
  "magnetization": {
    "variance": 0.00040622562241678464,
    "error": 2.015503962826133e-5,
    "mean": -0.972493109375
  },
  "sqr_energy": {
    "variance": 0.003143873071950005,
    "error": 5.6070251220678554e-5,
    "mean": 0.9087146968994141
  }
}
