{
  "sqr_magnetization": {
    "variance": 0.008679814209640155,
    "error": 9.316552049787601e-5,
    "mean": 0.8234413137207032
  },
  "energy": {
    "variance": 0.002966006948354603,
    "error": 5.4461059008750495e-5,
    "mean": -0.8655695625
  },
  "magnetization": {
    "variance": 0.0028960885490570544,
    "error": 5.3815318906953016e-5,
    "mean": 0.905839515625
  },
  "sqr_energy": {
    "variance": 0.008645362026048787,
    "error": 9.298043894308515e-5,
    "mean": 0.7521766715087891
  }
}
