{
  "sqr_magnetization": {
    "variance": 0.046584351920567986,
    "error": 0.0002158340842419658,
    "mean": 0.567446994140625
  },
  "abs_magnetization": {
    "variance": 0.032884708942486296,
    "error": 0.0001813414154088533,
    "mean": 0.7311376875
  },
  "energy": {
    "variance": 0.007278786746763064,
    "error": 8.531580596093004e-5,
    "mean": -0.736148234375
  },
  "magnetization": {
    "variance": 0.5659281245412456,
    "error": 0.000752281944845977,
    "mean": 0.0389799375
  },
  "sqr_energy": {
    "variance": 0.015321057337633063,
    "error": 0.0001237782587437433,
    "mean": 0.5491930024414062
  }
}
