{
  "sqr_magnetization": {
    "variance": 0.022857596862046282,
    "error": 0.00015118729067632066,
    "mean": 0.14428728063964844
  },
  "energy": {
    "variance": 0.005469197732654216,
    "error": 7.395402445204869e-5,
    "mean": -0.5287205234375
  },
  "magnetization": {
    "variance": 0.14424522077864946,
    "error": 0.0003797962885266909,
    "mean": 0.00649646875
  },
  "sqr_energy": {
    "variance": 0.006465684502508264,
    "error": 8.040948017807517e-5,
    "mean": 0.2850145841674805
  }
}
