{
  "sqr_magnetization": {
    "variance": 0.0018850530662615334,
    "error": 4.3417197816781464e-5,
    "mean": 0.03219912158203125
  },
  "energy": {
    "variance": 0.0031975438177068425,
    "error": 5.65468285380077e-5,
    "mean": -0.3718530703125
  },
  "magnetization": {
    "variance": 0.03217202039861317,
    "error": 0.00017936560539471655,
    "mean": 0.00520896875
  },
  "sqr_energy": {
    "variance": 0.001821347824262669,
    "error": 4.267725183587468e-5,
    "mean": 0.1414722465209961
  }
}
