{
  "sqr_magnetization": {
    "variance": 0.05554532125984546,
    "error": 0.00023568054917588228,
    "mean": 0.3560851005859375
  },
  "energy": {
    "variance": 0.008104096223631379,
    "error": 9.00227539216135e-5,
    "mean": -0.6440839375
  },
  "magnetization": {
    "variance": 0.3560602287855645,
    "error": 0.0005967078253094763,
    "mean": -0.005022734375
  },
  "sqr_energy": {
    "variance": 0.01381742425054318,
    "error": 0.00011754754038491481,
    "mean": 0.4229482066650391
  }
}
