{
  "sqr_magnetization": {
    "variance": 0.006070128378033969,
    "error": 7.79110286033625e-5,
    "mean": 0.06152004052734375
  },
  "energy": {
    "variance": 0.0038914498453047636,
    "error": 6.238148639864847e-5,
    "mean": -0.4424204765625
  },
  "magnetization": {
    "variance": 0.061455748747027805,
    "error": 0.0002479027001608248,
    "mean": 0.008022046875
  },
  "sqr_energy": {
    "variance": 0.003152327971632461,
    "error": 5.614559619090763e-5,
    "mean": 0.19962732403564454
  }
}
