{
  "sqr_magnetization": {
    "variance": 0.0054632238532063985,
    "error": 7.391362427324477e-5,
    "mean": 0.8722850797729492
  },
  "abs_magnetization": {
    "variance": 0.0017052136538044129,
    "error": 4.12942326942203e-5,
    "mean": 0.9330486953125
  },
  "energy": {
    "variance": 0.0021454411534089267,
    "error": 4.631890708348942e-5,
    "mean": -0.89812409375
  },
  "magnetization": {
    "variance": 0.0017052136538044129,
    "error": 4.12942326942203e-5,
    "mean": -0.9330486953125
  },
  "sqr_energy": {
    "variance": 0.006736110945640767,
    "error": 8.207381400690946e-5,
    "mean": 0.8087723267822265
  }
}
