{
  "sqr_magnetization": {
    "variance": 0.04262059823716052,
    "error": 0.00020644756776760662,
    "mean": 0.5997035349731445
  },
  "abs_magnetization": {
    "variance": 0.028537081451853852,
    "error": 0.00016892922024283973,
    "mean": 0.7557555703125
  },
  "energy": {
    "variance": 0.006872976053093179,
    "error": 8.29034140014341e-5,
    "mean": -0.7507502421875
  },
  "magnetization": {
    "variance": 0.5979674581986837,
    "error": 0.0007732835561413961,
    "mean": 0.0416734296875
  },
  "sqr_energy": {
    "variance": 0.014962941089621174,
    "error": 0.00012232310120995613,
    "mean": 0.570498895324707
  }
}
