{
  "sqr_magnetization": {
    "variance": 0.007316126417221198,
    "error": 8.553435810959943e-5,
    "mean": 0.8417558000488281
  },
  "energy": {
    "variance": 0.0026535888752196733,
    "error": 5.1512997148483546e-5,
    "mean": -0.8772843828125
  },
  "magnetization": {
    "variance": 0.0023698668655638875,
    "error": 4.868127838875935e-5,
    "mean": 0.916180078125
  },
  "sqr_energy": {
    "variance": 0.007950053389547854,
    "error": 8.916307189384995e-5,
    "mean": 0.7722814745483398
  }
}
