{
  "sqr_magnetization": {
    "variance": 0.009779878299217826,
    "error": 9.88932672087328e-5,
    "mean": 0.08144309393310546
  },
  "energy": {
    "variance": 0.004258166800358206,
    "error": 6.525463048978368e-5,
    "mean": -0.4703214375
  },
  "magnetization": {
    "variance": 0.08143800219855145,
    "error": 0.0002853734434010135,
    "mean": 0.0022744609375
  },
  "sqr_energy": {
    "variance": 0.003929919183524175,
    "error": 6.268906749604889e-5,
    "mean": 0.22546041711425782
  }
}
