{
  "sqr_magnetization": {
    "variance": 0.014872249830894019,
    "error": 0.00012195183406121458,
    "mean": 0.10598704107666015
  },
  "abs_magnetization": {
    "variance": 0.0333211744383482,
    "error": 0.00018254088429266524,
    "mean": 0.2695661328125
  },
  "energy": {
    "variance": 0.004789830594410123,
    "error": 6.920860202612189e-5,
    "mean": -0.4973543984375
  },
  "magnetization": {
    "variance": 0.1059871255167568,
    "error": 0.0003255566394911288,
    "mean": -0.0001467890625
  },
  "sqr_energy": {
    "variance": 0.004987687956027034,
    "error": 7.062356516083731e-5,
    "mean": 0.25215122344970703
  }
}
