{
  "sqr_magnetization": {
    "variance": 0.019099075193675253,
    "error": 0.00013819940373849393,
    "mean": 0.7496021754760742
  },
  "abs_magnetization": {
    "variance": 0.00863997589577857,
    "error": 9.295147064882067e-5,
    "mean": 0.8607916171875
  },
  "energy": {
    "variance": 0.00434939903370073,
    "error": 6.59499737202429e-5,
    "mean": -0.8242581953125
  },
  "magnetization": {
    "variance": 0.7148501680802569,
    "error": 0.0008454881241509292,
    "mean": -0.1864208203125
  },
  "sqr_energy": {
    "variance": 0.011377717167608175,
    "error": 0.00010666638255611828,
    "mean": 0.6837509672241211
  }
}
