{
  "sqr_magnetization": {
    "variance": 0.002445708895232258,
    "error": 4.945410898229042e-5,
    "mean": 0.9239826963500977
  },
  "energy": {
    "variance": 0.0012795942821562335,
    "error": 3.5771417111378654e-5,
    "mean": -0.9353797265625
  },
  "magnetization": {
    "variance": 0.0006913167198903891,
    "error": 2.629290246226896e-5,
    "mean": -0.9608805234375
  },
  "sqr_energy": {
    "variance": 0.004369901146408414,
    "error": 6.610522782963851e-5,
    "mean": 0.8762148258666992
  }
}
