{
  "sqr_magnetization": {
    "variance": 0.0015717711262770186,
    "error": 3.964556881010813e-5,
    "mean": 0.9442218240966797
  },
  "energy": {
    "variance": 0.0009341243632058449,
    "error": 3.0563448156349195e-5,
    "mean": -0.9512349765625
  },
  "magnetization": {
    "variance": 0.00042879191202213667,
    "error": 2.0707291276797566e-5,
    "mean": -0.971490109375
  },
  "sqr_energy": {
    "variance": 0.0033049073117523533,
    "error": 5.7488323264401734e-5,
    "mean": 0.9057821040649414
  }
}
