{
  "sqr_magnetization": {
    "variance": 0.05444219842292619,
    "error": 0.00023332852038044169,
    "mean": 0.39451864514160156
  },
  "energy": {
    "variance": 0.008134395229121794,
    "error": 9.019088218396466e-5,
    "mean": -0.6585375
  },
  "magnetization": {
    "variance": 0.37899671033910265,
    "error": 0.000615627087073906,
    "mean": 0.124588578125
  },
  "sqr_energy": {
    "variance": 0.014343524995526925,
    "error": 0.00011976445631124004,
    "mean": 0.44180602600097657
  }
}
