{
  "sqr_magnetization": {
    "variance": 0.023521505984497426,
    "error": 0.00015336722591380932,
    "mean": 0.14697762298583986
  },
  "abs_magnetization": {
    "variance": 0.042173350342702816,
    "error": 0.00020536151134694841,
    "mean": 0.3237349453125
  },
  "energy": {
    "variance": 0.005535046671518777,
    "error": 7.439789426804213e-5,
    "mean": -0.5311420234375
  },
  "magnetization": {
    "variance": 0.14691824928182198,
    "error": 0.0003832991642070486,
    "mean": -0.0077149609375
  },
  "sqr_energy": {
    "variance": 0.006613309721221036,
    "error": 8.132225846114357e-5,
    "mean": 0.2876468901977539
  }
}
