{
  "sqr_magnetization": {
    "variance": 0.003734700357162809,
    "error": 6.111219483182394e-5,
    "mean": 0.046700195678710935
  },
  "energy": {
    "variance": 0.0035406471033402184,
    "error": 5.950333690928786e-5,
    "mean": -0.412831296875
  },
  "magnetization": {
    "variance": 0.04668788758096961,
    "error": 0.00021607380123691444,
    "mean": 0.0035149375
  },
  "sqr_energy": {
    "variance": 0.002496714946085978,
    "error": 4.996713866218455e-5,
    "mean": 0.1739703232421875
  }
}
