{
  "sqr_magnetization": {
    "variance": 0.002686018887817156,
    "error": 5.182681630022392e-5,
    "mean": 0.9178921546020508
  },
  "abs_magnetization": {
    "variance": 0.0007638129798939734,
    "error": 2.7637166640123826e-5,
    "mean": 0.9576681796875
  },
  "energy": {
    "variance": 0.0013585294110059739,
    "error": 3.685823396482764e-5,
    "mean": -0.9307435
  },
  "magnetization": {
    "variance": 0.0007638129798939734,
    "error": 2.7637166640123826e-5,
    "mean": -0.9576681796875
  },
  "sqr_energy": {
    "variance": 0.004599646065640338,
    "error": 6.782069054234363e-5,
    "mean": 0.8676419908447266
  }
}
