{
  "sqr_magnetization": {
    "variance": 0.006460980985353526,
    "error": 8.03802275771444e-5,
    "mean": 0.8585493320922851
  },
  "abs_magnetization": {
    "variance": 0.00207519039091494,
    "error": 4.5554257659574914e-5,
    "mean": 0.9254588828125
  },
  "energy": {
    "variance": 0.0023848593691950595,
    "error": 4.8835021953461424e-5,
    "mean": -0.888869234375
  },
  "magnetization": {
    "variance": 0.6337936823715681,
    "error": 0.0007961116017064241,
    "mean": 0.4740846796875
  },
  "sqr_energy": {
    "variance": 0.007326182962428315,
    "error": 8.559312450441515e-5,
    "mean": 0.7924733728027343
  }
}
