{
  "sqr_magnetization": {
    "variance": 0.003806407809340698,
    "error": 6.169609233444772e-5,
    "mean": 0.9009732682495117
  },
  "energy": {
    "variance": 0.0016785046635290168,
    "error": 4.09695577658463e-5,
    "mean": -0.9185919453125
  },
  "magnetization": {
    "variance": 0.0011321838721081278,
    "error": 3.364794008714542e-5,
    "mean": -0.9485995390625
  },
  "sqr_energy": {
    "variance": 0.005517859573789004,
    "error": 7.428229650319788e-5,
    "mean": 0.8454896649780274
  }
}
