{
  "sqr_magnetization": {
    "variance": 0.04355611359017956,
    "error": 0.0002087010148278622,
    "mean": 0.2538903364868164
  },
  "abs_magnetization": {
    "variance": 0.05536955350033421,
    "error": 0.0002353073596391201,
    "mean": 0.4455567734375
  },
  "energy": {
    "variance": 0.00721823685093192,
    "error": 8.496020745579615e-5,
    "mean": -0.593508734375
  },
  "magnetization": {
    "variance": 0.25385035639084413,
    "error": 0.0005038356442242292,
    "mean": 0.0063430234375
  },
  "sqr_energy": {
    "variance": 0.010687442543541717,
    "error": 0.00010338008775166385,
    "mean": 0.3594708474121094
  }
}
