{
  "sqr_magnetization": {
    "variance": 0.033816971048825105,
    "error": 0.0001838939124844134,
    "mean": 0.6567584501953125
  },
  "abs_magnetization": {
    "variance": 0.019821720786972495,
    "error": 0.00014078963309481455,
    "mean": 0.798083171875
  },
  "energy": {
    "variance": 0.005999483856402739,
    "error": 7.745633515989986e-5,
    "mean": -0.7773306953125
  },
  "magnetization": {
    "variance": 0.656749731196731,
    "error": 0.0008104009693952316,
    "mean": 0.003061984375
  },
  "sqr_energy": {
    "variance": 0.013929626121826619,
    "error": 0.00011802383709160883,
    "mean": 0.6102424877319336
  }
}
