{
  "sqr_magnetization": {
    "variance": 0.0027810364201748565,
    "error": 5.273553280450342e-5,
    "mean": 0.0397200390625
  },
  "abs_magnetization": {
    "variance": 0.01388156005886865,
    "error": 0.00011782003250240873,
    "mean": 0.1607435625
  },
  "energy": {
    "variance": 0.0034126464842431027,
    "error": 5.841786100366139e-5,
    "mean": -0.3939196796875
  },
  "magnetization": {
    "variance": 0.0397200693037214,
    "error": 0.00019929894456248735,
    "mean": -9.7359375e-5
  },
  "sqr_energy": {
    "variance": 0.0021851158753337387,
    "error": 4.674522302154241e-5,
    "mean": 0.15858535711669922
  }
}
