{
  "sqr_magnetization": {
    "variance": 0.011227668898818563,
    "error": 0.00010596069506575805,
    "mean": 0.08802345587158203
  },
  "energy": {
    "variance": 0.004438485536854615,
    "error": 6.662195986951011e-5,
    "mean": -0.4763758671875
  },
  "magnetization": {
    "variance": 0.08786588530436033,
    "error": 0.0002964218030178623,
    "mean": -0.0125562109375
  },
  "sqr_energy": {
    "variance": 0.004219065936581826,
    "error": 6.495433731924163e-5,
    "mean": 0.23137244793701173
  }
}
