{
  "sqr_magnetization": {
    "variance": 0.001565950700155249,
    "error": 3.957209496798532e-5,
    "mean": 0.029012231811523438
  },
  "abs_magnetization": {
    "variance": 0.010319755556059268,
    "error": 0.000101586197665132,
    "mean": 0.13672046875
  },
  "energy": {
    "variance": 0.0031387825645872516,
    "error": 5.602483881803902e-5,
    "mean": -0.355271125
  },
  "magnetization": {
    "variance": 0.029011982352917656,
    "error": 0.00017032904142546466,
    "mean": 0.000527703125
  },
  "sqr_energy": {
    "variance": 0.0016365893190794251,
    "error": 4.0454781164646345e-5,
    "mean": 0.12935635168457033
  }
}
