{
  "sqr_magnetization": {
    "variance": 0.0017559751618416032,
    "error": 4.190435731331055e-5,
    "mean": 0.03098316534423828
  },
  "abs_magnetization": {
    "variance": 0.010967949844577713,
    "error": 0.00010472798023726855,
    "mean": 0.1414751796875
  },
  "energy": {
    "variance": 0.0031818121547266443,
    "error": 5.640755405729488e-5,
    "mean": -0.3635733359375
  },
  "magnetization": {
    "variance": 0.030982740649243043,
    "error": 0.00017601914853004785,
    "mean": -0.0006750390625
  },
  "sqr_energy": {
    "variance": 0.0017367901439796637,
    "error": 4.1674814264489095e-5,
    "mean": 0.13536737957763673
  }
}
