{
  "sqr_magnetization": {
    "variance": 0.003995784336223468,
    "error": 6.32122166691176e-5,
    "mean": 0.048472836181640624
  },
  "abs_magnetization": {
    "variance": 0.016713725788920126,
    "error": 0.00012928157559729896,
    "mean": 0.17821090625
  },
  "energy": {
    "variance": 0.00362111994166285,
    "error": 6.017574213636962e-5,
    "mean": -0.4175005078125
  },
  "magnetization": {
    "variance": 0.048469402753355637,
    "error": 0.00022015767702570727,
    "mean": -0.001865984375
  },
  "sqr_energy": {
    "variance": 0.0026104887963600367,
    "error": 5.1092942725586246e-5,
    "mean": 0.17792779034423828
  }
}
