{
  "sqr_magnetization": {
    "variance": 0.006255127916139584,
    "error": 7.908936664394009e-5,
    "mean": 0.8587720235595703
  },
  "energy": {
    "variance": 0.002383142711978405,
    "error": 4.881744270215724e-5,
    "mean": -0.888781765625
  },
  "magnetization": {
    "variance": 0.001969934255127371,
    "error": 4.4383941410462536e-5,
    "mean": 0.925636046875
  },
  "sqr_energy": {
    "variance": 0.0073303286848380115,
    "error": 8.561733869280223e-5,
    "mean": 0.7923161672363281
  }
}
