{
  "sqr_magnetization": {
    "variance": 0.022116120931912422,
    "error": 0.00014871489815049607,
    "mean": 0.13988800213623045
  },
  "abs_magnetization": {
    "variance": 0.040865833735967465,
    "error": 0.00020215299586196455,
    "mean": 0.3146779453125
  },
  "energy": {
    "variance": 0.005426854280182161,
    "error": 7.366718591192527e-5,
    "mean": -0.525825984375
  },
  "magnetization": {
    "variance": 0.13988619479841252,
    "error": 0.00037401362916130815,
    "mean": -0.0013954296875
  },
  "sqr_energy": {
    "variance": 0.0063569954919055534,
    "error": 7.973076879038327e-5,
    "mean": 0.2819198146972656
  }
}
