{
  "energy": {
    "variance": 0.005588077973705168,
    "error": 7.475344790513122e-5,
    "mean": -0.786807640625
  },
  "magnetization": {
    "variance": 0.6747366374540309,
    "error": 0.000821423543279611,
    "mean": -0.0508016796875
  }
}
