{
  "sqr_magnetization": {
    "variance": 0.0041238307186551425,
    "error": 6.421705940523237e-5,
    "mean": 0.8914991329345703
  },
  "abs_magnetization": {
    "variance": 0.0012309013097760652,
    "error": 3.5084203137253456e-5,
    "mean": 0.943540265625
  },
  "energy": {
    "variance": 0.0018103589726987549,
    "error": 4.254831339429044e-5,
    "mean": -0.9113880078125
  },
  "magnetization": {
    "variance": 0.0012309013097760652,
    "error": 3.5084203137253456e-5,
    "mean": -0.943540265625
  },
  "sqr_energy": {
    "variance": 0.005863442246126458,
    "error": 7.65731169936712e-5,
    "mean": 0.8324384579467774
  }
}
