{
  "sqr_magnetization": {
    "variance": 0.008564883321518604,
    "error": 9.254665483699885e-5,
    "mean": 0.8340984960327148
  },
  "abs_magnetization": {
    "variance": 0.0029164097629233734,
    "error": 5.4003793967862794e-5,
    "mean": 0.9116918828125
  },
  "energy": {
    "variance": 0.002810776803654673,
    "error": 5.30167596487627e-5,
    "mean": -0.8730518203125
  },
  "magnetization": {
    "variance": 0.0029164097629233734,
    "error": 5.4003793967862794e-5,
    "mean": -0.9116918828125
  },
  "sqr_energy": {
    "variance": 0.008314849371703069,
    "error": 9.11857958878633e-5,
    "mean": 0.7650302549438477
  }
}
