{
  "sqr_magnetization": {
    "variance": 0.0022571382932879357,
    "error": 4.750934953551707e-5,
    "mean": 0.0356709662475586
  },
  "energy": {
    "variance": 0.0033176852383175015,
    "error": 5.759935102340565e-5,
    "mean": -0.3771407734375
  },
  "magnetization": {
    "variance": 0.03566757840334348,
    "error": 0.00018885862014571503,
    "mean": 0.0018502734375
  },
  "sqr_energy": {
    "variance": 0.0019506074811448792,
    "error": 4.4165682165510354e-5,
    "mean": 0.14555284490966797
  }
}
