{
  "energy": {
    "variance": 0.0019754842299228247,
    "error": 4.4446419764957725e-5,
    "mean": -0.050130091796875
  },
  "magnetization": {
    "variance": 0.004836304302265667,
    "error": 6.954354249148994e-5,
    "mean": -1.66640625e-5
  }
}
