{
  "sqr_magnetization": {
    "variance": 0.0016112845894970412,
    "error": 4.014080952717622e-5,
    "mean": 0.02959335021972656
  },
  "energy": {
    "variance": 0.003147983845326616,
    "error": 5.610689659325862e-5,
    "mean": -0.35688003125
  },
  "magnetization": {
    "variance": 0.029591273140183297,
    "error": 0.0001720211415500528,
    "mean": -0.0014514375
  },
  "sqr_energy": {
    "variance": 0.0016548292830534264,
    "error": 4.067959295584736e-5,
    "mean": 0.13051133740234375
  }
}
