{
  "sqr_magnetization": {
    "variance": 0.0016871999007861637,
    "error": 4.1075538959168435e-5,
    "mean": 0.0302317978515625
  },
  "abs_magnetization": {
    "variance": 0.010727399243176589,
    "error": 0.00010357315889349223,
    "mean": 0.1396581875
  },
  "energy": {
    "variance": 0.00316434092930913,
    "error": 5.6252474872747864e-5,
    "mean": -0.3603657734375
  },
  "magnetization": {
    "variance": 0.030231753605494814,
    "error": 0.00017387280870077073,
    "mean": 0.00027290625
  },
  "sqr_energy": {
    "variance": 0.0016962246714686746,
    "error": 4.118524822638167e-5,
    "mean": 0.13302782843017577
  }
}
