{
  "sqr_magnetization": {
    "variance": 0.0017082356860808523,
    "error": 4.133080795340024e-5,
    "mean": 0.03025231188964844
  },
  "energy": {
    "variance": 0.003224532714755127,
    "error": 5.6784969091786314e-5,
    "mean": -0.364792859375
  },
  "magnetization": {
    "variance": 0.030226066880461415,
    "error": 0.00017385645481391083,
    "mean": -0.0051259375
  },
  "sqr_energy": {
    "variance": 0.0017684125365968627,
    "error": 4.2052497388346184e-5,
    "mean": 0.13629835974121093
  }
}
