{
  "sqr_magnetization": {
    "variance": 0.0015565072251813366,
    "error": 3.945259465714944e-5,
    "mean": 0.9447505778198242
  },
  "energy": {
    "variance": 0.0009267254527214853,
    "error": 3.044216570353504e-5,
    "mean": -0.9516639921875
  },
  "magnetization": {
    "variance": 0.0004244410707544864,
    "error": 2.0601967642788065e-5,
    "mean": -0.9717644453125
  },
  "sqr_energy": {
    "variance": 0.0032812168076046585,
    "error": 5.728190645923596e-5,
    "mean": 0.9065910785522461
  }
}
