{
  "energy": {
    "variance": 0.006330565252854743,
    "error": 7.956484935481712e-5,
    "mean": -0.7677542734375
  },
  "magnetization": {
    "variance": 0.6179004257173246,
    "error": 0.0007860664257665027,
    "mean": 0.1352103359375
  }
}
