{
  "sqr_magnetization": {
    "variance": 0.0025172539129653605,
    "error": 5.017224245502049e-5,
    "mean": 0.92146842578125
  },
  "abs_magnetization": {
    "variance": 0.0007115035933685838,
    "error": 2.6674024693858702e-5,
    "mean": 0.959560796875
  },
  "energy": {
    "variance": 0.001297714450053257,
    "error": 3.602380393647035e-5,
    "mean": -0.9334688203125
  },
  "magnetization": {
    "variance": 0.0007115035933685838,
    "error": 2.6674024693858702e-5,
    "mean": 0.959560796875
  },
  "sqr_energy": {
    "variance": 0.004420379717110866,
    "error": 6.64859362354992e-5,
    "mean": 0.8726617516479492
  }
}
