{
  "sqr_magnetization": {
    "variance": 0.050822586274301744,
    "error": 0.0002254386530174046,
    "mean": 0.5194463561401367
  },
  "energy": {
    "variance": 0.00755967698365257,
    "error": 8.694640293682409e-5,
    "mean": -0.71591540625
  },
  "magnetization": {
    "variance": 0.4806644487878247,
    "error": 0.0006932996818027719,
    "mean": 0.1969324453125
  },
  "sqr_energy": {
    "variance": 0.015260625461483074,
    "error": 0.00012353390409714684,
    "mean": 0.5200945383300781
  }
}
