{
  "sqr_magnetization": {
    "variance": 0.003157554321675177,
    "error": 5.619211974712448e-5,
    "mean": 0.9096438699951171
  },
  "energy": {
    "variance": 0.001525023572629469,
    "error": 3.905155019495985e-5,
    "mean": -0.9246344140625
  },
  "magnetization": {
    "variance": 0.0009132072080812317,
    "error": 3.0219318458251695e-5,
    "mean": -0.95327365625
  },
  "sqr_energy": {
    "variance": 0.0050861177089944025,
    "error": 7.131702257521974e-5,
    "mean": 0.8564738217163086
  }
}
