{
  "sqr_magnetization": {
    "variance": 0.036154966407501155,
    "error": 0.00019014459342169357,
    "mean": 0.22087275390625
  },
  "energy": {
    "variance": 0.006611245159354536,
    "error": 8.130956376315479e-5,
    "mean": -0.571886125
  },
  "magnetization": {
    "variance": 0.21955640398683757,
    "error": 0.00046856846243301266,
    "mean": 0.0362845625
  },
  "sqr_energy": {
    "variance": 0.009116715725662076,
    "error": 9.548149415285706e-5,
    "mean": 0.333664978515625
  }
}
