{
  "sqr_magnetization": {
    "variance": 0.04690441493992429,
    "error": 0.00021657427118640916,
    "mean": 0.5610685626831055
  },
  "abs_magnetization": {
    "variance": 0.033425630565944955,
    "error": 0.00018282677748608094,
    "mean": 0.7263903671875
  },
  "energy": {
    "variance": 0.007346835568856996,
    "error": 8.571368367336102e-5,
    "mean": -0.7329281171875
  },
  "magnetization": {
    "variance": 0.561069123752219,
    "error": 0.0007490454750896096,
    "mean": -1.015625e-7
  },
  "sqr_energy": {
    "variance": 0.015338104186779108,
    "error": 0.00012384710003378807,
    "mean": 0.5445304531860351
  }
}
