{
  "sqr_magnetization": {
    "variance": 0.0376904671261918,
    "error": 0.00019414032843845662,
    "mean": 0.6354926773681641
  },
  "abs_magnetization": {
    "variance": 0.02347838635348401,
    "error": 0.00015322658500888157,
    "mean": 0.7823134375
  },
  "energy": {
    "variance": 0.006381538830835643,
    "error": 7.988453436576847e-5,
    "mean": -0.7674887578125
  },
  "magnetization": {
    "variance": 0.6354452653882888,
    "error": 0.0007971482079188843,
    "mean": 0.006931625
  },
  "sqr_energy": {
    "variance": 0.01445003178928629,
    "error": 0.0001202082850276398,
    "mean": 0.5954205258178711
  }
}
