{
  "sqr_magnetization": {
    "variance": 0.008386129855492006,
    "error": 9.15758147956763e-5,
    "mean": 0.8260519732666015
  },
  "energy": {
    "variance": 0.0029130921222859096,
    "error": 5.3973068490552856e-5,
    "mean": -0.8671497109375
  },
  "magnetization": {
    "variance": 0.00276908772279866,
    "error": 5.2622121990648186e-5,
    "mean": 0.907349375
  },
  "sqr_energy": {
    "variance": 0.008530938015383344,
    "error": 9.236307712166883e-5,
    "mean": 0.7548617103881836
  }
}
