{
  "sqr_magnetization": {
    "variance": 0.0015843524431977546,
    "error": 3.980392497226567e-5,
    "mean": 0.029281340759277345
  },
  "abs_magnetization": {
    "variance": 0.01039303420249459,
    "error": 0.00010194623191905911,
    "mean": 0.1374347734375
  },
  "energy": {
    "variance": 0.003134820577479208,
    "error": 5.598946845147941e-5,
    "mean": -0.3571254609375
  },
  "magnetization": {
    "variance": 0.029281294917471126,
    "error": 0.00017111778083376118,
    "mean": -0.0002740859375
  },
  "sqr_energy": {
    "variance": 0.0016497846791678876,
    "error": 4.0617541520479636e-5,
    "mean": 0.13067341229248047
  }
}
