{
  "sqr_magnetization": {
    "variance": 0.002251586276644775,
    "error": 4.74508827804581e-5,
    "mean": 0.03552923724365235
  },
  "energy": {
    "variance": 0.00327488065554417,
    "error": 5.722657298444639e-5,
    "mean": -0.3793687734375
  },
  "magnetization": {
    "variance": 0.03552920730484201,
    "error": 0.00018849192901777522,
    "mean": -0.0002558671875
  },
  "sqr_energy": {
    "variance": 0.00194880290284195,
    "error": 4.414524779454692e-5,
    "mean": 0.1471955436401367
  }
}
