{
  "sqr_magnetization": {
    "variance": 0.0566685797824042,
    "error": 0.00023805163259764509,
    "mean": 0.4077284500732422
  },
  "abs_magnetization": {
    "variance": 0.05331121539801618,
    "error": 0.00023089221597536843,
    "mean": 0.5953295625
  },
  "energy": {
    "variance": 0.008259625824549591,
    "error": 9.088248359584805e-5,
    "mean": -0.6660721328125
  },
  "magnetization": {
    "variance": 0.4069400467825465,
    "error": 0.000637918526759136,
    "mean": 0.028085765625
  },
  "sqr_energy": {
    "variance": 0.014783294124091972,
    "error": 0.00012158657049235318,
    "mean": 0.45191170367431643
  }
}
