{
  "sqr_magnetization": {
    "variance": 0.002084797938982544,
    "error": 4.565958759102565e-5,
    "mean": 0.033935533752441405
  },
  "abs_magnetization": {
    "variance": 0.011976202752637754,
    "error": 0.00010943583852028436,
    "mean": 0.1481868515625
  },
  "energy": {
    "variance": 0.003273036396549519,
    "error": 5.721045705593968e-5,
    "mean": -0.3750626484375
  },
  "magnetization": {
    "variance": 0.03393528016555207,
    "error": 0.00018421530925944257,
    "mean": -0.0005362109375
  },
  "sqr_energy": {
    "variance": 0.0019021480312724972,
    "error": 4.3613622083845513e-5,
    "mean": 0.14394502337646484
  }
}
