{
  "sqr_magnetization": {
    "variance": 0.002236097940064647,
    "error": 4.728739726464808e-5,
    "mean": 0.9280450198364257
  },
  "energy": {
    "variance": 0.001210036896501679,
    "error": 3.478558460773196e-5,
    "mean": -0.9384685078125
  },
  "magnetization": {
    "variance": 0.0006264403470809108,
    "error": 2.5028790363917127e-5,
    "mean": -0.9630257421875
  },
  "sqr_energy": {
    "variance": 0.004161688276861643,
    "error": 6.451114846956023e-5,
    "mean": 0.8819331758422851
  }
}
