{
  "sqr_magnetization": {
    "variance": 0.004670180513593379,
    "error": 6.83387189929207e-5,
    "mean": 0.8831138029174804
  },
  "abs_magnetization": {
    "variance": 0.001417262180757725,
    "error": 3.764654274641597e-5,
    "mean": 0.9389869765625
  },
  "energy": {
    "variance": 0.0019544927388362456,
    "error": 4.420964531452662e-5,
    "mean": -0.905534015625
  },
  "magnetization": {
    "variance": 0.001417262180757725,
    "error": 3.764654274641597e-5,
    "mean": -0.9389869765625
  },
  "sqr_energy": {
    "variance": 0.006245119354986027,
    "error": 7.902606756625328e-5,
    "mean": 0.8219463442382813
  }
}
