{
  "sqr_magnetization": {
    "variance": 0.005940331506865347,
    "error": 7.707354608985723e-5,
    "mean": 0.060197005310058595
  },
  "abs_magnetization": {
    "variance": 0.020589219184939344,
    "error": 0.0001434894392801761,
    "mean": 0.1990171015625
  },
  "energy": {
    "variance": 0.0038838270062879435,
    "error": 6.232035787997324e-5,
    "mean": -0.440335625
  },
  "magnetization": {
    "variance": 0.06019586680598149,
    "error": 0.0002453484599625225,
    "mean": 0.0010948515625
  },
  "sqr_energy": {
    "variance": 0.0031251847514204107,
    "error": 5.5903351880011725e-5,
    "mean": 0.19777928576660156
  }
}
