{
  "energy": {
    "variance": 0.0020493602217619513,
    "error": 4.52698599706466e-5,
    "mean": -0.101576345703125
  },
  "magnetization": {
    "variance": 0.006093889990450292,
    "error": 7.806337163132458e-5,
    "mean": 0.000201046875
  }
}
