{
  "sqr_magnetization": {
    "variance": 0.0019193302181924681,
    "error": 4.381016112949675e-5,
    "mean": 0.9358590799560547
  },
  "energy": {
    "variance": 0.0010759881758358317,
    "error": 3.280225870021502e-5,
    "mean": -0.9446020625
  },
  "magnetization": {
    "variance": 0.0005321229139891247,
    "error": 2.3067789534091142e-5,
    "mean": -0.96712303125
  },
  "sqr_energy": {
    "variance": 0.0037508463430323304,
    "error": 6.12441535416429e-5,
    "mean": 0.8933490435791016
  }
}
