{
  "sqr_magnetization": {
    "variance": 0.0023991020760089125,
    "error": 4.898062959996444e-5,
    "mean": 0.924056009399414
  },
  "abs_magnetization": {
    "variance": 0.0006753107457248078,
    "error": 2.5986741729674532e-5,
    "mean": 0.960927
  },
  "energy": {
    "variance": 0.0012539191129034865,
    "error": 3.5410720310429814e-5,
    "mean": -0.9354475
  },
  "magnetization": {
    "variance": 0.0006753107457248078,
    "error": 2.5986741729674532e-5,
    "mean": -0.960927
  },
  "sqr_energy": {
    "variance": 0.004290136288281832,
    "error": 6.549913196586527e-5,
    "mean": 0.8763159431152344
  }
}
