{
  "energy": {
    "variance": 0.0028121199382282747,
    "error": 5.302942521118133e-5,
    "mean": -0.8731638359375
  },
  "magnetization": {
    "variance": 0.003047323615463264,
    "error": 5.520256892086874e-5,
    "mean": 0.91167609375
  }
}
