{
  "sqr_magnetization": {
    "variance": 0.026730591996871042,
    "error": 0.00016349492957541846,
    "mean": 0.7019481286010743
  },
  "energy": {
    "variance": 0.005156666183098739,
    "error": 7.180993095038276e-5,
    "mean": -0.7997318203125
  },
  "magnetization": {
    "variance": 0.4692550959596951,
    "error": 0.0006850219675015503,
    "mean": 0.4823831484375
  },
  "sqr_energy": {
    "variance": 0.01269539649966186,
    "error": 0.00011267385011466441,
    "mean": 0.6447276454467773
  }
}
