{
  "energy": {
    "variance": 0.0033623009627600656,
    "error": 5.798535127737061e-5,
    "mean": -0.385111216796875
  },
  "magnetization": {
    "variance": 0.0367900278723906,
    "error": 0.0001918072675171371,
    "mean": 0.0018469765625
  }
}
