{
  "sqr_magnetization": {
    "variance": 0.0018452033114662763,
    "error": 4.2955829772759324e-5,
    "mean": 0.9372547096557617
  },
  "energy": {
    "variance": 0.0010519927377089847,
    "error": 3.243443752724848e-5,
    "mean": -0.9456721484375
  },
  "magnetization": {
    "variance": 0.0005089441323810831,
    "error": 2.255979016704462e-5,
    "mean": -0.9678562734375
  },
  "sqr_energy": {
    "variance": 0.0036763127473340763,
    "error": 6.063260465569722e-5,
    "mean": 0.8953478040161132
  }
}
