{
  "sqr_magnetization": {
    "variance": 0.03823403125086004,
    "error": 0.00019553524298923723,
    "mean": 0.22610855322265624
  },
  "energy": {
    "variance": 0.0068466438095344355,
    "error": 8.274444881401069e-5,
    "mean": -0.575359375
  },
  "magnetization": {
    "variance": 0.22550946549135611,
    "error": 0.0004748783691550459,
    "mean": -0.024480875
  },
  "sqr_energy": {
    "variance": 0.009517168813834024,
    "error": 9.75559778477671e-5,
    "mean": 0.33788504736328123
  }
}
