{
  "sqr_magnetization": {
    "variance": 0.006094453527080031,
    "error": 7.806698102962629e-5,
    "mean": 0.06149522546386719
  },
  "abs_magnetization": {
    "variance": 0.02083958754822012,
    "error": 0.0001443592309075527,
    "mean": 0.201632484375
  },
  "energy": {
    "variance": 0.0039186722843634475,
    "error": 6.259929939195365e-5,
    "mean": -0.442318390625
  },
  "magnetization": {
    "variance": 0.061495087582751407,
    "error": 0.0002479820307658428,
    "mean": -0.000446515625
  },
  "sqr_energy": {
    "variance": 0.0031804863770324853,
    "error": 5.639580105852284e-5,
    "mean": 0.19956422705078125
  }
}
