{
  "sqr_magnetization": {
    "variance": 0.04597704476400961,
    "error": 0.00021442258454745295,
    "mean": 0.5698613713989258
  },
  "energy": {
    "variance": 0.007232464506221769,
    "error": 8.504389752487692e-5,
    "mean": -0.7370092265625
  },
  "magnetization": {
    "variance": 0.4592226634788983,
    "error": 0.0006776596959233287,
    "mean": 0.3326246640625
  },
  "sqr_energy": {
    "variance": 0.015256720543874976,
    "error": 0.00012351809804184556,
    "mean": 0.5504150573120117
  }
}
