{
  "sqr_magnetization": {
    "variance": 0.02701144510533769,
    "error": 0.00016435158990815295,
    "mean": 0.15985822869873048
  },
  "energy": {
    "variance": 0.005901724442301591,
    "error": 7.682268182185254e-5,
    "mean": -0.53834709375
  },
  "magnetization": {
    "variance": 0.15973766242174292,
    "error": 0.00039967194350084537,
    "mean": 0.0109875390625
  },
  "sqr_energy": {
    "variance": 0.007277643910183904,
    "error": 8.530910801423202e-5,
    "mean": 0.29571931188964845
  }
}
