{
  "sqr_magnetization": {
    "variance": 0.04043359941800711,
    "error": 0.00020108107672778936,
    "mean": 0.23308881677246093
  },
  "abs_magnetization": {
    "variance": 0.05405973801445579,
    "error": 0.000232507500985357,
    "mean": 0.42311834375
  },
  "energy": {
    "variance": 0.0069677471004618826,
    "error": 8.347303217484005e-5,
    "mean": -0.5827124921875
  },
  "magnetization": {
    "variance": 0.2330805905716919,
    "error": 0.000482784207044609,
    "mean": -0.002908484375
  },
  "sqr_energy": {
    "variance": 0.009981515002675603,
    "error": 9.990753226196512e-5,
    "mean": 0.346521588684082
  }
}
