{
  "sqr_magnetization": {
    "variance": 0.058217317169452505,
    "error": 0.0002412826499553014,
    "mean": 0.3984535403442383
  },
  "energy": {
    "variance": 0.008426869277801835,
    "error": 9.17979807937072e-5,
    "mean": -0.6633153203125
  },
  "magnetization": {
    "variance": 0.39772911075712436,
    "error": 0.0006306576811211645,
    "mean": 0.0269226171875
  },
  "sqr_energy": {
    "variance": 0.015028103579127174,
    "error": 0.00012258916583094597,
    "mean": 0.44841407501220704
  }
}
