{
  "energy": {
    "variance": 0.0069809417561675705,
    "error": 8.35520302336668e-5,
    "mean": -0.74689609765625
  },
  "magnetization": {
    "variance": 0.5881907494262596,
    "error": 0.0007669359487116638,
    "mean": -0.0561429609375
  }
}
