{
  "sqr_magnetization": {
    "variance": 0.003795224585711176,
    "error": 6.160539412836489e-5,
    "mean": 0.9021396775512696
  },
  "energy": {
    "variance": 0.001661612619522775,
    "error": 4.0762882865699954e-5,
    "mean": -0.9195090625
  },
  "magnetization": {
    "variance": 0.0011306069513290578,
    "error": 3.3624499272540224e-5,
    "mean": 0.9492149765625
  },
  "sqr_energy": {
    "variance": 0.005471465109866105,
    "error": 7.396935250403442e-5,
    "mean": 0.847158526977539
  }
}
