{
  "sqr_magnetization": {
    "variance": 0.007632992337508887,
    "error": 8.736699798842174e-5,
    "mean": 0.06999087786865234
  },
  "abs_magnetization": {
    "variance": 0.02347805674138676,
    "error": 0.00015322550943425433,
    "mean": 0.2156683671875
  },
  "energy": {
    "variance": 0.004064641279103926,
    "error": 6.375453928234385e-5,
    "mean": -0.456557328125
  },
  "magnetization": {
    "variance": 0.06998947817547518,
    "error": 0.0002645552459798807,
    "mean": -0.0012123046875
  },
  "sqr_energy": {
    "variance": 0.0035265098470514122,
    "error": 5.9384424279868304e-5,
    "mean": 0.21250923107910155
  }
}
