{
  "energy": {
    "variance": 0.0041036545920125015,
    "error": 6.40597735869594e-5,
    "mean": -0.83127803125
  },
  "magnetization": {
    "variance": 0.7617474306792974,
    "error": 0.000872781433509729,
    "mean": -0.03141053125
  }
}
