{
  "sqr_magnetization": {
    "variance": 0.004315063695239861,
    "error": 6.568914442462971e-5,
    "mean": 0.05052822454833984
  },
  "abs_magnetization": {
    "variance": 0.017426194929744673,
    "error": 0.00013200831386600114,
    "mean": 0.1819396796875
  },
  "energy": {
    "variance": 0.0036717876732280394,
    "error": 6.059527764791609e-5,
    "mean": -0.4211636796875
  },
  "magnetization": {
    "variance": 0.05052799363779436,
    "error": 0.00022478432693983437,
    "mean": -0.0005305078125
  },
  "sqr_energy": {
    "variance": 0.002696662704840168,
    "error": 5.1929401160038114e-5,
    "mean": 0.18105062908935546
  }
}
