{
  "sqr_magnetization": {
    "variance": 0.004144303630438676,
    "error": 6.437626604921007e-5,
    "mean": 0.893123396118164
  },
  "energy": {
    "variance": 0.0018158863263081407,
    "error": 4.26132177417775e-5,
    "mean": -0.9126792421875
  },
  "magnetization": {
    "variance": 0.001237438134926171,
    "error": 3.517723887581529e-5,
    "mean": 0.944397140625
  },
  "sqr_energy": {
    "variance": 0.005891782766871726,
    "error": 7.675794920965337e-5,
    "mean": 0.8347992836303711
  }
}
