{
  "sqr_magnetization": {
    "variance": 0.003808078191620681,
    "error": 6.170962803015977e-5,
    "mean": 0.8965588446655274
  },
  "abs_magnetization": {
    "variance": 0.001123993075201022,
    "error": 3.352600595360297e-5,
    "mean": 0.9462741953125
  },
  "energy": {
    "variance": 0.0017218575470528599,
    "error": 4.1495271381843736e-5,
    "mean": -0.915003125
  },
  "magnetization": {
    "variance": 0.001123993075201022,
    "error": 3.352600595360297e-5,
    "mean": -0.9462741953125
  },
  "sqr_energy": {
    "variance": 0.005624495343675225,
    "error": 7.499663554903796e-5,
    "mean": 0.838952574584961
  }
}
