{
  "energy": {
    "variance": 0.0033535141187417653,
    "error": 5.790953391922409e-5,
    "mean": -0.85430148046875
  },
  "magnetization": {
    "variance": 0.17313367805967406,
    "error": 0.0004160933525780892,
    "mean": 0.7938139921875
  }
}
