{
  "sqr_magnetization": {
    "variance": 0.0018896164395964142,
    "error": 4.346971865099214e-5,
    "mean": 0.9365892407836914
  },
  "energy": {
    "variance": 0.0010653937133780888,
    "error": 3.264036938176541e-5,
    "mean": -0.945153375
  },
  "magnetization": {
    "variance": 0.0005233616338493655,
    "error": 2.2877098457832573e-5,
    "mean": -0.9675049765625
  },
  "sqr_energy": {
    "variance": 0.0037181353910107164,
    "error": 6.097651507761588e-5,
    "mean": 0.894380294921875
  }
}
