{
  "sqr_magnetization": {
    "variance": 0.00911124473634109,
    "error": 9.545284037859266e-5,
    "mean": 0.07606333410644531
  },
  "energy": {
    "variance": 0.0042567581885841164,
    "error": 6.52438364030206e-5,
    "mean": -0.465946546875
  },
  "magnetization": {
    "variance": 0.07604214018108159,
    "error": 0.00027575739370156805,
    "mean": -0.0046119375
  },
  "sqr_energy": {
    "variance": 0.0038556542728993507,
    "error": 6.209391494260409e-5,
    "mean": 0.2213629384765625
  }
}
