{
  "sqr_magnetization": {
    "variance": 0.019908977510298798,
    "error": 0.00014109917615031916,
    "mean": 0.7327692033081055
  },
  "energy": {
    "variance": 0.004579800643867048,
    "error": 6.76742243684185e-5,
    "mean": -0.8137785625
  },
  "magnetization": {
    "variance": 0.30375843593785967,
    "error": 0.0005511428453113218,
    "mean": 0.6549893671875
  },
  "sqr_energy": {
    "variance": 0.011682903267348761,
    "error": 0.00010808747969745969,
    "mean": 0.6668153448486328
  }
}
