{
  "sqr_magnetization": {
    "variance": 0.0023064005073738865,
    "error": 4.80249987753658e-5,
    "mean": 0.9263879983520508
  },
  "energy": {
    "variance": 0.0012352999322481132,
    "error": 3.5146833886541095e-5,
    "mean": -0.9372136796875
  },
  "magnetization": {
    "variance": 0.0006474537786470768,
    "error": 2.5445113060214075e-5,
    "mean": -0.9621541171875
  },
  "sqr_energy": {
    "variance": 0.00423818543060507,
    "error": 6.510134737933671e-5,
    "mean": 0.879604780090332
  }
}
