{
  "sqr_magnetization": {
    "variance": 0.014575985758519976,
    "error": 0.00012073104720211772,
    "mean": 0.7660942955322265
  },
  "energy": {
    "variance": 0.003955908225271263,
    "error": 6.289601120318572e-5,
    "mean": -0.831759890625
  },
  "magnetization": {
    "variance": 0.0055664415449959885,
    "error": 7.460858894923552e-5,
    "mean": 0.872082484375
  },
  "sqr_energy": {
    "variance": 0.01060950590799226,
    "error": 0.0001030024558347628,
    "mean": 0.695780419921875
  }
}
