{
  "sqr_magnetization": {
    "variance": 0.0017007817047231053,
    "error": 4.124053472886967e-5,
    "mean": 0.9411859447021484
  },
  "energy": {
    "variance": 0.0009873575554412962,
    "error": 3.1422246187077335e-5,
    "mean": -0.948802703125
  },
  "magnetization": {
    "variance": 0.0004669930215025428,
    "error": 2.1610021321195936e-5,
    "mean": -0.969906671875
  },
  "sqr_energy": {
    "variance": 0.0034735173256598916,
    "error": 5.893655339142162e-5,
    "mean": 0.9012139260253906
  }
}
