{
  "energy": {
    "variance": 0.00031288351400112505,
    "error": 1.768851361763122e-5,
    "mean": -0.981945732421875
  },
  "magnetization": {
    "variance": 0.0001070406951192473,
    "error": 1.0346047318625954e-5,
    "mean": 0.9901926640625
  }
}
