{
  "energy": {
    "variance": 0.0014913739743508878,
    "error": 3.861831138658043e-5,
    "mean": -0.92563701171875
  },
  "magnetization": {
    "variance": 0.0009114498855648763,
    "error": 3.019022831256624e-5,
    "mean": 0.953905546875
  }
}
