{
  "sqr_magnetization": {
    "variance": 0.009744432041794381,
    "error": 9.871388981189214e-5,
    "mean": 0.8149019877929687
  },
  "energy": {
    "variance": 0.0031155391041767376,
    "error": 5.581701446849999e-5,
    "mean": -0.8605771953125
  },
  "magnetization": {
    "variance": 0.0033668770101543542,
    "error": 5.80247965110982e-5,
    "mean": 0.9008524375
  },
  "sqr_energy": {
    "variance": 0.008968028927775235,
    "error": 9.46996775484227e-5,
    "mean": 0.7437086450805664
  }
}
