{
  "sqr_magnetization": {
    "variance": 0.0015607063485749998,
    "error": 3.950577614191373e-5,
    "mean": 0.9443998762207031
  },
  "abs_magnetization": {
    "variance": 0.00042622931005352883,
    "error": 2.0645321747396646e-5,
    "mean": 0.9715830625
  },
  "energy": {
    "variance": 0.0009135617532208709,
    "error": 3.0225184089114676e-5,
    "mean": -0.9514058203125
  },
  "magnetization": {
    "variance": 0.00042622931005352883,
    "error": 2.0645321747396646e-5,
    "mean": -0.9715830625
  },
  "sqr_energy": {
    "variance": 0.003237295012360835,
    "error": 5.6897232027233406e-5,
    "mean": 0.9060865957641602
  }
}
