{
  "energy": {
    "variance": 0.008002118113686703,
    "error": 8.945455893182137e-5,
    "mean": -0.70074347265625
  },
  "magnetization": {
    "variance": 0.48693992248387935,
    "error": 0.00069781080708447,
    "mean": 0.0173929921875
  }
}
