{
  "energy": {
    "variance": 0.0035004913292789276,
    "error": 5.9164950175580535e-5,
    "mean": -0.4027381875
  },
  "magnetization": {
    "variance": 0.04289356972987045,
    "error": 0.0002071076283719903,
    "mean": 0.0018145078125
  }
}
