{
  "sqr_magnetization": {
    "variance": 0.004061514997978053,
    "error": 6.37300164598916e-5,
    "mean": 0.8954950721435547
  },
  "energy": {
    "variance": 0.0017792922499709608,
    "error": 4.218165774327701e-5,
    "mean": -0.91447046875
  },
  "magnetization": {
    "variance": 0.0012116286005932001,
    "error": 3.480845587774901e-5,
    "mean": 0.945665609375
  },
  "sqr_energy": {
    "variance": 0.005794788999097501,
    "error": 7.612351147377203e-5,
    "mean": 0.8380355286865234
  }
}
