{
  "sqr_magnetization": {
    "variance": 0.05306649170477538,
    "error": 0.00023036165415445207,
    "mean": 0.49708445532226564
  },
  "abs_magnetization": {
    "variance": 0.04243751142381514,
    "error": 0.0002060036684717414,
    "mean": 0.67427515625
  },
  "energy": {
    "variance": 0.007916192068761404,
    "error": 8.897298505030279e-5,
    "mean": -0.70480115625
  },
  "magnetization": {
    "variance": 0.49597906978613787,
    "error": 0.0007042578148562768,
    "mean": 0.033254796875
  },
  "sqr_energy": {
    "variance": 0.01549871049125716,
    "error": 0.00012449381708043642,
    "mean": 0.5046608540039063
  }
}
