{
  "sqr_magnetization": {
    "variance": 0.00024383872192822168,
    "error": 1.5615336113200435e-5,
    "mean": 0.011165131286621093
  },
  "abs_magnetization": {
    "variance": 0.004038070474344828,
    "error": 6.354581397971725e-5,
    "mean": 0.0844219453125
  },
  "energy": {
    "variance": 0.0023802183813643163,
    "error": 4.878748181003316e-5,
    "mean": -0.2140846484375
  },
  "magnetization": {
    "variance": 0.011165052249997991,
    "error": 0.00010566481084068618,
    "mean": -0.0003003359375
  },
  "sqr_energy": {
    "variance": 0.0004559002858896573,
    "error": 2.1351821605887805e-5,
    "mean": 0.048212452697753906
  }
}
