{
  "sqr_magnetization": {
    "variance": 0.006955791473663743,
    "error": 8.340138772025165e-5,
    "mean": 0.8463676095581054
  },
  "energy": {
    "variance": 0.0025830570080003067,
    "error": 5.082378388117424e-5,
    "mean": -0.8801736171875
  },
  "magnetization": {
    "variance": 0.002237237623709243,
    "error": 4.729944633618076e-5,
    "mean": 0.9187656796875
  },
  "sqr_energy": {
    "variance": 0.007787935262607106,
    "error": 8.824927910531114e-5,
    "mean": 0.7772886508178711
  }
}
