{
  "energy": {
    "variance": 0.004173665983520964,
    "error": 6.460391616241978e-5,
    "mean": -0.46081371875
  },
  "magnetization": {
    "variance": 0.07406629335325013,
    "error": 0.00027215123250363965,
    "mean": 0.001012109375
  }
}
