{
  "sqr_magnetization": {
    "variance": 0.02356990091180105,
    "error": 0.00015352491951406796,
    "mean": 0.722489256652832
  },
  "abs_magnetization": {
    "variance": 0.011693776376110295,
    "error": 0.00010813776572553316,
    "mean": 0.8430868828125
  },
  "energy": {
    "variance": 0.004879528702574604,
    "error": 6.98536234033325e-5,
    "mean": -0.81008128125
  },
  "magnetization": {
    "variance": 0.7072984404712311,
    "error": 0.0008410103688250407,
    "mean": 0.1232538984375
  },
  "sqr_energy": {
    "variance": 0.012292598142524019,
    "error": 0.00011087198989160434,
    "mean": 0.6611112060546875
  }
}
