{
  "sqr_magnetization": {
    "variance": 0.0014845980324309596,
    "error": 3.853048186087166e-5,
    "mean": 0.9465403059082032
  },
  "energy": {
    "variance": 0.0008977858198942179,
    "error": 2.9963074273081823e-5,
    "mean": -0.95308378125
  },
  "magnetization": {
    "variance": 0.00040343622728168654,
    "error": 2.0085721975614582e-5,
    "mean": -0.972695671875
  },
  "sqr_energy": {
    "variance": 0.0031885903310233782,
    "error": 5.6467604261411504e-5,
    "mean": 0.9092664790039062
  }
}
