{
  "sqr_magnetization": {
    "variance": 0.006331830837330575,
    "error": 7.957280212064028e-5,
    "mean": 0.8603047250976562
  },
  "abs_magnetization": {
    "variance": 0.002018314660892541,
    "error": 4.492565704463922e-5,
    "mean": 0.926437484375
  },
  "energy": {
    "variance": 0.0023529982466842206,
    "error": 4.850771326999677e-5,
    "mean": -0.8900602109375
  },
  "magnetization": {
    "variance": 0.002018314660892541,
    "error": 4.492565704463922e-5,
    "mean": -0.926437484375
  },
  "sqr_energy": {
    "variance": 0.007249278152614986,
    "error": 8.514269289031788e-5,
    "mean": 0.794560174987793
  }
}
