{
  "sqr_magnetization": {
    "variance": 0.02466898278232127,
    "error": 0.00015706362654135193,
    "mean": 0.1519976768798828
  },
  "abs_magnetization": {
    "variance": 0.043313165404570676,
    "error": 0.00020811815251094913,
    "mean": 0.32967340625
  },
  "energy": {
    "variance": 0.005633489682061397,
    "error": 7.505657654104267e-5,
    "mean": -0.5342746015625
  },
  "magnetization": {
    "variance": 0.15197461166512902,
    "error": 0.0003898392125801726,
    "mean": 0.004818421875
  },
  "sqr_energy": {
    "variance": 0.006812651351044503,
    "error": 8.25387869491944e-5,
    "mean": 0.29108283392333983
  }
}
