{
  "sqr_magnetization": {
    "variance": 0.008329247542208889,
    "error": 9.126471137416087e-5,
    "mean": 0.8363927194213867
  },
  "abs_magnetization": {
    "variance": 0.002813151372899848,
    "error": 5.303914943605193e-5,
    "mean": 0.9130057890625
  },
  "energy": {
    "variance": 0.002769355455050706,
    "error": 5.262466584265126e-5,
    "mean": -0.8744817421875
  },
  "magnetization": {
    "variance": 0.002813151372899848,
    "error": 5.303914943605193e-5,
    "mean": -0.9130057890625
  },
  "sqr_energy": {
    "variance": 0.008222446556913328,
    "error": 9.067770705588738e-5,
    "mean": 0.7674876701049804
  }
}
