{
  "sqr_magnetization": {
    "variance": 0.0048761904437932225,
    "error": 6.982972464354432e-5,
    "mean": 0.053905675720214846
  },
  "abs_magnetization": {
    "variance": 0.018535877730984605,
    "error": 0.00013614653036704463,
    "mean": 0.1880686484375
  },
  "energy": {
    "variance": 0.0037452794990416455,
    "error": 6.119868870361232e-5,
    "mean": -0.4287599140625
  },
  "magnetization": {
    "variance": 0.05390569251248689,
    "error": 0.00023217599469472914,
    "mean": -0.0001926484375
  },
  "sqr_energy": {
    "variance": 0.0028545111603543293,
    "error": 5.34276254418473e-5,
    "mean": 0.18758033966064452
  }
}
