{
  "sqr_magnetization": {
    "variance": 0.05125739812523184,
    "error": 0.00022640096758899208,
    "mean": 0.5237717556152344
  },
  "abs_magnetization": {
    "variance": 0.03934520265253444,
    "error": 0.00019835625186147887,
    "mean": 0.696007609375
  },
  "energy": {
    "variance": 0.007743378153124003,
    "error": 8.799646670818099e-5,
    "mean": -0.716699859375
  },
  "magnetization": {
    "variance": 0.5229573509319564,
    "error": 0.0007231579017973574,
    "mean": -0.0285469375
  },
  "sqr_energy": {
    "variance": 0.015569494003515122,
    "error": 0.0001247777784844526,
    "mean": 0.5214020588378906
  }
}
