{
  "energy": {
    "variance": 0.004801599497838018,
    "error": 6.92935747226106e-5,
    "mean": -0.812484751953125
  },
  "magnetization": {
    "variance": 0.6968930776952954,
    "error": 0.0008348012204682593,
    "mean": -0.17357103125
  }
}
