{
  "sqr_magnetization": {
    "variance": 0.0016734303217351648,
    "error": 4.0907582692395365e-5,
    "mean": 0.03029844403076172
  },
  "abs_magnetization": {
    "variance": 0.010709454134085422,
    "error": 0.00010348649251996813,
    "mean": 0.1399607109375
  },
  "energy": {
    "variance": 0.0031607113579279105,
    "error": 5.622020417899521e-5,
    "mean": -0.361829703125
  },
  "magnetization": {
    "variance": 0.030298467736550684,
    "error": 0.0001740645504878885,
    "mean": -8.11953125e-5
  },
  "sqr_energy": {
    "variance": 0.0017069039407015413,
    "error": 4.1314694004694524e-5,
    "mean": 0.1340814422607422
  }
}
