{
  "sqr_magnetization": {
    "variance": 0.0024684778738768573,
    "error": 4.968377878016987e-5,
    "mean": 0.0370418110961914
  },
  "abs_magnetization": {
    "variance": 0.013038139170169872,
    "error": 0.00011418467134501843,
    "mean": 0.1549312265625
  },
  "energy": {
    "variance": 0.0033509230489149914,
    "error": 5.788715789287803e-5,
    "mean": -0.385354765625
  },
  "magnetization": {
    "variance": 0.037041711289929,
    "error": 0.00019246223341198398,
    "mean": -0.0003699296875
  },
  "sqr_energy": {
    "variance": 0.0020545597322532048,
    "error": 4.532725154091306e-5,
    "mean": 0.15184921508789062
  }
}
