{
  "sqr_magnetization": {
    "variance": 0.007133363081902984,
    "error": 8.445923917430812e-5,
    "mean": 0.8440250212402344
  },
  "energy": {
    "variance": 0.0026138281566523147,
    "error": 5.112561155284418e-5,
    "mean": -0.8787209921875
  },
  "magnetization": {
    "variance": 0.002302665358945633,
    "error": 4.7986095475102295e-5,
    "mean": 0.91745428125
  },
  "sqr_energy": {
    "variance": 0.007856674617803209,
    "error": 8.863788477735244e-5,
    "mean": 0.7747644076538086
  }
}
