{
  "energy": {
    "variance": 0.003113956912202136,
    "error": 5.580283964281868e-5,
    "mean": -0.35206191796875
  },
  "magnetization": {
    "variance": 0.028300984038735752,
    "error": 0.0001682289631387406,
    "mean": 0.000421671875
  }
}
