{
  "energy": {
    "variance": 0.0038075633076639203,
    "error": 6.170545606074004e-5,
    "mean": -0.839523583984375
  },
  "magnetization": {
    "variance": 0.7760094520205653,
    "error": 0.0008809139867322833,
    "mean": 0.0423210078125
  }
}
