{
  "energy": {
    "variance": 0.003900938521116361,
    "error": 6.245749371465653e-5,
    "mean": -0.44058904296875
  },
  "magnetization": {
    "variance": 0.06066989683351201,
    "error": 0.0002463125998269516,
    "mean": -0.0045611171875
  }
}
