{
  "sqr_magnetization": {
    "variance": 0.0033597912060630854,
    "error": 5.7963705937966775e-5,
    "mean": 0.9047223377075195
  },
  "abs_magnetization": {
    "variance": 0.0009775433459173078,
    "error": 3.126568959606213e-5,
    "mean": 0.9506549296875
  },
  "energy": {
    "variance": 0.0015827908108288968,
    "error": 3.978430357350618e-5,
    "mean": -0.92094740625
  },
  "magnetization": {
    "variance": 0.0009775433459173078,
    "error": 3.126568959606213e-5,
    "mean": -0.9506549296875
  },
  "sqr_energy": {
    "variance": 0.00524059973159356,
    "error": 7.239198665317564e-5,
    "mean": 0.8497269143066406
  }
}
