{
  "sqr_magnetization": {
    "variance": 0.0031415411025070786,
    "error": 5.604945229444333e-5,
    "mean": 0.04285392895507813
  },
  "energy": {
    "variance": 0.0034826314792622782,
    "error": 5.90138244758148e-5,
    "mean": -0.4036843828125
  },
  "magnetization": {
    "variance": 0.042821969067350904,
    "error": 0.0002069346975916579,
    "mean": 0.00565709375
  },
  "sqr_energy": {
    "variance": 0.002343620035958597,
    "error": 4.841094954613674e-5,
    "mean": 0.16644370892333984
  }
}
