{
  "sqr_magnetization": {
    "variance": 0.04587538598643261,
    "error": 0.00021418540096475438,
    "mean": 0.2709095235595703
  },
  "abs_magnetization": {
    "variance": 0.05619730156530547,
    "error": 0.0002370597004243983,
    "mean": 0.4633705625
  },
  "energy": {
    "variance": 0.007407449610171228,
    "error": 8.606654175793998e-5,
    "mean": -0.6016398203125
  },
  "magnetization": {
    "variance": 0.27085186899317376,
    "error": 0.0005204343080477821,
    "mean": -0.007610875
  },
  "sqr_energy": {
    "variance": 0.011220405548333682,
    "error": 0.00010592641572494408,
    "mean": 0.3693779155883789
  }
}
