{
  "sqr_magnetization": {
    "variance": 0.003945650384867059,
    "error": 6.281441223849077e-5,
    "mean": 0.8978199266357422
  },
  "energy": {
    "variance": 0.0017361541687652537,
    "error": 4.166718335531277e-5,
    "mean": -0.916212578125
  },
  "magnetization": {
    "variance": 0.0011745145996161625,
    "error": 3.427119197833893e-5,
    "mean": -0.946913625
  },
  "sqr_energy": {
    "variance": 0.005678164285074692,
    "error": 7.535359503749434e-5,
    "mean": 0.8411816407470704
  }
}
