{
  "sqr_magnetization": {
    "variance": 0.0021245956451681407,
    "error": 4.609333623386509e-5,
    "mean": 0.9304130529174804
  },
  "abs_magnetization": {
    "variance": 0.0005925183257482449,
    "error": 2.4341699319239093e-5,
    "mean": 0.9642720234375
  },
  "energy": {
    "variance": 0.0011478575792027335,
    "error": 3.388004691854386e-5,
    "mean": -0.9403596015625
  },
  "magnetization": {
    "variance": 0.0005925183257482449,
    "error": 2.4341699319239093e-5,
    "mean": -0.9642720234375
  },
  "sqr_energy": {
    "variance": 0.003969915574109426,
    "error": 6.300726604217507e-5,
    "mean": 0.8854240366821289
  }
}
