{
  "energy": {
    "variance": 0.0058337368768572664,
    "error": 7.637890334940184e-5,
    "mean": -0.780532603515625
  },
  "magnetization": {
    "variance": 0.562806409926935,
    "error": 0.0007502042454738142,
    "mean": -0.317524578125
  }
}
