{
  "sqr_magnetization": {
    "variance": 0.0022697221812230882,
    "error": 4.764160137131295e-5,
    "mean": 0.0356824267578125
  },
  "energy": {
    "variance": 0.0033182359291673252,
    "error": 5.7604131181429386e-5,
    "mean": -0.386042578125
  },
  "magnetization": {
    "variance": 0.03568075920965936,
    "error": 0.00018889351288400394,
    "mean": 0.001305078125
  },
  "sqr_energy": {
    "variance": 0.0020365936521921477,
    "error": 4.512863450396153e-5,
    "mean": 0.15234710473632812
  }
}
