{
  "sqr_magnetization": {
    "variance": 0.007030651526697908,
    "error": 8.384898047500583e-5,
    "mean": 0.8494727225341797
  },
  "energy": {
    "variance": 0.0025445599225432606,
    "error": 5.0443631139552795e-5,
    "mean": -0.8825840703125
  },
  "magnetization": {
    "variance": 0.0022807071191436427,
    "error": 4.7756749461658744e-5,
    "mean": 0.92043034375
  },
  "sqr_energy": {
    "variance": 0.0077122719203120416,
    "error": 8.781954179060627e-5,
    "mean": 0.7814991985473633
  }
}
