{
  "sqr_magnetization": {
    "variance": 0.05264640808514619,
    "error": 0.00022944805095085507,
    "mean": 0.48553902001953125
  },
  "energy": {
    "variance": 0.007819220602666342,
    "error": 8.842635694557558e-5,
    "mean": -0.7004656640625
  },
  "magnetization": {
    "variance": 0.4467569033665164,
    "error": 0.0006683987607457964,
    "mean": 0.196932890625
  },
  "sqr_energy": {
    "variance": 0.015206348253937647,
    "error": 0.0001233140229411791,
    "mean": 0.49847135931396486
  }
}
