{
  "sqr_magnetization": {
    "variance": 0.03956139299356224,
    "error": 0.00019890046001345055,
    "mean": 0.6242410751953125
  },
  "energy": {
    "variance": 0.0066130671500514646,
    "error": 8.132076702817962e-5,
    "mean": -0.7627792421875
  },
  "magnetization": {
    "variance": 0.5986183485028955,
    "error": 0.0007737043030143334,
    "mean": 0.160072875
  },
  "sqr_energy": {
    "variance": 0.01482171892739779,
    "error": 0.00012174448212300133,
    "mean": 0.5884452328491211
  }
}
