{
  "energy": {
    "variance": 0.008149680113113952,
    "error": 9.027557871935217e-5,
    "mean": -0.641576640625
  },
  "magnetization": {
    "variance": 0.35373250431513104,
    "error": 0.0005947541545169155,
    "mean": -0.020432328125
  }
}
