{
  "sqr_magnetization": {
    "variance": 0.008693783691150694,
    "error": 9.324046166311433e-5,
    "mean": 0.07709249041748047
  },
  "energy": {
    "variance": 0.004242684752786071,
    "error": 6.513589450361506e-5,
    "mean": -0.465841015625
  },
  "magnetization": {
    "variance": 0.0770923803522299,
    "error": 0.00027765514645370775,
    "mean": -0.0004326171875
  },
  "sqr_energy": {
    "variance": 0.0038406663253706067,
    "error": 6.197310969582377e-5,
    "mean": 0.22125053234863282
  }
}
