{
  "sqr_magnetization": {
    "variance": 0.0030653339214703436,
    "error": 5.5365457836726534e-5,
    "mean": 0.04160104766845703
  },
  "abs_magnetization": {
    "variance": 0.014578266722741274,
    "error": 0.00012074049330171413,
    "mean": 0.1643861171875
  },
  "energy": {
    "variance": 0.00345779266171594,
    "error": 5.880299874764841e-5,
    "mean": -0.3991203984375
  },
  "magnetization": {
    "variance": 0.041600894036547785,
    "error": 0.0002039629722193413,
    "mean": 0.0004418515625
  },
  "sqr_energy": {
    "variance": 0.002277798149960759,
    "error": 4.772628363869073e-5,
    "mean": 0.16275488165283203
  }
}
