{
  "sqr_magnetization": {
    "variance": 0.0018512087553938493,
    "error": 4.302567553675188e-5,
    "mean": 0.9368946004638672
  },
  "abs_magnetization": {
    "variance": 0.0005113074141746015,
    "error": 2.2612107689788703e-5,
    "mean": 0.967669
  },
  "energy": {
    "variance": 0.0010376484992461563,
    "error": 3.2212551889692884e-5,
    "mean": -0.9454213125
  },
  "magnetization": {
    "variance": 0.0005113074141746015,
    "error": 2.2612107689788703e-5,
    "mean": -0.967669
  },
  "sqr_energy": {
    "variance": 0.0036292834070853538,
    "error": 6.024353415168597e-5,
    "mean": 0.8948591055908203
  }
}
