{
  "sqr_magnetization": {
    "variance": 0.002798660567594728,
    "error": 5.290236826073789e-5,
    "mean": 0.9159423212890625
  },
  "energy": {
    "variance": 0.0014121864358479963,
    "error": 3.757906911896563e-5,
    "mean": -0.9292318515625
  },
  "magnetization": {
    "variance": 0.0007995715065051006,
    "error": 2.8276695466498567e-5,
    "mean": 0.9566309375
  },
  "sqr_energy": {
    "variance": 0.004758515349903492,
    "error": 6.898199293948742e-5,
    "mean": 0.8648840189819336
  }
}
