{
  "energy": {
    "variance": 0.00823213001776292,
    "error": 9.073108628117994e-5,
    "mean": -0.658290025390625
  },
  "magnetization": {
    "variance": 0.39096103877743893,
    "error": 0.0006252687732307115,
    "mean": 0.010912578125
  }
}
