{
  "sqr_magnetization": {
    "variance": 0.01533015105355429,
    "error": 0.00012381498719280429,
    "mean": 0.7767108907470703
  },
  "abs_magnetization": {
    "variance": 0.00638915357616139,
    "error": 7.993218110474273e-5,
    "mean": 0.87767975
  },
  "energy": {
    "variance": 0.0038638937173355514,
    "error": 6.216022616863256e-5,
    "mean": -0.8390609140625
  },
  "magnetization": {
    "variance": 0.6485912563596977,
    "error": 0.0008053516352250721,
    "mean": 0.3579389375
  },
  "sqr_energy": {
    "variance": 0.010496078753584635,
    "error": 0.00010245037214956631,
    "mean": 0.7078871073608398
  }
}
