{
  "sqr_magnetization": {
    "variance": 0.016342319411000252,
    "error": 0.0001278370815178454,
    "mean": 0.11453712078857421
  },
  "energy": {
    "variance": 0.0048676913042024735,
    "error": 6.976884192963556e-5,
    "mean": -0.5050714765625
  },
  "magnetization": {
    "variance": 0.11433857425073679,
    "error": 0.0003381398737959438,
    "mean": -0.0140947109375
  },
  "sqr_energy": {
    "variance": 0.005243866600498049,
    "error": 7.241454688457319e-5,
    "mean": 0.25996488287353514
  }
}
