{
  "sqr_magnetization": {
    "variance": 0.05361749731545516,
    "error": 0.00023155452341825492,
    "mean": 0.34435135961914065
  },
  "abs_magnetization": {
    "variance": 0.05647785411474474,
    "error": 0.00023765069769463067,
    "mean": 0.5365385
  },
  "energy": {
    "variance": 0.008010039999535846,
    "error": 8.949882680536011e-5,
    "mean": -0.637126640625
  },
  "magnetization": {
    "variance": 0.3438262373673446,
    "error": 0.0005863669818188475,
    "mean": -0.022923046875
  },
  "sqr_energy": {
    "variance": 0.01336126290159016,
    "error": 0.00011559092914926395,
    "mean": 0.41394038818359374
  }
}
