{
  "sqr_magnetization": {
    "variance": 0.05734868426603447,
    "error": 0.00023947585320034767,
    "mean": 0.39275868505859374
  },
  "energy": {
    "variance": 0.008356133700830722,
    "error": 9.141189036898166e-5,
    "mean": -0.660093578125
  },
  "magnetization": {
    "variance": 0.38873392076075575,
    "error": 0.0006234853011585404,
    "mean": 0.06344409375
  },
  "sqr_energy": {
    "variance": 0.01478319573759388,
    "error": 0.00012158616589725116,
    "mean": 0.4440796572265625
  }
}
