{
  "sqr_magnetization": {
    "variance": 0.011074064369539439,
    "error": 0.0001052333804908853,
    "mean": 0.8004748029174805
  },
  "energy": {
    "variance": 0.0033680049881414623,
    "error": 5.8034515489848466e-5,
    "mean": -0.852018140625
  },
  "magnetization": {
    "variance": 0.0038970111609866846,
    "error": 6.24260455337889e-5,
    "mean": 0.8925120703125
  },
  "sqr_energy": {
    "variance": 0.009489951170792571,
    "error": 9.741638040284894e-5,
    "mean": 0.7293029135742187
  }
}
