{
  "sqr_magnetization": {
    "variance": 0.019576073369974748,
    "error": 0.0001399145216550975,
    "mean": 0.12845750994873048
  },
  "energy": {
    "variance": 0.005290929385362919,
    "error": 7.27387749784317e-5,
    "mean": -0.5153249921875
  },
  "magnetization": {
    "variance": 0.12604997427488732,
    "error": 0.00035503517329257296,
    "mean": -0.0490679296875
  },
  "sqr_energy": {
    "variance": 0.005947566906350101,
    "error": 7.712047008641805e-5,
    "mean": 0.27085077166748045
  }
}
