{
  "energy": {
    "variance": 0.0076496947291609775,
    "error": 8.746253328803698e-5,
    "mean": -0.7180781640625
  },
  "magnetization": {
    "variance": 0.5259953351433927,
    "error": 0.0007252553585761312,
    "mean": 0.0439833203125
  }
}
