{
  "energy": {
    "variance": 0.003992511178345494,
    "error": 6.318632113318115e-5,
    "mean": -0.835120787109375
  },
  "magnetization": {
    "variance": 0.6479453954594572,
    "error": 0.0008049505546674636,
    "mean": 0.34834996875
  }
}
