{
  "sqr_magnetization": {
    "variance": 0.008113867800153446,
    "error": 9.007701038641017e-5,
    "mean": 0.8385895831909179
  },
  "abs_magnetization": {
    "variance": 0.0027216524987715785,
    "error": 5.216945944488575e-5,
    "mean": 0.9142581328125
  },
  "energy": {
    "variance": 0.0027288586170397104,
    "error": 5.2238478318570024e-5,
    "mean": -0.8758763984375
  },
  "magnetization": {
    "variance": 0.0027216524987715785,
    "error": 5.216945944488575e-5,
    "mean": 0.9142581328125
  },
  "sqr_energy": {
    "variance": 0.008129469323744028,
    "error": 9.01635698258672e-5,
    "mean": 0.7698883212280273
  }
}
