{
  "sqr_magnetization": {
    "variance": 0.01655126318277399,
    "error": 0.00012865171270828068,
    "mean": 0.11374375714111327
  },
  "abs_magnetization": {
    "variance": 0.035149951998716594,
    "error": 0.00018748320457768103,
    "mean": 0.2803459296875
  },
  "energy": {
    "variance": 0.004936905069809123,
    "error": 7.026311315198838e-5,
    "mean": -0.504641796875
  },
  "magnetization": {
    "variance": 0.11374367017378338,
    "error": 0.00033725905499153527,
    "mean": 0.0004480078125
  },
  "sqr_energy": {
    "variance": 0.0053050292267349,
    "error": 7.283563157366662e-5,
    "mean": 0.2596002432861328
  }
}
