{
  "sqr_magnetization": {
    "variance": 0.0025256410689217944,
    "error": 5.025575657496158e-5,
    "mean": 0.03758483563232422
  },
  "abs_magnetization": {
    "variance": 0.013207044839707863,
    "error": 0.00011492190757078418,
    "mean": 0.1561339296875
  },
  "energy": {
    "variance": 0.003366928446102701,
    "error": 5.8025239733263495e-5,
    "mean": -0.3886714609375
  },
  "magnetization": {
    "variance": 0.03758448496125199,
    "error": 0.00019386718381730311,
    "mean": 0.0006231015625
  },
  "sqr_energy": {
    "variance": 0.0020991875522532633,
    "error": 4.581689156035428e-5,
    "mean": 0.15443242962646483
  }
}
