{
  "sqr_magnetization": {
    "variance": 0.013882666554234533,
    "error": 0.00011782472811016597,
    "mean": 0.7871043308105469
  },
  "abs_magnetization": {
    "variance": 0.0055489937025054205,
    "error": 7.449156799601832e-5,
    "mean": 0.8840561875
  },
  "energy": {
    "variance": 0.0036650782924459073,
    "error": 6.053989009278021e-5,
    "mean": -0.8449183359375
  },
  "magnetization": {
    "variance": 0.7713366847082274,
    "error": 0.0008782577552792957,
    "mean": -0.125572359375
  },
  "sqr_energy": {
    "variance": 0.010109717678989515,
    "error": 0.00010054709184749957,
    "mean": 0.7175520690307617
  }
}
