{
  "sqr_magnetization": {
    "variance": 0.002060209259066691,
    "error": 4.538952807715334e-5,
    "mean": 0.9318229156494141
  },
  "energy": {
    "variance": 0.0011438767248510904,
    "error": 3.382124664838791e-5,
    "mean": -0.941366046875
  },
  "magnetization": {
    "variance": 0.0005737609102841038,
    "error": 2.3953306875755255e-5,
    "mean": -0.965012515625
  },
  "sqr_energy": {
    "variance": 0.00395941348126813,
    "error": 6.292387052040052e-5,
    "mean": 0.8873139097900391
  }
}
