{
  "sqr_magnetization": {
    "variance": 0.05559277252830142,
    "error": 0.00023578119629924144,
    "mean": 0.38273739331054685
  },
  "abs_magnetization": {
    "variance": 0.054569369532225,
    "error": 0.0002336008765656178,
    "mean": 0.5728595625
  },
  "energy": {
    "variance": 0.008196863186124904,
    "error": 9.053652956748951e-5,
    "mean": -0.6542620625
  },
  "magnetization": {
    "variance": 0.3827362451045693,
    "error": 0.0006186568072078163,
    "mean": 0.0012373125
  },
  "sqr_energy": {
    "variance": 0.014259713974559832,
    "error": 0.000119414044293625,
    "mean": 0.4362557014160156
  }
}
