{
  "sqr_magnetization": {
    "variance": 0.020845376848106938,
    "error": 0.00014437928122866848,
    "mean": 0.13418239447021485
  },
  "abs_magnetization": {
    "variance": 0.039635471338566486,
    "error": 0.00019908659256355382,
    "mean": 0.3074848984375
  },
  "energy": {
    "variance": 0.0053142894487269495,
    "error": 7.289917316902127e-5,
    "mean": -0.520901375
  },
  "magnetization": {
    "variance": 0.13418237754425197,
    "error": 0.00036630912839329024,
    "mean": 0.0003887265625
  },
  "sqr_energy": {
    "variance": 0.006102069808692828,
    "error": 7.811574622758735e-5,
    "mean": 0.2766525266113281
  }
}
