{
  "sqr_magnetization": {
    "variance": 0.03286049242131165,
    "error": 0.00018127463259185397,
    "mean": 0.6666574115600586
  },
  "abs_magnetization": {
    "variance": 0.018889715610366915,
    "error": 0.00013743986179550282,
    "mean": 0.8048401796875
  },
  "energy": {
    "variance": 0.005872640666283183,
    "error": 7.663315644212486e-5,
    "mean": -0.7825783671875
  },
  "magnetization": {
    "variance": 0.66297524885513,
    "error": 0.000814232920517913,
    "mean": -0.0606862890625
  },
  "sqr_energy": {
    "variance": 0.01380781735307605,
    "error": 0.00011750666939827735,
    "mean": 0.6183015355834961
  }
}
