{
  "sqr_magnetization": {
    "variance": 0.0024807840655639265,
    "error": 4.980746997754379e-5,
    "mean": 0.037339790283203125
  },
  "abs_magnetization": {
    "variance": 0.013095897461551514,
    "error": 0.00011443730799678711,
    "mean": 0.155704546875
  },
  "energy": {
    "variance": 0.003359499856286416,
    "error": 5.7961192674809724e-5,
    "mean": -0.3867043515625
  },
  "magnetization": {
    "variance": 0.03733975121390136,
    "error": 0.00019323496374595712,
    "mean": -0.000276421875
  },
  "sqr_energy": {
    "variance": 0.002072534465545342,
    "error": 4.552509709539719e-5,
    "mean": 0.15289975201416015
  }
}
