{
  "sqr_magnetization": {
    "variance": 0.009393068159301887,
    "error": 9.691784231658219e-5,
    "mean": 0.07959540942382813
  },
  "abs_magnetization": {
    "variance": 0.026139929193787593,
    "error": 0.00016167847473856127,
    "mean": 0.23120446875
  },
  "energy": {
    "variance": 0.00427480028230608,
    "error": 6.538195685589473e-5,
    "mean": -0.4694448828125
  },
  "magnetization": {
    "variance": 0.0795948552036677,
    "error": 0.0002821256018224289,
    "mean": -0.000796125
  },
  "sqr_energy": {
    "variance": 0.003927206719141382,
    "error": 6.266742949205257e-5,
    "mean": 0.22465329400634765
  }
}
