{
  "sqr_magnetization": {
    "variance": 0.0016563688626775788,
    "error": 4.069851179929776e-5,
    "mean": 0.9423785983886719
  },
  "energy": {
    "variance": 0.0009664317723995457,
    "error": 3.108748578446873e-5,
    "mean": -0.94977709375
  },
  "magnetization": {
    "variance": 0.00045393940061029894,
    "error": 2.13058536700668e-5,
    "mean": -0.97052803125
  },
  "sqr_energy": {
    "variance": 0.003407663598176452,
    "error": 5.837519677205766e-5,
    "mean": 0.9030429586181641
  }
}
