{
  "sqr_magnetization": {
    "variance": 0.0021540759919425256,
    "error": 4.6412024217249193e-5,
    "mean": 0.9296628197021485
  },
  "abs_magnetization": {
    "variance": 0.0006013286320354192,
    "error": 2.4522003018420397e-5,
    "mean": 0.963878359375
  },
  "energy": {
    "variance": 0.001160102300469427,
    "error": 3.406027452134564e-5,
    "mean": -0.9397717578125
  },
  "magnetization": {
    "variance": 0.0006013286320354192,
    "error": 2.4522003018420397e-5,
    "mean": -0.963878359375
  },
  "sqr_energy": {
    "variance": 0.0040071915959269564,
    "error": 6.33023822294782e-5,
    "mean": 0.8843310579223633
  }
}
