{
  "sqr_magnetization": {
    "variance": 0.0030137614189927847,
    "error": 5.4897736009718876e-5,
    "mean": 0.041133067138671875
  },
  "abs_magnetization": {
    "variance": 0.014452947338195141,
    "error": 0.00012022041148738072,
    "mean": 0.163340546875
  },
  "energy": {
    "variance": 0.003459912493149735,
    "error": 5.882102084416535e-5,
    "mean": -0.3975353203125
  },
  "magnetization": {
    "variance": 0.041133041917173756,
    "error": 0.00020281282483406655,
    "mean": -0.00025759375
  },
  "sqr_energy": {
    "variance": 0.002261770569339719,
    "error": 4.755807575312229e-5,
    "mean": 0.16149423992919923
  }
}
