{
  "sqr_magnetization": {
    "variance": 0.010857819817343378,
    "error": 0.00010420086284356468,
    "mean": 0.8035495903930664
  },
  "energy": {
    "variance": 0.003329897742817421,
    "error": 5.770526616191473e-5,
    "mean": -0.853804046875
  },
  "magnetization": {
    "variance": 0.003816383059979191,
    "error": 6.177688127430189e-5,
    "mean": 0.8942780390625
  },
  "sqr_energy": {
    "variance": 0.009419316867345439,
    "error": 9.705316515882128e-5,
    "mean": 0.7323112448730469
  }
}
