{
  "sqr_magnetization": {
    "variance": 0.002011494279075942,
    "error": 4.484968538435852e-5,
    "mean": 0.033205046630859374
  },
  "abs_magnetization": {
    "variance": 0.011744158900646938,
    "error": 0.00010837047061191041,
    "mean": 0.146495390625
  },
  "energy": {
    "variance": 0.0032520330276906814,
    "error": 5.702659929971873e-5,
    "mean": -0.3718541015625
  },
  "magnetization": {
    "variance": 0.03320494083498942,
    "error": 0.00018222222925589902,
    "mean": -0.000372828125
  },
  "sqr_energy": {
    "variance": 0.001856610897894626,
    "error": 4.3088407929449265e-5,
    "mean": 0.14152750262451172
  }
}
