{
  "sqr_magnetization": {
    "variance": 0.04167857923784346,
    "error": 0.00020415332286750432,
    "mean": 0.6090909313354492
  },
  "energy": {
    "variance": 0.006834046529650473,
    "error": 8.266829216604436e-5,
    "mean": -0.7555774609375
  },
  "magnetization": {
    "variance": 0.6018144741629772,
    "error": 0.0007757670231216181,
    "mean": 0.0853056796875
  },
  "sqr_energy": {
    "variance": 0.015050306090487579,
    "error": 0.000122679688989203,
    "mean": 0.5777313391723633
  }
}
