{
  "sqr_magnetization": {
    "variance": 0.004397764562799344,
    "error": 6.63156434244541e-5,
    "mean": 0.887388126953125
  },
  "abs_magnetization": {
    "variance": 0.0013254065498106028,
    "error": 3.640613340922931e-5,
    "mean": 0.941309046875
  },
  "energy": {
    "variance": 0.0018819400623574813,
    "error": 4.3381333109500924e-5,
    "mean": -0.9085170234375
  },
  "magnetization": {
    "variance": 0.0013254065498106028,
    "error": 3.640613340922931e-5,
    "mean": -0.941309046875
  },
  "sqr_energy": {
    "variance": 0.0060543500011320875,
    "error": 7.780970377229364e-5,
    "mean": 0.8272851200561523
  }
}
