{
  "sqr_magnetization": {
    "variance": 0.05492123493813046,
    "error": 0.00023435280014996718,
    "mean": 0.4681485538330078
  },
  "abs_magnetization": {
    "variance": 0.046378620533399584,
    "error": 0.00021535696072660292,
    "mean": 0.649438203125
  },
  "energy": {
    "variance": 0.008089572068011948,
    "error": 8.994204838679152e-5,
    "mean": -0.6922330390625
  },
  "magnetization": {
    "variance": 0.468143744116654,
    "error": 0.0006842103069354144,
    "mean": 0.002297359375
  },
  "sqr_energy": {
    "variance": 0.015389886254201365,
    "error": 0.00012405598032421236,
    "mean": 0.48727614434814454
  }
}
