{
  "energy": {
    "variance": 0.006430672491580145,
    "error": 8.019147393320654e-5,
    "mean": -0.5651696640625
  },
  "magnetization": {
    "variance": 0.20003430460186508,
    "error": 0.0004472519475663187,
    "mean": 0.0097341171875
  }
}
