{
  "sqr_magnetization": {
    "variance": 0.03702518319011498,
    "error": 0.00019241929006758908,
    "mean": 0.21337266516113282
  },
  "abs_magnetization": {
    "variance": 0.052342251167196235,
    "error": 0.0002287842895987315,
    "mean": 0.401286015625
  },
  "energy": {
    "variance": 0.006677752323235722,
    "error": 8.171751540052917e-5,
    "mean": -0.57222953125
  },
  "magnetization": {
    "variance": 0.2133046389915052,
    "error": 0.0004618491517709058,
    "mean": 0.00826071875
  },
  "sqr_energy": {
    "variance": 0.009253672898302976,
    "error": 9.619601290231824e-5,
    "mean": 0.3341243820800781
  }
}
