{
  "sqr_magnetization": {
    "variance": 0.011824111655154448,
    "error": 0.00010873873116398981,
    "mean": 0.09058074523925781
  },
  "energy": {
    "variance": 0.004448483351500683,
    "error": 6.669695159076375e-5,
    "mean": -0.480600328125
  },
  "magnetization": {
    "variance": 0.09056277569257941,
    "error": 0.000300936497774164,
    "mean": -0.00424971875
  },
  "sqr_energy": {
    "variance": 0.004300765380568452,
    "error": 6.558022095547141e-5,
    "mean": 0.235425154296875
  }
}
