{
  "sqr_magnetization": {
    "variance": 0.04080266349410753,
    "error": 0.0002019966917900081,
    "mean": 0.6088541528320313
  },
  "abs_magnetization": {
    "variance": 0.026483586804359267,
    "error": 0.00016273778542292894,
    "mean": 0.76313209375
  },
  "energy": {
    "variance": 0.006723543666683316,
    "error": 8.199721743256484e-5,
    "mean": -0.75464015625
  },
  "magnetization": {
    "variance": 0.6074800169884536,
    "error": 0.0007794100441926916,
    "mean": 0.03707753125
  },
  "sqr_energy": {
    "variance": 0.014788037061723555,
    "error": 0.00012160607329292215,
    "mean": 0.576205302368164
  }
}
