{
  "sqr_magnetization": {
    "variance": 0.04987887612649578,
    "error": 0.00022333579230946344,
    "mean": 0.5401661012573242
  },
  "abs_magnetization": {
    "variance": 0.0372884050350451,
    "error": 0.0001931020585986724,
    "mean": 0.7091387265625
  },
  "energy": {
    "variance": 0.007594389561162021,
    "error": 8.714579485644745e-5,
    "mean": -0.72419984375
  },
  "magnetization": {
    "variance": 0.5399426163130249,
    "error": 0.0007348078771441041,
    "mean": 0.0149674609375
  },
  "sqr_energy": {
    "variance": 0.015540719007242418,
    "error": 0.000124662420188453,
    "mean": 0.5320597956542968
  }
}
