{
  "sqr_magnetization": {
    "variance": 0.014169437210101778,
    "error": 0.00011903544518378456,
    "mean": 0.10323639025878906
  },
  "abs_magnetization": {
    "variance": 0.03243524535996313,
    "error": 0.00018009787716673155,
    "mean": 0.26608490625
  },
  "energy": {
    "variance": 0.004700389146548264,
    "error": 6.855938408816304e-5,
    "mean": -0.4950556796875
  },
  "magnetization": {
    "variance": 0.10323635968779499,
    "error": 0.00032130415448262565,
    "mean": 0.000365796875
  },
  "sqr_energy": {
    "variance": 0.004843133160778064,
    "error": 6.95926228904908e-5,
    "mean": 0.24978051043701172
  }
}
