{
  "energy": {
    "variance": 0.00442271345951262,
    "error": 6.650348456669484e-5,
    "mean": -0.822309787109375
  },
  "magnetization": {
    "variance": 0.7121267365760235,
    "error": 0.0008438760196711503,
    "mean": -0.184528296875
  }
}
