{
  "sqr_magnetization": {
    "variance": 0.01572763110432167,
    "error": 0.0001254098525009964,
    "mean": 0.7699419134521485
  },
  "energy": {
    "variance": 0.003988861966857022,
    "error": 6.315743793772053e-5,
    "mean": -0.8349373203125
  },
  "magnetization": {
    "variance": 0.00639246050236065,
    "error": 7.99528642536379e-5,
    "mean": 0.873813171875
  },
  "sqr_energy": {
    "variance": 0.010724691371116524,
    "error": 0.00010356008580102917,
    "mean": 0.7011091868286132
  }
}
