{
  "sqr_magnetization": {
    "variance": 0.004306854916677324,
    "error": 6.562663267818428e-5,
    "mean": 0.8883479727172852
  },
  "energy": {
    "variance": 0.0018918834992992717,
    "error": 4.3495787144265726e-5,
    "mean": -0.909099921875
  },
  "magnetization": {
    "variance": 0.0012854914165235823,
    "error": 3.58537503829597e-5,
    "mean": -0.9418399453125
  },
  "sqr_energy": {
    "variance": 0.006091663071560378,
    "error": 7.804910679540399e-5,
    "mean": 0.8283545495605469
  }
}
