{
  "sqr_magnetization": {
    "variance": 0.04996509083284791,
    "error": 0.00022352872484950991,
    "mean": 0.30074518359375
  },
  "abs_magnetization": {
    "variance": 0.05716219818855927,
    "error": 0.00023908617314382543,
    "mean": 0.493541328125
  },
  "energy": {
    "variance": 0.0077488734280912,
    "error": 8.80276855772728e-5,
    "mean": -0.61681065625
  },
  "magnetization": {
    "variance": 0.3006921013985347,
    "error": 0.0005483539927806988,
    "mean": 0.007306359375
  },
  "sqr_energy": {
    "variance": 0.01225291365894435,
    "error": 0.00011069287989272096,
    "mean": 0.3882042513427734
  }
}
