{
  "sqr_magnetization": {
    "variance": 0.007020301820054956,
    "error": 8.378724139184292e-5,
    "mean": 0.0666849447631836
  },
  "abs_magnetization": {
    "variance": 0.02248282520167768,
    "error": 0.00014994273974313556,
    "mean": 0.2102430546875
  },
  "energy": {
    "variance": 0.004005412811849335,
    "error": 6.328833077155168e-5,
    "mean": -0.45054540625
  },
  "magnetization": {
    "variance": 0.06668186522827142,
    "error": 0.0002582283199578842,
    "mean": 0.0017737578125
  },
  "sqr_energy": {
    "variance": 0.0033775939359194213,
    "error": 5.811707095096432e-5,
    "mean": 0.20699657189941406
  }
}
