{
  "sqr_magnetization": {
    "variance": 0.005832190670939366,
    "error": 7.636878073492706e-5,
    "mean": 0.0599284116821289
  },
  "abs_magnetization": {
    "variance": 0.020375099969690728,
    "error": 0.00014274137441432574,
    "mean": 0.1988801953125
  },
  "energy": {
    "variance": 0.0038692211342113074,
    "error": 6.220306370438122e-5,
    "mean": -0.4386343828125
  },
  "magnetization": {
    "variance": 0.05992842242709375,
    "error": 0.00024480282356846653,
    "mean": 0.0002217734375
  },
  "sqr_energy": {
    "variance": 0.0030909655131938344,
    "error": 5.559645234359684e-5,
    "mean": 0.19626933905029298
  }
}
