{
  "sqr_magnetization": {
    "variance": 0.032430162556267586,
    "error": 0.00018008376538785383,
    "mean": 0.19008026629638672
  },
  "energy": {
    "variance": 0.006222175115190193,
    "error": 7.88807651787823e-5,
    "mean": -0.5595642265625
  },
  "magnetization": {
    "variance": 0.18970891803215528,
    "error": 0.0004355558724574326,
    "mean": 0.0192753203125
  },
  "sqr_energy": {
    "variance": 0.008265798987523332,
    "error": 9.091643958890676e-5,
    "mean": 0.3193342925415039
  }
}
