{
  "sqr_magnetization": {
    "variance": 0.04650832949717117,
    "error": 0.00021565789922275318,
    "mean": 0.5727149735107422
  },
  "energy": {
    "variance": 0.00716215046159376,
    "error": 8.462948931426775e-5,
    "mean": -0.7391946171875
  },
  "magnetization": {
    "variance": 0.560660341674939,
    "error": 0.0007487725567052648,
    "mean": -0.109796140625
  },
  "sqr_energy": {
    "variance": 0.01523307185975464,
    "error": 0.00012342233128471785,
    "mean": 0.553570825378418
  }
}
