{
  "sqr_magnetization": {
    "variance": 0.0015390741438194233,
    "error": 3.923103546708171e-5,
    "mean": 0.029013808532714843
  },
  "energy": {
    "variance": 0.003110761800471212,
    "error": 5.577420371884489e-5,
    "mean": -0.3538367109375
  },
  "magnetization": {
    "variance": 0.028996134932792097,
    "error": 0.0001702825150530497,
    "mean": 0.0042074453125
  },
  "sqr_energy": {
    "variance": 0.001604173151390067,
    "error": 4.005213042261381e-5,
    "mean": 0.12831117669677736
  }
}
