{
  "energy": {
    "variance": 0.0034498645826410565,
    "error": 5.873554786192989e-5,
    "mean": -0.85086320703125
  },
  "magnetization": {
    "variance": 0.6644806157406313,
    "error": 0.0008151568043883528,
    "mean": -0.364909
  }
}
