{
  "sqr_magnetization": {
    "variance": 2.40666103128217e-5,
    "error": 4.905773161574198e-6,
    "mean": 0.9985636324462891
  },
  "abs_magnetization": {
    "variance": 6.080662666356022e-6,
    "error": 2.4658999708739246e-6,
    "mean": 0.999278515625
  },
  "energy": {
    "variance": 2.2738408510869424e-5,
    "error": 4.768480734035676e-6,
    "mean": -0.99858396875
  },
  "magnetization": {
    "variance": 6.080662666356022e-6,
    "error": 2.4658999708739246e-6,
    "mean": 0.999278515625
  },
  "sqr_energy": {
    "variance": 8.922470149845051e-5,
    "error": 9.445882780262017e-6,
    "mean": 0.9971926810302735
  }
}
