{
  "sqr_magnetization": {
    "variance": 0.010192240753997826,
    "error": 0.00010095662808353806,
    "mean": 0.8192413369140625
  },
  "abs_magnetization": {
    "variance": 0.0037258113794673845,
    "error": 6.103942479633458e-5,
    "mean": 0.903058984375
  },
  "energy": {
    "variance": 0.0030806158686182477,
    "error": 5.550329601580655e-5,
    "mean": -0.8639059609375
  },
  "magnetization": {
    "variance": 0.671735880390341,
    "error": 0.0008195949489780553,
    "mean": 0.384065265625
  },
  "sqr_energy": {
    "variance": 0.008906016628761147,
    "error": 9.437169400175641e-5,
    "mean": 0.7494141221313476
  }
}
