{
  "sqr_magnetization": {
    "variance": 0.030681415382585068,
    "error": 0.00017516111264371745,
    "mean": 0.18157401452636718
  },
  "abs_magnetization": {
    "variance": 0.04793436258860062,
    "error": 0.000218939175545631,
    "mean": 0.365567640625
  },
  "energy": {
    "variance": 0.006138454343868163,
    "error": 7.834828871052744e-5,
    "mean": -0.553152734375
  },
  "magnetization": {
    "variance": 0.18146319593694496,
    "error": 0.0004259849714918884,
    "mean": 0.01053565625
  },
  "sqr_energy": {
    "variance": 0.007960373899137813,
    "error": 8.922092747297471e-5,
    "mean": 0.3121163957519531
  }
}
