{
  "sqr_magnetization": {
    "variance": 0.0025159527958527887,
    "error": 5.015927427557927e-5,
    "mean": 0.922324946472168
  },
  "energy": {
    "variance": 0.0013089136463980207,
    "error": 3.617891162539333e-5,
    "mean": -0.934087625
  },
  "magnetization": {
    "variance": 0.0007124821425016122,
    "error": 2.669236112638993e-5,
    "mean": -0.9600064921875
  },
  "sqr_energy": {
    "variance": 0.004457636694558982,
    "error": 6.676553523007946e-5,
    "mean": 0.873828603515625
  }
}
