{
  "sqr_magnetization": {
    "variance": 0.0019595549549925174,
    "error": 4.426686068598628e-5,
    "mean": 0.9346271359863281
  },
  "energy": {
    "variance": 0.001095438485035592,
    "error": 3.309740903810436e-5,
    "mean": -0.9435954765625
  },
  "magnetization": {
    "variance": 0.0005440595728171411,
    "error": 2.332508462615176e-5,
    "mean": -0.966479734375
  },
  "sqr_energy": {
    "variance": 0.003810121719413316,
    "error": 6.1726183418492e-5,
    "mean": 0.8914678607788086
  }
}
