{
  "sqr_magnetization": {
    "variance": 0.014455109635715665,
    "error": 0.00012022940420594151,
    "mean": 0.10577015905761719
  },
  "energy": {
    "variance": 0.00475467042102174,
    "error": 6.895411823105085e-5,
    "mean": -0.495091015625
  },
  "magnetization": {
    "variance": 0.1049503177848781,
    "error": 0.00032396036452763495,
    "mean": -0.028634703125
  },
  "sqr_energy": {
    "variance": 0.004910371298746875,
    "error": 7.007404154711554e-5,
    "mean": 0.2498697794189453
  }
}
