{
  "sqr_magnetization": {
    "variance": 0.003313391942264042,
    "error": 5.756207034379533e-5,
    "mean": 0.9057751618041993
  },
  "abs_magnetization": {
    "variance": 0.0009630314444630247,
    "error": 3.103274793605982e-5,
    "mean": 0.9512161328125
  },
  "energy": {
    "variance": 0.001565871949166627,
    "error": 3.9571099923639056e-5,
    "mean": -0.921734453125
  },
  "magnetization": {
    "variance": 0.0009630314444630247,
    "error": 3.103274793605982e-5,
    "mean": -0.9512161328125
  },
  "sqr_energy": {
    "variance": 0.0051935651382943124,
    "error": 7.206639395928113e-5,
    "mean": 0.8511602724609375
  }
}
