{
  "sqr_magnetization": {
    "variance": 0.014418771637098836,
    "error": 0.00012007818968113583,
    "mean": 0.7767706456909179
  },
  "energy": {
    "variance": 0.003834236428930704,
    "error": 6.192121146207255e-5,
    "mean": -0.8385880703125
  },
  "magnetization": {
    "variance": 0.0057268334165794495,
    "error": 7.567584434004982e-5,
    "mean": -0.8780910078125
  },
  "sqr_energy": {
    "variance": 0.010427272153518316,
    "error": 0.00010211401546075012,
    "mean": 0.7070641842651367
  }
}
