{
  "sqr_magnetization": {
    "variance": 0.0348090220896923,
    "error": 0.00018657176123329142,
    "mean": 0.2002997774658203
  },
  "energy": {
    "variance": 0.006470736039837543,
    "error": 8.044088537452545e-5,
    "mean": -0.5657087578125
  },
  "magnetization": {
    "variance": 0.20029764531862942,
    "error": 0.0004475462493627105,
    "mean": -0.001527234375
  },
  "sqr_energy": {
    "variance": 0.008784886641214065,
    "error": 9.372772610713472e-5,
    "mean": 0.32649712823486327
  }
}
