{
  "sqr_magnetization": {
    "variance": 0.008733466965567774,
    "error": 9.345302009869864e-5,
    "mean": 0.07609775665283203
  },
  "energy": {
    "variance": 0.004212650092944954,
    "error": 6.490493119128126e-5,
    "mean": -0.4627261171875
  },
  "magnetization": {
    "variance": 0.07608386692539469,
    "error": 0.0002758330417578624,
    "mean": 0.0037370859375
  },
  "sqr_energy": {
    "variance": 0.0037852617512787027,
    "error": 6.152448091027427e-5,
    "mean": 0.21832810540771486
  }
}
