{
  "energy": {
    "variance": 0.00012570270924942788,
    "error": 1.1211721957372465e-5,
    "mean": -0.992474662109375
  },
  "magnetization": {
    "variance": 3.798929357425453e-5,
    "error": 6.163545535992618e-6,
    "mean": 0.99604190625
  }
}
