{
  "sqr_magnetization": {
    "variance": 4.6490256457096204e-5,
    "error": 6.818376379835321e-6,
    "mean": 0.004831291198730468
  },
  "abs_magnetization": {
    "variance": 0.001761361639762458,
    "error": 4.1968579196375684e-5,
    "mean": 0.0554069609375
  },
  "energy": {
    "variance": 0.0019773366916921607,
    "error": 4.446725415057872e-5,
    "mean": -0.0502359375
  },
  "magnetization": {
    "variance": 0.004831286090861225,
    "error": 6.950745349141504e-5,
    "mean": 9.96953125e-5
  },
  "sqr_energy": {
    "variance": 2.8244976287430946e-5,
    "error": 5.3146002942301265e-6,
    "mean": 0.004500984130859375
  }
}
