{
  "sqr_magnetization": {
    "variance": 0.004022515439285396,
    "error": 6.342330359801037e-5,
    "mean": 0.8965943466186523
  },
  "energy": {
    "variance": 0.0017597947204331472,
    "error": 4.1949907275620376e-5,
    "mean": -0.915318203125
  },
  "magnetization": {
    "variance": 0.0011998295875150732,
    "error": 3.4638556371694724e-5,
    "mean": 0.9462528828125
  },
  "sqr_energy": {
    "variance": 0.005743404499615429,
    "error": 7.578525252062849e-5,
    "mean": 0.8395672059326171
  }
}
