{
  "sqr_magnetization": {
    "variance": 0.002029271835618967,
    "error": 4.5047439834234386e-5,
    "mean": 0.9325578831787109
  },
  "energy": {
    "variance": 0.001129450990940188,
    "error": 3.3607305618573294e-5,
    "mean": -0.9419393046875
  },
  "magnetization": {
    "variance": 0.0005646155080137016,
    "error": 2.3761639421843383e-5,
    "mean": -0.965397984375
  },
  "sqr_energy": {
    "variance": 0.003914664535276993,
    "error": 6.256728006935409e-5,
    "mean": 0.8883791035766602
  }
}
