{
  "sqr_magnetization": {
    "variance": 9.204665477419555e-9,
    "error": 9.594094786596365e-8,
    "mean": 0.9999994085693359
  },
  "abs_magnetization": {
    "variance": 2.3192501219844997e-9,
    "error": 4.8158593438601377e-8,
    "mean": 0.999999703125
  },
  "energy": {
    "variance": 9.277000487937999e-9,
    "error": 9.631718687720275e-8,
    "mean": -0.99999940625
  },
  "magnetization": {
    "variance": 2.3192501219844997e-9,
    "error": 4.8158593438601377e-8,
    "mean": 0.999999703125
  },
  "sqr_energy": {
    "variance": 3.6530454313953115e-8,
    "error": 1.911294177094492e-7,
    "mean": 0.9999988217773438
  }
}
