{
  "sqr_magnetization": {
    "variance": 0.054575711876629844,
    "error": 0.0002336144513437254,
    "mean": 0.3541868153076172
  },
  "abs_magnetization": {
    "variance": 0.05646763048957361,
    "error": 0.00023762918694801276,
    "mean": 0.545636546875
  },
  "energy": {
    "variance": 0.008107846940823261,
    "error": 9.004358356275733e-5,
    "mean": -0.641603484375
  },
  "magnetization": {
    "variance": 0.3539603539021935,
    "error": 0.0005949456730678806,
    "mean": 0.015060390625
  },
  "sqr_energy": {
    "variance": 0.013670151110080058,
    "error": 0.00011691942144092255,
    "mean": 0.4197628699951172
  }
}
