{
  "energy": {
    "variance": 0.008131000055518148,
    "error": 9.017205806411511e-5,
    "mean": -0.676367916015625
  },
  "magnetization": {
    "variance": 0.4296501028684109,
    "error": 0.0006554770040729201,
    "mean": 0.0606829765625
  }
}
