{
  "sqr_magnetization": {
    "variance": 0.017319811505677685,
    "error": 0.00013160475487488166,
    "mean": 0.7471227612304687
  },
  "energy": {
    "variance": 0.004232734080628368,
    "error": 6.505946572658255e-5,
    "mean": -0.821313359375
  },
  "magnetization": {
    "variance": 0.1521898172444071,
    "error": 0.0003901151333188795,
    "mean": 0.7713190625
  },
  "sqr_energy": {
    "variance": 0.011050158511180205,
    "error": 0.00010511973416623638,
    "mean": 0.6787883641357422
  }
}
