{
  "sqr_magnetization": {
    "variance": 0.017186433191258604,
    "error": 0.00013109703730923366,
    "mean": 0.11691384283447266
  },
  "abs_magnetization": {
    "variance": 0.035980016602516054,
    "error": 0.0001896839914239366,
    "mean": 0.2844887734375
  },
  "energy": {
    "variance": 0.004982458977741937,
    "error": 7.058653538559559e-5,
    "mean": -0.507368921875
  },
  "magnetization": {
    "variance": 0.11689546052410012,
    "error": 0.0003418997814039958,
    "mean": 0.0043010703125
  },
  "sqr_energy": {
    "variance": 0.005408148407155766,
    "error": 7.354011427211524e-5,
    "mean": 0.2624056768798828
  }
}
