{
  "sqr_magnetization": {
    "variance": 0.043046904961020434,
    "error": 0.0002074774806118014,
    "mean": 0.2488113959350586
  },
  "abs_magnetization": {
    "variance": 0.055441289995703996,
    "error": 0.00023545974177277947,
    "mean": 0.4397387421875
  },
  "energy": {
    "variance": 0.007215754857647863,
    "error": 8.494559940131014e-5,
    "mean": -0.5904649609375
  },
  "magnetization": {
    "variance": 0.24881009742296112,
    "error": 0.000498808678175271,
    "mean": -0.0012439140625
  },
  "sqr_energy": {
    "variance": 0.010590272445416894,
    "error": 0.00010290904938544955,
    "mean": 0.3558646177368164
  }
}
