{
  "sqr_magnetization": {
    "variance": 0.004427710013772849,
    "error": 6.654104007131875e-5,
    "mean": 0.8867092605590821
  },
  "energy": {
    "variance": 0.001924128956800831,
    "error": 4.3864894355290895e-5,
    "mean": -0.908019125
  },
  "magnetization": {
    "variance": 0.0013248734829520352,
    "error": 3.63988115596105e-5,
    "mean": -0.9409486640625
  },
  "sqr_energy": {
    "variance": 0.0061792843827974805,
    "error": 7.860842437549223e-5,
    "mean": 0.8264228583984375
  }
}
