{
  "sqr_magnetization": {
    "variance": 0.004279113181807282,
    "error": 6.541493087825807e-5,
    "mean": 0.04918923095703125
  },
  "energy": {
    "variance": 0.0036698446673971573,
    "error": 6.0579242875733906e-5,
    "mean": -0.419040546875
  },
  "magnetization": {
    "variance": 0.04917599684163747,
    "error": 0.00022175661622967976,
    "mean": -0.003644625
  },
  "sqr_energy": {
    "variance": 0.0026769895309730445,
    "error": 5.1739632110917104e-5,
    "mean": 0.17926482092285156
  }
}
