{
  "sqr_magnetization": {
    "variance": 0.006055298304120297,
    "error": 7.781579726585277e-5,
    "mean": 0.8639037811279296
  },
  "abs_magnetization": {
    "variance": 0.0019161796633437264,
    "error": 4.377418946529709e-5,
    "mean": 0.928432875
  },
  "energy": {
    "variance": 0.00229026183904089,
    "error": 4.785668019243385e-5,
    "mean": -0.892455453125
  },
  "magnetization": {
    "variance": 0.0019161796633437264,
    "error": 4.377418946529709e-5,
    "mean": -0.928432875
  },
  "sqr_energy": {
    "variance": 0.007095968247007861,
    "error": 8.423757028195828e-5,
    "mean": 0.7987669953613281
  }
}
