{
  "sqr_magnetization": {
    "variance": 0.027125878970493584,
    "error": 0.00016469935935058637,
    "mean": 0.6809599393920899
  },
  "energy": {
    "variance": 0.005449191032762749,
    "error": 7.381863608034728e-5,
    "mean": -0.7873978984375
  },
  "magnetization": {
    "variance": 0.4249352194935002,
    "error": 0.0006518705542463935,
    "mean": 0.5059892734375
  },
  "sqr_energy": {
    "variance": 0.013022518523346639,
    "error": 0.00011411625004067842,
    "mean": 0.6254446360473633
  }
}
