{
  "sqr_magnetization": {
    "variance": 0.002090298072852235,
    "error": 4.5719777699068434e-5,
    "mean": 0.9311830350952148
  },
  "abs_magnetization": {
    "variance": 0.0005821805136501797,
    "error": 2.4128417139343802e-5,
    "mean": 0.9646765546875
  },
  "energy": {
    "variance": 0.0011349260357707022,
    "error": 3.368866331231773e-5,
    "mean": -0.9409544453125
  },
  "magnetization": {
    "variance": 0.0005821805136501797,
    "error": 2.4128417139343802e-5,
    "mean": -0.9646765546875
  },
  "sqr_energy": {
    "variance": 0.0039303581186195735,
    "error": 6.269256828859042e-5,
    "mean": 0.8865301930541992
  }
}
