{
  "sqr_magnetization": {
    "variance": 0.02672301955745585,
    "error": 0.00016347176990984055,
    "mean": 0.6851512774658203
  },
  "energy": {
    "variance": 0.005349322771701678,
    "error": 7.313906460778451e-5,
    "mean": -0.7898899375
  },
  "magnetization": {
    "variance": 0.6833416537662609,
    "error": 0.0008266448171774023,
    "mean": -0.042547703125
  },
  "sqr_energy": {
    "variance": 0.012879859591802142,
    "error": 0.00011348946907886275,
    "mean": 0.6292754307861328
  }
}
