{
  "sqr_magnetization": {
    "variance": 0.02692883996975739,
    "error": 0.00016410009131550594,
    "mean": 0.16249713018798828
  },
  "abs_magnetization": {
    "variance": 0.04522895588877956,
    "error": 0.0002126710038740109,
    "mean": 0.3424444765625
  },
  "energy": {
    "variance": 0.005828037575750222,
    "error": 7.63415848391309e-5,
    "mean": -0.540878328125
  },
  "magnetization": {
    "variance": 0.1624927885035902,
    "error": 0.00040310394255525485,
    "mean": 0.0021223046875
  },
  "sqr_energy": {
    "variance": 0.007229917635590948,
    "error": 8.502892234758093e-5,
    "mean": 0.2983773975830078
  }
}
