{
  "energy": {
    "variance": 2.289963900312029e-5,
    "error": 4.785356726840778e-6,
    "mean": -0.998574681640625
  },
  "magnetization": {
    "variance": 6.161396805378744e-6,
    "error": 2.4822161077107574e-6,
    "mean": 0.9992725234375
  }
}
