{
  "energy": {
    "variance": 0.001898565751387099,
    "error": 4.357253436956702e-5,
    "mean": -0.908499513671875
  },
  "magnetization": {
    "variance": 0.0013978959474015634,
    "error": 3.7388446710201316e-5,
    "mean": 0.941074453125
  }
}
