{
  "sqr_magnetization": {
    "variance": 0.005689143091838448,
    "error": 7.542640845114162e-5,
    "mean": 0.8690141951293945
  },
  "abs_magnetization": {
    "variance": 0.0017845059931104242,
    "error": 4.224341360627032e-5,
    "mean": 0.9312516796875
  },
  "energy": {
    "variance": 0.002201082730195951,
    "error": 4.691569812116144e-5,
    "mean": -0.8958965078125
  },
  "magnetization": {
    "variance": 0.0017845059931104242,
    "error": 4.224341360627032e-5,
    "mean": -0.9312516796875
  },
  "sqr_energy": {
    "variance": 0.006875633410363357,
    "error": 8.291943927911811e-5,
    "mean": 0.804831633239746
  }
}
