{
  "sqr_magnetization": {
    "variance": 0.039019864413953456,
    "error": 0.0001975344638637862,
    "mean": 0.6273801567993164
  },
  "abs_magnetization": {
    "variance": 0.024677926425945896,
    "error": 0.00015709209536429863,
    "mean": 0.7763390078125
  },
  "energy": {
    "variance": 0.006509302829150912,
    "error": 8.068025055210792e-5,
    "mean": -0.7638859140625
  },
  "magnetization": {
    "variance": 0.6267100410904678,
    "error": 0.000791650201219243,
    "mean": 0.0258986953125
  },
  "sqr_energy": {
    "variance": 0.014620134627504649,
    "error": 0.00012091374871165252,
    "mean": 0.5900309860229492
  }
}
