{
  "energy": {
    "variance": 4.1503242186835995e-9,
    "error": 6.442301000949583e-8,
    "mean": -0.999999734375
  },
  "magnetization": {
    "variance": 1.0375810546708999e-9,
    "error": 3.221150500474791e-8,
    "mean": 0.9999998671875
  }
}
