{
  "sqr_magnetization": {
    "variance": 0.0034230241093613552,
    "error": 5.8506615945219015e-5,
    "mean": 0.044400494140625
  },
  "abs_magnetization": {
    "variance": 0.015442148899082494,
    "error": 0.0001242664431738613,
    "mean": 0.1701715625
  },
  "energy": {
    "variance": 0.0035289584097777456,
    "error": 5.9405036905785575e-5,
    "mean": -0.40655690625
  },
  "magnetization": {
    "variance": 0.04439418033616252,
    "error": 0.00021069926515335198,
    "mean": 0.002521546875
  },
  "sqr_energy": {
    "variance": 0.0024104809448263235,
    "error": 4.909664901830189e-5,
    "mean": 0.16881747290039062
  }
}
