{
  "sqr_magnetization": {
    "variance": 0.031485865714258245,
    "error": 0.00017744257018612598,
    "mean": 0.1791256900024414
  },
  "energy": {
    "variance": 0.006263186080954575,
    "error": 7.91402936622968e-5,
    "mean": -0.5519371796875
  },
  "magnetization": {
    "variance": 0.1784822977828807,
    "error": 0.00042247165322998974,
    "mean": 0.0253686953125
  },
  "sqr_energy": {
    "variance": 0.008116873682894505,
    "error": 9.00936939130287e-5,
    "mean": 0.31089783013916017
  }
}
