{
  "sqr_magnetization": {
    "variance": 0.0048785363155774576,
    "error": 6.98465197098428e-5,
    "mean": 0.8801297317504883
  },
  "abs_magnetization": {
    "variance": 0.0014908701282587392,
    "error": 3.861178742636424e-5,
    "mean": 0.9373573828125
  },
  "energy": {
    "variance": 0.0020064555464989428,
    "error": 4.479347660652098e-5,
    "mean": -0.9034779140625
  },
  "magnetization": {
    "variance": 0.0014908701282587392,
    "error": 3.861178742636424e-5,
    "mean": -0.9373573828125
  },
  "sqr_energy": {
    "variance": 0.006380152087974187,
    "error": 7.987585422375266e-5,
    "mean": 0.8182787947387695
  }
}
