{
  "sqr_magnetization": {
    "variance": 0.03574658817022569,
    "error": 0.00018906768145356226,
    "mean": 0.20729471545410155
  },
  "abs_magnetization": {
    "variance": 0.05133487327685936,
    "error": 0.00022657200461853038,
    "mean": 0.394917578125
  },
  "energy": {
    "variance": 0.0065606759058311785,
    "error": 8.099799939400464e-5,
    "mean": -0.56877596875
  },
  "magnetization": {
    "variance": 0.20721437260441072,
    "error": 0.00045520805419545327,
    "mean": -0.00897496875
  },
  "sqr_energy": {
    "variance": 0.008988286453872162,
    "error": 9.480657389586528e-5,
    "mean": 0.33006677197265627
  }
}
