{
  "sqr_magnetization": {
    "variance": 0.005009207138015958,
    "error": 7.077575247226947e-5,
    "mean": 0.8785824302978515
  },
  "abs_magnetization": {
    "variance": 0.0015405534213539585,
    "error": 3.9249884348287684e-5,
    "mean": 0.936505140625
  },
  "energy": {
    "variance": 0.002033668581709354,
    "error": 4.509621471597538e-5,
    "mean": -0.902432578125
  },
  "magnetization": {
    "variance": 0.0015405534213539585,
    "error": 3.9249884348287684e-5,
    "mean": -0.936505140625
  },
  "sqr_energy": {
    "variance": 0.006450135747216008,
    "error": 8.031273714185072e-5,
    "mean": 0.816418224609375
  }
}
