{
  "sqr_magnetization": {
    "variance": 0.055960337031830246,
    "error": 0.00023655937316418102,
    "mean": 0.4296230346069336
  },
  "abs_magnetization": {
    "variance": 0.050544762753014644,
    "error": 0.0002248216243002764,
    "mean": 0.6156933671875
  },
  "energy": {
    "variance": 0.008193745386248742,
    "error": 9.051930946626108e-5,
    "mean": -0.6751840234375
  },
  "magnetization": {
    "variance": 0.429389739858297,
    "error": 0.0006552783682209393,
    "mean": -0.0152880390625
  },
  "sqr_energy": {
    "variance": 0.0149763779119465,
    "error": 0.00012237801237128547,
    "mean": 0.4640672026977539
  }
}
