{
  "sqr_magnetization": {
    "variance": 0.013383644109830705,
    "error": 0.00011568770077164947,
    "mean": 0.7904053479614258
  },
  "abs_magnetization": {
    "variance": 0.0052513742341061065,
    "error": 7.24663662267269e-5,
    "mean": 0.8860891484375
  },
  "energy": {
    "variance": 0.003602562516922808,
    "error": 6.002135050898812e-5,
    "mean": -0.8467694453125
  },
  "magnetization": {
    "variance": 0.5169950583575932,
    "error": 0.0007190236841423189,
    "mean": -0.5228869921875
  },
  "sqr_energy": {
    "variance": 0.009984513301611495,
    "error": 9.992253650509225e-5,
    "mean": 0.7206210524291993
  }
}
