{
  "sqr_magnetization": {
    "variance": 0.003717563680137112,
    "error": 6.0971826937833445e-5,
    "mean": 0.04651528271484375
  },
  "abs_magnetization": {
    "variance": 0.016103519362980056,
    "error": 0.00012689964287963956,
    "mean": 0.174389734375
  },
  "energy": {
    "variance": 0.0035791239676712704,
    "error": 5.982578012588946e-5,
    "mean": -0.4119888359375
  },
  "magnetization": {
    "variance": 0.046512849340919406,
    "error": 0.00021566837816638628,
    "mean": -0.001574765625
  },
  "sqr_energy": {
    "variance": 0.002512466535005598,
    "error": 5.01245103218535e-5,
    "mean": 0.1733139213256836
  }
}
