{
  "sqr_magnetization": {
    "variance": 0.0020118058780708645,
    "error": 4.4853159064561604e-5,
    "mean": 0.9331900869140625
  },
  "energy": {
    "variance": 0.0011194435628800862,
    "error": 3.345808665898404e-5,
    "mean": -0.94245815625
  },
  "magnetization": {
    "variance": 0.0005594873105495662,
    "error": 2.3653484110159463e-5,
    "mean": -0.965728015625
  },
  "sqr_energy": {
    "variance": 0.003883873912957085,
    "error": 6.23207342138801e-5,
    "mean": 0.889346818725586
  }
}
