{
  "sqr_magnetization": {
    "variance": 0.013289446424053355,
    "error": 0.00011527986131173716,
    "mean": 0.10048388134765625
  },
  "energy": {
    "variance": 0.004640059604151157,
    "error": 6.811798297183466e-5,
    "mean": -0.489847796875
  },
  "magnetization": {
    "variance": 0.10048244690269079,
    "error": 0.0003169896637158549,
    "mean": 0.001238921875
  },
  "sqr_energy": {
    "variance": 0.004672078516714919,
    "error": 6.835260431552641e-5,
    "mean": 0.2445909190673828
  }
}
