{
  "sqr_magnetization": {
    "variance": 0.017858986462031247,
    "error": 0.00013363751891602615,
    "mean": 0.12053462268066406
  },
  "abs_magnetization": {
    "variance": 0.03663568123577276,
    "error": 0.0001914044963833733,
    "mean": 0.289653203125
  },
  "energy": {
    "variance": 0.005053609466475678,
    "error": 7.108874359893891e-5,
    "mean": -0.50995203125
  },
  "magnetization": {
    "variance": 0.1205176718402734,
    "error": 0.00034715655235105877,
    "mean": 0.00413175
  },
  "sqr_energy": {
    "variance": 0.005544630805973694,
    "error": 7.446227773828634e-5,
    "mean": 0.26510467858886716
  }
}
