{
  "sqr_magnetization": {
    "variance": 0.05490617137632257,
    "error": 0.00023432065930327733,
    "mean": 0.36247143579101565
  },
  "abs_magnetization": {
    "variance": 0.05596275430967228,
    "error": 0.00023656448235031454,
    "mean": 0.5536323125
  },
  "energy": {
    "variance": 0.008123421264850952,
    "error": 9.013002421419264e-5,
    "mean": -0.645428875
  },
  "magnetization": {
    "variance": 0.3622795199815942,
    "error": 0.000601896602400773,
    "mean": 0.0138664375
  },
  "sqr_energy": {
    "variance": 0.013828856603525456,
    "error": 0.00011759615896586698,
    "mean": 0.4247018458251953
  }
}
