{
  "sqr_magnetization": {
    "variance": 0.002014340214294669,
    "error": 4.4881401652518265e-5,
    "mean": 0.03277577307128906
  },
  "energy": {
    "variance": 0.0032190454944925158,
    "error": 5.673663273840382e-5,
    "mean": -0.368619328125
  },
  "magnetization": {
    "variance": 0.03275177729136689,
    "error": 0.0001809745211110307,
    "mean": -0.004901890625
  },
  "sqr_energy": {
    "variance": 0.0018088146838524956,
    "error": 4.253016204827458e-5,
    "mean": 0.13909925134277343
  }
}
