{
  "sqr_magnetization": {
    "variance": 0.05127838750975916,
    "error": 0.0002264473172942421,
    "mean": 0.5147110810546875
  },
  "energy": {
    "variance": 0.00761301402844805,
    "error": 8.725258751720804e-5,
    "mean": -0.7132540859375
  },
  "magnetization": {
    "variance": 0.49742091876716654,
    "error": 0.0007052807375557385,
    "mean": 0.131493953125
  },
  "sqr_energy": {
    "variance": 0.01526755169995682,
    "error": 0.00012356193467228012,
    "mean": 0.5163443975219727
  }
}
