{
  "sqr_magnetization": {
    "variance": 0.014727678929599647,
    "error": 0.00012135764883022267,
    "mean": 0.7790184136962891
  },
  "energy": {
    "variance": 0.0038134956046477044,
    "error": 6.175350682064707e-5,
    "mean": -0.840238609375
  },
  "magnetization": {
    "variance": 0.006167187220798305,
    "error": 7.853144096983263e-5,
    "mean": 0.879119578125
  },
  "sqr_energy": {
    "variance": 0.01039940693865083,
    "error": 0.00010197748250790873,
    "mean": 0.709814412475586
  }
}
