{
  "sqr_magnetization": {
    "variance": 0.01796589172495401,
    "error": 0.00013403690433964077,
    "mean": 0.7579711410522461
  },
  "abs_magnetization": {
    "variance": 0.007949805172507748,
    "error": 8.916167995561629e-5,
    "mean": 0.8660377265625
  },
  "energy": {
    "variance": 0.00421304047827876,
    "error": 6.490793848427756e-5,
    "mean": -0.8287160625
  },
  "magnetization": {
    "variance": 0.7571556019703218,
    "error": 0.0008701468852845029,
    "mean": -0.0285708984375
  },
  "sqr_energy": {
    "variance": 0.011136647919559053,
    "error": 0.00010553031753746908,
    "mean": 0.6909833485107422
  }
}
