{
  "sqr_magnetization": {
    "variance": 0.0030354001813272034,
    "error": 5.5094465977330274e-5,
    "mean": 0.9116732811279297
  },
  "energy": {
    "variance": 0.0014918703078829413,
    "error": 3.8624736994353005e-5,
    "mean": -0.9261183046875
  },
  "magnetization": {
    "variance": 0.0008723302378475719,
    "error": 2.953523722348564e-5,
    "mean": 0.954358921875
  },
  "sqr_energy": {
    "variance": 0.004992745788617927,
    "error": 7.06593644792955e-5,
    "mean": 0.8591869830932617
  }
}
