{
  "sqr_magnetization": {
    "variance": 0.02071498176452457,
    "error": 0.00014392700151300507,
    "mean": 0.7403588387451172
  },
  "abs_magnetization": {
    "variance": 0.009657243096934259,
    "error": 9.82712729994593e-5,
    "mean": 0.854810859375
  },
  "energy": {
    "variance": 0.004534914032784882,
    "error": 6.734177034192731e-5,
    "mean": -0.819526390625
  },
  "magnetization": {
    "variance": 0.7397688234623291,
    "error": 0.0008600981475752224,
    "mean": -0.024305453125
  },
  "sqr_energy": {
    "variance": 0.011713835771442345,
    "error": 0.00010823047524353917,
    "mean": 0.6761584144287109
  }
}
