{
  "sqr_magnetization": {
    "variance": 0.028067855572686352,
    "error": 0.0001675346399186937,
    "mean": 0.1687681739501953
  },
  "abs_magnetization": {
    "variance": 0.04604374537865847,
    "error": 0.00021457806360077552,
    "mean": 0.35032053125
  },
  "energy": {
    "variance": 0.005957032003818869,
    "error": 7.71818113535752e-5,
    "mean": -0.544125296875
  },
  "magnetization": {
    "variance": 0.1687664824337967,
    "error": 0.00041081197941856163,
    "mean": 0.001363921875
  },
  "sqr_energy": {
    "variance": 0.007488933290994296,
    "error": 8.653862311704696e-5,
    "mean": 0.30202936474609376
  }
}
