{
  "sqr_magnetization": {
    "variance": 0.0023878547005267143,
    "error": 4.8865680190975695e-5,
    "mean": 0.03629237744140625
  },
  "energy": {
    "variance": 0.0033614741649289986,
    "error": 5.797822147090232e-5,
    "mean": -0.382632921875
  },
  "magnetization": {
    "variance": 0.03628313513259778,
    "error": 0.00019048132489196356,
    "mean": -0.003046078125
  },
  "sqr_energy": {
    "variance": 0.0020303131275128633,
    "error": 4.50589960775078e-5,
    "mean": 0.1497694237060547
  }
}
