{
  "sqr_magnetization": {
    "variance": 4.663642881073705e-5,
    "error": 6.829086967577514e-6,
    "mean": 0.004836061767578125
  },
  "energy": {
    "variance": 0.0019862854577683067,
    "error": 4.4567762539399566e-5,
    "mean": -0.0502587109375
  },
  "magnetization": {
    "variance": 0.004836066075362706,
    "error": 6.954182968086693e-5,
    "mean": -2.2984375e-5
  },
  "sqr_energy": {
    "variance": 2.843247216699818e-5,
    "error": 5.332210814193132e-6,
    "mean": 0.004512221496582031
  }
}
