{
  "sqr_magnetization": {
    "variance": 0.00256948613652422,
    "error": 5.0690098998958565e-5,
    "mean": 0.038129873046875
  },
  "energy": {
    "variance": 0.0033454991563741563,
    "error": 5.784029007857893e-5,
    "mean": -0.39048775
  },
  "magnetization": {
    "variance": 0.038074624693608825,
    "error": 0.00019512720131649718,
    "mean": -0.007435484375
  },
  "sqr_energy": {
    "variance": 0.0021014853055201835,
    "error": 4.5841960096839044e-5,
    "mean": 0.1558261787109375
  }
}
