{
  "sqr_magnetization": {
    "variance": 0.02189616230647931,
    "error": 0.0001479735189365966,
    "mean": 0.7319120987548828
  },
  "abs_magnetization": {
    "variance": 0.010474696377937591,
    "error": 0.00010234596415070598,
    "mean": 0.84937471875
  },
  "energy": {
    "variance": 0.004682644734510885,
    "error": 6.842985265591974e-5,
    "mean": -0.8149454296875
  },
  "magnetization": {
    "variance": 0.7312605575702997,
    "error": 0.0008551377418698695,
    "mean": 0.025539625
  },
  "sqr_energy": {
    "variance": 0.011956850796302489,
    "error": 0.00010934738586862737,
    "mean": 0.6688186934204101
  }
}
