{
  "sqr_magnetization": {
    "variance": 0.005320236509581101,
    "error": 7.293995139552192e-5,
    "mean": 0.8734179426879883
  },
  "energy": {
    "variance": 0.002149257106175991,
    "error": 4.636008095523552e-5,
    "mean": -0.8987693046875
  },
  "magnetization": {
    "variance": 0.0016370329827013785,
    "error": 4.0460264244087415e-5,
    "mean": 0.9336920859375
  },
  "sqr_energy": {
    "variance": 0.006755637117222587,
    "error": 8.219268286911304e-5,
    "mean": 0.8099355180053711
  }
}
