{
  "sqr_magnetization": {
    "variance": 0.0016764581390343197,
    "error": 4.094457398770098e-5,
    "mean": 0.9413842047119141
  },
  "abs_magnetization": {
    "variance": 0.0004600762672989234,
    "error": 2.1449388506410234e-5,
    "mean": 0.9700124375
  },
  "energy": {
    "variance": 0.0009623775412750019,
    "error": 3.102221045114293e-5,
    "mean": -0.94899365625
  },
  "magnetization": {
    "variance": 0.0004600762672989234,
    "error": 2.1449388506410234e-5,
    "mean": -0.9700124375
  },
  "sqr_energy": {
    "variance": 0.0033924155584144616,
    "error": 5.824444658861874e-5,
    "mean": 0.9015513361816406
  }
}
