{
  "sqr_magnetization": {
    "variance": 0.006496069412002275,
    "error": 8.059819732476822e-5,
    "mean": 0.8567792764282226
  },
  "energy": {
    "variance": 0.0024250698201522787,
    "error": 4.92449979201165e-5,
    "mean": -0.8875590859375
  },
  "magnetization": {
    "variance": 0.00205994612384743,
    "error": 4.538662935102617e-5,
    "mean": 0.9245103203125
  },
  "sqr_energy": {
    "variance": 0.007435315205243498,
    "error": 8.622827381574734e-5,
    "mean": 0.7901861984252929
  }
}
