{
  "sqr_magnetization": {
    "variance": 0.003925171897014012,
    "error": 6.26511923032117e-5,
    "mean": 0.04788322839355469
  },
  "abs_magnetization": {
    "variance": 0.016573534996839685,
    "error": 0.0001287382421692936,
    "mean": 0.1769455
  },
  "energy": {
    "variance": 0.003617546537963958,
    "error": 6.014604341071787e-5,
    "mean": -0.4157039765625
  },
  "magnetization": {
    "variance": 0.047883099443263265,
    "error": 0.00021882207256870422,
    "mean": 0.000420515625
  },
  "sqr_energy": {
    "variance": 0.0025846557388866636,
    "error": 5.083950962476589e-5,
    "mean": 0.17642733905029298
  }
}
