{
  "sqr_magnetization": {
    "variance": 0.006192157090383757,
    "error": 7.869026045441556e-5,
    "mean": 0.862136992980957
  },
  "abs_magnetization": {
    "variance": 0.001966319186227328,
    "error": 4.4343197744719856e-5,
    "mean": 0.9274538671875
  },
  "energy": {
    "variance": 0.0023232794466769083,
    "error": 4.8200409196156295e-5,
    "mean": -0.89126940625
  },
  "magnetization": {
    "variance": 0.001966319186227328,
    "error": 4.4343197744719856e-5,
    "mean": -0.9274538671875
  },
  "sqr_energy": {
    "variance": 0.00717749756802764,
    "error": 8.472011312567777e-5,
    "mean": 0.796684431640625
  }
}
