{
  "sqr_magnetization": {
    "variance": 0.014331977029777886,
    "error": 0.00011971623544773652,
    "mean": 0.7840867963867187
  },
  "energy": {
    "variance": 0.003708824564445657,
    "error": 6.0900119576612145e-5,
    "mean": -0.8436738125
  },
  "magnetization": {
    "variance": 0.0057570292437479935,
    "error": 7.58750897445795e-5,
    "mean": 0.88223
  },
  "sqr_energy": {
    "variance": 0.010195019769746322,
    "error": 0.00010097039055954138,
    "mean": 0.7154943227539062
  }
}
