{
  "sqr_magnetization": {
    "variance": 0.03114122392803631,
    "error": 0.00017646876190429938,
    "mean": 0.18409683489990233
  },
  "energy": {
    "variance": 0.006186507442458371,
    "error": 7.865435424983394e-5,
    "mean": -0.555083203125
  },
  "magnetization": {
    "variance": 0.18255638320154377,
    "error": 0.0004272661737155701,
    "mean": 0.0392509140625
  },
  "sqr_energy": {
    "variance": 0.008107991654880228,
    "error": 9.004438713701275e-5,
    "mean": 0.31430386364746093
  }
}
