{
  "sqr_magnetization": {
    "variance": 0.0031153828822035315,
    "error": 5.5815615039194284e-5,
    "mean": 0.9090316516723633
  },
  "abs_magnetization": {
    "variance": 0.0008979826801188504,
    "error": 2.9966359140190027e-5,
    "mean": 0.9529604765625
  },
  "energy": {
    "variance": 0.0015082932411447437,
    "error": 3.8836751166192364e-5,
    "mean": -0.9241037578125
  },
  "magnetization": {
    "variance": 0.0008979826801188504,
    "error": 2.9966359140190027e-5,
    "mean": -0.9529604765625
  },
  "sqr_energy": {
    "variance": 0.005031000850763499,
    "error": 7.092954850246475e-5,
    "mean": 0.8554760469360352
  }
}
