{
  "sqr_magnetization": {
    "variance": 0.0036058256710765455,
    "error": 6.004852763454359e-5,
    "mean": 0.9037548116455079
  },
  "energy": {
    "variance": 0.00162373604528292,
    "error": 4.029560826297228e-5,
    "mean": -0.9205205
  },
  "magnetization": {
    "variance": 0.0010668513643218233,
    "error": 3.266269070854119e-5,
    "mean": -0.950098921875
  },
  "sqr_energy": {
    "variance": 0.005362355660438631,
    "error": 7.32281070384769e-5,
    "mean": 0.8489817253417968
  }
}
