{
  "sqr_magnetization": {
    "variance": 0.005484446015245399,
    "error": 7.405704568267222e-5,
    "mean": 0.8691136809692382
  },
  "energy": {
    "variance": 0.0022034609271322533,
    "error": 4.6941036707046145e-5,
    "mean": -0.8956637734375
  },
  "magnetization": {
    "variance": 0.001692347019603795,
    "error": 4.113814555377764e-5,
    "mean": 0.9313545703125
  },
  "sqr_energy": {
    "variance": 0.006883771141618501,
    "error": 8.29684948737682e-5,
    "mean": 0.8044170537719727
  }
}
