{
  "sqr_magnetization": {
    "variance": 0.03602597535400269,
    "error": 0.00018980509833511506,
    "mean": 0.64725671875
  },
  "energy": {
    "variance": 0.006232284413648611,
    "error": 7.894481878913024e-5,
    "mean": -0.7731463046875
  },
  "magnetization": {
    "variance": 0.6239899112399807,
    "error": 0.0007899303204966756,
    "mean": 0.15253665625
  },
  "sqr_energy": {
    "variance": 0.01431180121143409,
    "error": 0.00011963194059879698,
    "mean": 0.6039874866333008
  }
}
