{
  "sqr_magnetization": {
    "variance": 0.0029354961392877897,
    "error": 5.4180219077517486e-5,
    "mean": 0.0396652548828125
  },
  "energy": {
    "variance": 0.0034242468461071355,
    "error": 5.8517064571859174e-5,
    "mean": -0.3918255546875
  },
  "magnetization": {
    "variance": 0.0396643452623101,
    "error": 0.000199159095354217,
    "mean": -0.0009743125
  },
  "sqr_energy": {
    "variance": 0.0021716377901158375,
    "error": 4.6600834650420556e-5,
    "mean": 0.15695150872802735
  }
}
