{
  "sqr_magnetization": {
    "variance": 0.02200469171023823,
    "error": 0.00014833978465077474,
    "mean": 0.7176134564819336
  },
  "energy": {
    "variance": 0.004828118280082085,
    "error": 6.948466219304866e-5,
    "mean": -0.8060933203125
  },
  "magnetization": {
    "variance": 0.009985656010843938,
    "error": 9.992825431700454e-5,
    "mean": 0.8412061640625
  },
  "sqr_energy": {
    "variance": 0.012124189507012478,
    "error": 0.00011010989740714718,
    "mean": 0.6546145545043945
  }
}
