{
  "sqr_magnetization": {
    "variance": 0.010017793327745567,
    "error": 0.00010008892709858353,
    "mean": 0.08268886145019531
  },
  "abs_magnetization": {
    "variance": 0.026988551854337014,
    "error": 0.00016428192796025072,
    "mean": 0.2360091875
  },
  "energy": {
    "variance": 0.004333809286679834,
    "error": 6.583167388635832e-5,
    "mean": -0.4722325234375
  },
  "magnetization": {
    "variance": 0.08268852803309443,
    "error": 0.00028755613023042026,
    "mean": -0.0006450625
  },
  "sqr_energy": {
    "variance": 0.004044443459883962,
    "error": 6.359593902038055e-5,
    "mean": 0.22733736114501954
  }
}
