{
  "sqr_magnetization": {
    "variance": 0.018111347556544338,
    "error": 0.00013457840672464636,
    "mean": 0.739386250793457
  },
  "energy": {
    "variance": 0.0043845149792405645,
    "error": 6.621567019399988e-5,
    "mean": -0.81697653125
  },
  "magnetization": {
    "variance": 0.15053154289775234,
    "error": 0.00038798394670108753,
    "mean": -0.7673687890625
  },
  "sqr_energy": {
    "variance": 0.011335457872889148,
    "error": 0.00010646810730396755,
    "mean": 0.6718351632080078
  }
}
