{
  "sqr_magnetization": {
    "variance": 0.05665640806078169,
    "error": 0.00023802606592720403,
    "mean": 0.41672737030029294
  },
  "abs_magnetization": {
    "variance": 0.05250805335949226,
    "error": 0.00022914635794507463,
    "mean": 0.6035058984375
  },
  "energy": {
    "variance": 0.008253411700181658,
    "error": 9.084828947306414e-5,
    "mean": -0.6701249140625
  },
  "magnetization": {
    "variance": 0.4166802432621387,
    "error": 0.0006455077406678704,
    "mean": -0.0068951953125
  },
  "sqr_energy": {
    "variance": 0.014911127721110282,
    "error": 0.00012211112857192944,
    "mean": 0.45732080389404295
  }
}
