{
  "sqr_magnetization": {
    "variance": 0.0015860710341659401,
    "error": 3.982550733092976e-5,
    "mean": 0.9437938706665039
  },
  "abs_magnetization": {
    "variance": 0.0004336635931430244,
    "error": 2.082459106784631e-5,
    "mean": 0.9712673203125
  },
  "energy": {
    "variance": 0.0009237732335480753,
    "error": 3.0393638043973533e-5,
    "mean": -0.9509231015625
  },
  "magnetization": {
    "variance": 0.0004336635931430244,
    "error": 2.082459106784631e-5,
    "mean": -0.9712673203125
  },
  "sqr_energy": {
    "variance": 0.003270003387797666,
    "error": 5.718394344392196e-5,
    "mean": 0.9051785173950195
  }
}
