{
  "sqr_magnetization": {
    "variance": 0.028020460739786677,
    "error": 0.0001673931322957626,
    "mean": 0.16709240258789063
  },
  "energy": {
    "variance": 0.005974891659057614,
    "error": 7.729742336622621e-5,
    "mean": -0.5426638671875
  },
  "magnetization": {
    "variance": 0.166965955017248,
    "error": 0.0004086146779268312,
    "mean": 0.0112523125
  },
  "sqr_energy": {
    "variance": 0.007502165498130157,
    "error": 8.661504198538587e-5,
    "mean": 0.3004589584350586
  }
}
