{
  "sqr_magnetization": {
    "variance": 0.03511794166660254,
    "error": 0.00018739781660041436,
    "mean": 0.6495897485351563
  },
  "abs_magnetization": {
    "variance": 0.020942224902942674,
    "error": 0.00014471428714174243,
    "mean": 0.79287296875
  },
  "energy": {
    "variance": 0.006127775709203872,
    "error": 7.828011055947655e-5,
    "mean": -0.7740692109375
  },
  "magnetization": {
    "variance": 0.6495862976230153,
    "error": 0.0008059691666701744,
    "mean": -0.00202496875
  },
  "sqr_energy": {
    "variance": 0.014113795704024545,
    "error": 0.00011880149706137774,
    "mean": 0.605310912902832
  }
}
