{
  "sqr_magnetization": {
    "variance": 0.004127062719126578,
    "error": 6.424221913295474e-5,
    "mean": 0.8921241458129883
  },
  "energy": {
    "variance": 0.0018320691729529018,
    "error": 4.2802677170393234e-5,
    "mean": -0.9118415546875
  },
  "magnetization": {
    "variance": 0.0012264468562900568,
    "error": 3.5020663275986896e-5,
    "mean": -0.9438737734375
  },
  "sqr_energy": {
    "variance": 0.005934082817699202,
    "error": 7.703299823906119e-5,
    "mean": 0.8332870881958008
  }
}
