{
  "sqr_magnetization": {
    "variance": 0.004585052206065394,
    "error": 6.771301356508507e-5,
    "mean": 0.8845626395263672
  },
  "abs_magnetization": {
    "variance": 0.0013891731790940777,
    "error": 3.727161358318254e-5,
    "mean": 0.93977309375
  },
  "energy": {
    "variance": 0.0019308023306299064,
    "error": 4.394089587878138e-5,
    "mean": -0.9065502734375
  },
  "magnetization": {
    "variance": 0.0013891731790940777,
    "error": 3.727161358318254e-5,
    "mean": -0.93977309375
  },
  "sqr_energy": {
    "variance": 0.006183098376143017,
    "error": 7.863268007732546e-5,
    "mean": 0.8237641986694336
  }
}
