{
  "sqr_magnetization": {
    "variance": 0.00274962481254179,
    "error": 5.243686501443226e-5,
    "mean": 0.03934883447265625
  },
  "abs_magnetization": {
    "variance": 0.013781008147132172,
    "error": 0.0001173925387200233,
    "mean": 0.15989946875
  },
  "energy": {
    "variance": 0.0034141605370997473,
    "error": 5.8430818384648245e-5,
    "mean": -0.392433921875
  },
  "magnetization": {
    "variance": 0.03934866892364451,
    "error": 0.00019836498915797745,
    "mean": 0.00045265625
  },
  "sqr_energy": {
    "variance": 0.002172731893890223,
    "error": 4.6612572272834535e-5,
    "mean": 0.15741854016113282
  }
}
