{
  "sqr_magnetization": {
    "variance": 0.006827260715789363,
    "error": 8.262723955082466e-5,
    "mean": 0.8546746440429688
  },
  "abs_magnetization": {
    "variance": 0.0022091257448669573,
    "error": 4.7001337692314215e-5,
    "mean": 0.92329059375
  },
  "energy": {
    "variance": 0.0024548030185158488,
    "error": 4.9545968741319904e-5,
    "mean": -0.8863798671875
  },
  "magnetization": {
    "variance": 0.0022091257448669573,
    "error": 4.7001337692314215e-5,
    "mean": -0.92329059375
  },
  "sqr_energy": {
    "variance": 0.0074961177889406195,
    "error": 8.65801235211675e-5,
    "mean": 0.788124069519043
  }
}
