{
  "sqr_magnetization": {
    "variance": 0.005660534158663759,
    "error": 7.523652144180882e-5,
    "mean": 0.8672969880981445
  },
  "energy": {
    "variance": 0.002243317188145313,
    "error": 4.7363669496200497e-5,
    "mean": -0.89450425
  },
  "magnetization": {
    "variance": 0.0017540515055060343,
    "error": 4.188139808442448e-5,
    "mean": 0.9303456015625
  },
  "sqr_energy": {
    "variance": 0.006987715238466721,
    "error": 8.359255492247334e-5,
    "mean": 0.8023811682128906
  }
}
