{
  "sqr_magnetization": {
    "variance": 0.008311843065762629,
    "error": 9.116930988969166e-5,
    "mean": 0.07346092620849609
  },
  "abs_magnetization": {
    "variance": 0.024525970208879817,
    "error": 0.00015660769524158068,
    "mean": 0.2212125234375
  },
  "energy": {
    "variance": 0.004155234872664988,
    "error": 6.446111132043092e-5,
    "mean": -0.4610431640625
  },
  "magnetization": {
    "variance": 0.07346071184534068,
    "error": 0.0002710363662782924,
    "mean": 0.0005364921875
  },
  "sqr_energy": {
    "variance": 0.0036822851815788617,
    "error": 6.068183568069494e-5,
    "mean": 0.2167160298461914
  }
}
