{
  "sqr_magnetization": {
    "variance": 0.04529017874687675,
    "error": 0.00021281489315101221,
    "mean": 0.2689061714477539
  },
  "energy": {
    "variance": 0.00744094838473348,
    "error": 8.626093197232152e-5,
    "mean": -0.6008394921875
  },
  "magnetization": {
    "variance": 0.2686303488817277,
    "error": 0.0005182956191998228,
    "mean": 0.0166159921875
  },
  "sqr_energy": {
    "variance": 0.011235260816729226,
    "error": 0.00010599651322911157,
    "mean": 0.36844903631591797
  }
}
