{
  "sqr_magnetization": {
    "variance": 0.005047027343702176,
    "error": 7.104243340217293e-5,
    "mean": 0.0548820043334961
  },
  "abs_magnetization": {
    "variance": 0.018886758862160173,
    "error": 0.00013742910485832385,
    "mean": 0.1897241796875
  },
  "energy": {
    "variance": 0.003780221035181423,
    "error": 6.148350213822748e-5,
    "mean": -0.4307732265625
  },
  "magnetization": {
    "variance": 0.05487742545016562,
    "error": 0.00023425931240863323,
    "mean": -0.0021526171875
  },
  "sqr_energy": {
    "variance": 0.0029051025235148353,
    "error": 5.389900299184425e-5,
    "mean": 0.18934578997802734
  }
}
