{
  "sqr_magnetization": {
    "variance": 0.048909526366617474,
    "error": 0.0002211549826854857,
    "mean": 0.5487922836914062
  },
  "abs_magnetization": {
    "variance": 0.035894797771543606,
    "error": 0.00018945922456176055,
    "mean": 0.716168640625
  },
  "energy": {
    "variance": 0.007531576602239683,
    "error": 8.678465649087795e-5,
    "mean": -0.72800378125
  },
  "magnetization": {
    "variance": 0.5487711471419909,
    "error": 0.0007407908929934216,
    "mean": 0.00465675
  },
  "sqr_energy": {
    "variance": 0.015545073913722422,
    "error": 0.0001246798857623892,
    "mean": 0.5375210745849609
  }
}
