{
  "sqr_magnetization": {
    "variance": 0.0018259726388944616,
    "error": 4.273140108742588e-5,
    "mean": 0.9375495682373047
  },
  "abs_magnetization": {
    "variance": 0.0005038793656740432,
    "error": 2.2447257419872992e-5,
    "mean": 0.968011203125
  },
  "energy": {
    "variance": 0.0010266209579012316,
    "error": 3.20409262959302e-5,
    "mean": -0.94594415625
  },
  "magnetization": {
    "variance": 0.0005038793656740432,
    "error": 2.2447257419872992e-5,
    "mean": 0.968011203125
  },
  "sqr_energy": {
    "variance": 0.0035948273465356492,
    "error": 5.995687905933438e-5,
    "mean": 0.8958369666748047
  }
}
