{
  "sqr_magnetization": {
    "variance": 0.0014589920227635305,
    "error": 3.81967540867484e-5,
    "mean": 0.9471401776733398
  },
  "energy": {
    "variance": 0.0008863183670986402,
    "error": 2.977109952787502e-5,
    "mean": -0.95356378125
  },
  "magnetization": {
    "variance": 0.00039602049306584246,
    "error": 1.990026364312399e-5,
    "mean": -0.9730077890625
  },
  "sqr_energy": {
    "variance": 0.003151765572329971,
    "error": 5.614058756666135e-5,
    "mean": 0.9101702023925782
  }
}
