{
  "energy": {
    "variance": 0.004930727489626077,
    "error": 7.021913905500463e-5,
    "mean": -0.807929134765625
  },
  "magnetization": {
    "variance": 0.7183458939888612,
    "error": 0.0008475528856589783,
    "mean": -0.0084287109375
  }
}
