{
  "sqr_magnetization": {
    "variance": 0.007512553709193666,
    "error": 8.667498894833311e-5,
    "mean": 0.0694290341796875
  },
  "energy": {
    "variance": 0.004014814867744556,
    "error": 6.336256677048804e-5,
    "mean": -0.45412625
  },
  "magnetization": {
    "variance": 0.0694095546178454,
    "error": 0.0002634569312389511,
    "mean": 0.004421421875
  },
  "sqr_energy": {
    "variance": 0.0034400754672765633,
    "error": 5.8652156544125156e-5,
    "mean": 0.2102454617919922
  }
}
