{
  "sqr_magnetization": {
    "variance": 0.04500450591750957,
    "error": 0.0002121426546395363,
    "mean": 0.2602190626220703
  },
  "energy": {
    "variance": 0.007297961789363095,
    "error": 8.54281088949246e-5,
    "mean": -0.5978936796875
  },
  "magnetization": {
    "variance": 0.2572710335145882,
    "error": 0.0005072189206985364,
    "mean": 0.054298125
  },
  "sqr_energy": {
    "variance": 0.010922052861601235,
    "error": 0.00010450862577606326,
    "mean": 0.3647748067016602
  }
}
