{
  "sqr_magnetization": {
    "variance": 0.00802468185603238,
    "error": 8.958058861177672e-5,
    "mean": 0.07213639373779297
  },
  "abs_magnetization": {
    "variance": 0.024060952880791683,
    "error": 0.00015511593367798063,
    "mean": 0.2192611796875
  },
  "energy": {
    "variance": 0.0041271285421431905,
    "error": 6.424273143432795e-5,
    "mean": -0.45894046875
  },
  "magnetization": {
    "variance": 0.07213462902162604,
    "error": 0.00026857890650910406,
    "mean": 0.0013553046875
  },
  "sqr_energy": {
    "variance": 0.0036231487322490137,
    "error": 6.019259698874118e-5,
    "mean": 0.2147534782714844
  }
}
