{
  "sqr_magnetization": {
    "variance": 0.004663286285326718,
    "error": 6.828825876625291e-5,
    "mean": 0.883803603881836
  },
  "energy": {
    "variance": 0.001979835551861369,
    "error": 4.449534303566351e-5,
    "mean": -0.9060064609375
  },
  "magnetization": {
    "variance": 0.0014083331191055797,
    "error": 3.7527764643069e-5,
    "mean": -0.93935896875
  },
  "sqr_energy": {
    "variance": 0.006326619196440939,
    "error": 7.954004775231744e-5,
    "mean": 0.8228275408325195
  }
}
