{
  "sqr_magnetization": {
    "variance": 0.001990763124678295,
    "error": 4.461796863011913e-5,
    "mean": 0.9334347897338867
  },
  "abs_magnetization": {
    "variance": 0.0005525255526006865,
    "error": 2.350586209014012e-5,
    "mean": 0.9658583046875
  },
  "energy": {
    "variance": 0.0010966802852773927,
    "error": 3.311616350481125e-5,
    "mean": -0.9426965234375
  },
  "magnetization": {
    "variance": 0.0005525255526006865,
    "error": 2.350586209014012e-5,
    "mean": 0.9658583046875
  },
  "sqr_energy": {
    "variance": 0.003812498972166144,
    "error": 6.174543685298651e-5,
    "mean": 0.8897734144897461
  }
}
