{
  "sqr_magnetization": {
    "variance": 0.002871439803256235,
    "error": 5.35858171838056e-5,
    "mean": 0.91486020703125
  },
  "energy": {
    "variance": 0.0014337309171232509,
    "error": 3.786463940305322e-5,
    "mean": -0.928458671875
  },
  "magnetization": {
    "variance": 0.0008220922511147115,
    "error": 2.8672151142087533e-5,
    "mean": 0.95605340625
  },
  "sqr_energy": {
    "variance": 0.004822095399373524,
    "error": 6.944130902692952e-5,
    "mean": 0.8634692348632812
  }
}
