{
  "sqr_magnetization": {
    "variance": 0.05459795021249036,
    "error": 0.00023366204272943085,
    "mean": 0.47725099731445314
  },
  "abs_magnetization": {
    "variance": 0.045499092988302944,
    "error": 0.00021330516399820925,
    "mean": 0.65707834375
  },
  "energy": {
    "variance": 0.00807554589944574,
    "error": 8.986404119249111e-5,
    "mean": -0.6961533984375
  },
  "magnetization": {
    "variance": 0.47721597732499077,
    "error": 0.0006908082058900218,
    "mean": -0.005957953125
  },
  "sqr_energy": {
    "variance": 0.015492412300220835,
    "error": 0.000124468519314005,
    "mean": 0.49270509197998047
  }
}
