{
  "sqr_magnetization": {
    "variance": 0.0050879237640593785,
    "error": 7.132968361109825e-5,
    "mean": 0.05568748406982422
  },
  "energy": {
    "variance": 0.003702319352055436,
    "error": 6.0846687272648094e-5,
    "mean": -0.428551421875
  },
  "magnetization": {
    "variance": 0.05568665593615392,
    "error": 0.00023598020242417353,
    "mean": -0.0009401171875
  },
  "sqr_energy": {
    "variance": 0.0028120175504676875,
    "error": 5.302845981609958e-5,
    "mean": 0.18735863684082033
  }
}
