{
  "sqr_magnetization": {
    "variance": 0.00023371020928932273,
    "error": 1.5287583500649234e-5,
    "mean": 0.010980208251953125
  },
  "energy": {
    "variance": 0.0023896723127130835,
    "error": 4.888427469762729e-5,
    "mean": -0.214027578125
  },
  "magnetization": {
    "variance": 0.010980161759544329,
    "error": 0.00010478626703697545,
    "mean": -0.000239734375
  },
  "sqr_energy": {
    "variance": 0.0004571285716496391,
    "error": 2.1380565279001375e-5,
    "mean": 0.04819747412109375
  }
}
