{
  "sqr_magnetization": {
    "variance": 0.04410026474820567,
    "error": 0.00021000063035192458,
    "mean": 0.2625051092529297
  },
  "energy": {
    "variance": 0.0072303089481892575,
    "error": 8.503122337229576e-5,
    "mean": -0.5961206484375
  },
  "magnetization": {
    "variance": 0.26250536932349333,
    "error": 0.000512352778194374,
    "mean": -4.934375e-5
  },
  "sqr_energy": {
    "variance": 0.01074386984809056,
    "error": 0.00010365264033342595,
    "mean": 0.3625901292114258
  }
}
