{
  "sqr_magnetization": {
    "variance": 0.0032889876586682863,
    "error": 5.734969623867494e-5,
    "mean": 0.04331047192382813
  },
  "abs_magnetization": {
    "variance": 0.015124541962188204,
    "error": 0.0001229818765598745,
    "mean": 0.167886703125
  },
  "energy": {
    "variance": 0.0035046261147528225,
    "error": 5.9199882725836735e-5,
    "mean": -0.404427171875
  },
  "magnetization": {
    "variance": 0.04330935217203748,
    "error": 0.00020810899108889428,
    "mean": 0.001078453125
  },
  "sqr_energy": {
    "variance": 0.002369821403687476,
    "error": 4.86808114526399e-5,
    "mean": 0.1670659599609375
  }
}
