{
  "sqr_magnetization": {
    "variance": 0.011728043951761913,
    "error": 0.00010829609388967782,
    "mean": 0.7962152267456055
  },
  "energy": {
    "variance": 0.0034332712115827356,
    "error": 5.859412267098753e-5,
    "mean": -0.84984384375
  },
  "magnetization": {
    "variance": 0.004202823995463094,
    "error": 6.48291909209354e-5,
    "mean": 0.8899507890625
  },
  "sqr_energy": {
    "variance": 0.009627458836238511,
    "error": 9.811961494134856e-5,
    "mean": 0.7256678265380859
  }
}
