{
  "sqr_magnetization": {
    "variance": 0.048743349143921616,
    "error": 0.00022077895992127878,
    "mean": 0.2985108779296875
  },
  "energy": {
    "variance": 0.0076955945650876685,
    "error": 8.772453798731384e-5,
    "mean": -0.6149139453125
  },
  "magnetization": {
    "variance": 0.2964288977865843,
    "error": 0.000544452842573702,
    "mean": 0.04563196875
  },
  "sqr_energy": {
    "variance": 0.012133320177641625,
    "error": 0.0001101513512293046,
    "mean": 0.38581474700927737
  }
}
