{
  "sqr_magnetization": {
    "variance": 0.015951775968608188,
    "error": 0.00012630034033449074,
    "mean": 0.1116653345336914
  },
  "abs_magnetization": {
    "variance": 0.034554314194782394,
    "error": 0.00018588790760773656,
    "mean": 0.2776887734375
  },
  "energy": {
    "variance": 0.004888216246514036,
    "error": 6.991577966749735e-5,
    "mean": -0.5022624453125
  },
  "magnetization": {
    "variance": 0.11162453664266256,
    "error": 0.00033410258401075346,
    "mean": 0.0063960546875
  },
  "sqr_energy": {
    "variance": 0.005191734885273991,
    "error": 7.20536944595764e-5,
    "mean": 0.25715577532958983
  }
}
