{
  "sqr_magnetization": {
    "variance": 0.0042782854662273195,
    "error": 6.540860391590176e-5,
    "mean": 0.8888145108642578
  },
  "abs_magnetization": {
    "variance": 0.0012817683745847811,
    "error": 3.58017928962333e-5,
    "mean": 0.9420895625
  },
  "energy": {
    "variance": 0.001854765972855817,
    "error": 4.306699400765994e-5,
    "mean": -0.9094929375
  },
  "magnetization": {
    "variance": 0.0012817683745847811,
    "error": 3.58017928962333e-5,
    "mean": -0.9420895625
  },
  "sqr_energy": {
    "variance": 0.005981937148451034,
    "error": 7.734298383467652e-5,
    "mean": 0.8290321674804687
  }
}
