{
  "energy": {
    "variance": 0.0035757945091025992,
    "error": 5.979794736529507e-5,
    "mean": -0.84710718359375
  },
  "magnetization": {
    "variance": 0.739519077284456,
    "error": 0.0008599529506225651,
    "mean": 0.226691359375
  }
}
