{
  "sqr_magnetization": {
    "variance": 0.005392962345372495,
    "error": 7.343679149699077e-5,
    "mean": 0.056257830078125
  },
  "energy": {
    "variance": 0.003790908659791411,
    "error": 6.157035536515451e-5,
    "mean": -0.4339307421875
  },
  "magnetization": {
    "variance": 0.05625779155852178,
    "error": 0.000237187249991482,
    "mean": 0.000307859375
  },
  "sqr_energy": {
    "variance": 0.0029585833828165323,
    "error": 5.43928615060518e-5,
    "mean": 0.19208679388427735
  }
}
