{
  "sqr_magnetization": {
    "variance": 0.0029196302494135552,
    "error": 5.403360296531738e-5,
    "mean": 0.040564252136230466
  },
  "abs_magnetization": {
    "variance": 0.01421077453898981,
    "error": 0.00011920895326689942,
    "mean": 0.1623375859375
  },
  "energy": {
    "variance": 0.003426322818039371,
    "error": 5.853480005978812e-5,
    "mean": -0.395882453125
  },
  "magnetization": {
    "variance": 0.04056228934578294,
    "error": 0.00020140081763931085,
    "mean": 0.0014153984375
  },
  "sqr_energy": {
    "variance": 0.002220211237109187,
    "error": 4.711911753321774e-5,
    "mean": 0.16014923608398438
  }
}
