{
  "sqr_magnetization": {
    "variance": 0.001796632150480515,
    "error": 4.238669780108513e-5,
    "mean": 0.9385613661499024
  },
  "energy": {
    "variance": 0.0010297300308801773,
    "error": 3.2089406832787935e-5,
    "mean": -0.946714578125
  },
  "magnetization": {
    "variance": 0.0004947373967622382,
    "error": 2.224269310947391e-5,
    "mean": -0.9685383984375
  },
  "sqr_energy": {
    "variance": 0.0036066405957867562,
    "error": 6.005531280233878e-5,
    "mean": 0.8972982214355468
  }
}
