{
  "sqr_magnetization": {
    "variance": 0.051040952767765546,
    "error": 0.00022592244856978145,
    "mean": 0.5299069688720703
  },
  "abs_magnetization": {
    "variance": 0.03885539410190191,
    "error": 0.0001971177163572618,
    "mean": 0.70075075
  },
  "energy": {
    "variance": 0.007704561317255653,
    "error": 8.777563054319606e-5,
    "mean": -0.71989221875
  },
  "magnetization": {
    "variance": 0.529790128184581,
    "error": 0.0007278668341012531,
    "mean": 0.010833765625
  },
  "sqr_energy": {
    "variance": 0.01560552843736521,
    "error": 0.00012492208946925763,
    "mean": 0.5259493602294922
  }
}
