{
  "sqr_magnetization": {
    "variance": 0.0031367602856015968,
    "error": 5.600678785291651e-5,
    "mean": 0.042305301025390624
  },
  "abs_magnetization": {
    "variance": 0.014770995280663246,
    "error": 0.00012153598348087387,
    "mean": 0.1659346875
  },
  "energy": {
    "variance": 0.003487062348756683,
    "error": 5.9051353487931865e-5,
    "mean": -0.40118671875
  },
  "magnetization": {
    "variance": 0.04230529477931724,
    "error": 0.00020568250965825278,
    "mean": 0.00022034375
  },
  "sqr_energy": {
    "variance": 0.002316724771511239,
    "error": 4.813236719205943e-5,
    "mean": 0.16443784216308593
  }
}
