{
  "sqr_magnetization": {
    "variance": 0.0022853852242135744,
    "error": 4.780570284195782e-5,
    "mean": 0.9270994676513672
  },
  "energy": {
    "variance": 0.0012239409416352769,
    "error": 3.498486732339108e-5,
    "mean": -0.93778934375
  },
  "magnetization": {
    "variance": 0.0006411824056111168,
    "error": 2.532157984034797e-5,
    "mean": -0.96252703125
  },
  "sqr_energy": {
    "variance": 0.0042038369034917466,
    "error": 6.483700257948192e-5,
    "mean": 0.88067279296875
  }
}
