{
  "sqr_magnetization": {
    "variance": 0.006432299279362319,
    "error": 8.020161643858755e-5,
    "mean": 0.8354639939750004
  },
  "energy": {
    "variance": 0.0018372677558387317,
    "error": 4.28633614621944e-5,
    "mean": -0.8758819050000001
  },
  "magnetization": {
    "variance": 0.0021542223223216966,
    "error": 4.641360061794061e-5,
    "mean": -0.9128580249999999
  },
  "sqr_energy": {
    "variance": 0.005508219135830715,
    "error": 7.421737758659164e-5,
    "mean": 0.7690063774250002
  }
}
