{
  "sqr_magnetization": {
    "variance": 0.0018940093487729102,
    "error": 4.352021770135014e-5,
    "mean": 0.032336785725000004
  },
  "abs_magnetization": {
    "variance": 0.011401891852781827,
    "error": 0.00010677964156514961,
    "mean": 0.144688995
  },
  "energy": {
    "variance": 0.0023270959921169667,
    "error": 4.82399833345428e-5,
    "mean": -0.42083690500000004
  },
  "magnetization": {
    "variance": 0.032336692621762,
    "error": 0.0001798240601859551,
    "mean": -0.00035417500000000003
  },
  "sqr_energy": {
    "variance": 0.0016827402644447667,
    "error": 4.102121724723398e-5,
    "mean": 0.179430794275
  }
}
