{
  "sqr_magnetization": {
    "variance": 0.0011415288107681713,
    "error": 3.378651818060233e-5,
    "mean": 0.9392194882500001
  },
  "abs_magnetization": {
    "variance": 0.0003105231396006396,
    "error": 1.7621666765679107e-5,
    "mean": 0.9689731500000004
  },
  "energy": {
    "variance": 0.0006396087111904851,
    "error": 2.529048657480684e-5,
    "mean": -0.9474201350000001
  },
  "magnetization": {
    "variance": 0.0003105231396006396,
    "error": 1.7621666765679107e-5,
    "mean": -0.9689731500000004
  },
  "sqr_energy": {
    "variance": 0.0022647286458131305,
    "error": 4.758916521450161e-5,
    "mean": 0.8982445202750005
  }
}
