{
  "sqr_magnetization": {
    "variance": 0.04922956938509064,
    "error": 0.00022187737465791918,
    "mean": 0.35752056745
  },
  "abs_magnetization": {
    "variance": 0.05140550102707692,
    "error": 0.00022672781264564107,
    "mean": 0.55327671
  },
  "energy": {
    "variance": 0.005560261253255628,
    "error": 7.456715934817168e-5,
    "mean": -0.6592863250000001
  },
  "magnetization": {
    "variance": 0.357389665886017,
    "error": 0.0005978207640137778,
    "mean": -0.011456830000000001
  },
  "sqr_energy": {
    "variance": 0.009798276462697354,
    "error": 9.898624380537608e-5,
    "mean": 0.44021871402500007
  }
}
