{
  "sqr_magnetization": {
    "variance": 0.000802298273535661,
    "error": 2.832487022981149e-5,
    "mean": 0.020602701525
  },
  "abs_magnetization": {
    "variance": 0.00735825638539936,
    "error": 8.578027969993663e-5,
    "mean": 0.11508454499999998
  },
  "energy": {
    "variance": 0.0020585074157198156,
    "error": 4.537077711170281e-5,
    "mean": -0.36856374
  },
  "magnetization": {
    "variance": 0.020602691065391043,
    "error": 0.0001435363754084345,
    "mean": -0.000176245
  },
  "sqr_energy": {
    "variance": 0.0011410523383657365,
    "error": 3.37794662238132e-5,
    "mean": 0.1378977358
  }
}
