{
  "sqr_magnetization": {
    "variance": 0.0010455795883402576,
    "error": 3.233542311985816e-5,
    "mean": 0.02371608355
  },
  "abs_magnetization": {
    "variance": 0.008431611232234834,
    "error": 9.182380536786108e-5,
    "mean": 0.12363042
  },
  "energy": {
    "variance": 0.002132248069145569,
    "error": 4.6176271711189165e-5,
    "mean": -0.38522105000000006
  },
  "magnetization": {
    "variance": 0.023716058575222975,
    "error": 0.00015400019017917794,
    "mean": -0.00022066000000000007
  },
  "sqr_energy": {
    "variance": 0.001291173026064015,
    "error": 3.593289615469389e-5,
    "mean": 0.15052750329999998
  }
}
