{
  "sqr_magnetization": {
    "variance": 0.0011061941881413827,
    "error": 3.3259497713305636e-5,
    "mean": 0.024227523575
  },
  "abs_magnetization": {
    "variance": 0.008659765977334952,
    "error": 9.305786359752169e-5,
    "mean": 0.12477085499999999
  },
  "energy": {
    "variance": 0.0021524810477768232,
    "error": 4.639483858983478e-5,
    "mean": -0.38869006500000003
  },
  "magnetization": {
    "variance": 0.024227330669630044,
    "error": 0.0001556513111722161,
    "mean": 0.0004659749999999998
  },
  "sqr_energy": {
    "variance": 0.0013264677095537417,
    "error": 3.642070440770939e-5,
    "mean": 0.15323244552499998
  }
}
