{
  "sqr_magnetization": {
    "variance": 0.0017621503331484824,
    "error": 4.19779743811976e-5,
    "mean": 0.031934864075
  },
  "energy": {
    "variance": 0.0023418658156847904,
    "error": 4.839282814307085e-5,
    "mean": -0.41632289499999997
  },
  "magnetization": {
    "variance": 0.031934564250844025,
    "error": 0.00017870244612439983,
    "mean": -0.0005759849999999997
  },
  "sqr_energy": {
    "variance": 0.0016642604722759294,
    "error": 4.079534865981573e-5,
    "mean": 0.17566661637499997
  }
}
