{
  "sqr_magnetization": {
    "variance": 0.008481359036549795,
    "error": 9.209429426707061e-5,
    "mean": 0.7920334120000002
  },
  "energy": {
    "variance": 0.00225496858425336,
    "error": 4.748650949747054e-5,
    "mean": -0.8485155150000001
  },
  "magnetization": {
    "variance": 0.002972389930645031,
    "error": 5.4519628856449774e-5,
    "mean": -0.8882910699999998
  },
  "sqr_energy": {
    "variance": 0.006377271665435046,
    "error": 7.985782156705156e-5,
    "mean": 0.7222335455250001
  }
}
