{
  "sqr_magnetization": {
    "variance": 0.0021321022246632865,
    "error": 4.617469246961247e-5,
    "mean": 0.03481668825
  },
  "energy": {
    "variance": 0.0023940425852863605,
    "error": 4.892895446753753e-5,
    "mean": -0.433197215
  },
  "magnetization": {
    "variance": 0.03481660560960721,
    "error": 0.0001865920834590986,
    "mean": -0.0003427200000000016
  },
  "sqr_energy": {
    "variance": 0.0018278547015507605,
    "error": 4.275341742540309e-5,
    "mean": 0.190053867275
  }
}
