{
  "sqr_magnetization": {
    "variance": 0.04146845135080347,
    "error": 0.0002036380400387007,
    "mean": 0.25720374955
  },
  "energy": {
    "variance": 0.005030461559264659,
    "error": 7.092574680089494e-5,
    "mean": -0.61958063
  },
  "magnetization": {
    "variance": 0.24604267951544265,
    "error": 0.0004960268939437081,
    "mean": 0.10564712999999999
  },
  "sqr_energy": {
    "variance": 0.00799375703469603,
    "error": 8.940781305174638e-5,
    "mean": 0.38891061359999995
  }
}
