{
  "energy": {
    "variance": 0.005564613998736499,
    "error": 7.459634038434124e-5,
    "mean": -0.6875599499999999
  },
  "magnetization": {
    "variance": 0.4305198979648479,
    "error": 0.0006561401511604422,
    "mean": -0.029494994999999996
  }
}
