{
  "sqr_magnetization": {
    "variance": 2.9518952655439002e-5,
    "error": 5.4331346988123715e-6,
    "mean": 0.0038457489249999997
  },
  "energy": {
    "variance": 0.0013257019194519196,
    "error": 3.6410189775005564e-5,
    "mean": -0.1019275
  },
  "magnetization": {
    "variance": 0.0038451718594412353,
    "error": 6.200944975922004e-5,
    "mean": -0.0007621750000000001
  },
  "sqr_energy": {
    "variance": 5.916431756048635e-5,
    "error": 7.691834473029587e-6,
    "mean": 0.011714915849999999
  }
}
