{
  "sqr_magnetization": {
    "variance": 0.006076503861349031,
    "error": 7.795193301868166e-5,
    "mean": 0.060194775374999995
  },
  "energy": {
    "variance": 0.002821716144451744,
    "error": 5.311982816662479e-5,
    "mean": -0.48321262
  },
  "magnetization": {
    "variance": 0.06007308993328271,
    "error": 0.0002450981230717255,
    "mean": 0.011033835
  },
  "sqr_energy": {
    "variance": 0.002706170042554057,
    "error": 5.202086160910887e-5,
    "mean": 0.23631614944999996
  }
}
