{
  "sqr_magnetization": {
    "variance": 0.005931957460478118,
    "error": 7.701920189458028e-5,
    "mean": 0.0605807952
  },
  "energy": {
    "variance": 0.002791340627095727,
    "error": 5.283313947794251e-5,
    "mean": -0.47458393
  },
  "magnetization": {
    "variance": 0.06056928468262778,
    "error": 0.0002461082783707768,
    "mean": -0.00340163
  },
  "sqr_energy": {
    "variance": 0.002586716396290991,
    "error": 5.0859771885951195e-5,
    "mean": 0.22802124445
  }
}
