{
  "sqr_magnetization": {
    "variance": 0.001975124829370661,
    "error": 4.444237650453293e-5,
    "mean": 0.033140491725
  },
  "abs_magnetization": {
    "variance": 0.011655693780543153,
    "error": 0.00010796153843171721,
    "mean": 0.146576975
  },
  "energy": {
    "variance": 0.0023391317000075996,
    "error": 4.8364570710465316e-5,
    "mean": -0.42282579
  },
  "magnetization": {
    "variance": 0.03314052204750483,
    "error": 0.00018204538458171588,
    "mean": -5.308499999999969e-5
  },
  "sqr_energy": {
    "variance": 0.0017067684923423806,
    "error": 4.131305474474601e-5,
    "mean": 0.18112077805
  }
}
