{
  "sqr_magnetization": {
    "variance": 0.0011880710160016535,
    "error": 3.446840605542492e-5,
    "mean": 0.9373239823500001
  },
  "energy": {
    "variance": 0.0006602262123021864,
    "error": 2.569486743110745e-5,
    "mean": -0.9459964050000002
  },
  "magnetization": {
    "variance": 0.00032344684655244644,
    "error": 1.798462806266636e-5,
    "mean": -0.9679878800000004
  },
  "sqr_energy": {
    "variance": 0.002331302680910825,
    "error": 4.828356532932117e-5,
    "mean": 0.8955694238250004
  }
}
