{
  "sqr_magnetization": {
    "variance": 0.009739412003967607,
    "error": 9.868845932512884e-5,
    "mean": 0.7844440891500003
  },
  "abs_magnetization": {
    "variance": 0.0036524543392318395,
    "error": 6.043553871052892e-5,
    "mean": 0.8836241499999999
  },
  "energy": {
    "variance": 0.002361884565843541,
    "error": 4.859922392223503e-5,
    "mean": -0.844561855
  },
  "magnetization": {
    "variance": 0.776762232972836,
    "error": 0.0008813411558374181,
    "mean": -0.08765062999999997
  },
  "sqr_energy": {
    "variance": 0.006582914463434555,
    "error": 8.113516169599069e-5,
    "mean": 0.715646609125
  }
}
