{
  "sqr_magnetization": {
    "variance": 0.008237003510132514,
    "error": 9.075793910249679e-5,
    "mean": 0.0736489736
  },
  "energy": {
    "variance": 0.002988514009474009,
    "error": 5.466730292847827e-5,
    "mean": -0.5026148
  },
  "magnetization": {
    "variance": 0.07364822592291302,
    "error": 0.00027138206632515904,
    "mean": -0.0009062699999999991
  },
  "sqr_energy": {
    "variance": 0.003112851090027627,
    "error": 5.579293046639177e-5,
    "mean": 0.25561014819999994
  }
}
