{
  "energy": {
    "variance": 0.0038707475619461557,
    "error": 6.221533220956194e-5,
    "mean": -0.5589821625
  },
  "magnetization": {
    "variance": 0.14436561326268263,
    "error": 0.0003799547515990327,
    "mean": 0.0003658249999999971
  }
}
