{
  "sqr_magnetization": {
    "variance": 0.016745663898911894,
    "error": 0.0001294050381511937,
    "mean": 0.7231451043250002
  },
  "energy": {
    "variance": 0.0030891721887305883,
    "error": 5.558032195598176e-5,
    "mean": -0.81314304
  },
  "magnetization": {
    "variance": 0.5595581565199308,
    "error": 0.0007480362000063438,
    "mean": 0.40445952500000004
  },
  "sqr_energy": {
    "variance": 0.007961937140122227,
    "error": 8.922968754916845e-5,
    "mean": 0.6642907726
  }
}
