{
  "sqr_magnetization": {
    "variance": 0.0011965762379215722,
    "error": 3.4591563103184166e-5,
    "mean": 0.9372126570500002
  },
  "abs_magnetization": {
    "variance": 0.0003264761484600485,
    "error": 1.806865098617073e-5,
    "mean": 0.9679288100000003
  },
  "energy": {
    "variance": 0.0006608506626570616,
    "error": 2.570701582558858e-5,
    "mean": -0.9458504400000002
  },
  "magnetization": {
    "variance": 0.0003264761484600485,
    "error": 1.806865098617073e-5,
    "mean": -0.9679288100000003
  },
  "sqr_energy": {
    "variance": 0.002332019650130044,
    "error": 4.829098932647833e-5,
    "mean": 0.8952939048500005
  }
}
