{
  "sqr_magnetization": {
    "variance": 0.0011782210734279728,
    "error": 3.432522503098811e-5,
    "mean": 0.9378929760250002
  },
  "abs_magnetization": {
    "variance": 0.00032115349959787454,
    "error": 1.792075611122127e-5,
    "mean": 0.9682829250000002
  },
  "energy": {
    "variance": 0.0006538319036735029,
    "error": 2.5570136950620794e-5,
    "mean": -0.9463817200000001
  },
  "magnetization": {
    "variance": 0.00032115349959787454,
    "error": 1.792075611122127e-5,
    "mean": -0.9682829250000002
  },
  "sqr_energy": {
    "variance": 0.0023098756560857945,
    "error": 4.8061165779512615e-5,
    "mean": 0.8962921912000005
  }
}
