{
  "sqr_magnetization": {
    "variance": 0.0014632235954689528,
    "error": 3.8252105765159555e-5,
    "mean": 0.9276934368250002
  },
  "abs_magnetization": {
    "variance": 0.00040448969184046676,
    "error": 2.0111929092965368e-5,
    "mean": 0.9629584350000003
  },
  "energy": {
    "variance": 0.000763141241572341,
    "error": 2.7625011159678125e-5,
    "mean": -0.93846867
  },
  "magnetization": {
    "variance": 0.00040448969184046676,
    "error": 2.0111929092965368e-5,
    "mean": -0.9629584350000003
  },
  "sqr_energy": {
    "variance": 0.0026497630362183984,
    "error": 5.147584905777076e-5,
    "mean": 0.8814865850500004
  }
}
