{
  "sqr_magnetization": {
    "variance": 0.022615156378626797,
    "error": 0.00015038336470044416,
    "mean": 0.14287548044999998
  },
  "energy": {
    "variance": 0.004003389553756653,
    "error": 6.327234430425866e-5,
    "mean": -0.56258573
  },
  "magnetization": {
    "variance": 0.1427795438295037,
    "error": 0.0003778618052006629,
    "mean": 0.009802009999999998
  },
  "sqr_energy": {
    "variance": 0.005267392517003518,
    "error": 7.257680426281884e-5,
    "mean": 0.32050608915
  }
}
