{
  "sqr_magnetization": {
    "variance": 1.9041980269778713e-5,
    "error": 4.363711753745739e-6,
    "mean": 0.00309162125
  },
  "abs_magnetization": {
    "variance": 0.0011241552184556186,
    "error": 3.352842403775666e-5,
    "mean": 0.044356139999999995
  },
  "energy": {
    "variance": 0.001267068387005887,
    "error": 3.5595904076254155e-5,
    "mean": -0.05025225
  },
  "magnetization": {
    "variance": 0.0030916161241936234,
    "error": 5.5602303227416965e-5,
    "mean": 9.065000000000005e-5
  },
  "sqr_energy": {
    "variance": 1.6148183359875293e-5,
    "error": 4.0184802301212445e-6,
    "mean": 0.00379235575
  }
}
