{
  "sqr_magnetization": {
    "variance": 0.0014183767696542488,
    "error": 3.7661343173793586e-5,
    "mean": 0.9288122763500002
  },
  "energy": {
    "variance": 0.000758427037162936,
    "error": 2.7539554048004044e-5,
    "mean": -0.93930879
  },
  "magnetization": {
    "variance": 0.00039036126532036506,
    "error": 1.9757562231215798e-5,
    "mean": -0.9635465300000005
  },
  "sqr_energy": {
    "variance": 0.0026386085953240862,
    "error": 5.136738844173496e-5,
    "mean": 0.8830594292500004
  }
}
