{
  "sqr_magnetization": {
    "variance": 0.0443294078926834,
    "error": 0.00021054550076570955,
    "mean": 0.28610912665
  },
  "energy": {
    "variance": 0.00525390203050643,
    "error": 7.248380529819354e-5,
    "mean": -0.63175366
  },
  "magnetization": {
    "variance": 0.28573569466772625,
    "error": 0.0005345425096919106,
    "mean": 0.019331779999999976
  },
  "sqr_energy": {
    "variance": 0.008635527834873728,
    "error": 9.29275407770685e-5,
    "mean": 0.40436658370000006
  }
}
