{
  "sqr_magnetization": {
    "variance": 0.0006469301686179178,
    "error": 2.5434821969455923e-5,
    "mean": 0.018380907125
  },
  "abs_magnetization": {
    "variance": 0.006596281702149675,
    "error": 8.121749628097185e-5,
    "mean": 0.108557045
  },
  "energy": {
    "variance": 0.0020003358921749917,
    "error": 4.472511478101528e-5,
    "mean": -0.35396396999999996
  },
  "magnetization": {
    "variance": 0.018379784592406367,
    "error": 0.00013557206420353112,
    "mean": 0.001068135
  },
  "sqr_energy": {
    "variance": 0.0010224265890521457,
    "error": 3.197540600292897e-5,
    "mean": 0.12729082594999996
  }
}
