{
  "sqr_magnetization": {
    "variance": 0.03244326722123524,
    "error": 0.00018012014662784184,
    "mean": 0.613386256725
  },
  "abs_magnetization": {
    "variance": 0.020629727376873352,
    "error": 0.00014363052383415355,
    "mean": 0.769906845
  },
  "energy": {
    "variance": 0.004337844808844808,
    "error": 6.586231706252679e-5,
    "mean": -0.762327
  },
  "magnetization": {
    "variance": 0.6130501236032075,
    "error": 0.0007829751743211323,
    "mean": 0.018350645
  },
  "sqr_energy": {
    "variance": 0.009798246828245568,
    "error": 9.898609411551488e-5,
    "mean": 0.5854802953999999
  }
}
