{
  "sqr_magnetization": {
    "variance": 0.007635127709629134,
    "error": 8.737921783598852e-5,
    "mean": 0.8011183379000003
  },
  "energy": {
    "variance": 0.0021546644011643766,
    "error": 4.641836275833495e-5,
    "mean": -0.8535562450000002
  },
  "magnetization": {
    "variance": 0.002607102845509246,
    "error": 5.10597967632975e-5,
    "mean": -0.8935945599999998
  },
  "sqr_energy": {
    "variance": 0.006170010225966571,
    "error": 7.854941263922075e-5,
    "mean": 0.730712925625
  }
}
