{
  "energy": {
    "variance": 0.002151278915472359,
    "error": 4.638188132743603e-5,
    "mean": -0.3856287325
  },
  "magnetization": {
    "variance": 0.024124321108254083,
    "error": 0.00015532006022485985,
    "mean": 0.001346455
  }
}
