{
  "sqr_magnetization": {
    "variance": 0.00602887164491878,
    "error": 7.764580893337888e-5,
    "mean": 0.8425476676750003
  },
  "energy": {
    "variance": 0.0017623566497290506,
    "error": 4.198043174776851e-5,
    "mean": -0.88010326
  },
  "magnetization": {
    "variance": 0.0020453883379051123,
    "error": 4.5225969728742274e-5,
    "mean": -0.916789115
  },
  "sqr_energy": {
    "variance": 0.0053305640525899665,
    "error": 7.301071190304863e-5,
    "mean": 0.7763441031500002
  }
}
