{
  "sqr_magnetization": {
    "variance": 0.001042436928114891,
    "error": 3.228679185231774e-5,
    "mean": 0.024189993899999998
  },
  "energy": {
    "variance": 0.0021357446423376173,
    "error": 4.6214117348896945e-5,
    "mean": -0.38955170499999997
  },
  "magnetization": {
    "variance": 0.024181016400938,
    "error": 0.00015550246429217127,
    "mean": 0.0030002799999999997
  },
  "sqr_energy": {
    "variance": 0.0013196095069261478,
    "error": 3.63264298676067e-5,
    "mean": 0.153886273375
  }
}
