{
  "sqr_magnetization": {
    "variance": 0.005455366946662765,
    "error": 7.386045590613942e-5,
    "mean": 0.058283616324999996
  },
  "energy": {
    "variance": 0.002789309425531201,
    "error": 5.281391318138811e-5,
    "mean": -0.47691938500000003
  },
  "magnetization": {
    "variance": 0.05811315850382788,
    "error": 0.00024106670965487516,
    "mean": -0.013058175
  },
  "sqr_energy": {
    "variance": 0.002606434541090635,
    "error": 5.1053252012879986e-5,
    "mean": 0.230241406425
  }
}
