{
  "sqr_magnetization": {
    "variance": 1.579800224478454e-5,
    "error": 3.974670079992117e-6,
    "mean": 0.99855522465
  },
  "energy": {
    "variance": 1.4624468218243237e-5,
    "error": 3.8241951072406386e-6,
    "mean": -0.9985834650000001
  },
  "magnetization": {
    "variance": 3.979550849950857e-6,
    "error": 1.994881161861743e-6,
    "mean": -0.9992753599999998
  },
  "sqr_energy": {
    "variance": 5.772067731390346e-5,
    "error": 7.597412540720917e-6,
    "mean": 0.9971835610249999
  }
}
