{
  "sqr_magnetization": {
    "variance": 0.012690999217912668,
    "error": 0.00011265433510483593,
    "mean": 0.09962771977499998
  },
  "energy": {
    "variance": 0.003273094903889279,
    "error": 5.721096838796979e-5,
    "mean": -0.5241256750000001
  },
  "magnetization": {
    "variance": 0.09954232811996708,
    "error": 0.0003155032933583532,
    "mean": -0.009246145000000004
  },
  "sqr_energy": {
    "variance": 0.0037288511498033347,
    "error": 6.106431977680039e-5,
    "mean": 0.277980814825
  }
}
