{
  "sqr_magnetization": {
    "variance": 0.002138276427131668,
    "error": 4.624150113406428e-5,
    "mean": 0.035273637875
  },
  "energy": {
    "variance": 0.002384765790690166,
    "error": 4.883406383550488e-5,
    "mean": -0.43141972500000003
  },
  "magnetization": {
    "variance": 0.03521850971939769,
    "error": 0.00018766595247779415,
    "mean": 0.007427205
  },
  "sqr_energy": {
    "variance": 0.0018121444899559214,
    "error": 4.256929045633626e-5,
    "mean": 0.18850774252500002
  }
}
