{
  "sqr_magnetization": {
    "variance": 0.007416772993861781,
    "error": 8.612068853569265e-5,
    "mean": 0.0699144193
  },
  "abs_magnetization": {
    "variance": 0.023229377364124462,
    "error": 0.0001524118675304665,
    "mean": 0.21606727
  },
  "energy": {
    "variance": 0.0029187039168438165,
    "error": 5.402503046592215e-5,
    "mean": -0.49514301
  },
  "magnetization": {
    "variance": 0.06990716931458842,
    "error": 0.0002643996393995053,
    "mean": -0.0027055300000000007
  },
  "sqr_energy": {
    "variance": 0.002942860357493796,
    "error": 5.424813690343472e-5,
    "mean": 0.24808530134999995
  }
}
