{
  "sqr_magnetization": {
    "variance": 0.0035614769084834287,
    "error": 5.967811079854513e-5,
    "mean": 0.8729748595500004
  },
  "abs_magnetization": {
    "variance": 0.0010826420547859537,
    "error": 3.290352647948171e-5,
    "mean": 0.9337516900000001
  },
  "energy": {
    "variance": 0.001358637781916757,
    "error": 3.6859704040004946e-5,
    "mean": -0.8990511049999999
  },
  "magnetization": {
    "variance": 0.0010826420547859537,
    "error": 3.290352647948171e-5,
    "mean": 0.9337516900000001
  },
  "sqr_energy": {
    "variance": 0.0043160309774984635,
    "error": 6.569650658519419e-5,
    "mean": 0.8096515258250002
  }
}
