{
  "sqr_magnetization": {
    "variance": 0.04725063045234851,
    "error": 0.00021737210136617925,
    "mean": 0.485372261375
  },
  "abs_magnetization": {
    "variance": 0.03938024696613374,
    "error": 0.00019844456900135549,
    "mean": 0.667826365
  },
  "energy": {
    "variance": 0.005357149189672289,
    "error": 7.319254873053874e-5,
    "mean": -0.71087113
  },
  "magnetization": {
    "variance": 0.4827543788112776,
    "error": 0.0006948052812200535,
    "mean": 0.05116996500000001
  },
  "sqr_energy": {
    "variance": 0.01068343975340416,
    "error": 0.00010336072635872951,
    "mean": 0.5106949073
  }
}
