{
  "sqr_magnetization": {
    "variance": 0.011360010017584658,
    "error": 0.00010658334774994008,
    "mean": 0.09049461515
  },
  "abs_magnetization": {
    "variance": 0.028971715305529704,
    "error": 0.00017021079667732511,
    "mean": 0.24803816
  },
  "energy": {
    "variance": 0.0031982864273900273,
    "error": 5.655339448158729e-5,
    "mean": -0.51938342
  },
  "magnetization": {
    "variance": 0.0904942342796007,
    "error": 0.0003008225960256322,
    "mean": 0.0006865599999999995
  },
  "sqr_energy": {
    "variance": 0.0035682566964098284,
    "error": 5.973488676150503e-5,
    "mean": 0.2729574201999999
  }
}
