{
  "sqr_magnetization": {
    "variance": 0.00174701882103565,
    "error": 4.179735423487532e-5,
    "mean": 0.03075303635
  },
  "energy": {
    "variance": 0.0023458000929536924,
    "error": 4.8433460468499385e-5,
    "mean": -0.41030091999999996
  },
  "magnetization": {
    "variance": 0.030752894221570123,
    "error": 0.00017536503135337478,
    "mean": -0.00041579
  },
  "sqr_energy": {
    "variance": 0.0016169488446564815,
    "error": 4.0211302449143345e-5,
    "mean": 0.17069264269999998
  }
}
