{
  "sqr_magnetization": {
    "variance": 0.0019548722849228304,
    "error": 4.42139376771944e-5,
    "mean": 0.9123680377750003
  },
  "abs_magnetization": {
    "variance": 0.0005533840486658229,
    "error": 2.3524116320614955e-5,
    "mean": 0.9548898650000005
  },
  "energy": {
    "variance": 0.0009276618710176449,
    "error": 3.045754210401169e-5,
    "mean": -0.9269531849999999
  },
  "magnetization": {
    "variance": 0.0005533840486658229,
    "error": 2.3524116320614955e-5,
    "mean": -0.9548898650000005
  },
  "sqr_energy": {
    "variance": 0.0031407094476676805,
    "error": 5.6042032865231434e-5,
    "mean": 0.8601698681250005
  }
}
