{
  "sqr_magnetization": {
    "variance": 0.018401567589068083,
    "error": 0.000135652377749408,
    "mean": 0.6884293953250001
  },
  "energy": {
    "variance": 0.0034592873171952177,
    "error": 5.8815706381843425e-5,
    "mean": -0.7943358899999999
  },
  "magnetization": {
    "variance": 0.007928980802975778,
    "error": 8.904482468383986e-5,
    "mean": -0.824924495
  },
  "sqr_energy": {
    "variance": 0.00853969779383619,
    "error": 9.241048530246007e-5,
    "mean": 0.6344287900000001
  }
}
