{
  "sqr_magnetization": {
    "variance": 0.008164335349967545,
    "error": 9.035671170404303e-5,
    "mean": 0.074880851575
  },
  "energy": {
    "variance": 0.0029658618355177355,
    "error": 5.4459726730105206e-5,
    "mean": -0.50315271
  },
  "magnetization": {
    "variance": 0.07481437008054805,
    "error": 0.00027352215647100336,
    "mean": 0.008158204999999998
  },
  "sqr_energy": {
    "variance": 0.0030724194445839736,
    "error": 5.542940956373226e-5,
    "mean": 0.25612850845
  }
}
