{
  "energy": {
    "variance": 0.00240016661619961,
    "error": 4.8991495345616974e-5,
    "mean": -0.8426767225
  },
  "magnetization": {
    "variance": 0.0038990367699705455,
    "error": 6.244226749542769e-5,
    "mean": -0.8814142149999998
  }
}
