{
  "sqr_magnetization": {
    "variance": 0.047537201305433305,
    "error": 0.0002180302761210775,
    "mean": 0.32157174434999997
  },
  "abs_magnetization": {
    "variance": 0.05332591674924865,
    "error": 0.0002309240497420064,
    "mean": 0.51792459
  },
  "energy": {
    "variance": 0.005431100093522068,
    "error": 7.369599781210692e-5,
    "mean": -0.6452138049999999
  },
  "magnetization": {
    "variance": 0.3201049017462282,
    "error": 0.000565778138271733,
    "mean": 0.03830356
  },
  "sqr_energy": {
    "variance": 0.009235527035817741,
    "error": 9.610164949582157e-5,
    "mean": 0.42173194882500004
  }
}
