{
  "sqr_magnetization": {
    "variance": 0.0015578750297377186,
    "error": 3.946992563633378e-5,
    "mean": 0.9244303770750002
  },
  "abs_magnetization": {
    "variance": 0.00043270806610744094,
    "error": 2.080163614015592e-5,
    "mean": 0.9612479750000004
  },
  "energy": {
    "variance": 0.0007972718625718363,
    "error": 2.8236002949635706e-5,
    "mean": -0.9359700050000002
  },
  "magnetization": {
    "variance": 0.00043270806610744094,
    "error": 2.080163614015592e-5,
    "mean": -0.9612479750000004
  },
  "sqr_energy": {
    "variance": 0.002753468398026251,
    "error": 5.2473501865477314e-5,
    "mean": 0.8768371213250005
  }
}
