{
  "sqr_magnetization": {
    "variance": 0.004922833982031495,
    "error": 7.016291030189309e-5,
    "mean": 0.8475010562250004
  },
  "abs_magnetization": {
    "variance": 0.0015590914005201744,
    "error": 3.948533146017866e-5,
    "mean": 0.9197510349999999
  },
  "energy": {
    "variance": 0.0016430467032624784,
    "error": 4.05345124956805e-5,
    "mean": -0.8823248149999999
  },
  "magnetization": {
    "variance": 0.0015590914005201744,
    "error": 3.948533146017866e-5,
    "mean": 0.9197510349999999
  },
  "sqr_energy": {
    "variance": 0.005020232729632428,
    "error": 7.08536006821984e-5,
    "mean": 0.7801401242250002
  }
}
