{
  "sqr_magnetization": {
    "variance": 0.004602935387537041,
    "error": 6.78449363441152e-5,
    "mean": 0.8534918120000003
  },
  "abs_magnetization": {
    "variance": 0.0014498898881209871,
    "error": 3.807741966206464e-5,
    "mean": 0.9230611699999999
  },
  "energy": {
    "variance": 0.0015758537380041386,
    "error": 3.9697024296591035e-5,
    "mean": -0.8861986399999999
  },
  "magnetization": {
    "variance": 0.0014498898881209871,
    "error": 3.807741966206464e-5,
    "mean": -0.9230611699999999
  },
  "sqr_energy": {
    "variance": 0.004858661429485838,
    "error": 6.970409908668095e-5,
    "mean": 0.7869238817000003
  }
}
