{
  "sqr_magnetization": {
    "variance": 0.007222202050082898,
    "error": 8.498353987733683e-5,
    "mean": 0.8144288186750002
  },
  "abs_magnetization": {
    "variance": 0.0024931971773601526,
    "error": 4.993192543213362e-5,
    "mean": 0.901074705
  },
  "energy": {
    "variance": 0.002019667307707308,
    "error": 4.494070880290283e-5,
    "mean": -0.8619514
  },
  "magnetization": {
    "variance": 0.0024931971773601526,
    "error": 4.993192543213362e-5,
    "mean": -0.901074705
  },
  "sqr_energy": {
    "variance": 0.005875055961133114,
    "error": 7.664891363309145e-5,
    "mean": 0.7449798812500001
  }
}
