{
  "sqr_magnetization": {
    "variance": 0.04555849218611632,
    "error": 0.00021344435383986228,
    "mean": 0.30320331354999996
  },
  "abs_magnetization": {
    "variance": 0.053181356246916146,
    "error": 0.00023061083289151044,
    "mean": 0.50002201
  },
  "energy": {
    "variance": 0.005310293274203274,
    "error": 7.287175909914123e-5,
    "mean": -0.6370646999999999
  },
  "magnetization": {
    "variance": 0.3028131801036885,
    "error": 0.0005502846355330017,
    "mean": 0.019759460000000006
  },
  "sqr_energy": {
    "variance": 0.00883136773922926,
    "error": 9.397535708487231e-5,
    "mean": 0.41116171995000006
  }
}
