{
  "sqr_magnetization": {
    "variance": 0.00908530338764778,
    "error": 9.531685783557796e-5,
    "mean": 0.07895744425
  },
  "abs_magnetization": {
    "variance": 0.025799063049518147,
    "error": 0.00016062086741615533,
    "mean": 0.23056106999999998
  },
  "energy": {
    "variance": 0.0030374906663150412,
    "error": 5.5113434535646945e-5,
    "mean": -0.5070222750000001
  },
  "magnetization": {
    "variance": 0.07895725948392789,
    "error": 0.0002809933441986267,
    "mean": 0.0005135399999999999
  },
  "sqr_energy": {
    "variance": 0.0032198744465911505,
    "error": 5.674393753160905e-5,
    "mean": 0.26010907497499997
  }
}
