{
  "energy": {
    "variance": 0.002328965838519899,
    "error": 4.8259360113038164e-5,
    "mean": -0.84638568625
  },
  "magnetization": {
    "variance": 0.4075626144415953,
    "error": 0.0006384063082720872,
    "mean": 0.6161094349999999
  }
}
