{
  "sqr_magnetization": {
    "variance": 0.0024900369713044077,
    "error": 4.990027025281935e-5,
    "mean": 0.037419231275
  },
  "abs_magnetization": {
    "variance": 0.013132694661664036,
    "error": 0.00011459796971004345,
    "mean": 0.15584142499999998
  },
  "energy": {
    "variance": 0.0024393346014322014,
    "error": 4.9389620381535644e-5,
    "mean": -0.43810467999999997
  },
  "magnetization": {
    "variance": 0.03741874377175854,
    "error": 0.0001934392508560725,
    "mean": 0.0007245149999999996
  },
  "sqr_energy": {
    "variance": 0.0019114622665329353,
    "error": 4.372027294668842e-5,
    "mean": 0.1943750428
  }
}
