{
  "sqr_magnetization": {
    "variance": 0.04922993187104321,
    "error": 0.0002218781915174252,
    "mean": 0.34107695029999996
  },
  "abs_magnetization": {
    "variance": 0.053252393261698866,
    "error": 0.00023076480074244178,
    "mean": 0.53649288
  },
  "energy": {
    "variance": 0.0055430305178914945,
    "error": 7.445153133342185e-5,
    "mean": -0.653572905
  },
  "magnetization": {
    "variance": 0.3410758112602512,
    "error": 0.00058401696144911,
    "mean": 0.001216600000000003
  },
  "sqr_energy": {
    "variance": 0.00963777371431271,
    "error": 9.817216364282041e-5,
    "mean": 0.43270056712500005
  }
}
