{
  "sqr_magnetization": {
    "variance": 0.0044223105169262245,
    "error": 6.650045501292623e-5,
    "mean": 0.051096180325
  },
  "energy": {
    "variance": 0.0027063792810188814,
    "error": 5.202287267172855e-5,
    "mean": -0.46639097999999996
  },
  "magnetization": {
    "variance": 0.051096175401386175,
    "error": 0.00022604463143677218,
    "mean": 0.00023668500000000064
  },
  "sqr_energy": {
    "variance": 0.0024173512777891184,
    "error": 4.9166566666680305e-5,
    "mean": 0.22022692279999997
  }
}
