{
  "sqr_magnetization": {
    "variance": 0.03252355104798092,
    "error": 0.00018034287079887835,
    "mean": 0.19444720187500003
  },
  "energy": {
    "variance": 0.004554394625672125,
    "error": 6.748625508703328e-5,
    "mean": -0.59134085
  },
  "magnetization": {
    "variance": 0.19325063264662765,
    "error": 0.00043960281237342833,
    "mean": -0.03459425500000001
  },
  "sqr_energy": {
    "variance": 0.0066674363740725825,
    "error": 8.16543714327199e-5,
    "mean": 0.35423839095000004
  }
}
