{
  "sqr_magnetization": {
    "variance": 0.05029266728306806,
    "error": 0.00022426026683982175,
    "mean": 0.48233332232500004
  },
  "energy": {
    "variance": 0.005628958911131887,
    "error": 7.502638809866758e-5,
    "mean": -0.7105137050000001
  },
  "magnetization": {
    "variance": 0.4794942020656709,
    "error": 0.0006924551985981988,
    "mean": 0.05328789499999999
  },
  "sqr_energy": {
    "variance": 0.0111694583803578,
    "error": 0.00010568565834756294,
    "mean": 0.510458678275
  }
}
