{
  "sqr_magnetization": {
    "variance": 0.0032825395245621412,
    "error": 5.72934509744538e-5,
    "mean": 0.043550122000000004
  },
  "abs_magnetization": {
    "variance": 0.015134477661175165,
    "error": 0.00012302226490020076,
    "mean": 0.16856944999999998
  },
  "energy": {
    "variance": 0.0025265742267342015,
    "error": 5.0265039806352503e-5,
    "mean": -0.451884005
  },
  "magnetization": {
    "variance": 0.04354976393605104,
    "error": 0.00020868580195128523,
    "mean": -0.0006337300000000008
  },
  "sqr_energy": {
    "variance": 0.0021109984845475056,
    "error": 4.594560353883172e-5,
    "mean": 0.206725725675
  }
}
