{
  "sqr_magnetization": {
    "variance": 0.0014176885196767047,
    "error": 3.7652204712031206e-5,
    "mean": 0.9292556073000001
  },
  "abs_magnetization": {
    "variance": 0.00039106328014717985,
    "error": 1.9775319975848175e-5,
    "mean": 0.9637761900000004
  },
  "energy": {
    "variance": 0.000746409495941395,
    "error": 2.732049589486609e-5,
    "mean": -0.9396654100000001
  },
  "magnetization": {
    "variance": 0.00039106328014717985,
    "error": 1.9775319975848175e-5,
    "mean": -0.9637761900000004
  },
  "sqr_energy": {
    "variance": 0.002598427363504788,
    "error": 5.097477183376879e-5,
    "mean": 0.8837174915000005
  }
}
