{
  "sqr_magnetization": {
    "variance": 0.01846722499485544,
    "error": 0.00013589416836220545,
    "mean": 0.6924232858500001
  },
  "energy": {
    "variance": 0.0034135005083980085,
    "error": 5.8425170161480986e-5,
    "mean": -0.7967410500000001
  },
  "magnetization": {
    "variance": 0.007984452593376493,
    "error": 8.935576418662925e-5,
    "mean": -0.82730819
  },
  "sqr_energy": {
    "variance": 0.008474459007169892,
    "error": 9.205682488099343e-5,
    "mean": 0.63820979785
  }
}
