{
  "sqr_magnetization": {
    "variance": 0.0011595141518965556,
    "error": 3.405163948911352e-5,
    "mean": 0.0250116296
  },
  "abs_magnetization": {
    "variance": 0.008884091331372928,
    "error": 9.425545783334209e-5,
    "mean": 0.12699428
  },
  "energy": {
    "variance": 0.0021721813511001256,
    "error": 4.6606666380466704e-5,
    "mean": -0.39219971499999995
  },
  "magnetization": {
    "variance": 0.02501108648709889,
    "error": 0.0001581489376730014,
    "mean": -0.0007537399999999998
  },
  "sqr_energy": {
    "variance": 0.0013629990823141884,
    "error": 3.6918817455522436e-5,
    "mean": 0.15599279562499999
  }
}
