{
  "sqr_magnetization": {
    "variance": 0.004041196525008181,
    "error": 6.357040604721808e-5,
    "mean": 0.050017840725
  },
  "energy": {
    "variance": 0.002655402281358057,
    "error": 5.1530595585128426e-5,
    "mean": -0.46897318500000007
  },
  "magnetization": {
    "variance": 0.050011412667920634,
    "error": 0.00022363231579519233,
    "mean": -0.002545205000000003
  },
  "sqr_energy": {
    "variance": 0.0023923123827370657,
    "error": 4.89112705083099e-5,
    "mean": 0.222591247875
  }
}
