{
  "sqr_magnetization": {
    "variance": 0.0009527601078623501,
    "error": 3.086681240203384e-5,
    "mean": 0.9465444924250002
  },
  "energy": {
    "variance": 0.0005619638792402786,
    "error": 2.3705777338874138e-5,
    "mean": -0.9533060600000002
  },
  "magnetization": {
    "variance": 0.00025620065121562634,
    "error": 1.6006269122304122e-5,
    "mean": -0.9727735050000003
  },
  "sqr_energy": {
    "variance": 0.00201573996759148,
    "error": 4.489699285688831e-5,
    "mean": 0.9093544073500005
  }
}
