{
  "sqr_magnetization": {
    "variance": 0.01282770329545965,
    "error": 0.00011325945124120835,
    "mean": 0.7578632440750002
  },
  "abs_magnetization": {
    "variance": 0.005408762468353444,
    "error": 7.354428916206509e-5,
    "mean": 0.8674413449999999
  },
  "energy": {
    "variance": 0.0026837796480264236,
    "error": 5.180520869590647e-5,
    "mean": -0.830361885
  },
  "magnetization": {
    "variance": 0.7565190956991226,
    "error": 0.0008697810619340494,
    "mean": -0.03667294499999998
  },
  "sqr_energy": {
    "variance": 0.0072123384986706235,
    "error": 8.492548792129853e-5,
    "mean": 0.6921846370250001
  }
}
