{
  "sqr_magnetization": {
    "variance": 0.030109423063650855,
    "error": 0.00017352067042185739,
    "mean": 0.6145072248500001
  },
  "energy": {
    "variance": 0.00439241205333143,
    "error": 6.627527482652507e-5,
    "mean": -0.761043175
  },
  "magnetization": {
    "variance": 0.5844966992065769,
    "error": 0.0007645238382199583,
    "mean": -0.17323715000000003
  },
  "sqr_energy": {
    "variance": 0.009927209762188034,
    "error": 9.963538408712054e-5,
    "mean": 0.5835791218749999
  }
}
