{
  "sqr_magnetization": {
    "variance": 0.0017258561431269667,
    "error": 4.154342478812943e-5,
    "mean": 0.030758246274999998
  },
  "abs_magnetization": {
    "variance": 0.010877656180653955,
    "error": 0.00010429600270697796,
    "mean": 0.14099858499999998
  },
  "energy": {
    "variance": 0.002299673356647132,
    "error": 4.7954909619841135e-5,
    "mean": -0.41541378500000004
  },
  "magnetization": {
    "variance": 0.030758219185753954,
    "error": 0.0001753802132104815,
    "mean": -0.00024051499999999993
  },
  "sqr_energy": {
    "variance": 0.0016190504356103043,
    "error": 4.023742580745324e-5,
    "mean": 0.174868283825
  }
}
