{
  "sqr_magnetization": {
    "variance": 0.007136184770237816,
    "error": 8.447594196123424e-5,
    "mean": 0.8084307246250003
  },
  "energy": {
    "variance": 0.002073371948991849,
    "error": 4.5534294207683174e-5,
    "mean": -0.85816901
  },
  "magnetization": {
    "variance": 0.0023852854841732592,
    "error": 4.8839384559730676e-5,
    "mean": -0.8978003349999999
  },
  "sqr_energy": {
    "variance": 0.0060032050626231005,
    "error": 7.748035275231458e-5,
    "mean": 0.7385274196000001
  }
}
