{
  "sqr_magnetization": {
    "variance": 0.020316874108002196,
    "error": 0.00014253727269736218,
    "mean": 0.13629725624999997
  },
  "abs_magnetization": {
    "variance": 0.03923744462495463,
    "error": 0.00019808443811908757,
    "mean": 0.3115443
  },
  "energy": {
    "variance": 0.0037751689509680506,
    "error": 6.144240352531833e-5,
    "mean": -0.5554299699999999
  },
  "magnetization": {
    "variance": 0.13623468065663427,
    "error": 0.0003690998247854289,
    "mean": 0.007919079999999998
  },
  "sqr_energy": {
    "variance": 0.004847954084442954,
    "error": 6.962725101885722e-5,
    "mean": 0.31227761675
  }
}
