{
  "sqr_magnetization": {
    "variance": 0.0024028817479644715,
    "error": 4.901919774909083e-5,
    "mean": 0.9021915970750004
  },
  "energy": {
    "variance": 0.001057993454692829,
    "error": 3.2526811320706323e-5,
    "mean": -0.9197539749999999
  },
  "magnetization": {
    "variance": 0.0006900659518869261,
    "error": 2.6269106415843804e-5,
    "mean": -0.9494743450000002
  },
  "sqr_energy": {
    "variance": 0.0035210670966888367,
    "error": 5.933858017082004e-5,
    "mean": 0.8470053669250004
  }
}
