{
  "sqr_magnetization": {
    "variance": 0.0031210460620274736,
    "error": 5.5866323147558886e-5,
    "mean": 0.8820271611250003
  },
  "energy": {
    "variance": 0.0012770577444797195,
    "error": 3.5735944712288205e-5,
    "mean": -0.905286195
  },
  "magnetization": {
    "variance": 0.0009207712541156279,
    "error": 3.0344212860373028e-5,
    "mean": -0.9386726750000002
  },
  "sqr_energy": {
    "variance": 0.0041156368956316225,
    "error": 6.415322981449665e-5,
    "mean": 0.8208201513250004
  }
}
