{
  "sqr_magnetization": {
    "variance": 0.006986163737314922,
    "error": 8.358327426773208e-5,
    "mean": 0.8171299545500004
  },
  "abs_magnetization": {
    "variance": 0.002404276377442778,
    "error": 4.903342102528415e-5,
    "mean": 0.9026215599999998
  },
  "energy": {
    "variance": 0.001986115930243531,
    "error": 4.4565860591303865e-5,
    "mean": -0.8635558200000001
  },
  "magnetization": {
    "variance": 0.6294145713291276,
    "error": 0.0007933565222074673,
    "mean": 0.43326205999999995
  },
  "sqr_energy": {
    "variance": 0.005801335059337831,
    "error": 7.616649564826932e-5,
    "mean": 0.7477147682
  }
}
