{
  "sqr_magnetization": {
    "variance": 0.012658564532624426,
    "error": 0.0001125102863414027,
    "mean": 0.7665169941750001
  },
  "energy": {
    "variance": 0.0025791363191138192,
    "error": 5.078519783474137e-5,
    "mean": -0.83579985
  },
  "magnetization": {
    "variance": 0.005277859081721057,
    "error": 7.264887529563728e-5,
    "mean": -0.8724901949999998
  },
  "sqr_energy": {
    "variance": 0.007040910662634635,
    "error": 8.391013444533762e-5,
    "mean": 0.7011405230000001
  }
}
