{
  "sqr_magnetization": {
    "variance": 0.005678259385496976,
    "error": 7.535422606262356e-5,
    "mean": 0.0594434359
  },
  "abs_magnetization": {
    "variance": 0.02016148453124453,
    "error": 0.0001419911424393949,
    "mean": 0.19819679999999998
  },
  "energy": {
    "variance": 0.0027677743783262785,
    "error": 5.2609641495891974e-5,
    "mean": -0.48149559000000003
  },
  "magnetization": {
    "variance": 0.0594387153872993,
    "error": 0.00024380056478051748,
    "mean": -0.0021863100000000003
  },
  "sqr_energy": {
    "variance": 0.0026341164649381506,
    "error": 5.13236443068704e-5,
    "mean": 0.23460577479999997
  }
}
