{
  "sqr_magnetization": {
    "variance": 0.004868570119961486,
    "error": 6.977513969861677e-5,
    "mean": 0.8513443281500004
  },
  "abs_magnetization": {
    "variance": 0.001627541152835552,
    "error": 4.034279555057572e-5,
    "mean": 0.9218008400000001
  },
  "energy": {
    "variance": 0.0016056097293248297,
    "error": 4.007006026105812e-5,
    "mean": -0.88488543
  },
  "magnetization": {
    "variance": 0.0016672519087619075,
    "error": 4.0831996139815494e-5,
    "mean": 0.9217793000000001
  },
  "sqr_energy": {
    "variance": 0.004931517915861964,
    "error": 7.022476711148257e-5,
    "mean": 0.7846278323500002
  }
}
