{
  "sqr_magnetization": {
    "variance": 0.0014900165116050435,
    "error": 3.860073200866848e-5,
    "mean": 0.9268796121000002
  },
  "abs_magnetization": {
    "variance": 0.000412512263320163,
    "error": 2.0310397911418747e-5,
    "mean": 0.9625316100000003
  },
  "energy": {
    "variance": 0.0007720353805953794,
    "error": 2.7785524659350584e-5,
    "mean": -0.9378512000000001
  },
  "magnetization": {
    "variance": 0.000412512263320163,
    "error": 2.0310397911418747e-5,
    "mean": -0.9625316100000003
  },
  "sqr_energy": {
    "variance": 0.0026770767865037606,
    "error": 5.174047532158707e-5,
    "mean": 0.8803369079500006
  }
}
