{
  "sqr_magnetization": {
    "variance": 0.015578808606321284,
    "error": 0.0001248150976697983,
    "mean": 0.7290320269000001
  },
  "abs_magnetization": {
    "variance": 0.006907192094287996,
    "error": 8.310951867438528e-5,
    "mean": 0.84977929
  },
  "energy": {
    "variance": 0.003000397282419683,
    "error": 5.47758823061727e-5,
    "mean": -0.8150042399999999
  },
  "magnetization": {
    "variance": 0.6118357577316678,
    "error": 0.000782199308189203,
    "mean": -0.34234029999999993
  },
  "sqr_energy": {
    "variance": 0.007765007678367347,
    "error": 8.811928096828382e-5,
    "mean": 0.6672323055
  }
}
