{
  "sqr_magnetization": {
    "variance": 0.007808265395299397,
    "error": 8.836438985982644e-5,
    "mean": 0.8157655685500003
  },
  "energy": {
    "variance": 0.002047643626630727,
    "error": 4.525089641797968e-5,
    "mean": -0.86392377
  },
  "magnetization": {
    "variance": 0.0027374685013644012,
    "error": 5.232082282766969e-5,
    "mean": -0.9016807099999999
  },
  "sqr_energy": {
    "variance": 0.005981691839652701,
    "error": 7.734139796805265e-5,
    "mean": 0.7484119219500001
  }
}
