{
  "sqr_magnetization": {
    "variance": 0.02372384763329113,
    "error": 0.00015402547722143608,
    "mean": 0.1523749051
  },
  "energy": {
    "variance": 0.0041213898063322055,
    "error": 6.419805142161409e-5,
    "mean": -0.56137476
  },
  "magnetization": {
    "variance": 0.1521359507021258,
    "error": 0.00039004608792055046,
    "mean": -0.015463069999999995
  },
  "sqr_energy": {
    "variance": 0.005421216488509592,
    "error": 7.36289106839806e-5,
    "mean": 0.31926300685000003
  }
}
