{
  "sqr_magnetization": {
    "variance": 0.002854511180726107,
    "error": 5.342762563249566e-5,
    "mean": 0.040321133225
  },
  "energy": {
    "variance": 0.0025427435174574923,
    "error": 5.042562361991661e-5,
    "mean": -0.447352605
  },
  "magnetization": {
    "variance": 0.04030733561593139,
    "error": 0.0002007668688203594,
    "mean": -0.0037199350000000015
  },
  "sqr_energy": {
    "variance": 0.002080535242123798,
    "error": 4.561288460647712e-5,
    "mean": 0.202667094175
  }
}
