{
  "sqr_magnetization": {
    "variance": 0.0021108769756387107,
    "error": 4.5944281207117724e-5,
    "mean": 0.034686459200000005
  },
  "energy": {
    "variance": 0.002355785462055862,
    "error": 4.8536434377237295e-5,
    "mean": -0.42861964
  },
  "magnetization": {
    "variance": 0.03467344646255206,
    "error": 0.00018620807303270195,
    "mean": -0.003612120000000001
  },
  "sqr_energy": {
    "variance": 0.001762808192609567,
    "error": 4.1985809419488e-5,
    "mean": 0.18607057890000003
  }
}
