{
  "sqr_magnetization": {
    "variance": 0.04733747896228012,
    "error": 0.00021757177887373196,
    "mean": 0.3349521027
  },
  "energy": {
    "variance": 0.005537824726122227,
    "error": 7.441656217618648e-5,
    "mean": -0.6489854500000001
  },
  "magnetization": {
    "variance": 0.2927037634838851,
    "error": 0.0005410210379309525,
    "mean": -0.20554471999999996
  },
  "sqr_energy": {
    "variance": 0.009550385890556469,
    "error": 9.772607579636291e-5,
    "mean": 0.42671993350000004
  }
}
