{
  "sqr_magnetization": {
    "variance": 0.002866839318906519,
    "error": 5.354287365192981e-5,
    "mean": 0.8887463868750003
  },
  "energy": {
    "variance": 0.001200606369397144,
    "error": 3.464976723438621e-5,
    "mean": -0.9100464349999998
  },
  "magnetization": {
    "variance": 0.0008387422128369868,
    "error": 2.8961046473444063e-5,
    "mean": -0.9422885150000002
  },
  "sqr_energy": {
    "variance": 0.003911048726133435,
    "error": 6.253837802608438e-5,
    "mean": 0.8293851190250003
  }
}
