{
  "sqr_magnetization": {
    "variance": 0.023634769023954776,
    "error": 0.00015373603684222764,
    "mean": 0.15433655699999999
  },
  "abs_magnetization": {
    "variance": 0.042024937901275504,
    "error": 0.0002049998485396404,
    "mean": 0.33512931999999995
  },
  "energy": {
    "variance": 0.00399356598014188,
    "error": 6.319466733943521e-5,
    "mean": -0.56533921
  },
  "magnetization": {
    "variance": 0.1543366159174059,
    "error": 0.00039285699168705894,
    "mean": -0.0003088999999999987
  },
  "sqr_energy": {
    "variance": 0.00532424407495518,
    "error": 7.29674178997392e-5,
    "mean": 0.32360198435
  }
}
