{
  "energy": {
    "variance": 0.003110802336076985,
    "error": 5.5774567107929984e-5,
    "mean": -0.81189258125
  },
  "magnetization": {
    "variance": 0.40587104143550395,
    "error": 0.0006370800902833991,
    "mean": -0.56169876
  }
}
