{
  "sqr_magnetization": {
    "variance": 0.0016313899987305002,
    "error": 4.039046915709819e-5,
    "mean": 0.0303208891
  },
  "energy": {
    "variance": 0.002305624103828503,
    "error": 4.80169147679076e-5,
    "mean": -0.41312366000000006
  },
  "magnetization": {
    "variance": 0.030319561845039346,
    "error": 0.000174125132720809,
    "mean": -0.0011651500000000041
  },
  "sqr_energy": {
    "variance": 0.0016088248371242972,
    "error": 4.0110158777101554e-5,
    "mean": 0.17297678025
  }
}
