{
  "sqr_magnetization": {
    "variance": 0.0020875367002274395,
    "error": 4.56895688338973e-5,
    "mean": 0.9111696759500003
  },
  "energy": {
    "variance": 0.0009640010793308533,
    "error": 3.104836677396822e-5,
    "mean": -0.9262890149999999
  },
  "magnetization": {
    "variance": 0.0005923590992965985,
    "error": 2.4338428447551796e-5,
    "mean": -0.9542417500000002
  },
  "sqr_energy": {
    "variance": 0.00325406500643167,
    "error": 5.704441257854857e-5,
    "mean": 0.8589753394250005
  }
}
