{
  "sqr_magnetization": {
    "variance": 0.006433734188929192,
    "error": 8.021056157968969e-5,
    "mean": 0.06456995972499999
  },
  "energy": {
    "variance": 0.0028569393309163063,
    "error": 5.345034453505708e-5,
    "mean": -0.488882055
  },
  "magnetization": {
    "variance": 0.06450640007797445,
    "error": 0.0002539811018126633,
    "mean": -0.007976474999999995
  },
  "sqr_energy": {
    "variance": 0.002811019985839951,
    "error": 5.3019053045484985e-5,
    "mean": 0.24186260017499997
  }
}
