{
  "sqr_magnetization": {
    "variance": 0.034118203308144426,
    "error": 0.00018471113477033384,
    "mean": 0.20884537965
  },
  "abs_magnetization": {
    "variance": 0.05014556981588971,
    "error": 0.00022393206518024546,
    "mean": 0.39837151
  },
  "energy": {
    "variance": 0.0046266397114990854,
    "error": 6.801940687406122e-5,
    "mean": -0.595679625
  },
  "magnetization": {
    "variance": 0.20884515194423353,
    "error": 0.00045699578985394773,
    "mean": 0.0006607200000000016
  },
  "sqr_energy": {
    "variance": 0.006837175373782765,
    "error": 8.268721408889505e-5,
    "mean": 0.35946085072499995
  }
}
