{
  "sqr_magnetization": {
    "variance": 0.0012128892603711556,
    "error": 3.482655969760946e-5,
    "mean": 0.9365609725500001
  },
  "abs_magnetization": {
    "variance": 0.00033118403868163856,
    "error": 1.8198462536204495e-5,
    "mean": 0.9675896800000005
  },
  "energy": {
    "variance": 0.0006678633086184074,
    "error": 2.5843051457179114e-5,
    "mean": -0.9453339300000002
  },
  "magnetization": {
    "variance": 0.00033118403868163856,
    "error": 1.8198462536204495e-5,
    "mean": -0.9675896800000005
  },
  "sqr_energy": {
    "variance": 0.002354121682201255,
    "error": 4.8519291855933505e-5,
    "mean": 0.8943241018500006
  }
}
