{
  "sqr_magnetization": {
    "variance": 0.0050533013356936765,
    "error": 7.108657633965556e-5,
    "mean": 0.8453830900500003
  },
  "abs_magnetization": {
    "variance": 0.0016070108998883991,
    "error": 4.0087540456959924e-5,
    "mean": 0.91857285
  },
  "energy": {
    "variance": 0.001666352435492412,
    "error": 4.082098033477898e-5,
    "mean": -0.8809860049999999
  },
  "magnetization": {
    "variance": 0.0016070108998883991,
    "error": 4.0087540456959924e-5,
    "mean": 0.91857285
  },
  "sqr_energy": {
    "variance": 0.005075816062544787,
    "error": 7.124476164985596e-5,
    "mean": 0.7778026917750002
  }
}
