{
  "energy": {
    "variance": 0.004078895260901184,
    "error": 6.38662294244868e-5,
    "mean": -0.7724138087500001
  },
  "magnetization": {
    "variance": 0.6362085851180003,
    "error": 0.000797626845785672,
    "mean": 0.02870293000000005
  }
}
