{
  "sqr_magnetization": {
    "variance": 0.04164753019825536,
    "error": 0.00020407726526552476,
    "mean": 0.250715529
  },
  "energy": {
    "variance": 0.0051810821973985975,
    "error": 7.197973462995399e-5,
    "mean": -0.6159359400000001
  },
  "magnetization": {
    "variance": 0.25014025760085673,
    "error": 0.0005001402379341785,
    "mean": -0.023990029999999996
  },
  "sqr_energy": {
    "variance": 0.008154730211405167,
    "error": 9.030354484407114e-5,
    "mean": 0.38455815919999997
  }
}
