{
  "sqr_magnetization": {
    "variance": 0.0012082753592741388,
    "error": 3.4760255454673215e-5,
    "mean": 0.9366072456000003
  },
  "energy": {
    "variance": 0.0006682951122926113,
    "error": 2.5851404454934578e-5,
    "mean": -0.9454399500000001
  },
  "magnetization": {
    "variance": 0.000329289853004953,
    "error": 1.8146345444880988e-5,
    "mean": -0.9676145700000003
  },
  "sqr_energy": {
    "variance": 0.002357046054271009,
    "error": 4.854941868108215e-5,
    "mean": 0.8945249935000005
  }
}
