{
  "sqr_magnetization": {
    "variance": 0.0057685118640362,
    "error": 7.595071997049272e-5,
    "mean": 0.06035744375
  },
  "abs_magnetization": {
    "variance": 0.020311302751065855,
    "error": 0.0001425177278483833,
    "mean": 0.20011537
  },
  "energy": {
    "variance": 0.002772394957402932,
    "error": 5.2653536988534136e-5,
    "mean": -0.48369520499999996
  },
  "magnetization": {
    "variance": 0.060357501179609085,
    "error": 0.00024567763671040367,
    "mean": 5.4109999999999446e-5
  },
  "sqr_energy": {
    "variance": 0.0026603824006411615,
    "error": 5.157889491488899e-5,
    "mean": 0.23673344352499998
  }
}
