{
  "sqr_magnetization": {
    "variance": 0.001035318588780359,
    "error": 3.217636692947728e-5,
    "mean": 0.9437641441500002
  },
  "energy": {
    "variance": 0.0005957390256779998,
    "error": 2.4407765683855616e-5,
    "mean": -0.9510948950000002
  },
  "magnetization": {
    "variance": 0.0002797666298290299,
    "error": 1.6726225809459526e-5,
    "mean": -0.9713312400000003
  },
  "sqr_energy": {
    "variance": 0.002125536549988509,
    "error": 4.6103541620883196e-5,
    "mean": 0.9051772377250005
  }
}
