{
  "sqr_magnetization": {
    "variance": 0.001511947157185273,
    "error": 3.888376469923242e-5,
    "mean": 0.0288282771
  },
  "abs_magnetization": {
    "variance": 0.010171582102379603,
    "error": 0.00010085426169666605,
    "mean": 0.13658954999999998
  },
  "energy": {
    "variance": 0.002263754377723752,
    "error": 4.757892787488756e-5,
    "mean": -0.408258575
  },
  "magnetization": {
    "variance": 0.0288281321975561,
    "error": 0.00016978849253573134,
    "mean": -0.0004168099999999997
  },
  "sqr_energy": {
    "variance": 0.0015395492054831388,
    "error": 3.923708966632386e-5,
    "mean": 0.16893881617499998
  }
}
