{
  "sqr_magnetization": {
    "variance": 0.017159052736938976,
    "error": 0.00013099256748739212,
    "mean": 0.714611585525
  },
  "abs_magnetization": {
    "variance": 0.007822030401579777,
    "error": 8.84422433092907e-5,
    "mean": 0.8407077749999999
  },
  "energy": {
    "variance": 0.0031659204316928312,
    "error": 5.6266512524705415e-5,
    "mean": -0.80768326
  },
  "magnetization": {
    "variance": 0.6463250275856056,
    "error": 0.0008039434231247903,
    "mean": 0.26131820499999997
  },
  "sqr_energy": {
    "variance": 0.008040001600098375,
    "error": 8.966605600838243e-5,
    "mean": 0.65551816575
  }
}
