{
  "sqr_magnetization": {
    "variance": 0.050262686773009345,
    "error": 0.00022419341375921225,
    "mean": 0.328672093875
  },
  "energy": {
    "variance": 0.005603730153757127,
    "error": 7.485806672468323e-5,
    "mean": -0.651327055
  },
  "magnetization": {
    "variance": 0.32627757794931234,
    "error": 0.0005712071235106512,
    "mean": 0.048937125000000005
  },
  "sqr_energy": {
    "variance": 0.009730367210001022,
    "error": 9.864262369787729e-5,
    "mean": 0.429830657125
  }
}
