{
  "sqr_magnetization": {
    "variance": 0.02884847931748648,
    "error": 0.00016984840098595714,
    "mean": 0.1866635064
  },
  "energy": {
    "variance": 0.004463415973288948,
    "error": 6.680880161542301e-5,
    "mean": -0.5789875449999999
  },
  "magnetization": {
    "variance": 0.18633041667119415,
    "error": 0.0004316600707399216,
    "mean": -0.018255849999999987
  },
  "sqr_energy": {
    "variance": 0.006215132607287357,
    "error": 7.883611232986667e-5,
    "mean": 0.33968998877499995
  }
}
