{
  "sqr_magnetization": {
    "variance": 0.023059892155681112,
    "error": 0.0001518548390920787,
    "mean": 0.14312190205
  },
  "energy": {
    "variance": 0.0040140549729685724,
    "error": 6.335657008526087e-5,
    "mean": -0.55701308
  },
  "magnetization": {
    "variance": 0.14213248875064874,
    "error": 0.00037700462696185674,
    "mean": 0.03145719999999999
  },
  "sqr_energy": {
    "variance": 0.005221579253841809,
    "error": 7.226049580401319e-5,
    "mean": 0.31427762225
  }
}
