{
  "sqr_magnetization": {
    "variance": 0.002567253044051479,
    "error": 5.066806730132381e-5,
    "mean": 0.8964568742500003
  },
  "energy": {
    "variance": 0.0011155106861224604,
    "error": 3.339926176014165e-5,
    "mean": -0.9155311349999998
  },
  "magnetization": {
    "variance": 0.0007420836236736227,
    "error": 2.724121186132553e-5,
    "mean": -0.9464221000000004
  },
  "sqr_energy": {
    "variance": 0.003678569704539992,
    "error": 6.065121354548474e-5,
    "mean": 0.8393127687250003
  }
}
