{
  "sqr_magnetization": {
    "variance": 0.001187871671838351,
    "error": 3.446551424015535e-5,
    "mean": 0.0258178922
  },
  "energy": {
    "variance": 0.0021853798428582436,
    "error": 4.674804640686329e-5,
    "mean": -0.39851904000000005
  },
  "magnetization": {
    "variance": 0.02580982426932177,
    "error": 0.00016065436274599506,
    "mean": -0.0028449499999999997
  },
  "sqr_energy": {
    "variance": 0.0014128190902028418,
    "error": 3.758748581912392e-5,
    "mean": 0.16100280290000002
  }
}
