{
  "sqr_magnetization": {
    "variance": 0.00139617914879332,
    "error": 3.7365480711390824e-5,
    "mean": 0.0276636083
  },
  "energy": {
    "variance": 0.002250591183112158,
    "error": 4.74403961104053e-5,
    "mean": -0.40908690499999995
  },
  "magnetization": {
    "variance": 0.027656738662625763,
    "error": 0.00016630315289442279,
    "mean": 0.0026262700000000004
  },
  "sqr_energy": {
    "variance": 0.0015398904977543559,
    "error": 3.9241438528096234e-5,
    "mean": 0.16960268477499998
  }
}
