{
  "sqr_magnetization": {
    "variance": 0.0022279479241872893,
    "error": 4.720114325085029e-5,
    "mean": 0.9068589330500003
  },
  "energy": {
    "variance": 0.0010048039204648945,
    "error": 3.169864224954903e-5,
    "mean": -0.923138345
  },
  "magnetization": {
    "variance": 0.000635985153780253,
    "error": 2.5218746078666422e-5,
    "mean": -0.9519574300000004
  },
  "sqr_energy": {
    "variance": 0.0033695443913295473,
    "error": 5.804777679919832e-5,
    "mean": 0.8531892069250004
  }
}
