{
  "sqr_magnetization": {
    "variance": 0.04181030077790137,
    "error": 0.00020447567282662593,
    "mean": 0.2651858105
  },
  "abs_magnetization": {
    "variance": 0.05289262853421854,
    "error": 0.00022998397451609218,
    "mean": 0.4607529
  },
  "energy": {
    "variance": 0.005109207424107325,
    "error": 7.147872007882714e-5,
    "mean": -0.62050501
  },
  "magnetization": {
    "variance": 0.26495840206407956,
    "error": 0.0005147411019765951,
    "mean": -0.015088850000000004
  },
  "sqr_energy": {
    "variance": 0.008122053114578299,
    "error": 9.012243402493244e-5,
    "mean": 0.39013566975
  }
}
