{
  "sqr_magnetization": {
    "variance": 0.005900777234111985,
    "error": 7.681651667520459e-5,
    "mean": 0.063018072275
  },
  "energy": {
    "variance": 0.0028622207725025476,
    "error": 5.349972684512088e-5,
    "mean": -0.485610135
  },
  "magnetization": {
    "variance": 0.06243878545917984,
    "error": 0.00024987754092591004,
    "mean": 0.024069675
  },
  "sqr_energy": {
    "variance": 0.002768929547425076,
    "error": 5.262061903308508e-5,
    "mean": 0.23867942112499999
  }
}
