{
  "sqr_magnetization": {
    "variance": 0.011815570682202202,
    "error": 0.00010869945115869814,
    "mean": 0.09323025735
  },
  "abs_magnetization": {
    "variance": 0.02962465002015362,
    "error": 0.00017211812809856381,
    "mean": 0.25220158000000004
  },
  "energy": {
    "variance": 0.003224637190177165,
    "error": 5.678588900578351e-5,
    "mean": -0.522060245
  },
  "magnetization": {
    "variance": 0.09322532324901436,
    "error": 0.0003053282221626661,
    "mean": 0.002242170000000001
  },
  "sqr_energy": {
    "variance": 0.003633096526924664,
    "error": 6.02751733877611e-5,
    "mean": 0.27577153337499993
  }
}
