{
  "sqr_magnetization": {
    "variance": 0.019764875804835894,
    "error": 0.00014058760900177475,
    "mean": 0.701607905175
  },
  "abs_magnetization": {
    "variance": 0.0098715891243235,
    "error": 9.935587111149246e-5,
    "mean": 0.8317068749999998
  },
  "energy": {
    "variance": 0.003355149539323314,
    "error": 5.79236526759433e-5,
    "mean": -0.801922535
  },
  "magnetization": {
    "variance": 0.6996584669965337,
    "error": 0.0008364558966236855,
    "mean": -0.04416036499999999
  },
  "sqr_energy": {
    "variance": 0.008379918521916057,
    "error": 9.154189490018249e-5,
    "mean": 0.646434898325
  }
}
