{
  "sqr_magnetization": {
    "variance": 0.019298751226206383,
    "error": 0.00013891994538656565,
    "mean": 0.139931330025
  },
  "energy": {
    "variance": 0.0037050609661009658,
    "error": 6.086921197207144e-5,
    "mean": -0.5526664
  },
  "magnetization": {
    "variance": 0.13992930606917584,
    "error": 0.0003740712580099891,
    "mean": -0.0014710149999999922
  },
  "sqr_energy": {
    "variance": 0.00468788625766918,
    "error": 6.846814045721688e-5,
    "mean": 0.30914520695
  }
}
