{
  "energy": {
    "variance": 0.0019727098878340823,
    "error": 4.4415198838168926e-5,
    "mean": -0.8637096824999999
  },
  "magnetization": {
    "variance": 0.0022750079836307583,
    "error": 4.769704376196452e-5,
    "mean": -0.902904835
  }
}
