{
  "sqr_magnetization": {
    "variance": 0.001277222589507428,
    "error": 3.5738251069511334e-5,
    "mean": 0.9338688781000002
  },
  "energy": {
    "variance": 0.0006999710097434088,
    "error": 2.645696524062064e-5,
    "mean": -0.9432667400000001
  },
  "magnetization": {
    "variance": 0.0003491633348657346,
    "error": 1.868591273836348e-5,
    "mean": -0.9661882400000004
  },
  "sqr_energy": {
    "variance": 0.0024571873180946227,
    "error": 4.9570024390700303e-5,
    "mean": 0.8904521131000004
  }
}
