{
  "sqr_magnetization": {
    "variance": 0.028785046852806043,
    "error": 0.00016966156563230826,
    "mean": 0.1707197848
  },
  "energy": {
    "variance": 0.004172855601972001,
    "error": 6.459764393514675e-5,
    "mean": -0.58212594
  },
  "magnetization": {
    "variance": 0.17069904454192206,
    "error": 0.0004131574089156844,
    "mean": -0.004572849999999988
  },
  "sqr_energy": {
    "variance": 0.005884248749879863,
    "error": 7.670885704975576e-5,
    "mean": 0.34304346145
  }
}
