{
  "sqr_magnetization": {
    "variance": 0.006012263747733192,
    "error": 7.753878866562974e-5,
    "mean": 0.8298791676500005
  },
  "abs_magnetization": {
    "variance": 0.001976991811301811,
    "error": 4.446337606729623e-5,
    "mean": 0.9098913000000001
  },
  "energy": {
    "variance": 0.0018404234156821912,
    "error": 4.2900156359647356e-5,
    "mean": -0.8712382849999999
  },
  "magnetization": {
    "variance": 0.001976991811301811,
    "error": 4.446337606729623e-5,
    "mean": -0.9098913000000001
  },
  "sqr_energy": {
    "variance": 0.005476868466032353,
    "error": 7.40058677810912e-5,
    "mean": 0.7608965708250002
  }
}
