{
  "sqr_magnetization": {
    "variance": 0.03511784861432964,
    "error": 0.00018739756832555123,
    "mean": 0.220095915475
  },
  "energy": {
    "variance": 0.004823416958391333,
    "error": 6.945082402960626e-5,
    "mean": -0.600604475
  },
  "magnetization": {
    "variance": 0.21317599761034198,
    "error": 0.00046170986302042756,
    "mean": -0.08318732499999999
  },
  "sqr_energy": {
    "variance": 0.007252733417352329,
    "error": 8.516298149637745e-5,
    "mean": 0.36554914752500006
  }
}
