{
  "sqr_magnetization": {
    "variance": 0.033377904258772295,
    "error": 0.0001826962075653797,
    "mean": 0.605734771775
  },
  "abs_magnetization": {
    "variance": 0.02146793809695307,
    "error": 0.0001465194120140846,
    "mean": 0.7643735049999999
  },
  "energy": {
    "variance": 0.004416367992495092,
    "error": 6.645575966381764e-5,
    "mean": -0.75902973
  },
  "magnetization": {
    "variance": 0.6052017990853161,
    "error": 0.0007779471698549433,
    "mean": -0.023099305
  },
  "sqr_energy": {
    "variance": 0.009897936731943202,
    "error": 9.948837485828785e-5,
    "mean": 0.5805424946
  }
}
