{
  "sqr_magnetization": {
    "variance": 0.006881624266943392,
    "error": 8.295555597392735e-5,
    "mean": 0.8195957449000003
  },
  "abs_magnetization": {
    "variance": 0.002423699212723113,
    "error": 4.923107974362449e-5,
    "mean": 0.90397569
  },
  "energy": {
    "variance": 0.001958539942392343,
    "error": 4.4255394500471274e-5,
    "mean": -0.86509574
  },
  "magnetization": {
    "variance": 0.6313676816697255,
    "error": 0.0007945864847011465,
    "mean": 0.43385331
  },
  "sqr_energy": {
    "variance": 0.005741735403332403,
    "error": 7.577423970804592e-5,
    "mean": 0.7503491773500002
  }
}
