{
  "sqr_magnetization": {
    "variance": 0.05043038921448364,
    "error": 0.00022456711516712243,
    "mean": 0.408179171325
  },
  "energy": {
    "variance": 0.005656814740553515,
    "error": 7.521179921098493e-5,
    "mean": -0.6810257150000001
  },
  "magnetization": {
    "variance": 0.4066939831791209,
    "error": 0.0006377256331520012,
    "mean": -0.03854341500000001
  },
  "sqr_energy": {
    "variance": 0.010528794535529762,
    "error": 0.00010260991441147274,
    "mean": 0.46945283357500006
  }
}
