{
  "sqr_magnetization": {
    "variance": 0.021503274787591942,
    "error": 0.00014663994949396273,
    "mean": 0.7061227117750002
  },
  "energy": {
    "variance": 0.00346930314014304,
    "error": 5.8900790658046686e-5,
    "mean": -0.80544551
  },
  "magnetization": {
    "variance": 0.013018630192929969,
    "error": 0.00011409921206095145,
    "mean": -0.8325287349999999
  },
  "sqr_energy": {
    "variance": 0.00868599350580451,
    "error": 9.319867759686566e-5,
    "mean": 0.65221176925
  }
}
