{
  "sqr_magnetization": {
    "variance": 0.0013302667910543103,
    "error": 3.647282263623574e-5,
    "mean": 0.9318795456000002
  },
  "energy": {
    "variance": 0.0007240961576689318,
    "error": 2.6909034870632795e-5,
    "mean": -0.9416739150000001
  },
  "magnetization": {
    "variance": 0.0003645987985503984,
    "error": 1.909447036579958e-5,
    "mean": -0.9651502200000004
  },
  "sqr_energy": {
    "variance": 0.0025326144719963234,
    "error": 5.032508789854543e-5,
    "mean": 0.8874738576250004
  }
}
