{
  "energy": {
    "variance": 0.0048415248617473625,
    "error": 6.958106683392661e-5,
    "mean": -0.74296905
  },
  "magnetization": {
    "variance": 0.5506732839029734,
    "error": 0.0007420736377900602,
    "mean": 0.11920152000000002
  }
}
