{
  "sqr_magnetization": {
    "variance": 0.0010030981491860904,
    "error": 3.167172475862485e-5,
    "mean": 0.9448525394750001
  },
  "energy": {
    "variance": 0.0005816529492205484,
    "error": 2.411748223220136e-5,
    "mean": -0.9519651800000002
  },
  "magnetization": {
    "variance": 0.0002705980210349962,
    "error": 1.6449863860682746e-5,
    "mean": -0.9718960550000004
  },
  "sqr_energy": {
    "variance": 0.002079594086647734,
    "error": 4.560256666732404e-5,
    "mean": 0.9068193563000003
  }
}
