{
  "sqr_magnetization": {
    "variance": 0.001187808663404898,
    "error": 3.446460014862929e-5,
    "mean": 0.025345794050000002
  },
  "abs_magnetization": {
    "variance": 0.008995580178940081,
    "error": 9.48450324420846e-5,
    "mean": 0.12786799
  },
  "energy": {
    "variance": 0.002171947764032738,
    "error": 4.660416037257552e-5,
    "mean": -0.393933495
  },
  "magnetization": {
    "variance": 0.025345408975799375,
    "error": 0.00015920241510667912,
    "mean": -0.0006406399999999998
  },
  "sqr_energy": {
    "variance": 0.0013748171169297243,
    "error": 3.707852635865838e-5,
    "mean": 0.15735554407500002
  }
}
