{
  "energy": {
    "variance": 0.00430623455633315,
    "error": 6.56219060705581e-5,
    "mean": -0.7656620375000001
  },
  "magnetization": {
    "variance": 0.6147651506717938,
    "error": 0.0007840696083077024,
    "mean": -0.07930337
  }
}
