{
  "sqr_magnetization": {
    "variance": 0.012569699324388613,
    "error": 0.00011211467042447484,
    "mean": 0.09729440937499999
  },
  "abs_magnetization": {
    "variance": 0.030647872494071266,
    "error": 0.00017506533778584288,
    "mean": 0.25815996500000005
  },
  "energy": {
    "variance": 0.0032855927246420997,
    "error": 5.7320090061357196e-5,
    "mean": -0.5246990249999999
  },
  "magnetization": {
    "variance": 0.09728697726317664,
    "error": 0.00031190860402235883,
    "mean": 0.002743975000000001
  },
  "sqr_energy": {
    "variance": 0.003746220942519921,
    "error": 6.120637991680214e-5,
    "mean": 0.27859465627499996
  }
}
