{
  "sqr_magnetization": {
    "variance": 0.0035941699553583176,
    "error": 5.995139660890576e-5,
    "mean": 0.04580237495
  },
  "abs_magnetization": {
    "variance": 0.015864754031752432,
    "error": 0.00012595536523607253,
    "mean": 0.17302496
  },
  "energy": {
    "variance": 0.0025616601173670925,
    "error": 5.061284537908428e-5,
    "mean": -0.456279695
  },
  "magnetization": {
    "variance": 0.045792619522743425,
    "error": 0.00021399210154289205,
    "mean": -0.0031306900000000006
  },
  "sqr_energy": {
    "variance": 0.0021831249135515285,
    "error": 4.672392228346769e-5,
    "mean": 0.21075281762499998
  }
}
