{
  "sqr_magnetization": {
    "variance": 0.0025799046905051718,
    "error": 5.079276218621283e-5,
    "mean": 0.8952373318750003
  },
  "energy": {
    "variance": 0.0011267952997180742,
    "error": 3.3567771741926426e-5,
    "mean": -0.914614835
  },
  "magnetization": {
    "variance": 0.0007460456785506525,
    "error": 2.7313836759976664e-5,
    "mean": -0.9457754950000002
  },
  "sqr_energy": {
    "variance": 0.003708037824412446,
    "error": 6.089365996893639e-5,
    "mean": 0.8376470905750004
  }
}
