{
  "sqr_magnetization": {
    "variance": 0.012650971565714177,
    "error": 0.00011247653784551771,
    "mean": 0.7440831503
  },
  "energy": {
    "variance": 0.0027893619886063636,
    "error": 5.2814410804309494e-5,
    "mean": -0.822161325
  },
  "magnetization": {
    "variance": 0.004981389743711345,
    "error": 7.057896105576608e-5,
    "mean": -0.8597102799999999
  },
  "sqr_energy": {
    "variance": 0.0073830263350948165,
    "error": 8.592453860856523e-5,
    "mean": 0.6787386035249999
  }
}
