{
  "sqr_magnetization": {
    "variance": 0.050187756325300904,
    "error": 0.00022402624026060186,
    "mean": 0.40968810035
  },
  "abs_magnetization": {
    "variance": 0.04772229564173524,
    "error": 0.00021845433308070416,
    "mean": 0.60163598
  },
  "energy": {
    "variance": 0.005602024503700277,
    "error": 7.484667329748381e-5,
    "mean": -0.6805828150000001
  },
  "magnetization": {
    "variance": 0.4096264425231184,
    "error": 0.0006400206578877892,
    "mean": -0.007878289999999996
  },
  "sqr_energy": {
    "variance": 0.010393204636968592,
    "error": 0.00010194706781937669,
    "mean": 0.468794986975
  }
}
