{
  "sqr_magnetization": {
    "variance": 0.005530623566434767,
    "error": 7.436816231718225e-5,
    "mean": 0.8459413141250004
  },
  "energy": {
    "variance": 0.0017130019647530654,
    "error": 4.138842790869286e-5,
    "mean": -0.8818293299999999
  },
  "magnetization": {
    "variance": 0.001852073869616844,
    "error": 4.303572782720009e-5,
    "mean": -0.918743295
  },
  "sqr_energy": {
    "variance": 0.005205465624932071,
    "error": 7.214891284650151e-5,
    "mean": 0.7793359675000002
  }
}
