{
  "sqr_magnetization": {
    "variance": 0.0018568012078266658,
    "error": 4.309061623865068e-5,
    "mean": 0.031954880975
  },
  "energy": {
    "variance": 0.002353162189011788,
    "error": 4.850940309890226e-5,
    "mean": -0.42394752
  },
  "magnetization": {
    "variance": 0.03195484826390124,
    "error": 0.00017875919071169808,
    "mean": -0.0002542949999999978
  },
  "sqr_energy": {
    "variance": 0.0017224335450578888,
    "error": 4.1502211327324336e-5,
    "mean": 0.18208465955
  }
}
