{
  "sqr_magnetization": {
    "variance": 0.0007814460877758234,
    "error": 2.795435722344235e-5,
    "mean": 0.020416948625
  },
  "energy": {
    "variance": 0.00202140265888016,
    "error": 4.4960011775800946e-5,
    "mean": -0.36481234999999995
  },
  "magnetization": {
    "variance": 0.020411183351614327,
    "error": 0.000142867712768191,
    "mean": -0.0024053450000000006
  },
  "sqr_energy": {
    "variance": 0.0010963271390703724,
    "error": 3.311083114436079e-5,
    "mean": 0.13510945135
  }
}
