{
  "sqr_magnetization": {
    "variance": 0.004093689501468458,
    "error": 6.398194668395499e-5,
    "mean": 0.049514556950000004
  },
  "abs_magnetization": {
    "variance": 0.016981687955125457,
    "error": 0.00013031380569657788,
    "mean": 0.18036875
  },
  "energy": {
    "variance": 0.0026246818853342857,
    "error": 5.123164925448219e-5,
    "mean": -0.46431426000000003
  },
  "magnetization": {
    "variance": 0.04950984197496908,
    "error": 0.00022250807170745308,
    "mean": -0.002182770000000001
  },
  "sqr_energy": {
    "variance": 0.0023178616486387808,
    "error": 4.8144175646061076e-5,
    "mean": 0.21821241129999996
  }
}
