{
  "sqr_magnetization": {
    "variance": 0.00092859702153819,
    "error": 3.0472889943984475e-5,
    "mean": 0.9475766250250002
  },
  "abs_magnetization": {
    "variance": 0.0002497489021246773,
    "error": 1.5803445894002904e-5,
    "mean": 0.9733071850000002
  },
  "energy": {
    "variance": 0.0005495026663916407,
    "error": 2.3441473212911356e-5,
    "mean": -0.9540788550000002
  },
  "magnetization": {
    "variance": 0.0002497489021246773,
    "error": 1.5803445894002904e-5,
    "mean": -0.9733071850000002
  },
  "sqr_energy": {
    "variance": 0.001973956423364375,
    "error": 4.442922938071709e-5,
    "mean": 0.9108159636750005
  }
}
