{
  "sqr_magnetization": {
    "variance": 0.0009390980751465184,
    "error": 3.064470713102865e-5,
    "mean": 0.022295682775000002
  },
  "abs_magnetization": {
    "variance": 0.007946658742030717,
    "error": 8.914403368723403e-5,
    "mean": 0.11978744499999999
  },
  "energy": {
    "variance": 0.002107647701628102,
    "error": 4.590912438315614e-5,
    "mean": -0.37832514
  },
  "magnetization": {
    "variance": 0.022295198531957307,
    "error": 0.0001493157678611248,
    "mean": -0.0007117149999999999
  },
  "sqr_energy": {
    "variance": 0.0012316610692203029,
    "error": 3.509502912408398e-5,
    "mean": 0.14523755715
  }
}
