{
  "sqr_magnetization": {
    "variance": 0.0014758035325455074,
    "error": 3.8416188417716656e-5,
    "mean": 0.02834155315
  },
  "abs_magnetization": {
    "variance": 0.010048473219670721,
    "error": 0.00010024207310142145,
    "mean": 0.13525195
  },
  "energy": {
    "variance": 0.002249028086137461,
    "error": 4.74239189242882e-5,
    "mean": -0.406270625
  },
  "magnetization": {
    "variance": 0.0283414104016335,
    "error": 0.0001683490730643727,
    "mean": -0.00041363
  },
  "sqr_energy": {
    "variance": 0.0015143806056156916,
    "error": 3.891504343587055e-5,
    "mean": 0.167304846575
  }
}
