{
  "sqr_magnetization": {
    "variance": 0.010969697463922639,
    "error": 0.00010473632351731008,
    "mean": 0.0890032388
  },
  "abs_magnetization": {
    "variance": 0.028488187324690425,
    "error": 0.0001687844404105142,
    "mean": 0.24599813
  },
  "energy": {
    "variance": 0.0031697858949006705,
    "error": 5.630085163566063e-5,
    "mean": -0.517189235
  },
  "magnetization": {
    "variance": 0.0889752085115909,
    "error": 0.0002982871242806013,
    "mean": 0.00530276
  },
  "sqr_energy": {
    "variance": 0.0035043667867495315,
    "error": 5.919769241068043e-5,
    "mean": 0.27065448752499993
  }
}
