{
  "sqr_magnetization": {
    "variance": 0.027399323181403,
    "error": 0.00016552740915450528,
    "mean": 0.6493181433749999
  },
  "abs_magnetization": {
    "variance": 0.015975834392628768,
    "error": 0.00012639554736077046,
    "mean": 0.795828075
  },
  "energy": {
    "variance": 0.00393892436961947,
    "error": 6.276085061261893e-5,
    "mean": -0.77830757
  },
  "magnetization": {
    "variance": 0.6464764365780609,
    "error": 0.0008040375840581464,
    "mean": 0.05331372499999999
  },
  "sqr_energy": {
    "variance": 0.009264744216722286,
    "error": 9.625354132042252e-5,
    "mean": 0.60970159395
  }
}
