{
  "sqr_magnetization": {
    "variance": 0.0048581174266604365,
    "error": 6.97001967476451e-5,
    "mean": 0.054681387350000006
  },
  "abs_magnetization": {
    "variance": 0.018551801634949537,
    "error": 0.00013620499856814924,
    "mean": 0.19007788999999997
  },
  "energy": {
    "variance": 0.0026873759696759447,
    "error": 5.183990711484681e-5,
    "mean": -0.472863755
  },
  "magnetization": {
    "variance": 0.05468071947971858,
    "error": 0.00023383908886180383,
    "mean": -0.0008500299999999998
  },
  "sqr_energy": {
    "variance": 0.002463711889655622,
    "error": 4.963579242497919e-5,
    "mean": 0.226287504075
  }
}
