{
  "sqr_magnetization": {
    "variance": 0.0013591970908791978,
    "error": 3.686729025680078e-5,
    "mean": 0.027096890375000002
  },
  "abs_magnetization": {
    "variance": 0.009642068350008123,
    "error": 9.81940341874603e-5,
    "mean": 0.13211673499999999
  },
  "energy": {
    "variance": 0.0022237600856444863,
    "error": 4.715676076284806e-5,
    "mean": -0.40089966
  },
  "magnetization": {
    "variance": 0.02709652939859737,
    "error": 0.00016461023479297202,
    "mean": -0.0006229550000000003
  },
  "sqr_energy": {
    "variance": 0.0014583814757060535,
    "error": 3.8188761117716996e-5,
    "mean": 0.16294429525000004
  }
}
