{
  "sqr_magnetization": {
    "variance": 0.0012661231203862514,
    "error": 3.5582623854716664e-5,
    "mean": 0.026065390825
  },
  "abs_magnetization": {
    "variance": 0.009274108818232592,
    "error": 9.630217452494307e-5,
    "mean": 0.129581215
  },
  "energy": {
    "variance": 0.0022059004733248487,
    "error": 4.696701473720518e-5,
    "mean": -0.39734972500000004
  },
  "magnetization": {
    "variance": 0.026065413135787512,
    "error": 0.00016144786507039203,
    "mean": 6.127500000000038e-5
  },
  "sqr_energy": {
    "variance": 0.0014209410937491985,
    "error": 3.769537231211808e-5,
    "mean": 0.160092702225
  }
}
