{
  "sqr_magnetization": {
    "variance": 0.04159662258130853,
    "error": 0.00020395250079689763,
    "mean": 0.5416886759250001
  },
  "abs_magnetization": {
    "variance": 0.031072141007524985,
    "error": 0.00017627291626204234,
    "mean": 0.714574395
  },
  "energy": {
    "variance": 0.005008796868150468,
    "error": 7.077285403423029e-5,
    "mean": -0.7326540800000001
  },
  "magnetization": {
    "variance": 0.5416380027148356,
    "error": 0.0007359605986157382,
    "mean": -0.007156454999999993
  },
  "sqr_energy": {
    "variance": 0.01051291972150469,
    "error": 0.00010253253006487594,
    "mean": 0.5417907928
  }
}
