{
  "sqr_magnetization": {
    "variance": 0.050295034851153095,
    "error": 0.000224265545394635,
    "mean": 0.385307501825
  },
  "abs_magnetization": {
    "variance": 0.04992198881570819,
    "error": 0.00022343229134506987,
    "mean": 0.579124825
  },
  "energy": {
    "variance": 0.005597657203567602,
    "error": 7.481749263085204e-5,
    "mean": -0.67124336
  },
  "magnetization": {
    "variance": 0.3847681600721999,
    "error": 0.0006202968322280873,
    "mean": 0.023232015000000005
  },
  "sqr_energy": {
    "variance": 0.010157067407705188,
    "error": 0.00010078227725004624,
    "mean": 0.45616529995
  }
}
