{
  "sqr_magnetization": {
    "variance": 0.0010264587485194839,
    "error": 3.2038394911722464e-5,
    "mean": 0.9435752837500002
  },
  "abs_magnetization": {
    "variance": 0.0002775285825996827,
    "error": 1.6659189133918936e-5,
    "mean": 0.9712351700000003
  },
  "energy": {
    "variance": 0.0005919464742180735,
    "error": 2.432995014828583e-5,
    "mean": -0.9508722200000002
  },
  "magnetization": {
    "variance": 0.0002775285825996827,
    "error": 1.6659189133918936e-5,
    "mean": -0.9712351700000003
  },
  "sqr_energy": {
    "variance": 0.0021118973176028864,
    "error": 4.5955383989287764e-5,
    "mean": 0.9047499246500004
  }
}
