{
  "sqr_magnetization": {
    "variance": 0.01300595586406187,
    "error": 0.00011404365771081648,
    "mean": 0.10022773397499998
  },
  "energy": {
    "variance": 0.0033296251656290657,
    "error": 5.770290430844071e-5,
    "mean": -0.52565781
  },
  "magnetization": {
    "variance": 0.09955776225627204,
    "error": 0.00031552775195895535,
    "mean": 0.02588573499999999
  },
  "sqr_energy": {
    "variance": 0.003810149804971454,
    "error": 6.172641091924473e-5,
    "mean": 0.27964575505
  }
}
