{
  "sqr_magnetization": {
    "variance": 0.0010629029292720193,
    "error": 3.260219209304827e-5,
    "mean": 0.94306757355
  },
  "energy": {
    "variance": 0.0006062057087374828,
    "error": 2.4621245068791358e-5,
    "mean": -0.9505648650000003
  },
  "magnetization": {
    "variance": 0.0002876487485462486,
    "error": 1.696021074592673e-5,
    "mean": -0.9709685500000003
  },
  "sqr_energy": {
    "variance": 0.0021597025504624476,
    "error": 4.647259999679863e-5,
    "mean": 0.9041797676750005
  }
}
