{
  "sqr_magnetization": {
    "variance": 0.0016906678783582252,
    "error": 4.1117731921377e-5,
    "mean": 0.9201137448500004
  },
  "abs_magnetization": {
    "variance": 0.00047265846960236924,
    "error": 2.1740709960863037e-5,
    "mean": 0.9589791900000004
  },
  "energy": {
    "variance": 0.0008436125270844262,
    "error": 2.9045008643214864e-5,
    "mean": -0.9326984099999999
  },
  "magnetization": {
    "variance": 0.00047265846960236924,
    "error": 2.1740709960863037e-5,
    "mean": -0.9589791900000004
  },
  "sqr_energy": {
    "variance": 0.002892695222175585,
    "error": 5.3783782148298056e-5,
    "mean": 0.8707699357000005
  }
}
