{
  "sqr_magnetization": {
    "variance": 0.004072758964340854,
    "error": 6.381817111403972e-5,
    "mean": 0.048069887699999994
  },
  "energy": {
    "variance": 0.0026050215858679855,
    "error": 5.103941208387872e-5,
    "mean": -0.45635756
  },
  "magnetization": {
    "variance": 0.04798906505736896,
    "error": 0.00021906406610251933,
    "mean": 0.008992810000000002
  },
  "sqr_energy": {
    "variance": 0.0022315816099893132,
    "error": 4.723961907117068e-5,
    "mean": 0.21086724155
  }
}
