{
  "sqr_magnetization": {
    "variance": 0.0012400811294375415,
    "error": 3.5214785665080254e-5,
    "mean": 0.9352778716000002
  },
  "energy": {
    "variance": 0.0006842026917346657,
    "error": 2.6157268430298023e-5,
    "mean": -0.9443628050000001
  },
  "magnetization": {
    "variance": 0.00033842217849327843,
    "error": 1.8396254469137962e-5,
    "mean": -0.9669226700000004
  },
  "sqr_energy": {
    "variance": 0.00240759014302899,
    "error": 4.906720027705871e-5,
    "mean": 0.8925053094750005
  }
}
