{
  "energy": {
    "variance": 0.005247045481398292,
    "error": 7.243649274639333e-5,
    "mean": -0.6328776262500001
  },
  "magnetization": {
    "variance": 0.2926758090193769,
    "error": 0.0005409952023995933,
    "mean": -0.03297361000000001
  }
}
