{
  "sqr_magnetization": {
    "variance": 0.0018946678710435236,
    "error": 4.35277827489929e-5,
    "mean": 0.03179258275
  },
  "energy": {
    "variance": 0.002328853426360527,
    "error": 4.825819543207689e-5,
    "mean": -0.42001423
  },
  "magnetization": {
    "variance": 0.031790469516601416,
    "error": 0.00017829882085028327,
    "mean": 0.0014645899999999998
  },
  "sqr_energy": {
    "variance": 0.0016778227442180238,
    "error": 4.0961234652022195e-5,
    "mean": 0.17874080449999996
  }
}
