{
  "energy": {
    "variance": 0.0021554291612527554,
    "error": 4.642659971667918e-5,
    "mean": -0.8537409625
  },
  "magnetization": {
    "variance": 0.0027935463494279493,
    "error": 5.2854009776250175e-5,
    "mean": -0.89319072
  }
}
