{
  "sqr_magnetization": {
    "variance": 0.0013620070142249246,
    "error": 3.6905379204459134e-5,
    "mean": 0.9304343896000001
  },
  "energy": {
    "variance": 0.0007365256638406375,
    "error": 2.7139006316382285e-5,
    "mean": -0.9405435050000002
  },
  "magnetization": {
    "variance": 0.00037391577717087697,
    "error": 1.9336901953800072e-5,
    "mean": -0.9643964300000004
  },
  "sqr_energy": {
    "variance": 0.0025702311189068757,
    "error": 5.069744686773561e-5,
    "mean": 0.8853586097250004
  }
}
