{
  "sqr_magnetization": {
    "variance": 0.007009029939673663,
    "error": 8.371994947247439e-5,
    "mean": 0.067318152325
  },
  "abs_magnetization": {
    "variance": 0.022509111041415817,
    "error": 0.00015003036706419075,
    "mean": 0.21168151500000001
  },
  "energy": {
    "variance": 0.002881857363264138,
    "error": 5.36829336313147e-5,
    "mean": -0.492946115
  },
  "magnetization": {
    "variance": 0.06731743570042166,
    "error": 0.0002594560380881926,
    "mean": -0.0008854049999999993
  },
  "sqr_energy": {
    "variance": 0.002878553259948583,
    "error": 5.365215056219632e-5,
    "mean": 0.245877726775
  }
}
