{
  "sqr_magnetization": {
    "variance": 0.0007160545557698681,
    "error": 2.6759195723524057e-5,
    "mean": 0.019431250525000002
  },
  "abs_magnetization": {
    "variance": 0.006950798405597779,
    "error": 8.337144838371095e-5,
    "mean": 0.11171597500000001
  },
  "energy": {
    "variance": 0.0020315243079490836,
    "error": 4.507243401402995e-5,
    "mean": -0.36192248499999996
  },
  "magnetization": {
    "variance": 0.019431024242491216,
    "error": 0.0001393952088218645,
    "mean": -0.0004956949999999998
  },
  "sqr_energy": {
    "variance": 0.001085602839122819,
    "error": 3.2948487660632e-5,
    "mean": 0.13301940742499999
  }
}
