{
  "sqr_magnetization": {
    "variance": 0.043962914131533554,
    "error": 0.00020967335102853093,
    "mean": 0.5482374445
  },
  "energy": {
    "variance": 0.005183437573542349,
    "error": 7.199609415476891e-5,
    "mean": -0.737578485
  },
  "magnetization": {
    "variance": 0.5408638012125764,
    "error": 0.0007354344302604932,
    "mean": 0.08587307000000002
  },
  "sqr_energy": {
    "variance": 0.010998145854558682,
    "error": 0.00010487204515293235,
    "mean": 0.5492054539250001
  }
}
