{
  "energy": {
    "variance": 0.0008442358449078375,
    "error": 2.90557368674043e-5,
    "mean": -0.9327295225
  },
  "magnetization": {
    "variance": 0.00047158822530182494,
    "error": 2.1716082181227464e-5,
    "mean": -0.9590169200000004
  }
}
