{
  "sqr_magnetization": {
    "variance": 0.0011066589836429325,
    "error": 3.326648438959146e-5,
    "mean": 0.9404950304250003
  },
  "abs_magnetization": {
    "variance": 0.0003004667514137266,
    "error": 1.733397679165767e-5,
    "mean": 0.9696363050000004
  },
  "energy": {
    "variance": 0.0006259449776085767,
    "error": 2.5018892413705623e-5,
    "mean": -0.9484255800000001
  },
  "magnetization": {
    "variance": 0.0003004667514137266,
    "error": 1.733397679165767e-5,
    "mean": -0.9696363050000004
  },
  "sqr_energy": {
    "variance": 0.0022212295255590398,
    "error": 4.712992176483046e-5,
    "mean": 0.9001370251500005
  }
}
