{
  "sqr_magnetization": {
    "variance": 0.007207546117860037,
    "error": 8.489726802353559e-5,
    "mean": 0.07052268325
  },
  "energy": {
    "variance": 0.0029531369427545423,
    "error": 5.4342772681880544e-5,
    "mean": -0.49887732
  },
  "magnetization": {
    "variance": 0.0705142766991051,
    "error": 0.0002655452441658579,
    "mean": -0.002911540000000001
  },
  "sqr_energy": {
    "variance": 0.003013627888509721,
    "error": 5.489651982147613e-5,
    "mean": 0.25183171439999996
  }
}
