{
  "sqr_magnetization": {
    "variance": 0.005501227515289717,
    "error": 7.417026031563944e-5,
    "mean": 0.059642293125
  },
  "energy": {
    "variance": 0.002757646316635092,
    "error": 5.2513296569869726e-5,
    "mean": -0.475850715
  },
  "magnetization": {
    "variance": 0.05963719720595498,
    "error": 0.00024420728327786414,
    "mean": 0.002270584999999999
  },
  "sqr_energy": {
    "variance": 0.0025601311283580137,
    "error": 5.059773837196692e-5,
    "mean": 0.22919154652499998
  }
}
