{
  "sqr_magnetization": {
    "variance": 0.005799982664505523,
    "error": 7.615761724545696e-5,
    "mean": 0.8324286274500003
  },
  "abs_magnetization": {
    "variance": 0.0018928091575447564,
    "error": 4.3506426623485826e-5,
    "mean": 0.9113373799999999
  },
  "energy": {
    "variance": 0.001809545585277486,
    "error": 4.2538753922482093e-5,
    "mean": -0.8727445899999999
  },
  "magnetization": {
    "variance": 0.0018928091575447564,
    "error": 4.3506426623485826e-5,
    "mean": -0.9113373799999999
  },
  "sqr_energy": {
    "variance": 0.005405262009616396,
    "error": 7.352048700611549e-5,
    "mean": 0.7634926631500002
  }
}
