{
  "sqr_magnetization": {
    "variance": 0.014170822507782566,
    "error": 0.0001190412638868664,
    "mean": 0.74567781535
  },
  "abs_magnetization": {
    "variance": 0.006213540536752436,
    "error": 7.882601434014304e-5,
    "mean": 0.8599210899999999
  },
  "energy": {
    "variance": 0.002830766213690613,
    "error": 5.320494538753529e-5,
    "mean": -0.8238723400000001
  },
  "magnetization": {
    "variance": 0.7362222260517765,
    "error": 0.0008580339305946918,
    "mean": -0.09724363999999998
  },
  "sqr_energy": {
    "variance": 0.007479074223612907,
    "error": 8.64816409627668e-5,
    "mean": 0.681596396
  }
}
