{
  "sqr_magnetization": {
    "variance": 0.0008226054934059545,
    "error": 2.8681099933683757e-5,
    "mean": 0.020862176675
  },
  "abs_magnetization": {
    "variance": 0.007454821819094595,
    "error": 8.634131003809587e-5,
    "mean": 0.11579016500000001
  },
  "energy": {
    "variance": 0.002071210044400044,
    "error": 4.551054871565541e-5,
    "mean": -0.3700541
  },
  "magnetization": {
    "variance": 0.02086210345687783,
    "error": 0.00014443719554490744,
    "mean": 0.0003067250000000002
  },
  "sqr_energy": {
    "variance": 0.0011580803468025707,
    "error": 3.403057958370046e-5,
    "mean": 0.1390112449
  }
}
