{
  "energy": {
    "variance": 0.005650668126107299,
    "error": 7.517092606924101e-5,
    "mean": -0.67436302875
  },
  "magnetization": {
    "variance": 0.388435339044899,
    "error": 0.0006232458094884385,
    "mean": -0.04596224500000001
  }
}
