{
  "sqr_magnetization": {
    "variance": 0.0009704505125834418,
    "error": 3.115205470885415e-5,
    "mean": 0.9458830263750001
  },
  "abs_magnetization": {
    "variance": 0.0002616089556533308,
    "error": 1.6174330145428924e-5,
    "mean": 0.9724306750000002
  },
  "energy": {
    "variance": 0.0005671591349475343,
    "error": 2.3815103084965523e-5,
    "mean": -0.9527254600000002
  },
  "magnetization": {
    "variance": 0.0002616089556533308,
    "error": 1.6174330145428924e-5,
    "mean": -0.9724306750000002
  },
  "sqr_energy": {
    "variance": 0.002031541206947959,
    "error": 4.5072621478542373e-5,
    "mean": 0.9082529607000004
  }
}
