{
  "sqr_magnetization": {
    "variance": 0.007585719106475324,
    "error": 8.70960338159857e-5,
    "mean": 0.8225453733750004
  },
  "energy": {
    "variance": 0.0019975884100333855,
    "error": 4.4694389021815544e-5,
    "mean": -0.8682305049999999
  },
  "magnetization": {
    "variance": 0.0026566607906465655,
    "error": 5.154280542080112e-5,
    "mean": -0.9054770649999999
  },
  "sqr_energy": {
    "variance": 0.005881839888655092,
    "error": 7.669315411857236e-5,
    "mean": 0.7558217962250001
  }
}
