{
  "sqr_magnetization": {
    "variance": 0.002479168074973573,
    "error": 4.979124496308134e-5,
    "mean": 0.8979664251750005
  },
  "abs_magnetization": {
    "variance": 0.0007175757034136776,
    "error": 2.6787603539952535e-5,
    "mean": 0.9472322050000003
  },
  "energy": {
    "variance": 0.001085900567395667,
    "error": 3.2953005437981934e-5,
    "mean": -0.9164749299999998
  },
  "magnetization": {
    "variance": 0.0007175757034136776,
    "error": 2.6787603539952535e-5,
    "mean": -0.9472322050000003
  },
  "sqr_energy": {
    "variance": 0.0035901714218444913,
    "error": 5.9918039202267725e-5,
    "mean": 0.8410121968000004
  }
}
