{
  "sqr_magnetization": {
    "variance": 0.0013901137501702873,
    "error": 3.728422924200375e-5,
    "mean": 0.02752813005
  },
  "abs_magnetization": {
    "variance": 0.00973621074897865,
    "error": 9.867223899850783e-5,
    "mean": 0.13338639
  },
  "energy": {
    "variance": 0.0022226073524048524,
    "error": 4.714453682458714e-5,
    "mean": -0.40273795
  },
  "magnetization": {
    "variance": 0.02752759058365048,
    "error": 0.0001659144074022822,
    "mean": 0.0007529900000000005
  },
  "sqr_energy": {
    "variance": 0.0014712145006790182,
    "error": 3.835641407481959e-5,
    "mean": 0.16442046149999998
  }
}
