{
  "sqr_magnetization": {
    "variance": 0.0013848653064884337,
    "error": 3.72137784494995e-5,
    "mean": 0.9297051974750002
  },
  "energy": {
    "variance": 0.0007461143893142883,
    "error": 2.731509453240622e-5,
    "mean": -0.9399724900000002
  },
  "magnetization": {
    "variance": 0.0003805957555185303,
    "error": 1.9508863511710013e-5,
    "mean": -0.9640148350000003
  },
  "sqr_energy": {
    "variance": 0.0026002900847607825,
    "error": 5.099303957169824e-5,
    "mean": 0.8842943956000004
  }
}
