{
  "sqr_magnetization": {
    "variance": 0.003281582357081017,
    "error": 5.728509716393101e-5,
    "mean": 0.8790938519750005
  },
  "abs_magnetization": {
    "variance": 0.0009828636075283814,
    "error": 3.135065561560685e-5,
    "mean": 0.9370757650000001
  },
  "energy": {
    "variance": 0.0012932561633255389,
    "error": 3.596187096530906e-5,
    "mean": -0.9032541749999998
  },
  "magnetization": {
    "variance": 0.0009828636075283814,
    "error": 3.135065561560685e-5,
    "mean": -0.9370757650000001
  },
  "sqr_energy": {
    "variance": 0.0041481169549687745,
    "error": 6.440587671143662e-5,
    "mean": 0.8171613595250004
  }
}
