{
  "sqr_magnetization": {
    "variance": 0.011612089430875376,
    "error": 0.00010775940530123288,
    "mean": 0.7695740152750002
  },
  "abs_magnetization": {
    "variance": 0.004719202454956231,
    "error": 6.869645154559462e-5,
    "mean": 0.8745597849999999
  },
  "energy": {
    "variance": 0.00254973860970621,
    "error": 5.049493647591024e-5,
    "mean": -0.83662482
  },
  "magnetization": {
    "variance": 0.4866600673691571,
    "error": 0.0006976102546330273,
    "mean": -0.5318970149999999
  },
  "sqr_energy": {
    "variance": 0.006960005193361243,
    "error": 8.342664558377764e-5,
    "mean": 0.7024908255000001
  }
}
