{
  "sqr_magnetization": {
    "variance": 0.012857529487277948,
    "error": 0.0001133910467685961,
    "mean": 0.7499652375250001
  },
  "energy": {
    "variance": 0.002749078160153135,
    "error": 5.243165227372808e-5,
    "mean": -0.8257675050000001
  },
  "magnetization": {
    "variance": 0.005229338436657812,
    "error": 7.231416484104489e-5,
    "mean": -0.862980825
  },
  "sqr_energy": {
    "variance": 0.007335859072341469,
    "error": 8.564962972682058e-5,
    "mean": 0.684641047725
  }
}
