{
  "energy": {
    "variance": 0.0033481836773680386,
    "error": 5.7863491748839685e-5,
    "mean": -0.80610875375
  },
  "magnetization": {
    "variance": 0.7055577248600113,
    "error": 0.0008399748358492719,
    "mean": -0.051895559999999986
  }
}
