{
  "sqr_magnetization": {
    "variance": 0.009782503917849806,
    "error": 9.890654132993332e-5,
    "mean": 0.08300604754999999
  },
  "abs_magnetization": {
    "variance": 0.026841416147510545,
    "error": 0.00016383350129784368,
    "mean": 0.23699083999999998
  },
  "energy": {
    "variance": 0.0030846502080877085,
    "error": 5.55396273672025e-5,
    "mean": -0.51165125
  },
  "magnetization": {
    "variance": 0.08300465904009545,
    "error": 0.0002881052915864189,
    "mean": -0.0012130600000000004
  },
  "sqr_energy": {
    "variance": 0.0033280153225106954,
    "error": 5.768895321039111e-5,
    "mean": 0.2648716487499999
  }
}
