{
  "sqr_magnetization": {
    "variance": 0.0015967152072527983,
    "error": 3.995891899504788e-5,
    "mean": 0.9245741709000003
  },
  "energy": {
    "variance": 0.0008084360758679747,
    "error": 2.843301032018901e-5,
    "mean": -0.9361795900000001
  },
  "magnetization": {
    "variance": 0.0004440660238064235,
    "error": 2.1072874123062176e-5,
    "mean": -0.9613168600000004
  },
  "sqr_energy": {
    "variance": 0.002791951507365904,
    "error": 5.283892038418181e-5,
    "mean": 0.8772406600000004
  }
}
