{
  "sqr_magnetization": {
    "variance": 0.0028607810165984003,
    "error": 5.3486269421211275e-5,
    "mean": 0.8898720146000003
  },
  "energy": {
    "variance": 0.0011924907394401144,
    "error": 3.4532459215064806e-5,
    "mean": -0.910941025
  },
  "magnetization": {
    "variance": 0.0008366863997963988,
    "error": 2.892553197084539e-5,
    "mean": -0.9428867000000002
  },
  "sqr_energy": {
    "variance": 0.003891198686577017,
    "error": 6.23794732790925e-5,
    "mean": 0.8310060405750004
  }
}
