{
  "sqr_magnetization": {
    "variance": 0.006659329015129211,
    "error": 8.16047119664619e-5,
    "mean": 0.063483507375
  },
  "energy": {
    "variance": 0.0029188342056411807,
    "error": 5.402623627128935e-5,
    "mean": -0.49121030499999996
  },
  "magnetization": {
    "variance": 0.06347471299398677,
    "error": 0.0002519418841597934,
    "mean": 0.002976214999999999
  },
  "sqr_energy": {
    "variance": 0.002899315481559761,
    "error": 5.384529210209339e-5,
    "mean": 0.24420639502499997
  }
}
