{
  "sqr_magnetization": {
    "variance": 0.0011621878321256603,
    "error": 3.4090876083281584e-5,
    "mean": 0.9380996279500002
  },
  "energy": {
    "variance": 0.0006523969866067607,
    "error": 2.554206308438613e-5,
    "mean": -0.9465757350000001
  },
  "magnetization": {
    "variance": 0.0003159428309604309,
    "error": 1.7774780757028507e-5,
    "mean": -0.9683923200000003
  },
  "sqr_energy": {
    "variance": 0.0023064960145839975,
    "error": 4.802599311397941e-5,
    "mean": 0.8966580184250004
  }
}
