{
  "sqr_magnetization": {
    "variance": 0.04511911067799872,
    "error": 0.0002124125953845457,
    "mean": 0.5054500668
  },
  "energy": {
    "variance": 0.00546522880521318,
    "error": 7.392718583317763e-5,
    "mean": -0.717316125
  },
  "magnetization": {
    "variance": 0.505233330964521,
    "error": 0.0007107976723122559,
    "mean": -0.014739100000000034
  },
  "sqr_energy": {
    "variance": 0.011036117622581405,
    "error": 0.0001050529277201802,
    "mean": 0.5200076465250001
  }
}
