{
  "sqr_magnetization": {
    "variance": 0.007643959447703223,
    "error": 8.742974006425516e-5,
    "mean": 0.070404965
  },
  "energy": {
    "variance": 0.0030158337206408208,
    "error": 5.4916606965842496e-5,
    "mean": -0.49507173
  },
  "magnetization": {
    "variance": 0.07040409727625238,
    "error": 0.0002653377042115432,
    "mean": 0.0009685700000000015
  },
  "sqr_energy": {
    "variance": 0.003063456974367587,
    "error": 5.5348504716636993e-5,
    "mean": 0.24811184854999999
  }
}
