{
  "sqr_magnetization": {
    "variance": 0.0012877313978308111,
    "error": 3.58849745413148e-5,
    "mean": 0.9337624758000002
  },
  "abs_magnetization": {
    "variance": 0.00035286460367700366,
    "error": 1.878469067291244e-5,
    "mean": 0.9661312600000004
  },
  "energy": {
    "variance": 0.0006977205765105753,
    "error": 2.6414400930374615e-5,
    "mean": -0.9431489000000002
  },
  "magnetization": {
    "variance": 0.00035286460367700366,
    "error": 1.878469067291244e-5,
    "mean": -0.9661312600000004
  },
  "sqr_energy": {
    "variance": 0.002447695341894789,
    "error": 4.947418864311762e-5,
    "mean": 0.8902275674500004
  }
}
