{
  "sqr_magnetization": {
    "variance": 0.0006912239076850389,
    "error": 2.629113743612168e-5,
    "mean": 0.019051995650000004
  },
  "abs_magnetization": {
    "variance": 0.00681738391113981,
    "error": 8.256745067603704e-5,
    "mean": 0.11061020999999999
  },
  "energy": {
    "variance": 0.0020167480971439973,
    "error": 4.490821859241354e-5,
    "mean": -0.35858178999999996
  },
  "magnetization": {
    "variance": 0.019051480939732843,
    "error": 0.0001380271021927681,
    "mean": -0.0007305900000000001
  },
  "sqr_energy": {
    "variance": 0.0010581662851884104,
    "error": 3.252946795120403e-5,
    "mean": 0.13059764619999997
  }
}
