{
  "sqr_magnetization": {
    "variance": 0.009115808924235535,
    "error": 9.54767454631521e-5,
    "mean": 0.079480216825
  },
  "energy": {
    "variance": 0.003044645919673819,
    "error": 5.517831022851115e-5,
    "mean": -0.51113189
  },
  "magnetization": {
    "variance": 0.07945684110010807,
    "error": 0.0002818808987854766,
    "mean": 0.004843054999999996
  },
  "sqr_energy": {
    "variance": 0.0032795321009316826,
    "error": 5.726719917135535e-5,
    "mean": 0.26430045184999995
  }
}
