{
  "sqr_magnetization": {
    "variance": 0.03534832596899207,
    "error": 0.00018801150488465345,
    "mean": 0.5895833372
  },
  "abs_magnetization": {
    "variance": 0.023575935185312685,
    "error": 0.00015354457068002334,
    "mean": 0.7523346499999999
  },
  "energy": {
    "variance": 0.004556336258667234,
    "error": 6.75006389500665e-5,
    "mean": -0.752104655
  },
  "magnetization": {
    "variance": 0.5894042253404523,
    "error": 0.0007677266605638053,
    "mean": 0.01340526999999999
  },
  "sqr_energy": {
    "variance": 0.010038206599479422,
    "error": 0.00010019085087711065,
    "mean": 0.5702177437750001
  }
}
