{
  "sqr_magnetization": {
    "variance": 0.010128205720258018,
    "error": 0.00010063898707885536,
    "mean": 0.7810677120250002
  },
  "abs_magnetization": {
    "variance": 0.003878204351778727,
    "error": 6.227523064412309e-5,
    "mean": 0.8815835249999999
  },
  "energy": {
    "variance": 0.002401264412656013,
    "error": 4.90026980140483e-5,
    "mean": -0.84269922
  },
  "magnetization": {
    "variance": 0.6072907530474398,
    "error": 0.0007792886198626539,
    "mean": -0.416866365
  },
  "sqr_energy": {
    "variance": 0.0066621305572178,
    "error": 8.162187548211447e-5,
    "mean": 0.7125432374
  }
}
