{
  "sqr_magnetization": {
    "variance": 0.003376462969591581,
    "error": 5.8107340066394204e-5,
    "mean": 0.04376570295
  },
  "energy": {
    "variance": 0.002587560749175724,
    "error": 5.086807200175493e-5,
    "mean": -0.446886495
  },
  "magnetization": {
    "variance": 0.04356288346388346,
    "error": 0.0002087172332699997,
    "mean": 0.014243000000000002
  },
  "sqr_energy": {
    "variance": 0.0021143586555967594,
    "error": 4.598215583894213e-5,
    "mean": 0.202295097575
  }
}
