{
  "sqr_magnetization": {
    "variance": 0.047410773456359016,
    "error": 0.00021774015122700503,
    "mean": 0.4756453245250001
  },
  "abs_magnetization": {
    "variance": 0.03984493231910169,
    "error": 0.00019961195434918644,
    "mean": 0.6601518249999999
  },
  "energy": {
    "variance": 0.005374006296789271,
    "error": 7.330761418017416e-5,
    "mean": -0.706888545
  },
  "magnetization": {
    "variance": 0.47401727857052295,
    "error": 0.000688489127416347,
    "mean": -0.040354925
  },
  "sqr_energy": {
    "variance": 0.010623658223680313,
    "error": 0.000103071131863778,
    "mean": 0.505065415975
  }
}
