{
  "sqr_magnetization": {
    "variance": 0.042919742776739794,
    "error": 0.0002071708058022167,
    "mean": 0.55520301525
  },
  "energy": {
    "variance": 0.005092092316685092,
    "error": 7.135889795032636e-5,
    "mean": -0.7408799150000001
  },
  "magnetization": {
    "variance": 0.41481542762725065,
    "error": 0.0006440616644602057,
    "mean": -0.37468387
  },
  "sqr_energy": {
    "variance": 0.010926204447217164,
    "error": 0.00010452848629544563,
    "mean": 0.553995135675
  }
}
