{
  "sqr_magnetization": {
    "variance": 0.0009786610330245876,
    "error": 3.128355850961632e-5,
    "mean": 0.9454447936750001
  },
  "energy": {
    "variance": 0.0005742588756548499,
    "error": 2.3963699122941136e-5,
    "mean": -0.9524181550000002
  },
  "magnetization": {
    "variance": 0.00026352494573272093,
    "error": 1.623345144239884e-5,
    "mean": -0.9722043350000001
  },
  "sqr_energy": {
    "variance": 0.0020555955880614293,
    "error": 4.53386765142238e-5,
    "mean": 0.9076746002750004
  }
}
