{
  "sqr_magnetization": {
    "variance": 3.0323986126403087e-5,
    "error": 5.506721903855604e-6,
    "mean": 0.0039038951999999997
  },
  "abs_magnetization": {
    "variance": 0.0014200464537488537,
    "error": 3.7683503735041064e-5,
    "mean": 0.04983823999999999
  },
  "energy": {
    "variance": 0.0013109028211815968,
    "error": 3.6206391993425646e-5,
    "mean": -0.10164771500000001
  },
  "magnetization": {
    "variance": 0.0039038989189389196,
    "error": 6.248118852053728e-5,
    "mean": -1.3600000000000002e-5
  },
  "sqr_energy": {
    "variance": 5.822198735358007e-5,
    "error": 7.630333371064469e-6,
    "mean": 0.011643159474999998
  }
}
