{
  "sqr_magnetization": {
    "variance": 0.001309452246470731,
    "error": 3.6186354423604643e-5,
    "mean": 0.9326253652250002
  },
  "energy": {
    "variance": 0.0007151376943415931,
    "error": 2.6742058528497637e-5,
    "mean": -0.9422646900000001
  },
  "magnetization": {
    "variance": 0.0003585208952086701,
    "error": 1.8934648008575976e-5,
    "mean": -0.9655396650000004
  },
  "sqr_energy": {
    "variance": 0.0025046633524666603,
    "error": 5.0046611798069415e-5,
    "mean": 0.8885778830000004
  }
}
