{
  "sqr_magnetization": {
    "variance": 0.027109100488754402,
    "error": 0.00016464841477753256,
    "mean": 0.17049069567499997
  },
  "abs_magnetization": {
    "variance": 0.045181668540922315,
    "error": 0.00021255979991739341,
    "mean": 0.35399021499999994
  },
  "energy": {
    "variance": 0.0042118506006425,
    "error": 6.489877195018794e-5,
    "mean": -0.57497241
  },
  "magnetization": {
    "variance": 0.17048510387987828,
    "error": 0.0004128984183547792,
    "mean": -0.0024004750000000013
  },
  "sqr_energy": {
    "variance": 0.005807465332961005,
    "error": 7.620672760958185e-5,
    "mean": 0.33480511864999996
  }
}
