{
  "sqr_magnetization": {
    "variance": 0.0010901548698088368,
    "error": 3.3017493390759346e-5,
    "mean": 0.024603237925
  },
  "energy": {
    "variance": 0.0021330891513585263,
    "error": 4.6185378112109533e-5,
    "mean": -0.388922175
  },
  "magnetization": {
    "variance": 0.024525030990059964,
    "error": 0.00015660469657727372,
    "mean": 0.008844854999999997
  },
  "sqr_energy": {
    "variance": 0.0013130642862632911,
    "error": 3.6236228918905055e-5,
    "mean": 0.153393545225
  }
}
