{
  "energy": {
    "variance": 0.003514682971893407,
    "error": 5.928476171743804e-5,
    "mean": -0.7961214237500001
  },
  "magnetization": {
    "variance": 0.5761874055483671,
    "error": 0.0007590700926451833,
    "mean": 0.33541627999999996
  }
}
