{
  "sqr_magnetization": {
    "variance": 0.006718783473951092,
    "error": 8.196818574270808e-5,
    "mean": 0.8374720872250003
  },
  "energy": {
    "variance": 0.0018310829893717646,
    "error": 4.279115550404972e-5,
    "mean": -0.877253035
  },
  "magnetization": {
    "variance": 0.0023497096261166006,
    "error": 4.8473803503713226e-5,
    "mean": -0.913850305
  },
  "sqr_energy": {
    "variance": 0.00549767685842665,
    "error": 7.41463205993841e-5,
    "mean": 0.7714039685750003
  }
}
