{
  "energy": {
    "variance": 0.002000282561970435,
    "error": 4.472451857729086e-5,
    "mean": -0.35211085124999997
  },
  "magnetization": {
    "variance": 0.01802019996018996,
    "error": 0.0001342393383483022,
    "mean": 0.0009251000000000003
  }
}
