{
  "sqr_magnetization": {
    "variance": 0.0019201696986311852,
    "error": 4.381974096946701e-5,
    "mean": 0.9133643264750003
  },
  "abs_magnetization": {
    "variance": 0.0005424633825401568,
    "error": 2.3290843319642955e-5,
    "mean": 0.9554171150000004
  },
  "energy": {
    "variance": 0.0009168015281611273,
    "error": 3.027873062334561e-5,
    "mean": -0.92769102
  },
  "magnetization": {
    "variance": 0.0005424633825401568,
    "error": 2.3290843319642955e-5,
    "mean": -0.9554171150000004
  },
  "sqr_energy": {
    "variance": 0.0031090491768181613,
    "error": 5.5758848417252675e-5,
    "mean": 0.8615274292000004
  }
}
