{
  "sqr_magnetization": {
    "variance": 0.002773444786798992,
    "error": 5.266350526502193e-5,
    "mean": 0.8913628915250004
  },
  "energy": {
    "variance": 0.0011735494563213558,
    "error": 3.4257108113811294e-5,
    "mean": -0.9119165899999998
  },
  "magnetization": {
    "variance": 0.0008088205003448743,
    "error": 2.8439769695707354e-5,
    "mean": -0.9436917250000002
  },
  "sqr_energy": {
    "variance": 0.003837695094558038,
    "error": 6.194913312192543e-5,
    "mean": 0.8327654154000004
  }
}
