{
  "sqr_magnetization": {
    "variance": 0.030571355374353595,
    "error": 0.0001748466624627236,
    "mean": 0.6229192545750002
  },
  "abs_magnetization": {
    "variance": 0.018724084348080122,
    "error": 0.00013683597607383856,
    "mean": 0.777299935
  },
  "energy": {
    "variance": 0.004216445140769515,
    "error": 6.493416004515277e-5,
    "mean": -0.7661685249999999
  },
  "magnetization": {
    "variance": 0.6228236557188155,
    "error": 0.0007891917737272833,
    "mean": 0.009809265
  },
  "sqr_energy": {
    "variance": 0.009624565092653707,
    "error": 9.810486783362845e-5,
    "mean": 0.591230649625
  }
}
