{
  "sqr_magnetization": {
    "variance": 0.013183948907457554,
    "error": 0.00011482137826841113,
    "mean": 0.7505271250250002
  },
  "abs_magnetization": {
    "variance": 0.005481297536156912,
    "error": 7.403578551050101e-5,
    "mean": 0.8631603749999999
  },
  "energy": {
    "variance": 0.0027516596135525886,
    "error": 5.2456263816179176e-5,
    "mean": -0.826221705
  },
  "magnetization": {
    "variance": 0.7404418824301724,
    "error": 0.0008604893273191553,
    "mean": -0.100428995
  },
  "sqr_energy": {
    "variance": 0.007325421558829141,
    "error": 8.558867658066189e-5,
    "mean": 0.6853939626750001
  }
}
