{
  "sqr_magnetization": {
    "variance": 0.05251541088660347,
    "error": 0.000229162411591874,
    "mean": 0.38941418075
  },
  "energy": {
    "variance": 0.00586309228969669,
    "error": 7.657083184670707e-5,
    "mean": -0.6736286600000001
  },
  "magnetization": {
    "variance": 0.37225607335352895,
    "error": 0.0006101279155665056,
    "mean": -0.13099038000000002
  },
  "sqr_energy": {
    "variance": 0.010721358290532326,
    "error": 0.00010354399205425838,
    "mean": 0.45963865800000003
  }
}
