{
  "sqr_magnetization": {
    "variance": 0.0025028708181552774,
    "error": 5.002869994468453e-5,
    "mean": 0.8986613218500004
  },
  "energy": {
    "variance": 0.0010943150531306524,
    "error": 3.308043308559687e-5,
    "mean": -0.9171706199999998
  },
  "magnetization": {
    "variance": 0.000721399777913377,
    "error": 2.685888638632244e-5,
    "mean": -0.9475969200000003
  },
  "sqr_energy": {
    "variance": 0.0036217398570796287,
    "error": 6.018089279064933e-5,
    "mean": 0.8422962601500005
  }
}
