{
  "sqr_magnetization": {
    "variance": 0.011174979710343758,
    "error": 0.00010571177659250533,
    "mean": 0.7650667143750002
  },
  "energy": {
    "variance": 0.0025543259692983695,
    "error": 5.0540340019615715e-5,
    "mean": -0.83402674
  },
  "magnetization": {
    "variance": 0.004264912222895999,
    "error": 6.53062954308082e-5,
    "mean": -0.872239535
  },
  "sqr_energy": {
    "variance": 0.006966814069360409,
    "error": 8.346744317013916e-5,
    "mean": 0.69815492645
  }
}
