{
  "sqr_magnetization": {
    "variance": 0.027266667540423537,
    "error": 0.00016512621699906873,
    "mean": 0.64277585015
  },
  "energy": {
    "variance": 0.004110158318877094,
    "error": 6.41105164452533e-5,
    "mean": -0.7750040349999999
  },
  "magnetization": {
    "variance": 0.40210256096905844,
    "error": 0.0006341155738263006,
    "mean": 0.4905850499999999
  },
  "sqr_energy": {
    "variance": 0.00959558235847493,
    "error": 9.79570434347369e-5,
    "mean": 0.6047414084749999
  }
}
