{
  "energy": {
    "variance": 0.005571099762286538,
    "error": 7.463980012223063e-5,
    "mean": -0.658747615
  },
  "magnetization": {
    "variance": 0.3555990811400376,
    "error": 0.0005963212901951746,
    "mean": -0.02141705999999999
  }
}
