{
  "sqr_magnetization": {
    "variance": 0.0027022597686272216,
    "error": 5.198326431292307e-5,
    "mean": 0.8936914860750004
  },
  "energy": {
    "variance": 0.0011484365011044753,
    "error": 3.3888589541385095e-5,
    "mean": -0.9136307949999999
  },
  "magnetization": {
    "variance": 0.0007862804936222675,
    "error": 2.804069352962347e-5,
    "mean": -0.9449366150000003
  },
  "sqr_energy": {
    "variance": 0.0037688555613069113,
    "error": 6.139100554077047e-5,
    "mean": 0.8358696649250004
  }
}
