{
  "sqr_magnetization": {
    "variance": 0.00419683776387732,
    "error": 6.478300520875302e-5,
    "mean": 0.8594366935000004
  },
  "abs_magnetization": {
    "variance": 0.0012969577637353628,
    "error": 3.601329981736418e-5,
    "mean": 0.9263583200000001
  },
  "energy": {
    "variance": 0.0015076357705132708,
    "error": 3.8828285701447995e-5,
    "mean": -0.8899728499999998
  },
  "magnetization": {
    "variance": 0.0012969577637353628,
    "error": 3.601329981736418e-5,
    "mean": -0.9263583200000001
  },
  "sqr_energy": {
    "variance": 0.004690597897916537,
    "error": 6.848793979903716e-5,
    "mean": 0.7935593080000002
  }
}
