{
  "sqr_magnetization": {
    "variance": 0.002178653170988887,
    "error": 4.6676044937300414e-5,
    "mean": 0.033650470275
  },
  "energy": {
    "variance": 0.0023717204904080908,
    "error": 4.87003130421981e-5,
    "mean": -0.42582682
  },
  "magnetization": {
    "variance": 0.03364736540895318,
    "error": 0.00018343218204271893,
    "mean": 0.0017715850000000024
  },
  "sqr_energy": {
    "variance": 0.0017607354227246713,
    "error": 4.196111798706835e-5,
    "mean": 0.18370019875
  }
}
