{
  "sqr_magnetization": {
    "variance": 0.00417304874231366,
    "error": 6.45991388666572e-5,
    "mean": 0.049966286500000005
  },
  "abs_magnetization": {
    "variance": 0.017158154306114306,
    "error": 0.00013098913812264857,
    "mean": 0.18113020000000002
  },
  "energy": {
    "variance": 0.0026388436560206307,
    "error": 5.136967642511125e-5,
    "mean": -0.46623794499999993
  },
  "magnetization": {
    "variance": 0.04994782304842464,
    "error": 0.00022349009608576536,
    "mean": 0.004302720000000001
  },
  "sqr_energy": {
    "variance": 0.002347619948169583,
    "error": 4.845224399519162e-5,
    "mean": 0.220016662375
  }
}
