{
  "sqr_magnetization": {
    "variance": 0.010892264968947931,
    "error": 0.00010436601443452715,
    "mean": 0.7769416615250002
  },
  "abs_magnetization": {
    "variance": 0.004404164712899088,
    "error": 6.636388108677105e-5,
    "mean": 0.8789411249999999
  },
  "energy": {
    "variance": 0.002460203618663519,
    "error": 4.960043970232037e-5,
    "mean": -0.8406270100000001
  },
  "magnetization": {
    "variance": 0.5548185404825401,
    "error": 0.0007448614236772772,
    "mean": 0.471299985
  },
  "sqr_energy": {
    "variance": 0.006783514742860608,
    "error": 8.236209530397224e-5,
    "mean": 0.7091139711000001
  }
}
