{
  "sqr_magnetization": {
    "variance": 0.002028818851542456,
    "error": 4.5042411697670624e-5,
    "mean": 0.9103043855750004
  },
  "abs_magnetization": {
    "variance": 0.0005763270621380363,
    "error": 2.4006812827571184e-5,
    "mean": 0.9537966550000002
  },
  "energy": {
    "variance": 0.0009505263645419637,
    "error": 3.083060759281211e-5,
    "mean": -0.92543438
  },
  "magnetization": {
    "variance": 0.0005763270621380363,
    "error": 2.4006812827571184e-5,
    "mean": -0.9537966550000002
  },
  "sqr_energy": {
    "variance": 0.0032071754977031444,
    "error": 5.663193001923159e-5,
    "mean": 0.8573793171000005
  }
}
