{
  "sqr_magnetization": {
    "variance": 0.024398040411565517,
    "error": 0.00015619872090246294,
    "mean": 0.6703646581000001
  },
  "abs_magnetization": {
    "variance": 0.013400522144959645,
    "error": 0.0001157606243286535,
    "mean": 0.81053325
  },
  "energy": {
    "variance": 0.0037116911735899484,
    "error": 6.092365036330266e-5,
    "mean": -0.787669965
  },
  "magnetization": {
    "variance": 0.6613929466477345,
    "error": 0.0008132606880009228,
    "mean": 0.09472260999999998
  },
  "sqr_energy": {
    "variance": 0.008938456860517018,
    "error": 9.45434125707181e-5,
    "mean": 0.624135661225
  }
}
