{
  "sqr_magnetization": {
    "variance": 0.011366510410970644,
    "error": 0.00010661383780246654,
    "mean": 0.7834489957500003
  },
  "energy": {
    "variance": 0.0024443478420117415,
    "error": 4.9440346297449634e-5,
    "mean": -0.84533519
  },
  "magnetization": {
    "variance": 0.004630412981552882,
    "error": 6.804713793799767e-5,
    "mean": -0.88250699
  },
  "sqr_energy": {
    "variance": 0.006806370857957347,
    "error": 8.250073246921718e-5,
    "mean": 0.7170359288500001
  }
}
