{
  "sqr_magnetization": {
    "variance": 0.00303112259516764,
    "error": 5.505563182061977e-5,
    "mean": 0.8849250554750004
  },
  "abs_magnetization": {
    "variance": 0.0009016954774182515,
    "error": 3.0028244660956318e-5,
    "mean": 0.9402251650000002
  },
  "energy": {
    "variance": 0.0012296352059248067,
    "error": 3.5066154706850974e-5,
    "mean": -0.9072865199999998
  },
  "magnetization": {
    "variance": 0.0009016954774182515,
    "error": 3.0028244660956318e-5,
    "mean": -0.9402251650000002
  },
  "sqr_energy": {
    "variance": 0.0039806746414546,
    "error": 6.309258784876874e-5,
    "mean": 0.8243984633500003
  }
}
