{
  "sqr_magnetization": {
    "variance": 0.00341569347090783,
    "error": 5.8443934423580954e-5,
    "mean": 0.04452486075
  },
  "abs_magnetization": {
    "variance": 0.015456334591234492,
    "error": 0.00012432350779814126,
    "mean": 0.17049498999999999
  },
  "energy": {
    "variance": 0.0025396147711907466,
    "error": 5.039459069375151e-5,
    "mean": -0.45404640500000004
  },
  "magnetization": {
    "variance": 0.04452414586647227,
    "error": 0.00021100745452820447,
    "mean": -0.0008714399999999995
  },
  "sqr_energy": {
    "variance": 0.0021397148701610583,
    "error": 4.6257052112743396e-5,
    "mean": 0.208697750125
  }
}
