{
  "sqr_magnetization": {
    "variance": 0.009059076060480842,
    "error": 9.517917871299817e-5,
    "mean": 0.07618311377499999
  },
  "energy": {
    "variance": 0.0031188879515678517,
    "error": 5.5847004857627344e-5,
    "mean": -0.50556601
  },
  "magnetization": {
    "variance": 0.07617132588274525,
    "error": 0.0002759915322663818,
    "mean": -0.003444425000000005
  },
  "sqr_energy": {
    "variance": 0.003284123894513744,
    "error": 5.7307276104468125e-5,
    "mean": 0.25871587529999995
  }
}
