{
  "sqr_magnetization": {
    "variance": 0.006514084667512367,
    "error": 8.070987961527614e-5,
    "mean": 0.8224008985000003
  },
  "abs_magnetization": {
    "variance": 0.002168240119259219,
    "error": 4.656436533723207e-5,
    "mean": 0.90566697
  },
  "energy": {
    "variance": 0.0019237952779228786,
    "error": 4.386109070603327e-5,
    "mean": -0.86669418
  },
  "magnetization": {
    "variance": 0.002168240119259219,
    "error": 4.656436533723207e-5,
    "mean": -0.90566697
  },
  "sqr_energy": {
    "variance": 0.0056643527277112065,
    "error": 7.526189426071607e-5,
    "mean": 0.7530825950000002
  }
}
