{
  "sqr_magnetization": {
    "variance": 0.046338637571616895,
    "error": 0.0002152641112020694,
    "mean": 0.324045966075
  },
  "energy": {
    "variance": 0.005448982942794844,
    "error": 7.381722659918107e-5,
    "mean": -0.6447510900000001
  },
  "magnetization": {
    "variance": 0.292952179191711,
    "error": 0.0005412505696918119,
    "mean": -0.176335135
  },
  "sqr_energy": {
    "variance": 0.00929207630605629,
    "error": 9.639541641621913e-5,
    "mean": 0.42115294555000005
  }
}
