{
  "sqr_magnetization": {
    "variance": 0.008456373961525238,
    "error": 9.195854479886705e-5,
    "mean": 0.7962492462750003
  },
  "energy": {
    "variance": 0.0022133314091353096,
    "error": 4.704605625485849e-5,
    "mean": -0.8513678100000001
  },
  "magnetization": {
    "variance": 0.002968571701638677,
    "error": 5.448460059171469e-5,
    "mean": -0.890663055
  },
  "sqr_energy": {
    "variance": 0.006297414558028935,
    "error": 7.935625090708945e-5,
    "mean": 0.7270404771
  }
}
