{
  "sqr_magnetization": {
    "variance": 0.003404878449745377,
    "error": 5.8351336314992624e-5,
    "mean": 0.8761291704250005
  },
  "abs_magnetization": {
    "variance": 0.0010250599047598786,
    "error": 3.2016556728665853e-5,
    "mean": 0.9354699950000003
  },
  "energy": {
    "variance": 0.0013253074091393096,
    "error": 3.64047717907874e-5,
    "mean": -0.9011995899999998
  },
  "magnetization": {
    "variance": 0.0010250599047598786,
    "error": 3.2016556728665853e-5,
    "mean": 0.9354699950000003
  },
  "sqr_energy": {
    "variance": 0.004231070394061647,
    "error": 6.5046678578246e-5,
    "mean": 0.8134860071000003
  }
}
