{
  "sqr_magnetization": {
    "variance": 0.0012548778924343729,
    "error": 3.542425570755683e-5,
    "mean": 0.9345891415750003
  },
  "energy": {
    "variance": 0.0006911810597441589,
    "error": 2.6290322549260573e-5,
    "mean": -0.9438171300000001
  },
  "magnetization": {
    "variance": 0.00034268287397784883,
    "error": 1.8511695599751223e-5,
    "mean": -0.9665642550000003
  },
  "sqr_energy": {
    "variance": 0.00242965442686267,
    "error": 4.929152489893846e-5,
    "mean": 0.8914819552500005
  }
}
