{
  "sqr_magnetization": {
    "variance": 0.03346319299127555,
    "error": 0.0001829294754578265,
    "mean": 0.6092915862499999
  },
  "energy": {
    "variance": 0.004563847047095021,
    "error": 6.755625098460556e-5,
    "mean": -0.7609249549999999
  },
  "magnetization": {
    "variance": 0.10636645499672658,
    "error": 0.00032613870514970557,
    "mean": -0.70917222
  },
  "sqr_energy": {
    "variance": 0.010261607739609435,
    "error": 0.00010129959397554087,
    "mean": 0.5835706296250001
  }
}
