{
  "sqr_magnetization": {
    "variance": 0.002249509050257964,
    "error": 4.742898955552357e-5,
    "mean": 0.9038886406500004
  },
  "abs_magnetization": {
    "variance": 0.0006448661165617161,
    "error": 2.5394214233988735e-5,
    "mean": 0.9503913800000003
  },
  "energy": {
    "variance": 0.0010208012676936671,
    "error": 3.194998071507504e-5,
    "mean": -0.9207227399999999
  },
  "magnetization": {
    "variance": 0.0006448661165617161,
    "error": 2.5394214233988735e-5,
    "mean": -0.9503913800000003
  },
  "sqr_energy": {
    "variance": 0.0034076813308584687,
    "error": 5.837534865727544e-5,
    "mean": 0.8487511642000005
  }
}
