{
  "sqr_magnetization": {
    "variance": 0.04476890989905669,
    "error": 0.00021158664867863635,
    "mean": 0.510189990875
  },
  "abs_magnetization": {
    "variance": 0.035344384829086806,
    "error": 0.0001880010234788279,
    "mean": 0.689090445
  },
  "energy": {
    "variance": 0.005209933335337235,
    "error": 7.21798679365461e-5,
    "mean": -0.7202121899999999
  },
  "magnetization": {
    "variance": 0.5096596038675758,
    "error": 0.0007139044781114458,
    "mean": -0.023041195000000018
  },
  "sqr_energy": {
    "variance": 0.010619981071579855,
    "error": 0.00010305329238592941,
    "mean": 0.52391552675
  }
}
