{
  "sqr_magnetization": {
    "variance": 0.0007699437443415703,
    "error": 2.774786017590492e-5,
    "mean": 0.020211024475
  },
  "abs_magnetization": {
    "variance": 0.007223638413198389,
    "error": 8.499199028848771e-5,
    "mean": 0.11396224499999999
  },
  "energy": {
    "variance": 0.0020500091330379073,
    "error": 4.527702654810613e-5,
    "mean": -0.36677728499999995
  },
  "magnetization": {
    "variance": 0.020210967865530644,
    "error": 0.00014216528361569376,
    "mean": -0.00027716500000000017
  },
  "sqr_energy": {
    "variance": 0.0011252958011080164,
    "error": 3.354542891524889e-5,
    "mean": 0.136575583875
  }
}
