{
  "sqr_magnetization": {
    "variance": 0.021837478085053257,
    "error": 0.00014777509291167187,
    "mean": 0.14313425194999999
  },
  "abs_magnetization": {
    "variance": 0.04060106524545524,
    "error": 0.00020149706014097388,
    "mean": 0.3202081
  },
  "energy": {
    "variance": 0.003881903602559202,
    "error": 6.230492438450754e-5,
    "mean": -0.55892038
  },
  "magnetization": {
    "variance": 0.14307525584921585,
    "error": 0.0003782528993269131,
    "mean": 0.007690199999999997
  },
  "sqr_energy": {
    "variance": 0.005056680346312743,
    "error": 7.111033923637788e-5,
    "mean": 0.3162738909
  }
}
