{
  "sqr_magnetization": {
    "variance": 0.008679856101756592,
    "error": 9.316574532389354e-5,
    "mean": 0.7970867265250003
  },
  "abs_magnetization": {
    "variance": 0.003189219398379174,
    "error": 5.6473174148255325e-5,
    "mean": 0.8910092649999999
  },
  "energy": {
    "variance": 0.0022141356409850163,
    "error": 4.7054602760888504e-5,
    "mean": -0.8518169750000001
  },
  "magnetization": {
    "variance": 0.21782698502720801,
    "error": 0.0004667193857418053,
    "mean": 0.761091295
  },
  "sqr_energy": {
    "variance": 0.006282329311516584,
    "error": 7.926114629196694e-5,
    "mean": 0.727806292325
  }
}
