{
  "energy": {
    "variance": 0.0030356675073347004,
    "error": 5.5096891993421016e-5,
    "mean": -0.8165123575
  },
  "magnetization": {
    "variance": 0.7030008658885433,
    "error": 0.0008384514690120969,
    "mean": 0.16392885
  }
}
