{
  "sqr_magnetization": {
    "variance": 0.0044410885309995405,
    "error": 6.66414925628136e-5,
    "mean": 0.8582066785750003
  },
  "energy": {
    "variance": 0.0015387148835907846,
    "error": 3.9226456424086846e-5,
    "mean": -0.88958829
  },
  "magnetization": {
    "variance": 0.0013854313839353578,
    "error": 3.7221383423179716e-5,
    "mean": -0.925646395
  },
  "sqr_energy": {
    "variance": 0.004775080383674012,
    "error": 6.910195643883039e-5,
    "mean": 0.7929060390500002
  }
}
