{
  "sqr_magnetization": {
    "variance": 0.0014397969826175018,
    "error": 3.7944656838842304e-5,
    "mean": 0.9284787197250002
  },
  "abs_magnetization": {
    "variance": 0.0003975701455709203,
    "error": 1.9939161104994373e-5,
    "mean": 0.9633696850000004
  },
  "energy": {
    "variance": 0.0007546406674381664,
    "error": 2.74707238244311e-5,
    "mean": -0.93906955
  },
  "magnetization": {
    "variance": 0.0003975701455709203,
    "error": 1.9939161104994373e-5,
    "mean": -0.9633696850000004
  },
  "sqr_energy": {
    "variance": 0.00262366362124415,
    "error": 5.1221710448247917e-5,
    "mean": 0.8826062596500005
  }
}
