{
  "sqr_magnetization": {
    "variance": 1.55614978061529e-5,
    "error": 3.9448064345608774e-6,
    "mean": 0.9985554038499999
  },
  "abs_magnetization": {
    "variance": 3.918924688524698e-6,
    "error": 1.979627411541045e-6,
    "mean": 0.99927548
  },
  "energy": {
    "variance": 1.4611885808660846e-5,
    "error": 3.822549647638451e-6,
    "mean": -0.9985793650000001
  },
  "magnetization": {
    "variance": 3.918924688524698e-6,
    "error": 1.979627411541045e-6,
    "mean": -0.99927548
  },
  "sqr_energy": {
    "variance": 5.7675365098836295e-5,
    "error": 7.594429873192344e-6,
    "mean": 0.9971753600750001
  }
}
