{
  "sqr_magnetization": {
    "variance": 0.001966282455445913,
    "error": 4.434278357800639e-5,
    "mean": 0.9136698059250002
  },
  "energy": {
    "variance": 0.0009363888810047802,
    "error": 3.0600471908203966e-5,
    "mean": -0.9279647099999999
  },
  "magnetization": {
    "variance": 0.000555256016680391,
    "error": 2.3563871003729226e-5,
    "mean": -0.9555702750000004
  },
  "sqr_energy": {
    "variance": 0.0031732410034983585,
    "error": 5.6331527615522364e-5,
    "mean": 0.8620548909500004
  }
}
