{
  "sqr_magnetization": {
    "variance": 0.002341153840565501,
    "error": 4.8385471378973884e-5,
    "mean": 0.9034817098500003
  },
  "energy": {
    "variance": 0.0010433599672063664,
    "error": 3.230108306553151e-5,
    "mean": -0.9206674399999999
  },
  "magnetization": {
    "variance": 0.0006706537229637222,
    "error": 2.5896982893065404e-5,
    "mean": -0.9501637000000003
  },
  "sqr_energy": {
    "variance": 0.0034792945270347903,
    "error": 5.898554506855718e-5,
    "mean": 0.8486718940000004
  }
}
