{
  "sqr_magnetization": {
    "variance": 0.0027509773931107696,
    "error": 5.2449760658279174e-5,
    "mean": 0.8924289619750003
  },
  "energy": {
    "variance": 0.0011632740740184487,
    "error": 3.4106803925587174e-5,
    "mean": -0.9127486749999998
  },
  "magnetization": {
    "variance": 0.0008014391777461518,
    "error": 2.8309701124281614e-5,
    "mean": -0.9442603050000002
  },
  "sqr_energy": {
    "variance": 0.0038108594561392555,
    "error": 6.173215901083693e-5,
    "mean": 0.8342734166250003
  }
}
