{
  "energy": {
    "variance": 0.002030446436723181,
    "error": 4.506047532731075e-5,
    "mean": -0.8604098474999999
  },
  "magnetization": {
    "variance": 0.002458006932938833,
    "error": 4.957829094411013e-5,
    "mean": -0.8996954099999999
  }
}
