{
  "sqr_magnetization": {
    "variance": 0.0069478355008007935,
    "error": 8.335367718823683e-5,
    "mean": 0.8393198959250004
  },
  "energy": {
    "variance": 0.00182836152914143,
    "error": 4.2759344348825436e-5,
    "mean": -0.8785889899999999
  },
  "magnetization": {
    "variance": 0.002480901553889528,
    "error": 4.9808649388329414e-5,
    "mean": -0.9147890449999999
  },
  "sqr_energy": {
    "variance": 0.005498084827103654,
    "error": 7.414907165368731e-5,
    "mean": 0.7737469730500003
  }
}
