{
  "sqr_magnetization": {
    "variance": 0.021113747012468938,
    "error": 0.0001453057019268994,
    "mean": 0.6803189419
  },
  "energy": {
    "variance": 0.0036107043184342934,
    "error": 6.0089136442740576e-5,
    "mean": -0.7911729950000002
  },
  "magnetization": {
    "variance": 0.010298091152170752,
    "error": 0.00010147951099690395,
    "mean": -0.81854802
  },
  "sqr_energy": {
    "variance": 0.008805406978968795,
    "error": 9.383713006570903e-5,
    "mean": 0.629565408725
  }
}
