{
  "sqr_magnetization": {
    "variance": 0.01690847510345247,
    "error": 0.00013003259246609087,
    "mean": 0.122189786675
  },
  "energy": {
    "variance": 0.003556849447275422,
    "error": 5.963932802501569e-5,
    "mean": -0.5394614050000001
  },
  "magnetization": {
    "variance": 0.121774181020715,
    "error": 0.0003489615752783034,
    "mean": -0.02038939499999999
  },
  "sqr_energy": {
    "variance": 0.0042704845586296345,
    "error": 6.53489445869605e-5,
    "mean": 0.2945754533749999
  }
}
