{
  "sqr_magnetization": {
    "variance": 0.028231900479123415,
    "error": 0.00016802351168548825,
    "mean": 0.6429347144
  },
  "abs_magnetization": {
    "variance": 0.0166865347001322,
    "error": 0.00012917637051772357,
    "mean": 0.7913584499999999
  },
  "energy": {
    "variance": 0.004013171742091116,
    "error": 6.334959938382497e-5,
    "mean": -0.7753631750000001
  },
  "magnetization": {
    "variance": 0.6389800465691338,
    "error": 0.000799362274922412,
    "mean": -0.06289122999999999
  },
  "sqr_energy": {
    "variance": 0.00937226972112106,
    "error": 9.681048352901177e-5,
    "mean": 0.605201220875
  }
}
