{
  "sqr_magnetization": {
    "variance": 0.0033689497549831177,
    "error": 5.804265461695492e-5,
    "mean": 0.8763455385250004
  },
  "energy": {
    "variance": 0.001331611887711663,
    "error": 3.649125768881724e-5,
    "mean": -0.9014112649999999
  },
  "magnetization": {
    "variance": 0.0010023803663403404,
    "error": 3.1660391127406184e-5,
    "mean": -0.9355977550000001
  },
  "sqr_energy": {
    "variance": 0.0042574434159541544,
    "error": 6.5249087472195e-5,
    "mean": 0.8138738792250003
  }
}
