{
  "sqr_magnetization": {
    "variance": 0.0031931643600816516,
    "error": 5.650809110279387e-5,
    "mean": 0.042852409400000006
  },
  "abs_magnetization": {
    "variance": 0.014925415544077943,
    "error": 0.0001221696179255626,
    "mean": 0.16711376
  },
  "energy": {
    "variance": 0.0025168002119038127,
    "error": 5.0167720816315865e-5,
    "mean": -0.44989157999999996
  },
  "magnetization": {
    "variance": 0.04285219637809077,
    "error": 0.00020700772057604704,
    "mean": 0.0005058400000000005
  },
  "sqr_energy": {
    "variance": 0.002081984094619176,
    "error": 4.5628763895367315e-5,
    "mean": 0.20491923144999996
  }
}
