{
  "sqr_magnetization": {
    "variance": 0.0023438352913182766,
    "error": 4.8413172704526155e-5,
    "mean": 0.9015655544250004
  },
  "abs_magnetization": {
    "variance": 0.000674754640099014,
    "error": 2.5976039730856087e-5,
    "mean": 0.9491526750000003
  },
  "energy": {
    "variance": 0.0010471569544313285,
    "error": 3.235980461052459e-5,
    "mean": -0.9190567249999999
  },
  "magnetization": {
    "variance": 0.000674754640099014,
    "error": 2.5976039730856087e-5,
    "mean": -0.9491526750000003
  },
  "sqr_energy": {
    "variance": 0.003482356197109745,
    "error": 5.901149207662644e-5,
    "mean": 0.8457124196750004
  }
}
