{
  "sqr_magnetization": {
    "variance": 0.007256677333080973,
    "error": 8.518613345539855e-5,
    "mean": 0.8058557593500003
  },
  "energy": {
    "variance": 0.0021003287525543533,
    "error": 4.582934379362586e-5,
    "mean": -0.85657588
  },
  "magnetization": {
    "variance": 0.002430115204895605,
    "error": 4.929619868606103e-5,
    "mean": -0.89634014
  },
  "sqr_energy": {
    "variance": 0.006059782579913876,
    "error": 7.784460533597608e-5,
    "mean": 0.7358225648500002
  }
}
