{
  "sqr_magnetization": {
    "variance": 0.011957055024402065,
    "error": 0.00010934831971458027,
    "mean": 0.0929804873
  },
  "energy": {
    "variance": 0.003295719964314939,
    "error": 5.740836144948695e-5,
    "mean": -0.518334255
  },
  "magnetization": {
    "variance": 0.09238050606754607,
    "error": 0.00030394161621526275,
    "mean": 0.0244964
  },
  "sqr_energy": {
    "variance": 0.0036636009362963217,
    "error": 6.052768735294883e-5,
    "mean": 0.27196611657499997
  }
}
