{
  "sqr_magnetization": {
    "variance": 0.026071055560266804,
    "error": 0.00016146533857229795,
    "mean": 0.16528528527499997
  },
  "abs_magnetization": {
    "variance": 0.0443504855157199,
    "error": 0.00021059554961043195,
    "mean": 0.347756875
  },
  "energy": {
    "variance": 0.0041394892888386645,
    "error": 6.433886297440035e-5,
    "mean": -0.572048225
  },
  "magnetization": {
    "variance": 0.16521876179308256,
    "error": 0.0004064711081898473,
    "mean": -0.008166315
  },
  "sqr_energy": {
    "variance": 0.005650584832782724,
    "error": 7.517037204100247e-5,
    "mean": 0.331378656875
  }
}
