{
  "sqr_magnetization": {
    "variance": 0.0007527325816204821,
    "error": 2.7435972401584056e-5,
    "mean": 0.019942643524999998
  },
  "abs_magnetization": {
    "variance": 0.007132905435684411,
    "error": 8.445652985817266e-5,
    "mean": 0.113180145
  },
  "energy": {
    "variance": 0.0020487120198627944,
    "error": 4.526270009470043e-5,
    "mean": -0.365125315
  },
  "magnetization": {
    "variance": 0.019942056992131765,
    "error": 0.0001412163481758814,
    "mean": 0.000778765
  },
  "sqr_energy": {
    "variance": 0.0011149325527546462,
    "error": 3.339060575603034e-5,
    "mean": 0.13536520562499998
  }
}
