{
  "sqr_magnetization": {
    "variance": 0.004520153112544282,
    "error": 6.723208395211532e-5,
    "mean": 0.052689532875
  },
  "energy": {
    "variance": 0.0027192961488939245,
    "error": 5.214687094058401e-5,
    "mean": -0.47001858500000004
  },
  "magnetization": {
    "variance": 0.052297296642921015,
    "error": 0.0002286860219666279,
    "mean": -0.019806274999999998
  },
  "sqr_energy": {
    "variance": 0.0024539270785061537,
    "error": 4.9537128282795665e-5,
    "mean": 0.223636763675
  }
}
