{
  "sqr_magnetization": {
    "variance": 0.0017443638134135354,
    "error": 4.176558168412761e-5,
    "mean": 0.030579549274999996
  },
  "energy": {
    "variance": 0.0022658031546649296,
    "error": 4.760045330314544e-5,
    "mean": -0.41508738500000003
  },
  "magnetization": {
    "variance": 0.030565042663097435,
    "error": 0.00017482860939530874,
    "mean": 0.0038127650000000014
  },
  "sqr_energy": {
    "variance": 0.0015912422392223694,
    "error": 3.989037777738347e-5,
    "mean": 0.174563338075
  }
}
