{
  "sqr_magnetization": {
    "variance": 0.011909846070611801,
    "error": 0.0001091322412058499,
    "mean": 0.7660779272250002
  },
  "abs_magnetization": {
    "variance": 0.004923229036571011,
    "error": 7.016572551161295e-5,
    "mean": 0.8724418049999999
  },
  "energy": {
    "variance": 0.0025880387929631925,
    "error": 5.087277064366745e-5,
    "mean": -0.83465266
  },
  "magnetization": {
    "variance": 0.37754618768451975,
    "error": 0.0006144478722271888,
    "mean": -0.6233234449999999
  },
  "sqr_energy": {
    "variance": 0.007030693368020009,
    "error": 8.384922997869455e-5,
    "mean": 0.69923309905
  }
}
