{
  "sqr_magnetization": {
    "variance": 0.00297027358946136,
    "error": 5.450021641664701e-5,
    "mean": 0.8862506939750004
  },
  "abs_magnetization": {
    "variance": 0.0008783487900185638,
    "error": 2.963694974214728e-5,
    "mean": 0.9409422650000001
  },
  "energy": {
    "variance": 0.0012145919036862787,
    "error": 3.4850995734502034e-5,
    "mean": -0.9082276749999998
  },
  "magnetization": {
    "variance": 0.0008783487900185638,
    "error": 2.963694974214728e-5,
    "mean": -0.9409422650000001
  },
  "sqr_energy": {
    "variance": 0.003940584882725644,
    "error": 6.277407811131633e-5,
    "mean": 0.8260921003250004
  }
}
