{
  "sqr_magnetization": {
    "variance": 0.042154561919904326,
    "error": 0.00020531576149897582,
    "mean": 0.5494461850500001
  },
  "energy": {
    "variance": 0.005102458691110466,
    "error": 7.1431496492167e-5,
    "mean": -0.736279135
  },
  "magnetization": {
    "variance": 0.5470467355118779,
    "error": 0.0007396260781718543,
    "mean": -0.04898975999999995
  },
  "sqr_energy": {
    "variance": 0.010748540793103455,
    "error": 0.00010367516960730498,
    "mean": 0.5472094182249999
  }
}
