{
  "sqr_magnetization": {
    "variance": 0.0009303799583575457,
    "error": 3.0502130390475117e-5,
    "mean": 0.9476486171000001
  },
  "energy": {
    "variance": 0.0005519439775359519,
    "error": 2.349348798148014e-5,
    "mean": -0.9541894450000001
  },
  "magnetization": {
    "variance": 0.00024989981197171213,
    "error": 1.580821975972349e-5,
    "mean": -0.9733440900000003
  },
  "sqr_energy": {
    "variance": 0.0019832785985472905,
    "error": 4.4534016196019085e-5,
    "mean": 0.9110294403750004
  }
}
