{
  "sqr_magnetization": {
    "variance": 0.001988149093885141,
    "error": 4.458866553155792e-5,
    "mean": 0.9113602776250004
  },
  "abs_magnetization": {
    "variance": 0.0005636723330163073,
    "error": 2.374178453731537e-5,
    "mean": 0.9543566450000004
  },
  "energy": {
    "variance": 0.00093860924584702,
    "error": 3.063673033871304e-5,
    "mean": -0.9262046649999999
  },
  "magnetization": {
    "variance": 0.0005636723330163073,
    "error": 2.374178453731537e-5,
    "mean": -0.9543566450000004
  },
  "sqr_energy": {
    "variance": 0.003172577010837444,
    "error": 5.6325633692284756e-5,
    "mean": 0.8587936897750005
  }
}
