{
  "sqr_magnetization": {
    "variance": 0.0012949326609718826,
    "error": 3.598517279341427e-5,
    "mean": 0.9332593534500002
  },
  "energy": {
    "variance": 0.0007082893931497921,
    "error": 2.6613706866007826e-5,
    "mean": -0.9427708600000001
  },
  "magnetization": {
    "variance": 0.00035428441287231285,
    "error": 1.8822444391531956e-5,
    "mean": -0.9658701100000003
  },
  "sqr_energy": {
    "variance": 0.0024835289524366556,
    "error": 4.983501733155769e-5,
    "mean": 0.8895251831500004
  }
}
