{
  "sqr_magnetization": {
    "variance": 0.008287784344640784,
    "error": 9.103726898716143e-5,
    "mean": 0.07439729922499999
  },
  "abs_magnetization": {
    "variance": 0.02459137468219846,
    "error": 0.00015681637249406855,
    "mean": 0.223172465
  },
  "energy": {
    "variance": 0.002986651459509059,
    "error": 5.465026495369495e-5,
    "mean": -0.5022363200000001
  },
  "magnetization": {
    "variance": 0.07439533670622467,
    "error": 0.00027275508557353184,
    "mean": 0.0014272049999999995
  },
  "sqr_energy": {
    "variance": 0.0031028087937352697,
    "error": 5.570286162967994e-5,
    "mean": 0.25522796959999994
  }
}
