{
  "sqr_magnetization": {
    "variance": 0.0015337625948146517,
    "error": 3.9163281205928746e-5,
    "mean": 0.9252493525500002
  },
  "abs_magnetization": {
    "variance": 0.0004255081666437661,
    "error": 2.0627849297582288e-5,
    "mean": 0.9616776200000003
  },
  "energy": {
    "variance": 0.0007886442080651819,
    "error": 2.808280983208735e-5,
    "mean": -0.936596905
  },
  "magnetization": {
    "variance": 0.0004255081666437661,
    "error": 2.0627849297582288e-5,
    "mean": -0.9616776200000003
  },
  "sqr_energy": {
    "variance": 0.0027272973168109547,
    "error": 5.2223532213083355e-5,
    "mean": 0.8780024058750006
  }
}
