{
  "sqr_magnetization": {
    "variance": 0.003103606587035894,
    "error": 5.571002232126544e-5,
    "mean": 0.8835018124750004
  },
  "abs_magnetization": {
    "variance": 0.0009278731578489317,
    "error": 3.0461010453511417e-5,
    "mean": 0.9394540650000002
  },
  "energy": {
    "variance": 0.0012457767997327,
    "error": 3.529556345679581e-5,
    "mean": -0.9063002099999998
  },
  "magnetization": {
    "variance": 0.0009278731578489317,
    "error": 3.0461010453511417e-5,
    "mean": -0.9394540650000002
  },
  "sqr_energy": {
    "variance": 0.0040234199795914265,
    "error": 6.343043417470377e-5,
    "mean": 0.8226258462000003
  }
}
