{
  "sqr_magnetization": {
    "variance": 0.0010062420691690345,
    "error": 3.17213188434692e-5,
    "mean": 0.022703854449999998
  },
  "energy": {
    "variance": 0.002118467142132742,
    "error": 4.6026808950140594e-5,
    "mean": -0.37978188
  },
  "magnetization": {
    "variance": 0.022692596142557742,
    "error": 0.00015064061916547522,
    "mean": 0.0033587200000000012
  },
  "sqr_energy": {
    "variance": 0.0012465958577230838,
    "error": 3.5307164396522755e-5,
    "mean": 0.14635274139999999
  }
}
