{
  "sqr_magnetization": {
    "variance": 0.0010996200036101746,
    "error": 3.316051874760367e-5,
    "mean": 0.02476979005
  },
  "energy": {
    "variance": 0.002174103256566857,
    "error": 4.662728017552446e-5,
    "mean": -0.39342058
  },
  "magnetization": {
    "variance": 0.024768256465500862,
    "error": 0.00015737933938576838,
    "mean": 0.001248340000000001
  },
  "sqr_energy": {
    "variance": 0.0013687150754541654,
    "error": 3.699614946794011e-5,
    "mean": 0.15695385385
  }
}
