{
  "sqr_magnetization": {
    "variance": 0.00799531045005741,
    "error": 8.941649987590328e-5,
    "mean": 0.8034284341000002
  },
  "abs_magnetization": {
    "variance": 0.0028443964412920414,
    "error": 5.3332883301880854e-5,
    "mean": 0.8947536199999999
  },
  "energy": {
    "variance": 0.002134143400740176,
    "error": 4.619678993978018e-5,
    "mean": -0.855400635
  },
  "magnetization": {
    "variance": 0.002868805158404759,
    "error": 5.3561228126367295e-5,
    "mean": -0.8947399799999999
  },
  "sqr_energy": {
    "variance": 0.006112869651896526,
    "error": 7.818484285266887e-5,
    "mean": 0.733844387625
  }
}
