{
  "sqr_magnetization": {
    "variance": 0.0018098400368774345,
    "error": 4.254221476225038e-5,
    "mean": 0.03160242515
  },
  "abs_magnetization": {
    "variance": 0.011146211298143699,
    "error": 0.00010557561886223399,
    "mean": 0.14302526000000002
  },
  "energy": {
    "variance": 0.0023115728946806694,
    "error": 4.807881960573356e-5,
    "mean": -0.41893433500000005
  },
  "magnetization": {
    "variance": 0.03160241669239419,
    "error": 0.00017777068569478543,
    "mean": -0.0002001500000000003
  },
  "sqr_energy": {
    "variance": 0.0016555999346314168,
    "error": 4.068906406679093e-5,
    "mean": 0.17781754762500002
  }
}
