{
  "sqr_magnetization": {
    "variance": 0.01929624662944678,
    "error": 0.00013891093056144565,
    "mean": 0.7067271781250001
  },
  "abs_magnetization": {
    "variance": 0.009709561362647138,
    "error": 9.853710652666404e-5,
    "mean": 0.834875815
  },
  "energy": {
    "variance": 0.0032953668645344645,
    "error": 5.7405286033034135e-5,
    "mean": -0.80453018
  },
  "magnetization": {
    "variance": 0.6418800846798107,
    "error": 0.0008011741912217409,
    "mean": -0.254652185
  },
  "sqr_energy": {
    "variance": 0.008283858457170844,
    "error": 9.101570445352189e-5,
    "mean": 0.6505641740999999
  }
}
