{
  "sqr_magnetization": {
    "variance": 0.053589329127096526,
    "error": 0.0002314936913332554,
    "mean": 0.487694402
  },
  "energy": {
    "variance": 0.005794097000271374,
    "error": 7.611896610090927e-5,
    "mean": -0.7163747250000001
  },
  "magnetization": {
    "variance": 0.4747890306938208,
    "error": 0.0006890493673851104,
    "mean": -0.11360389999999998
  },
  "sqr_energy": {
    "variance": 0.011703567831965607,
    "error": 0.00010818302931590337,
    "mean": 0.5189868378250001
  }
}
