{
  "sqr_magnetization": {
    "variance": 0.003342264251340499,
    "error": 5.7812319200499984e-5,
    "mean": 0.8776322037750004
  },
  "abs_magnetization": {
    "variance": 0.0010031372355060093,
    "error": 3.167234180647224e-5,
    "mean": 0.9362847150000001
  },
  "energy": {
    "variance": 0.0013091808915639915,
    "error": 3.6182604820051186e-5,
    "mean": -0.9022398699999998
  },
  "magnetization": {
    "variance": 0.0010031372355060093,
    "error": 3.167234180647224e-5,
    "mean": -0.9362847150000001
  },
  "sqr_energy": {
    "variance": 0.0041894747980592015,
    "error": 6.472615235018378e-5,
    "mean": 0.8153459626000004
  }
}
