{
  "sqr_magnetization": {
    "variance": 0.01542595362759847,
    "error": 0.0001242012625845586,
    "mean": 0.7329146231250001
  },
  "abs_magnetization": {
    "variance": 0.0068962785981975736,
    "error": 8.304383540153702e-5,
    "mean": 0.8520671049999998
  },
  "energy": {
    "variance": 0.0029691928177652182,
    "error": 5.44903002172425e-5,
    "mean": -0.81716826
  },
  "magnetization": {
    "variance": 0.6406117064735565,
    "error": 0.000800382225235891,
    "mean": 0.30381500499999997
  },
  "sqr_energy": {
    "variance": 0.007719775195451171,
    "error": 8.786225125417154e-5,
    "mean": 0.6707331550000001
  }
}
