{
  "energy": {
    "variance": 0.0038040673260434994,
    "error": 6.167712157715776e-5,
    "mean": -0.7849225712500001
  },
  "magnetization": {
    "variance": 0.6291071463419824,
    "error": 0.0007931627489626466,
    "mean": -0.18900040500000004
  }
}
