{
  "sqr_magnetization": {
    "variance": 0.0006239191499304499,
    "error": 2.497837364462406e-5,
    "mean": 0.018162822025
  },
  "energy": {
    "variance": 0.002032233302416077,
    "error": 4.5080298384283985e-5,
    "mean": -0.352093085
  },
  "magnetization": {
    "variance": 0.01816056254619832,
    "error": 0.00013476113143706653,
    "mean": 0.0015091850000000016
  },
  "sqr_energy": {
    "variance": 0.0010264236210738096,
    "error": 3.2037846698456646e-5,
    "mean": 0.12600177177499997
  }
}
