{
  "energy": {
    "variance": 0.0030180804046954046,
    "error": 5.4937058573383813e-5,
    "mean": -0.5048549
  },
  "magnetization": {
    "variance": 0.07721806372871172,
    "error": 0.00027788138427881727,
    "mean": -0.0017849549999999997
  }
}
