{
  "sqr_magnetization": {
    "variance": 0.053056155375209545,
    "error": 0.00023033921805721565,
    "mean": 0.40017801365
  },
  "energy": {
    "variance": 0.005697533994789096,
    "error": 7.548201106746625e-5,
    "mean": -0.68100357
  },
  "magnetization": {
    "variance": 0.4000725678979083,
    "error": 0.0006325128993925011,
    "mean": -0.010288139999999956
  },
  "sqr_energy": {
    "variance": 0.010590274194953437,
    "error": 0.00010290905788585103,
    "mean": 0.4694633906500001
  }
}
