{
  "sqr_magnetization": {
    "variance": 0.0009407384225870449,
    "error": 3.0671459414039056e-5,
    "mean": 0.9470705497750002
  },
  "energy": {
    "variance": 0.0005564296519990263,
    "error": 2.3588761137436327e-5,
    "mean": -0.9537241750000002
  },
  "magnetization": {
    "variance": 0.00025282007891605404,
    "error": 1.590031694388681e-5,
    "mean": -0.9730455950000002
  },
  "sqr_energy": {
    "variance": 0.0019975522575068337,
    "error": 4.46939845785407e-5,
    "mean": 0.9101462310750005
  }
}
