{
  "sqr_magnetization": {
    "variance": 0.04394997434553641,
    "error": 0.00020964249174615439,
    "mean": 0.282949430075
  },
  "abs_magnetization": {
    "variance": 0.05366799653909031,
    "error": 0.00023166354167000535,
    "mean": 0.478833465
  },
  "energy": {
    "variance": 0.005219917969041068,
    "error": 7.224899977882786e-5,
    "mean": -0.62853887
  },
  "magnetization": {
    "variance": 0.2828558785460343,
    "error": 0.0005318419676426769,
    "mean": 0.009686814999999996
  },
  "sqr_energy": {
    "variance": 0.008486850311672293,
    "error": 9.212410277268534e-5,
    "mean": 0.40028102385
  }
}
