{
  "sqr_magnetization": {
    "variance": 0.0009830360021777982,
    "error": 3.1353404953494256e-5,
    "mean": 0.9453240466750001
  },
  "abs_magnetization": {
    "variance": 0.00026517451045628555,
    "error": 1.628417976000896e-5,
    "mean": 0.9721413850000002
  },
  "energy": {
    "variance": 0.0005729196421096415,
    "error": 2.3935739848804373e-5,
    "mean": -0.9522741000000002
  },
  "magnetization": {
    "variance": 0.00026517451045628555,
    "error": 1.628417976000896e-5,
    "mean": -0.9721413850000002
  },
  "sqr_energy": {
    "variance": 0.002050250976217917,
    "error": 4.527969717453858e-5,
    "mean": 0.9073988806000004
  }
}
