{
  "sqr_magnetization": {
    "variance": 0.0027869287876579464,
    "error": 5.279137039003578e-5,
    "mean": 0.8903595262250004
  },
  "abs_magnetization": {
    "variance": 0.0008180692710162449,
    "error": 2.860191026865592e-5,
    "mean": 0.9431550550000003
  },
  "energy": {
    "variance": 0.0011693733016129011,
    "error": 3.419610067848235e-5,
    "mean": -0.9110809799999998
  },
  "magnetization": {
    "variance": 0.0008180692710162449,
    "error": 2.860191026865592e-5,
    "mean": -0.9431550550000003
  },
  "sqr_energy": {
    "variance": 0.0038185567500617626,
    "error": 6.179447184062473e-5,
    "mean": 0.8312379242500004
  }
}
