{
  "sqr_magnetization": {
    "variance": 0.010712788906461188,
    "error": 0.000103502603380114,
    "mean": 0.7575741089500002
  },
  "energy": {
    "variance": 0.0026060282168741916,
    "error": 5.1049272442163094e-5,
    "mean": -0.828823155
  },
  "magnetization": {
    "variance": 0.003929225411752512,
    "error": 6.268353381672505e-5,
    "mean": -0.8681272299999999
  },
  "sqr_energy": {
    "variance": 0.007026138400969132,
    "error": 8.382206392692281e-5,
    "mean": 0.689553847875
  }
}
