{
  "sqr_magnetization": {
    "variance": 0.0029215725457622287,
    "error": 5.405157301838891e-5,
    "mean": 0.041122717525
  },
  "abs_magnetization": {
    "variance": 0.014278715980856756,
    "error": 0.0001194935813374792,
    "mean": 0.163841435
  },
  "energy": {
    "variance": 0.002484592763039738,
    "error": 4.984568951313381e-5,
    "mean": -0.446105055
  },
  "magnetization": {
    "variance": 0.04111654625977003,
    "error": 0.00020277215356101052,
    "mean": 0.002492465000000001
  },
  "sqr_energy": {
    "variance": 0.0020199259075559493,
    "error": 4.494358583330828e-5,
    "mean": 0.20149431037499999
  }
}
