{
  "sqr_magnetization": {
    "variance": 0.04555903137898941,
    "error": 0.00021344561691210575,
    "mean": 0.478605504325
  },
  "energy": {
    "variance": 0.005549333239951216,
    "error": 7.449384699390423e-5,
    "mean": -0.7058742050000001
  },
  "magnetization": {
    "variance": 0.4784470040867484,
    "error": 0.0006916986367535709,
    "mean": -0.012608674999999988
  },
  "sqr_energy": {
    "variance": 0.010929796712510135,
    "error": 0.00010454566807147073,
    "mean": 0.503807720975
  }
}
