{
  "sqr_magnetization": {
    "variance": 0.018403845440531398,
    "error": 0.00013566077340385245,
    "mean": 0.7069497068750001
  },
  "energy": {
    "variance": 0.0033040548089504087,
    "error": 5.748090821264404e-5,
    "mean": -0.8043036200000001
  },
  "magnetization": {
    "variance": 0.6771350735081524,
    "error": 0.0008228821747420177,
    "mean": 0.17267110499999994
  },
  "sqr_energy": {
    "variance": 0.00831590561208949,
    "error": 9.119158739757462e-5,
    "mean": 0.6502083646499999
  }
}
