{
  "sqr_magnetization": {
    "variance": 0.0012242684755183492,
    "error": 3.498954808965599e-5,
    "mean": 0.025781092474999996
  },
  "abs_magnetization": {
    "variance": 0.009145595277118251,
    "error": 9.563260572167975e-5,
    "mean": 0.128978705
  },
  "energy": {
    "variance": 0.0021872475151214904,
    "error": 4.676801807989612e-5,
    "mean": -0.395700355
  },
  "magnetization": {
    "variance": 0.025779954823064204,
    "error": 0.00016056137400715092,
    "mean": -0.001078625
  },
  "sqr_energy": {
    "variance": 0.0013975017852925955,
    "error": 3.7383175163335115e-5,
    "mean": 0.158766016275
  }
}
