{
  "sqr_magnetization": {
    "variance": 0.0009035950384078044,
    "error": 3.0059857591276183e-5,
    "mean": 0.0219333299
  },
  "abs_magnetization": {
    "variance": 0.007819270448300848,
    "error": 8.842663879341364e-5,
    "mean": 0.11880264
  },
  "energy": {
    "variance": 0.002091714297966273,
    "error": 4.573526317805849e-5,
    "mean": -0.376804555
  },
  "magnetization": {
    "variance": 0.021933339430062527,
    "error": 0.000148099086526766,
    "mean": -0.00011137000000000028
  },
  "sqr_energy": {
    "variance": 0.0012108812174007138,
    "error": 3.479771856603122e-5,
    "mean": 0.144073384875
  }
}
