{
  "sqr_magnetization": {
    "variance": 0.0036445835472916693,
    "error": 6.0370386343733704e-5,
    "mean": 0.8712898663000004
  },
  "energy": {
    "variance": 0.0013894974596218347,
    "error": 3.7275963563962165e-5,
    "mean": -0.8980274749999999
  },
  "magnetization": {
    "variance": 0.0010991592607423597,
    "error": 3.315357085959761e-5,
    "mean": -0.9328401300000001
  },
  "sqr_energy": {
    "variance": 0.004404259820712411,
    "error": 6.636459764597697e-5,
    "mean": 0.8078428419250003
  }
}
