{
  "sqr_magnetization": {
    "variance": 0.0006889445780114559,
    "error": 2.624775377077924e-5,
    "mean": 0.01918248895
  },
  "energy": {
    "variance": 0.0020347384495415497,
    "error": 4.510807521432886e-5,
    "mean": -0.35629313
  },
  "magnetization": {
    "variance": 0.019176785745163242,
    "error": 0.00013848027204321647,
    "mean": -0.002392150000000001
  },
  "sqr_energy": {
    "variance": 0.0010538602299661752,
    "error": 3.246321348798013e-5,
    "mean": 0.12897953089999997
  }
}
