{
  "energy": {
    "variance": 0.0010715161885809631,
    "error": 3.27340218821483e-5,
    "mean": -0.9174729849999999
  },
  "magnetization": {
    "variance": 0.0006978655726399466,
    "error": 2.641714542943553e-5,
    "mean": -0.9479995250000002
  }
}
