{
  "energy": {
    "variance": 0.004465466639077733,
    "error": 6.682414712570399e-5,
    "mean": -0.7581666625000001
  },
  "magnetization": {
    "variance": 0.5837809352050095,
    "error": 0.0007640555838451869,
    "mean": -0.13543272499999998
  }
}
