{
  "sqr_magnetization": {
    "variance": 0.0032179660522063756,
    "error": 5.672711919537582e-5,
    "mean": 0.8805680323750004
  },
  "abs_magnetization": {
    "variance": 0.0009617908924958666,
    "error": 3.101275370707778e-5,
    "mean": 0.9378732550000001
  },
  "energy": {
    "variance": 0.0012772797228748228,
    "error": 3.573905039134116e-5,
    "mean": -0.9042725699999998
  },
  "magnetization": {
    "variance": 0.0009617908924958666,
    "error": 3.101275370707778e-5,
    "mean": 0.9378732550000001
  },
  "sqr_energy": {
    "variance": 0.004106521273646299,
    "error": 6.408214473350825e-5,
    "mean": 0.8189861593000003
  }
}
