{
  "sqr_magnetization": {
    "variance": 0.0007461824546125745,
    "error": 2.731634043228658e-5,
    "mean": 0.019935060249999997
  },
  "energy": {
    "variance": 0.002010115827213327,
    "error": 4.483431528654505e-5,
    "mean": -0.36128095
  },
  "magnetization": {
    "variance": 0.019931362457502863,
    "error": 0.0001411784773168448,
    "mean": 0.0019281399999999994
  },
  "sqr_energy": {
    "variance": 0.0010713155210920772,
    "error": 3.273095661742988e-5,
    "mean": 0.13253403864999996
  }
}
