{
  "sqr_magnetization": {
    "variance": 0.03921434274926582,
    "error": 0.00019802611633132087,
    "mean": 0.24223866164999996
  },
  "abs_magnetization": {
    "variance": 0.052657551571095466,
    "error": 0.00022947233290986402,
    "mean": 0.43540919
  },
  "energy": {
    "variance": 0.004937107895832271,
    "error": 7.026455646933432e-5,
    "mean": -0.611235725
  },
  "magnetization": {
    "variance": 0.2421054069907606,
    "error": 0.0004920420784757749,
    "mean": -0.011554079999999998
  },
  "sqr_energy": {
    "variance": 0.007647385330354506,
    "error": 8.744933007378904e-5,
    "mean": 0.37854621447500003
  }
}
