{
  "sqr_magnetization": {
    "variance": 0.03777371635497998,
    "error": 0.0001943546149567331,
    "mean": 0.5711805083000001
  },
  "abs_magnetization": {
    "variance": 0.026449211089305487,
    "error": 0.00016263213424568188,
    "mean": 0.73805916
  },
  "energy": {
    "variance": 0.004738257414119815,
    "error": 6.883500137371841e-5,
    "mean": -0.74449624
  },
  "magnetization": {
    "variance": 0.5704986566979526,
    "error": 0.00075531361479716,
    "mean": -0.02612320999999999
  },
  "sqr_energy": {
    "variance": 0.010241438414622656,
    "error": 0.00010119999216710767,
    "mean": 0.55901290405
  }
}
