{
  "sqr_magnetization": {
    "variance": 0.0026888096142340958,
    "error": 5.185373288620691e-5,
    "mean": 0.8928964598000004
  },
  "abs_magnetization": {
    "variance": 0.0007856085231685222,
    "error": 2.802870891012503e-5,
    "mean": 0.9445162000000003
  },
  "energy": {
    "variance": 0.0011411752409440155,
    "error": 3.378128536548033e-5,
    "mean": -0.912895285
  },
  "magnetization": {
    "variance": 0.0007856085231685222,
    "error": 2.802870891012503e-5,
    "mean": -0.9445162000000003
  },
  "sqr_energy": {
    "variance": 0.0037420262804645043,
    "error": 6.117210377667671e-5,
    "mean": 0.8345189754750004
  }
}
