{
  "sqr_magnetization": {
    "variance": 0.05183511650862765,
    "error": 0.00022767326700477516,
    "mean": 0.4286170295000001
  },
  "energy": {
    "variance": 0.005771689834026609,
    "error": 7.597163835291832e-5,
    "mean": -0.691038635
  },
  "magnetization": {
    "variance": 0.40728904542874056,
    "error": 0.0006381920129778658,
    "mean": 0.14604243
  },
  "sqr_energy": {
    "variance": 0.010982432887602752,
    "error": 0.00010479710343135802,
    "mean": 0.48330607912500007
  }
}
