{
  "sqr_magnetization": {
    "variance": 0.007499157408099237,
    "error": 8.659767553519688e-5,
    "mean": 0.070812356225
  },
  "abs_magnetization": {
    "variance": 0.02336469906443584,
    "error": 0.00015285515714046367,
    "mean": 0.217824885
  },
  "energy": {
    "variance": 0.002906131960883861,
    "error": 5.390855183441548e-5,
    "mean": -0.49730558999999996
  },
  "magnetization": {
    "variance": 0.07081223936200315,
    "error": 0.0002661056920886946,
    "mean": -0.0004332149999999997
  },
  "sqr_energy": {
    "variance": 0.0029520658020921577,
    "error": 5.433291637757132e-5,
    "mean": 0.2502189789
  }
}
