{
  "sqr_magnetization": {
    "variance": 0.0019491589037160288,
    "error": 4.4149279764408715e-5,
    "mean": 0.9146433499250003
  },
  "energy": {
    "variance": 0.0009265197808937549,
    "error": 3.0438787441252566e-5,
    "mean": -0.928706605
  },
  "magnetization": {
    "variance": 0.0005506840423398169,
    "error": 2.3466658099094915e-5,
    "mean": -0.9560819350000003
  },
  "sqr_energy": {
    "variance": 0.003144569205810676,
    "error": 5.607645857051492e-5,
    "mean": 0.8634224770250004
  }
}
