{
  "sqr_magnetization": {
    "variance": 0.02973467866258456,
    "error": 0.00017243746304844708,
    "mean": 0.6295110477250001
  },
  "abs_magnetization": {
    "variance": 0.01796344124028022,
    "error": 0.000134027762945892,
    "mean": 0.7820151049999999
  },
  "energy": {
    "variance": 0.0041371926516670255,
    "error": 6.432101252053659e-5,
    "mean": -0.769199275
  },
  "magnetization": {
    "variance": 0.6280391375986053,
    "error": 0.0007924892034587004,
    "mean": -0.038373664999999994
  },
  "sqr_energy": {
    "variance": 0.009517277634885489,
    "error": 9.755653558263275e-5,
    "mean": 0.5958047131750001
  }
}
