{
  "sqr_magnetization": {
    "variance": 1.1640222701167008e-8,
    "error": 1.0788986375543815e-7,
    "mean": 0.999998832925
  },
  "energy": {
    "variance": 1.1698642798642816e-8,
    "error": 1.0816026441647975e-7,
    "mean": -0.99999883
  },
  "magnetization": {
    "variance": 2.924660699660704e-9,
    "error": 5.4080132208239875e-8,
    "mean": -0.999999415
  },
  "sqr_energy": {
    "variance": 4.632779534690551e-8,
    "error": 2.1523892618879494e-7,
    "mean": 0.9999976717
  }
}
