{
  "sqr_magnetization": {
    "variance": 0.007274810899563891,
    "error": 8.529250201256785e-5,
    "mean": 0.8035723550500002
  },
  "energy": {
    "variance": 0.002115078164582065,
    "error": 4.598997895826943e-5,
    "mean": -0.85507969
  },
  "magnetization": {
    "variance": 0.002437573026204126,
    "error": 4.937178370490706e-5,
    "mean": -0.8950613299999999
  },
  "sqr_energy": {
    "variance": 0.0060838745187383044,
    "error": 7.799919562879033e-5,
    "mean": 0.7332763523
  }
}
