{
  "sqr_magnetization": {
    "variance": 0.001090805342159904,
    "error": 3.302734234176138e-5,
    "mean": 0.9411206254500002
  },
  "abs_magnetization": {
    "variance": 0.0002959350389426389,
    "error": 1.7202762538111107e-5,
    "mean": 0.9699611800000003
  },
  "energy": {
    "variance": 0.0006192735108606096,
    "error": 2.488520666702629e-5,
    "mean": -0.9489212700000001
  },
  "magnetization": {
    "variance": 0.0002959350389426389,
    "error": 1.7202762538111107e-5,
    "mean": -0.9699611800000003
  },
  "sqr_energy": {
    "variance": 0.0021999159897835006,
    "error": 4.69032620377677e-5,
    "mean": 0.9010708495500004
  }
}
