{
  "sqr_magnetization": {
    "variance": 0.032018176296587465,
    "error": 0.0001789362352811399,
    "mean": 0.1952588863
  },
  "energy": {
    "variance": 0.004458186036614812,
    "error": 6.67696490676326e-5,
    "mean": -0.589557285
  },
  "magnetization": {
    "variance": 0.19376481151051858,
    "error": 0.00044018724596530344,
    "mean": -0.03865577
  },
  "sqr_energy": {
    "variance": 0.006471447798689991,
    "error": 8.044530936412634e-5,
    "mean": 0.352035973875
  }
}
