{
  "sqr_magnetization": {
    "variance": 0.0008444479037070186,
    "error": 2.9059385810904858e-5,
    "mean": 0.02120252975
  },
  "abs_magnetization": {
    "variance": 0.007561110226999828,
    "error": 8.695464465455441e-5,
    "mean": 0.11679651999999999
  },
  "energy": {
    "variance": 0.002077395913693413,
    "error": 4.557845887799864e-5,
    "mean": -0.37176545
  },
  "magnetization": {
    "variance": 0.021202372471471578,
    "error": 0.0001456103446581718,
    "mean": 0.0004224700000000002
  },
  "sqr_energy": {
    "variance": 0.0011716326845506594,
    "error": 3.4229120417426146e-5,
    "mean": 0.14028694364999997
  }
}
