{
  "sqr_magnetization": {
    "variance": 0.0023903115633894965,
    "error": 4.889081266853207e-5,
    "mean": 0.9003713801500003
  },
  "abs_magnetization": {
    "variance": 0.0006895184258463247,
    "error": 2.6258682865793643e-5,
    "mean": 0.9485156100000003
  },
  "energy": {
    "variance": 0.001059720249657749,
    "error": 3.255334467697212e-5,
    "mean": -0.9182077499999999
  },
  "magnetization": {
    "variance": 0.0006895184258463247,
    "error": 2.6258682865793643e-5,
    "mean": -0.9485156100000003
  },
  "sqr_energy": {
    "variance": 0.003517478898435535,
    "error": 5.930833751198507e-5,
    "mean": 0.8441651913500005
  }
}
