{
  "sqr_magnetization": {
    "variance": 0.0010749047046235015,
    "error": 3.2785739348434735e-5,
    "mean": 0.9417307017500002
  },
  "abs_magnetization": {
    "variance": 0.0002913823796207796,
    "error": 1.7069926175024297e-5,
    "mean": 0.9702779600000004
  },
  "energy": {
    "variance": 0.0006121936583630323,
    "error": 2.474254753179293e-5,
    "mean": -0.9494094250000003
  },
  "magnetization": {
    "variance": 0.0002913823796207796,
    "error": 1.7069926175024297e-5,
    "mean": -0.9702779600000004
  },
  "sqr_energy": {
    "variance": 0.0021771220651272934,
    "error": 4.6659640645072414e-5,
    "mean": 0.9019904493250004
  }
}
