{
  "sqr_magnetization": {
    "variance": 0.011729577018367873,
    "error": 0.0001083031717835072,
    "mean": 0.7584437865250002
  },
  "energy": {
    "variance": 0.0026296835653571654,
    "error": 5.128044037795663e-5,
    "mean": -0.83024792
  },
  "magnetization": {
    "variance": 0.0045151989431207185,
    "error": 6.719523006226498e-5,
    "mean": -0.8682906149999998
  },
  "sqr_energy": {
    "variance": 0.007103509978431411,
    "error": 8.428232304837954e-5,
    "mean": 0.6919412896
  }
}
