{
  "sqr_magnetization": {
    "variance": 0.012588588086738598,
    "error": 0.0001121988773862671,
    "mean": 0.7733583763500003
  },
  "energy": {
    "variance": 0.002555328379318379,
    "error": 5.055025597678393e-5,
    "mean": -0.8396301
  },
  "magnetization": {
    "variance": 0.005825447512662613,
    "error": 7.632461930899238e-5,
    "mean": -0.8760895699999999
  },
  "sqr_energy": {
    "variance": 0.007025385374356484,
    "error": 8.381757199034391e-5,
    "mean": 0.7075340306500001
  }
}
