{
  "energy": {
    "variance": 0.002442750920496194,
    "error": 4.942419367573126e-5,
    "mean": -0.83910586875
  },
  "magnetization": {
    "variance": 0.00384813293424231,
    "error": 6.203332116082703e-5,
    "mean": -0.8780666249999999
  }
}
