{
  "sqr_magnetization": {
    "variance": 0.003459980033919723,
    "error": 5.88215949623922e-5,
    "mean": 0.8736284855500005
  },
  "energy": {
    "variance": 0.0013656504564855568,
    "error": 3.695470817751856e-5,
    "mean": -0.8994065699999999
  },
  "magnetization": {
    "variance": 0.0010337585334744325,
    "error": 3.215211553653091e-5,
    "mean": -0.9341277900000001
  },
  "sqr_energy": {
    "variance": 0.004343716306134216,
    "error": 6.590687601558897e-5,
    "mean": 0.8102978272500003
  }
}
