{
  "sqr_magnetization": {
    "variance": 0.0015098477262765985,
    "error": 3.885675908097069e-5,
    "mean": 0.9260784365500002
  },
  "abs_magnetization": {
    "variance": 0.00041835915706915676,
    "error": 2.0453829887557897e-5,
    "mean": 0.9621123000000003
  },
  "energy": {
    "variance": 0.0007801123044102785,
    "error": 2.793049058663808e-5,
    "mean": -0.9372300450000001
  },
  "magnetization": {
    "variance": 0.00041835915706915676,
    "error": 2.0453829887557897e-5,
    "mean": -0.9621123000000003
  },
  "sqr_energy": {
    "variance": 0.0027015623938305257,
    "error": 5.1976556194408704e-5,
    "mean": 0.8791802687750004
  }
}
