{
  "sqr_magnetization": {
    "variance": 0.0486754296564207,
    "error": 0.00022062508845645978,
    "mean": 0.46399647435
  },
  "abs_magnetization": {
    "variance": 0.04193788095972096,
    "error": 0.00020478740429948555,
    "mean": 0.6496604
  },
  "energy": {
    "variance": 0.005480115417209191,
    "error": 7.402780165052309e-5,
    "mean": -0.7023665349999999
  },
  "magnetization": {
    "variance": 0.4638771248435599,
    "error": 0.0006810852551946488,
    "mean": -0.010945929999999994
  },
  "sqr_energy": {
    "variance": 0.010710008769133483,
    "error": 0.00010348917223136671,
    "mean": 0.498798859425
  }
}
