{
  "energy": {
    "variance": 0.0022418299270931716,
    "error": 4.734796645150847e-5,
    "mean": -0.4028978525
  },
  "magnetization": {
    "variance": 0.028100495264427237,
    "error": 0.00016763202338582935,
    "mean": -0.0017165550000000003
  }
}
