{
  "sqr_magnetization": {
    "variance": 0.0009662201766882399,
    "error": 3.108408236844446e-5,
    "mean": 0.9459977407000002
  },
  "energy": {
    "variance": 0.000568610474841574,
    "error": 2.3845554613838907e-5,
    "mean": -0.9528611700000001
  },
  "magnetization": {
    "variance": 0.00025998781954771966,
    "error": 1.6124137792381946e-5,
    "mean": -0.9724904900000002
  },
  "sqr_energy": {
    "variance": 0.002037626282949211,
    "error": 4.5140074024631495e-5,
    "mean": 0.9085130192000005
  }
}
