{
  "sqr_magnetization": {
    "variance": 0.0012294755090561387,
    "error": 3.506387755306219e-5,
    "mean": 0.9358801735500002
  },
  "abs_magnetization": {
    "variance": 0.0003359322516026515,
    "error": 1.8328454697618443e-5,
    "mean": 0.9672353600000003
  },
  "energy": {
    "variance": 0.000675070150027124,
    "error": 2.598211211636044e-5,
    "mean": -0.9447953050000002
  },
  "magnetization": {
    "variance": 0.0003359322516026515,
    "error": 1.8328454697618443e-5,
    "mean": -0.9672353600000003
  },
  "sqr_energy": {
    "variance": 0.0023767454912636023,
    "error": 4.8751876797345985e-5,
    "mean": 0.8933132378250005
  }
}
