{
  "sqr_magnetization": {
    "variance": 0.0006544875741102159,
    "error": 2.5582954757224896e-5,
    "mean": 0.018489209125000003
  },
  "abs_magnetization": {
    "variance": 0.006641934938538712,
    "error": 8.149806708467822e-5,
    "mean": 0.108845215
  },
  "energy": {
    "variance": 0.002000248451592352,
    "error": 4.4724137236981464e-5,
    "mean": -0.35540081
  },
  "magnetization": {
    "variance": 0.018488993943267917,
    "error": 0.00013597423999886125,
    "mean": 0.00048339499999999996
  },
  "sqr_energy": {
    "variance": 0.0010304233538265372,
    "error": 3.210020800285471e-5,
    "mean": 0.12830998219999998
  }
}
