{
  "sqr_magnetization": {
    "variance": 0.00082316265732238,
    "error": 2.869081137441707e-5,
    "mean": 0.020515511275
  },
  "energy": {
    "variance": 0.002041163062890663,
    "error": 4.517923265052941e-5,
    "mean": -0.37146582
  },
  "magnetization": {
    "variance": 0.020514904502144278,
    "error": 0.000143230249954904,
    "mean": 0.0007920150000000007
  },
  "sqr_energy": {
    "variance": 0.0011468451992574786,
    "error": 3.386510297131073e-5,
    "mean": 0.14002801645
  }
}
