{
  "sqr_magnetization": {
    "variance": 0.050283151908115234,
    "error": 0.0002242390508098784,
    "mean": 0.3967332551
  },
  "abs_magnetization": {
    "variance": 0.04885926087935048,
    "error": 0.00022104131034571454,
    "mean": 0.58980848
  },
  "energy": {
    "variance": 0.005588901678264779,
    "error": 7.475895717748327e-5,
    "mean": -0.6757371300000001
  },
  "magnetization": {
    "variance": 0.3966640062297541,
    "error": 0.0006298126755073718,
    "mean": 0.008345390000000001
  },
  "sqr_energy": {
    "variance": 0.010254826798699783,
    "error": 0.00010126611871055285,
    "mean": 0.46220956495000004
  }
}
