{
  "sqr_magnetization": {
    "variance": 0.00116339249761496,
    "error": 3.410853995138109e-5,
    "mean": 0.9385364229500001
  },
  "abs_magnetization": {
    "variance": 0.0003169106629282629,
    "error": 1.7801984803056734e-5,
    "mean": 0.9686173200000003
  },
  "energy": {
    "variance": 0.0006471372848348838,
    "error": 2.5438893152707798e-5,
    "mean": -0.9468946800000002
  },
  "magnetization": {
    "variance": 0.0003169106629282629,
    "error": 1.7801984803056734e-5,
    "mean": -0.9686173200000003
  },
  "sqr_energy": {
    "variance": 0.0022887043925022246,
    "error": 4.784040543831359e-5,
    "mean": 0.8972566716500003
  }
}
