{
  "sqr_magnetization": {
    "variance": 0.0077083664851091,
    "error": 8.779730340454143e-5,
    "mean": 0.8185213598750003
  },
  "energy": {
    "variance": 0.0020355523840714846,
    "error": 4.511709636126293e-5,
    "mean": -0.8655205300000001
  },
  "magnetization": {
    "variance": 0.0027141903231922976,
    "error": 5.209789173462106e-5,
    "mean": -0.903220445
  },
  "sqr_energy": {
    "variance": 0.0059607505018957245,
    "error": 7.720589680779392e-5,
    "mean": 0.7511613382000001
  }
}
