{
  "sqr_magnetization": {
    "variance": 0.007561441410012999,
    "error": 8.69565489771357e-5,
    "mean": 0.8209079279750003
  },
  "energy": {
    "variance": 0.0020125753801512806,
    "error": 4.4861736258768236e-5,
    "mean": -0.86697671
  },
  "magnetization": {
    "variance": 0.0026496933318177064,
    "error": 5.1475171994056575e-5,
    "mean": -0.9045762749999999
  },
  "sqr_energy": {
    "variance": 0.005910623267657179,
    "error": 7.688057796125872e-5,
    "mean": 0.7536611890500001
  }
}
