{
  "sqr_magnetization": {
    "variance": 0.004058105538828453,
    "error": 6.37032616027504e-5,
    "mean": 0.048875865425
  },
  "energy": {
    "variance": 0.0026666612340923344,
    "error": 5.163972534873065e-5,
    "mean": -0.46418117
  },
  "magnetization": {
    "variance": 0.048857991210381986,
    "error": 0.0002210384383096795,
    "mean": 0.004233564999999997
  },
  "sqr_energy": {
    "variance": 0.0023483288735933897,
    "error": 4.845955915599511e-5,
    "mean": 0.21813081715
  }
}
