{
  "sqr_magnetization": {
    "variance": 0.012863883776514448,
    "error": 0.00011341906266811787,
    "mean": 0.7544607015750002
  },
  "abs_magnetization": {
    "variance": 0.005335291232592009,
    "error": 7.304307792386633e-5,
    "mean": 0.8655203149999999
  },
  "energy": {
    "variance": 0.0027115567695246696,
    "error": 5.2072610550313966e-5,
    "mean": -0.82835889
  },
  "magnetization": {
    "variance": 0.7382924113327364,
    "error": 0.0008592394377196244,
    "mean": -0.12715749499999998
  },
  "sqr_energy": {
    "variance": 0.007255901337122815,
    "error": 8.518157862544469e-5,
    "mean": 0.6888900047000002
  }
}
