{
  "sqr_magnetization": {
    "variance": 0.0032959197994402376,
    "error": 5.741010189365838e-5,
    "mean": 0.8777332106750004
  },
  "energy": {
    "variance": 0.0013191181378731129,
    "error": 3.631966599341344e-5,
    "mean": -0.9023182549999998
  },
  "magnetization": {
    "variance": 0.0009775538466946208,
    "error": 3.126585752373698e-5,
    "mean": -0.9363523150000002
  },
  "sqr_energy": {
    "variance": 0.004225393654282444,
    "error": 6.500302803933401e-5,
    "mean": 0.8154973501250004
  }
}
