{
  "sqr_magnetization": {
    "variance": 3.880376914926252e-9,
    "error": 6.229267143835022e-8,
    "mean": 0.999999610975
  },
  "abs_magnetization": {
    "variance": 9.749629499629516e-10,
    "error": 3.1224396710952667e-8,
    "mean": 0.999999805
  },
  "energy": {
    "variance": 3.8998517998518065e-9,
    "error": 6.244879342190533e-8,
    "mean": -0.99999961
  },
  "magnetization": {
    "variance": 9.749629499629516e-10,
    "error": 3.1224396710952667e-8,
    "mean": -0.999999805
  },
  "sqr_energy": {
    "variance": 1.5443803112593184e-8,
    "error": 1.242730989095918e-7,
    "mean": 0.9999992239000001
  }
}
