{
  "sqr_magnetization": {
    "variance": 0.05043326124910714,
    "error": 0.00022457350967802756,
    "mean": 0.37611674312500004
  },
  "abs_magnetization": {
    "variance": 0.05120616374420811,
    "error": 0.00022628778964895146,
    "mean": 0.5700093249999999
  },
  "energy": {
    "variance": 0.005610443678881653,
    "error": 7.490289499666654e-5,
    "mean": -0.6673722049999999
  },
  "magnetization": {
    "variance": 0.376024297196905,
    "error": 0.0006132082005297262,
    "mean": 0.009634414999999997
  },
  "sqr_energy": {
    "variance": 0.010082022589646949,
    "error": 0.00010040927541640239,
    "mean": 0.45099609807499996
  }
}
