{
  "sqr_magnetization": {
    "variance": 0.0038636128759364174,
    "error": 6.215796711553892e-5,
    "mean": 0.8664641789750004
  },
  "abs_magnetization": {
    "variance": 0.0011861961729881473,
    "error": 3.444119877397051e-5,
    "mean": 0.930203195
  },
  "energy": {
    "variance": 0.0014310821894881651,
    "error": 3.782964696488939e-5,
    "mean": -0.894652845
  },
  "magnetization": {
    "variance": 0.0011861961729881473,
    "error": 3.444119877397051e-5,
    "mean": 0.930203195
  },
  "sqr_energy": {
    "variance": 0.00450051404057941,
    "error": 6.708587064784515e-5,
    "mean": 0.8018347938250003
  }
}
