{
  "sqr_magnetization": {
    "variance": 0.0008505126555130101,
    "error": 2.9163550118478547e-5,
    "mean": 0.021222989025
  },
  "energy": {
    "variance": 0.0020688697549791297,
    "error": 4.5484829943390244e-5,
    "mean": -0.372266625
  },
  "magnetization": {
    "variance": 0.02121878633509011,
    "error": 0.00014566669603958933,
    "mean": -0.002055215000000001
  },
  "sqr_energy": {
    "variance": 0.0011719426460867456,
    "error": 3.423364786415181e-5,
    "mean": 0.14065130777499996
  }
}
