{
  "sqr_magnetization": {
    "variance": 0.0006654368919417775,
    "error": 2.579606349701011e-5,
    "mean": 0.01921402155
  },
  "energy": {
    "variance": 0.0020304711013278756,
    "error": 4.506074900984088e-5,
    "mean": -0.360362635
  },
  "magnetization": {
    "variance": 0.019210939252507154,
    "error": 0.0001386035326119329,
    "mean": -0.0017611100000000006
  },
  "sqr_energy": {
    "variance": 0.001073904941149876,
    "error": 3.2770488875661835e-5,
    "mean": 0.13189169777499998
  }
}
