{
  "sqr_magnetization": {
    "variance": 0.0013109626049563972,
    "error": 3.620721758097958e-5,
    "mean": 0.9330245459000003
  },
  "abs_magnetization": {
    "variance": 0.0003597119315643314,
    "error": 1.8966073171965023e-5,
    "mean": 0.9657457400000004
  },
  "energy": {
    "variance": 0.0007058785884369872,
    "error": 2.6568375720713287e-5,
    "mean": -0.94258196
  },
  "magnetization": {
    "variance": 0.0003597119315643314,
    "error": 1.8966073171965023e-5,
    "mean": -0.9657457400000004
  },
  "sqr_energy": {
    "variance": 0.0024731817960164993,
    "error": 4.973109486042409e-5,
    "mean": 0.8891666292000006
  }
}
