{
  "sqr_magnetization": {
    "variance": 0.001057560487495454,
    "error": 3.252015509642373e-5,
    "mean": 0.9423513430500001
  },
  "abs_magnetization": {
    "variance": 0.0002864009763109763,
    "error": 1.692338548609516e-5,
    "mean": 0.9706003000000003
  },
  "energy": {
    "variance": 0.0006053169550669544,
    "error": 2.4603189936814176e-5,
    "mean": -0.9498995000000001
  },
  "magnetization": {
    "variance": 0.0002864009763109763,
    "error": 1.692338548609516e-5,
    "mean": -0.9706003000000003
  },
  "sqr_energy": {
    "variance": 0.0021550359801999126,
    "error": 4.6422365086237396e-5,
    "mean": 0.9029143764500003
  }
}
