{
  "sqr_magnetization": {
    "variance": 0.01634033020875106,
    "error": 0.00012782930105711705,
    "mean": 0.11663722769999998
  },
  "abs_magnetization": {
    "variance": 0.035004350051082454,
    "error": 0.00018709449497802564,
    "mean": 0.28571473999999997
  },
  "energy": {
    "variance": 0.0035172890815368552,
    "error": 5.930673723563669e-5,
    "mean": -0.541126415
  },
  "magnetization": {
    "variance": 0.11663441647120648,
    "error": 0.0003415178128168522,
    "mean": -0.001711099999999999
  },
  "sqr_energy": {
    "variance": 0.004277300221315028,
    "error": 6.540107201961623e-5,
    "mean": 0.296335082575
  }
}
