{
  "sqr_magnetization": {
    "variance": 0.009583769342656031,
    "error": 9.789672794662767e-5,
    "mean": 0.081641858275
  },
  "abs_magnetization": {
    "variance": 0.02652504693728691,
    "error": 0.0001628651188477352,
    "mean": 0.23476975499999997
  },
  "energy": {
    "variance": 0.0030626782957776707,
    "error": 5.5341469945942625e-5,
    "mean": -0.509526775
  },
  "magnetization": {
    "variance": 0.08163641499064976,
    "error": 0.0002857208690149352,
    "mean": 0.002350514999999999
  },
  "sqr_energy": {
    "variance": 0.0032811564521788637,
    "error": 5.72813796288014e-5,
    "mean": 0.26268020967499994
  }
}
