{
  "sqr_magnetization": {
    "variance": 0.0016617802702312123,
    "error": 4.076493922761584e-5,
    "mean": 0.9222139112250003
  },
  "energy": {
    "variance": 0.000837317155180254,
    "error": 2.893643300720139e-5,
    "mean": -0.9343003700000001
  },
  "magnetization": {
    "variance": 0.00046355995688693145,
    "error": 2.153044256133467e-5,
    "mean": -0.9600783050000004
  },
  "sqr_energy": {
    "variance": 0.002879500362986055,
    "error": 5.366097616504992e-5,
    "mean": 0.8737544977000005
  }
}
