{
  "sqr_magnetization": {
    "variance": 0.05155653110625521,
    "error": 0.00022706063310546637,
    "mean": 0.43251647755
  },
  "energy": {
    "variance": 0.005809944233038633,
    "error": 7.622299018694184e-5,
    "mean": -0.6905341599999999
  },
  "magnetization": {
    "variance": 0.39360893388303136,
    "error": 0.0006273826056586454,
    "mean": -0.19725095000000004
  },
  "sqr_energy": {
    "variance": 0.011004698473071624,
    "error": 0.00010490328151717477,
    "mean": 0.48264736455000007
  }
}
