{
  "sqr_magnetization": {
    "variance": 0.005423234428150194,
    "error": 7.364261285526332e-5,
    "mean": 0.8390153838750004
  },
  "abs_magnetization": {
    "variance": 0.0017462179887197632,
    "error": 4.178777319647176e-5,
    "mean": 0.915024135
  },
  "energy": {
    "variance": 0.0017374293042193053,
    "error": 4.168248198247443e-5,
    "mean": -0.8769361
  },
  "magnetization": {
    "variance": 0.0017462179887197632,
    "error": 4.178777319647176e-5,
    "mean": 0.915024135
  },
  "sqr_energy": {
    "variance": 0.005241780245869862,
    "error": 7.240013981940823e-5,
    "mean": 0.7707543510500001
  }
}
