{
  "sqr_magnetization": {
    "variance": 0.02128342468558393,
    "error": 0.00014588839804996123,
    "mean": 0.14220188335000003
  },
  "energy": {
    "variance": 0.004014530966653742,
    "error": 6.336032644055539e-5,
    "mean": -0.554854835
  },
  "magnetization": {
    "variance": 0.14131736612626203,
    "error": 0.000375922021337221,
    "mean": -0.02974321
  },
  "sqr_energy": {
    "variance": 0.005167598877528132,
    "error": 7.18860130868873e-5,
    "mean": 0.311878414875
  }
}
