{
  "sqr_magnetization": {
    "variance": 0.02671586154789731,
    "error": 0.00016344987472585384,
    "mean": 0.6502364297250001
  },
  "energy": {
    "variance": 0.004016916691780666,
    "error": 6.337915029235298e-5,
    "mean": -0.778362395
  },
  "magnetization": {
    "variance": 0.48192128504301945,
    "error": 0.000694205506347378,
    "mean": 0.4102628749999999
  },
  "sqr_energy": {
    "variance": 0.009466014431391492,
    "error": 9.72934449559244e-5,
    "mean": 0.609864930625
  }
}
