{
  "sqr_magnetization": {
    "variance": 0.0036146957954495927,
    "error": 6.01223402359688e-5,
    "mean": 0.8714213442750005
  },
  "abs_magnetization": {
    "variance": 0.001098439439769214,
    "error": 3.314271322280682e-5,
    "mean": 0.9329109850000001
  },
  "energy": {
    "variance": 0.0013748584478628476,
    "error": 3.707908369772435e-5,
    "mean": -0.89798366
  },
  "magnetization": {
    "variance": 0.001098439439769214,
    "error": 3.314271322280682e-5,
    "mean": -0.9329109850000001
  },
  "sqr_energy": {
    "variance": 0.00435740692166751,
    "error": 6.601065763698701e-5,
    "mean": 0.8077495107000003
  }
}
