{
  "sqr_magnetization": {
    "variance": 0.0014630845195926403,
    "error": 3.8250287836729286e-5,
    "mean": 0.028284817299999997
  },
  "energy": {
    "variance": 0.002249339752386853,
    "error": 4.7427204770962975e-5,
    "mean": -0.40567227
  },
  "magnetization": {
    "variance": 0.02828391403078513,
    "error": 0.0001681782210358557,
    "mean": 0.0009651700000000003
  },
  "sqr_energy": {
    "variance": 0.0015123907127095803,
    "error": 3.8889467889257374e-5,
    "mean": 0.16681932814999997
  }
}
