{
  "energy": {
    "variance": 0.0012091724100494038,
    "error": 3.477315645795481e-5,
    "mean": -0.9084055225
  },
  "magnetization": {
    "variance": 0.0008572938276028018,
    "error": 2.927958038638535e-5,
    "mean": -0.9411231450000003
  }
}
