{
  "sqr_magnetization": {
    "variance": 0.04254370664314436,
    "error": 0.00020626125822156803,
    "mean": 0.53647525205
  },
  "energy": {
    "variance": 0.005053127621335221,
    "error": 7.108535447850859e-5,
    "mean": -0.7320161799999999
  },
  "magnetization": {
    "variance": 0.5151671512575672,
    "error": 0.0007177514550717172,
    "mean": -0.14597470999999995
  },
  "sqr_energy": {
    "variance": 0.010614643152340236,
    "error": 0.00010302739030151271,
    "mean": 0.5409008103499999
  }
}
