{
  "sqr_magnetization": {
    "variance": 0.0029976480318645873,
    "error": 5.475078110734665e-5,
    "mean": 0.8859780281500004
  },
  "energy": {
    "variance": 0.0012379897968577713,
    "error": 3.5185079179359124e-5,
    "mean": -0.9081429549999999
  },
  "magnetization": {
    "variance": 0.0008807272555172545,
    "error": 2.9677049306109502e-5,
    "mean": -0.9407961000000002
  },
  "sqr_energy": {
    "variance": 0.004013544858129622,
    "error": 6.335254421197006e-5,
    "mean": 0.8259616152750003
  }
}
