{
  "sqr_magnetization": {
    "variance": 0.028538097137003175,
    "error": 0.00016893222646080047,
    "mean": 0.6372703814
  },
  "abs_magnetization": {
    "variance": 0.016895345749357648,
    "error": 0.00012998209780334233,
    "mean": 0.7876389100000001
  },
  "energy": {
    "variance": 0.00404989818948819,
    "error": 6.363881040283664e-5,
    "mean": -0.7725571
  },
  "magnetization": {
    "variance": 0.6181750126644798,
    "error": 0.0007862410652366613,
    "mean": 0.13818823
  },
  "sqr_energy": {
    "variance": 0.009399592596743278,
    "error": 9.695149610368722e-5,
    "mean": 0.6008943669
  }
}
