{
  "energy": {
    "variance": 0.0018056320757179748,
    "error": 4.249272968071097e-5,
    "mean": -0.8727368812499998
  },
  "magnetization": {
    "variance": 0.0018843218077409074,
    "error": 4.3408775699631374e-5,
    "mean": -0.91120697
  }
}
