{
  "sqr_magnetization": {
    "variance": 0.0022083255230730342,
    "error": 4.699282416574933e-5,
    "mean": 0.9049829092500004
  },
  "abs_magnetization": {
    "variance": 0.000631874731761831,
    "error": 2.5137118604999875e-5,
    "mean": 0.9509737300000003
  },
  "energy": {
    "variance": 0.001008686811097585,
    "error": 3.1759830149067e-5,
    "mean": -0.9215204349999998
  },
  "magnetization": {
    "variance": 0.000631874731761831,
    "error": 2.5137118604999875e-5,
    "mean": -0.9509737300000003
  },
  "sqr_energy": {
    "variance": 0.003373562848414158,
    "error": 5.8082379844615164e-5,
    "mean": 0.8502085979250004
  }
}
