{
  "sqr_magnetization": {
    "variance": 0.04963907701051134,
    "error": 0.00022279828771898434,
    "mean": 0.44363479525
  },
  "abs_magnetization": {
    "variance": 0.04445320020746731,
    "error": 0.00021083927577059098,
    "mean": 0.63180823
  },
  "energy": {
    "variance": 0.005553318818328794,
    "error": 7.452059324997886e-5,
    "mean": -0.694100995
  },
  "magnetization": {
    "variance": 0.4430892866086145,
    "error": 0.0006656495223528779,
    "mean": -0.02336561000000001
  },
  "sqr_energy": {
    "variance": 0.01064029349930213,
    "error": 0.00010315179833285569,
    "mean": 0.487329504525
  }
}
