{
  "sqr_magnetization": {
    "variance": 0.04960675903215265,
    "error": 0.00022272574847141642,
    "mean": 0.42185042662499994
  },
  "abs_magnetization": {
    "variance": 0.04588537888437326,
    "error": 0.00021420872737676507,
    "mean": 0.613159925
  },
  "energy": {
    "variance": 0.005553146338153938,
    "error": 7.451943597581732e-5,
    "mean": -0.68536382
  },
  "magnetization": {
    "variance": 0.4206807814770308,
    "error": 0.0006485990914864365,
    "mean": 0.034206225
  },
  "sqr_energy": {
    "variance": 0.010424463108672049,
    "error": 0.00010210026008131442,
    "mean": 0.47527670655
  }
}
