{
  "sqr_magnetization": {
    "variance": 0.05212016973888331,
    "error": 0.00022829842255014227,
    "mean": 0.373465521825
  },
  "energy": {
    "variance": 0.005898183157367059,
    "error": 7.679962992988352e-5,
    "mean": -0.66613119
  },
  "magnetization": {
    "variance": 0.37217992033769465,
    "error": 0.0006100655049563897,
    "mean": -0.03586047499999996
  },
  "sqr_energy": {
    "variance": 0.010597122728446423,
    "error": 0.00010294232719560221,
    "mean": 0.44962893955
  }
}
