{
  "sqr_magnetization": {
    "variance": 0.0013507135427065632,
    "error": 3.675205494535732e-5,
    "mean": 0.9315513532750003
  },
  "abs_magnetization": {
    "variance": 0.00037133175320872827,
    "error": 1.926997024410594e-5,
    "mean": 0.9649766950000004
  },
  "energy": {
    "variance": 0.0007214132561452302,
    "error": 2.6859137293391057e-5,
    "mean": -0.9414365550000001
  },
  "magnetization": {
    "variance": 0.00037133175320872827,
    "error": 1.926997024410594e-5,
    "mean": -0.9649766950000004
  },
  "sqr_energy": {
    "variance": 0.002521253351357123,
    "error": 5.021208371853455e-5,
    "mean": 0.8870241996250005
  }
}
