{
  "sqr_magnetization": {
    "variance": 0.02363550638142448,
    "error": 0.00015373843495178582,
    "mean": 0.67656374475
  },
  "abs_magnetization": {
    "variance": 0.012844727303106405,
    "error": 0.00011333458123232469,
    "mean": 0.81468953
  },
  "energy": {
    "variance": 0.0036440051881711628,
    "error": 6.036559606407579e-5,
    "mean": -0.790548845
  },
  "magnetization": {
    "variance": 0.6699772386308223,
    "error": 0.0008185213733500319,
    "mean": 0.08116142000000001
  },
  "sqr_energy": {
    "variance": 0.008840956995109756,
    "error": 9.402636329833115e-5,
    "mean": 0.6286114778749999
  }
}
