{
  "sqr_magnetization": {
    "variance": 0.038199099445323265,
    "error": 0.00019544589902406053,
    "mean": 0.5644506066749999
  },
  "abs_magnetization": {
    "variance": 0.02686382569312247,
    "error": 0.00016390187824769572,
    "mean": 0.733203115
  },
  "energy": {
    "variance": 0.004779906391980366,
    "error": 6.913686709694304e-5,
    "mean": -0.741319645
  },
  "magnetization": {
    "variance": 0.5644016443185187,
    "error": 0.0007512666932045629,
    "mean": -0.007037524999999994
  },
  "sqr_energy": {
    "variance": 0.010254954063763982,
    "error": 0.00010126674707802152,
    "mean": 0.554334717675
  }
}
