{
  "sqr_magnetization": {
    "variance": 0.0006716644121805254,
    "error": 2.5916489194729393e-5,
    "mean": 0.0187405974
  },
  "abs_magnetization": {
    "variance": 0.00672109102815943,
    "error": 8.198226044797393e-5,
    "mean": 0.10963353999999999
  },
  "energy": {
    "variance": 0.0020047232366631365,
    "error": 4.477413580029363e-5,
    "mean": -0.35704699
  },
  "magnetization": {
    "variance": 0.01874038548111258,
    "error": 0.00013689552761545054,
    "mean": 0.0004802700000000001
  },
  "sqr_energy": {
    "variance": 0.0010425099765465362,
    "error": 3.228792307576528e-5,
    "mean": 0.12948727429999998
  }
}
