{
  "sqr_magnetization": {
    "variance": 0.0009237212328652381,
    "error": 3.039278257852081e-5,
    "mean": 0.9481707374750001
  },
  "energy": {
    "variance": 0.0005474694685669679,
    "error": 2.3398065487705772e-5,
    "mean": -0.9546209500000001
  },
  "magnetization": {
    "variance": 0.0002480453004090756,
    "error": 1.5749453971775517e-5,
    "mean": -0.9736132150000003
  },
  "sqr_energy": {
    "variance": 0.001968778920489063,
    "error": 4.437092426904203e-5,
    "mean": 0.9118486271000003
  }
}
