{
  "sqr_magnetization": {
    "variance": 0.016967485209473693,
    "error": 0.00013025929989629798,
    "mean": 0.7188548800250001
  },
  "abs_magnetization": {
    "variance": 0.0077980280695124455,
    "error": 8.830644409958112e-5,
    "mean": 0.843241875
  },
  "energy": {
    "variance": 0.0031325909360785374,
    "error": 5.596955365266492e-5,
    "mean": -0.81000682
  },
  "magnetization": {
    "variance": 0.6668139129933269,
    "error": 0.0008165867455410521,
    "mean": 0.22812635499999998
  },
  "sqr_energy": {
    "variance": 0.007994782092981028,
    "error": 8.941354535516992e-5,
    "mean": 0.6592436362499999
  }
}
