{
  "sqr_magnetization": {
    "variance": 0.0018549036490884065,
    "error": 4.306859237412347e-5,
    "mean": 0.9153268595000003
  },
  "abs_magnetization": {
    "variance": 0.0005226250357049353,
    "error": 2.286099376022257e-5,
    "mean": 0.9564539900000003
  },
  "energy": {
    "variance": 0.0008952259511003247,
    "error": 2.9920326721149367e-5,
    "mean": -0.929148725
  },
  "magnetization": {
    "variance": 0.0005226250357049353,
    "error": 2.286099376022257e-5,
    "mean": -0.9564539900000003
  },
  "sqr_energy": {
    "variance": 0.00304551716192354,
    "error": 5.518620445295672e-5,
    "mean": 0.8642125782250004
  }
}
