{
  "sqr_magnetization": {
    "variance": 0.019490776675590064,
    "error": 0.00013960937173266723,
    "mean": 0.6951069159500001
  },
  "energy": {
    "variance": 0.003429520710892485,
    "error": 5.856210985690735e-5,
    "mean": -0.798724385
  },
  "magnetization": {
    "variance": 0.00901636038825479,
    "error": 9.495451747154946e-5,
    "mean": -0.8283058399999998
  },
  "sqr_energy": {
    "variance": 0.00853115341919904,
    "error": 9.236424318533142e-5,
    "mean": 0.6413901604750001
  }
}
