{
  "sqr_magnetization": {
    "variance": 0.002913220758557079,
    "error": 5.3974260148306606e-5,
    "mean": 0.03977095495
  },
  "energy": {
    "variance": 0.0025130137068754823,
    "error": 5.012996815155065e-5,
    "mean": -0.444056135
  },
  "magnetization": {
    "variance": 0.03976990344717385,
    "error": 0.0001994239289733653,
    "mean": -0.0010446400000000018
  },
  "sqr_energy": {
    "variance": 0.0020373191727152662,
    "error": 4.5136672149320736e-5,
    "mean": 0.199698862225
  }
}
