{
  "sqr_magnetization": {
    "variance": 0.002584746894004688,
    "error": 5.084040611565459e-5,
    "mean": 0.8954450240250004
  },
  "abs_magnetization": {
    "variance": 0.000751992547191521,
    "error": 2.742248251328681e-5,
    "mean": 0.9458821450000002
  },
  "energy": {
    "variance": 0.0011130809584245578,
    "error": 3.336286795862367e-5,
    "mean": -0.9146974199999999
  },
  "magnetization": {
    "variance": 0.000751992547191521,
    "error": 2.742248251328681e-5,
    "mean": -0.9458821450000002
  },
  "sqr_energy": {
    "variance": 0.0036651559515259503,
    "error": 6.0540531477068735e-5,
    "mean": 0.8377844500000005
  }
}
