{
  "sqr_magnetization": {
    "variance": 0.0017872743738556389,
    "error": 4.22761679182922e-5,
    "mean": 0.9172761635000003
  },
  "abs_magnetization": {
    "variance": 0.0005019325223741219,
    "error": 2.2403850614885866e-5,
    "mean": 0.9574832800000004
  },
  "energy": {
    "variance": 0.0008744171520961263,
    "error": 2.9570545346613516e-5,
    "mean": -0.930588895
  },
  "magnetization": {
    "variance": 0.0005019325223741219,
    "error": 2.2403850614885866e-5,
    "mean": -0.9574832800000004
  },
  "sqr_energy": {
    "variance": 0.002984243393027651,
    "error": 5.4628228902534e-5,
    "mean": 0.8668701077750004
  }
}
