{
  "sqr_magnetization": {
    "variance": 0.0006195103540177814,
    "error": 2.488996492600545e-5,
    "mean": 0.018069595249999997
  },
  "abs_magnetization": {
    "variance": 0.0064660270144149155,
    "error": 8.04116099479106e-5,
    "mean": 0.10771988999999998
  },
  "energy": {
    "variance": 0.0019871259004056755,
    "error": 4.457719036015702e-5,
    "mean": -0.352194735
  },
  "magnetization": {
    "variance": 0.018069327661146762,
    "error": 0.0001344221992869733,
    "mean": 0.00053447
  },
  "sqr_energy": {
    "variance": 0.0010061951326914426,
    "error": 3.1720579009397714e-5,
    "mean": 0.12602825527499997
  }
}
