{
  "sqr_magnetization": {
    "variance": 0.013839767390760819,
    "error": 0.00011764254073574245,
    "mean": 0.10376742535000001
  },
  "abs_magnetization": {
    "variance": 0.03219666550791311,
    "error": 0.00017943429300976195,
    "mean": 0.26752718
  },
  "energy": {
    "variance": 0.003375180018472794,
    "error": 5.809629952477863e-5,
    "mean": -0.5301038349999999
  },
  "magnetization": {
    "variance": 0.1037619088934189,
    "error": 0.00032212095382545185,
    "mean": -0.0023707
  },
  "sqr_energy": {
    "variance": 0.003932995557313164,
    "error": 6.271359946066853e-5,
    "mean": 0.2843852525249999
  }
}
