{
  "sqr_magnetization": {
    "variance": 0.005487371326468485,
    "error": 7.407679344078336e-5,
    "mean": 0.05880730165000001
  },
  "abs_magnetization": {
    "variance": 0.01983146081015831,
    "error": 0.0001408242195439347,
    "mean": 0.19742305
  },
  "energy": {
    "variance": 0.0027542404912162667,
    "error": 5.248085833155044e-5,
    "mean": -0.479445935
  },
  "magnetization": {
    "variance": 0.05880255344015334,
    "error": 0.00024249237810734038,
    "mean": 0.0021924899999999996
  },
  "sqr_energy": {
    "variance": 0.002597352908581153,
    "error": 5.096423165889144e-5,
    "mean": 0.232622642325
  }
}
