{
  "sqr_magnetization": {
    "variance": 0.0009615978570581408,
    "error": 3.100964135649009e-5,
    "mean": 0.023252106025
  },
  "energy": {
    "variance": 0.002124628847883948,
    "error": 4.609369640074386e-5,
    "mean": -0.38354106999999993
  },
  "magnetization": {
    "variance": 0.02314932610186188,
    "error": 0.00015214902596422325,
    "mean": -0.010139185000000002
  },
  "sqr_energy": {
    "variance": 0.001270058264977448,
    "error": 3.5637876830381575e-5,
    "mean": 0.1492283791
  }
}
