{
  "sqr_magnetization": {
    "variance": 0.0020797721366015544,
    "error": 4.560451881778334e-5,
    "mean": 0.03420244014999999
  },
  "abs_magnetization": {
    "variance": 0.01200789743004053,
    "error": 0.00010958055224372857,
    "mean": 0.14897837
  },
  "energy": {
    "variance": 0.002360380945100321,
    "error": 4.858375186315196e-5,
    "mean": -0.42661517500000007
  },
  "magnetization": {
    "variance": 0.034202418462730366,
    "error": 0.00018493895874782676,
    "mean": -0.0002364099999999998
  },
  "sqr_energy": {
    "variance": 0.0017546812435091511,
    "error": 4.188891552080515e-5,
    "mean": 0.18436088612499998
  }
}
