{
  "sqr_magnetization": {
    "variance": 0.011598017411003593,
    "error": 0.0001076940918110348,
    "mean": 0.7802568012000002
  },
  "energy": {
    "variance": 0.0024842769200296953,
    "error": 4.9842521204586904e-5,
    "mean": -0.843434165
  },
  "magnetization": {
    "variance": 0.004876897884469785,
    "error": 6.983478992930232e-5,
    "mean": -0.8805565899999999
  },
  "sqr_energy": {
    "variance": 0.00688797019596823,
    "error": 8.299379612939892e-5,
    "mean": 0.7138654651250002
  }
}
