{
  "sqr_magnetization": {
    "variance": 0.0036844873127429784,
    "error": 6.0699977864435655e-5,
    "mean": 0.046584894125000005
  },
  "abs_magnetization": {
    "variance": 0.01605240997509475,
    "error": 0.00012669810564919568,
    "mean": 0.174735515
  },
  "energy": {
    "variance": 0.0025677566804814564,
    "error": 5.0673037016557985e-5,
    "mean": -0.458132485
  },
  "magnetization": {
    "variance": 0.046582050452044825,
    "error": 0.00021582875260735032,
    "mean": 0.0017000750000000003
  },
  "sqr_energy": {
    "variance": 0.002206604793251503,
    "error": 4.697451216618969e-5,
    "mean": 0.212453127925
  }
}
