{
  "sqr_magnetization": {
    "variance": 0.010364127869821547,
    "error": 0.00010180436076034045,
    "mean": 0.7793006600750002
  },
  "energy": {
    "variance": 0.002449367311155711,
    "error": 4.949108314793394e-5,
    "mean": -0.84202546
  },
  "magnetization": {
    "variance": 0.003880874842689618,
    "error": 6.229666799026748e-5,
    "mean": -0.8805792349999999
  },
  "sqr_energy": {
    "variance": 0.006796784684883962,
    "error": 8.244261449568397e-5,
    "mean": 0.7114562401500001
  }
}
