{
  "sqr_magnetization": {
    "variance": 0.01185448645656613,
    "error": 0.00010887831031278053,
    "mean": 0.7628226316500002
  },
  "abs_magnetization": {
    "variance": 0.004715709217619619,
    "error": 6.867102167304356e-5,
    "mean": 0.8706933599999999
  },
  "energy": {
    "variance": 0.002612596744734344,
    "error": 5.111356712981734e-5,
    "mean": -0.8327156800000001
  },
  "magnetization": {
    "variance": 0.08773042978042979,
    "error": 0.0002961932304770482,
    "mean": -0.82164
  },
  "sqr_energy": {
    "variance": 0.007071545887715032,
    "error": 8.4092484133334e-5,
    "mean": 0.6960279978499999
  }
}
