{
  "sqr_magnetization": {
    "variance": 0.003949857290370453,
    "error": 6.284789010277475e-5,
    "mean": 0.8646651133000004
  },
  "abs_magnetization": {
    "variance": 0.001214674244958644,
    "error": 3.4852177047619916e-5,
    "mean": 0.9292203400000001
  },
  "energy": {
    "variance": 0.0014500895080799088,
    "error": 3.808004080985088e-5,
    "mean": -0.8934706399999999
  },
  "magnetization": {
    "variance": 0.001214674244958644,
    "error": 3.4852177047619916e-5,
    "mean": 0.9292203400000001
  },
  "sqr_energy": {
    "variance": 0.00454797355746933,
    "error": 6.743866515189435e-5,
    "mean": 0.7997398726000003
  }
}
