{
  "sqr_magnetization": {
    "variance": 0.0017828355899446224,
    "error": 4.222363781040926e-5,
    "mean": 0.9186486636000003
  },
  "energy": {
    "variance": 0.0008782326190545931,
    "error": 2.96349897765225e-5,
    "mean": -0.9316175550000001
  },
  "magnetization": {
    "variance": 0.0005001592757236752,
    "error": 2.2364241004864782e-5,
    "mean": -0.9582006600000004
  },
  "sqr_energy": {
    "variance": 0.0030017316630008106,
    "error": 5.478806131814495e-5,
    "mean": 0.8687895005250005
  }
}
