{
  "sqr_magnetization": {
    "variance": 0.007076297022595001,
    "error": 8.412072885201959e-5,
    "mean": 0.8149355482000004
  },
  "energy": {
    "variance": 0.002026214672819074,
    "error": 4.5013494341353616e-5,
    "mean": -0.8626286599999999
  },
  "magnetization": {
    "variance": 0.002382618183465783,
    "error": 4.881207005921571e-5,
    "mean": -0.9014171799999999
  },
  "sqr_energy": {
    "variance": 0.005916762157003586,
    "error": 7.692049243864463e-5,
    "mean": 0.7461544177000001
  }
}
