{
  "sqr_magnetization": {
    "variance": 0.018827030600280178,
    "error": 0.000137211627059372,
    "mean": 0.130449806875
  },
  "energy": {
    "variance": 0.003719265954627929,
    "error": 6.098578485702983e-5,
    "mean": -0.546640195
  },
  "magnetization": {
    "variance": 0.13028639027817326,
    "error": 0.0003609520609141514,
    "mean": -0.012788545000000002
  },
  "sqr_energy": {
    "variance": 0.004630752083513246,
    "error": 6.804962956191052e-5,
    "mean": 0.302534765025
  }
}
