{
  "sqr_magnetization": {
    "variance": 0.011671365224122513,
    "error": 0.00010803409287869507,
    "mean": 0.7713005949500001
  },
  "energy": {
    "variance": 0.002531815403432178,
    "error": 5.03171482044857e-5,
    "mean": -0.837974635
  },
  "magnetization": {
    "variance": 0.28127182579126325,
    "error": 0.0005303506630440497,
    "mean": -0.7000207499999999
  },
  "sqr_energy": {
    "variance": 0.006946364756415915,
    "error": 8.334485440875109e-5,
    "mean": 0.7047333017749999
  }
}
