{
  "sqr_magnetization": {
    "variance": 0.01591512094644573,
    "error": 0.00012615514633357503,
    "mean": 0.11568214402499999
  },
  "energy": {
    "variance": 0.003522040333124233,
    "error": 5.9346780309669985e-5,
    "mean": -0.5393761899999999
  },
  "magnetization": {
    "variance": 0.11267518042083621,
    "error": 0.00033567123859639243,
    "mean": 0.054836815000000004
  },
  "sqr_energy": {
    "variance": 0.004242813656278772,
    "error": 6.513688399270241e-5,
    "mean": 0.29444871115
  }
}
