{
  "sqr_magnetization": {
    "variance": 0.007981774026371688,
    "error": 8.934077471329476e-5,
    "mean": 0.0732295891
  },
  "abs_magnetization": {
    "variance": 0.024082013154956755,
    "error": 0.00015518380442222944,
    "mean": 0.22169258000000003
  },
  "energy": {
    "variance": 0.0029636987815747566,
    "error": 5.443986390114101e-5,
    "mean": -0.499816405
  },
  "magnetization": {
    "variance": 0.07322748068031908,
    "error": 0.0002706057661623623,
    "mean": 0.0014770399999999996
  },
  "sqr_energy": {
    "variance": 0.003044162753198781,
    "error": 5.5173931826531824e-5,
    "mean": 0.252780134525
  }
}
