{
  "sqr_magnetization": {
    "variance": 0.0017877592056979254,
    "error": 4.228190163294368e-5,
    "mean": 0.031052191325
  },
  "energy": {
    "variance": 0.0023222730535841533,
    "error": 4.8189968391607736e-5,
    "mean": -0.41863667
  },
  "magnetization": {
    "variance": 0.031013125518090493,
    "error": 0.00017610543863859089,
    "mean": 0.0062527450000000005
  },
  "sqr_energy": {
    "variance": 0.0016554594276647313,
    "error": 4.068733743641542e-5,
    "mean": 0.17757893219999998
  }
}
