{
  "sqr_magnetization": {
    "variance": 0.02109720944954083,
    "error": 0.00014524878467491847,
    "mean": 0.6949115363500001
  },
  "abs_magnetization": {
    "variance": 0.010923580902658402,
    "error": 0.00010451593611817484,
    "mean": 0.8270356499999999
  },
  "energy": {
    "variance": 0.003449059257638032,
    "error": 5.8728691945573184e-5,
    "mean": -0.799006035
  },
  "magnetization": {
    "variance": 0.6949096156650174,
    "error": 0.0008336123893423234,
    "mean": 0.0016172799999999842
  },
  "sqr_energy": {
    "variance": 0.008543606051402291,
    "error": 9.243162906387775e-5,
    "mean": 0.641859699775
  }
}
