{
  "sqr_magnetization": {
    "variance": 0.03808792679764002,
    "error": 0.0001951612840643349,
    "mean": 0.5770503480750001
  },
  "abs_magnetization": {
    "variance": 0.02673716450609428,
    "error": 0.00016351502837994519,
    "mean": 0.741830985
  },
  "energy": {
    "variance": 0.004723796294851895,
    "error": 6.872987920003858e-5,
    "mean": -0.74750538
  },
  "magnetization": {
    "variance": 0.5764335573112916,
    "error": 0.0007592322156700752,
    "mean": 0.024846875
  },
  "sqr_energy": {
    "variance": 0.010279766330656956,
    "error": 0.00010138918251301249,
    "mean": 0.5634880847
  }
}
