{
  "sqr_magnetization": {
    "variance": 0.0009817162516956967,
    "error": 3.133235151876885e-5,
    "mean": 0.02299741025
  },
  "abs_magnetization": {
    "variance": 0.008169132384029883,
    "error": 9.038325278518075e-5,
    "mean": 0.12177145
  },
  "energy": {
    "variance": 0.002122392865862241,
    "error": 4.606943526745516e-5,
    "mean": -0.381871425
  },
  "magnetization": {
    "variance": 0.022996370182267686,
    "error": 0.0001516455412541618,
    "mean": 0.0010310500000000002
  },
  "sqr_energy": {
    "variance": 0.00126325587191318,
    "error": 3.554231100974133e-5,
    "mean": 0.14794817597499998
  }
}
