{
  "sqr_magnetization": {
    "variance": 0.017365990383516598,
    "error": 0.00013178008340988633,
    "mean": 0.12096336532499999
  },
  "abs_magnetization": {
    "variance": 0.03619058068840506,
    "error": 0.0001902382208926615,
    "mean": 0.291157725
  },
  "energy": {
    "variance": 0.003612762766381866,
    "error": 6.010626228923128e-5,
    "mean": -0.5439355300000001
  },
  "magnetization": {
    "variance": 0.12093449078077577,
    "error": 0.0003477563669881197,
    "mean": -0.005384745000000001
  },
  "sqr_energy": {
    "variance": 0.004446039089351301,
    "error": 6.667862543087778e-5,
    "mean": 0.29947861995
  }
}
