{
  "energy": {
    "variance": 0.0029285421829632835,
    "error": 5.41160067167126e-5,
    "mean": -0.8214576699999999
  },
  "magnetization": {
    "variance": 0.7094940618561649,
    "error": 0.0008423147047607355,
    "mean": 0.17343812999999994
  }
}
