{
  "sqr_magnetization": {
    "variance": 0.003822993813928479,
    "error": 6.18303632039185e-5,
    "mean": 0.047146181825
  },
  "energy": {
    "variance": 0.002563010241827842,
    "error": 5.062618138698437e-5,
    "mean": -0.45990268000000006
  },
  "magnetization": {
    "variance": 0.04713022323471201,
    "error": 0.00021709496363276604,
    "mean": 0.004000715000000001
  },
  "sqr_energy": {
    "variance": 0.0022217481465348493,
    "error": 4.7135423478895886e-5,
    "mean": 0.21407348275
  }
}
