{
  "sqr_magnetization": {
    "variance": 0.00010134818143931594,
    "error": 1.0067183391560717e-5,
    "mean": 0.007168052824999999
  },
  "abs_magnetization": {
    "variance": 0.0025936264466508213,
    "error": 5.092765895513774e-5,
    "mean": 0.067634525
  },
  "energy": {
    "variance": 0.001525258372754273,
    "error": 3.9054556363557285e-5,
    "mean": -0.21408679
  },
  "magnetization": {
    "variance": 0.007168049801137776,
    "error": 8.466433606388098e-5,
    "mean": -0.00010095500000000001
  },
  "sqr_energy": {
    "variance": 0.00028738973478822455,
    "error": 1.6952573102282278e-5,
    "mean": 0.04735841050000001
  }
}
