{
  "sqr_magnetization": {
    "variance": 0.0009742022176741521,
    "error": 3.121221263662914e-5,
    "mean": 0.02280799605
  },
  "energy": {
    "variance": 0.0021317095261283014,
    "error": 4.617043996030687e-5,
    "mean": -0.38150596499999995
  },
  "magnetization": {
    "variance": 0.022808016114351716,
    "error": 0.0001510232303798052,
    "mean": 5.237999999999874e-5
  },
  "sqr_energy": {
    "variance": 0.0012650179124986366,
    "error": 3.556709030126919e-5,
    "mean": 0.147678508725
  }
}
