{
  "sqr_magnetization": {
    "variance": 0.010978295800787888,
    "error": 0.00010477736301696034,
    "mean": 0.7736700540000002
  },
  "abs_magnetization": {
    "variance": 0.004350860373795474,
    "error": 6.596105194579203e-5,
    "mean": 0.8771084299999999
  },
  "energy": {
    "variance": 0.0024943446625202634,
    "error": 4.994341460613465e-5,
    "mean": -0.8387066200000001
  },
  "magnetization": {
    "variance": 0.29596582677246835,
    "error": 0.0005440274136222074,
    "mean": 0.69116172
  },
  "sqr_energy": {
    "variance": 0.006848192878303118,
    "error": 8.275380884468773e-5,
    "mean": 0.7059231366000001
  }
}
