{
  "energy": {
    "variance": 0.004795750450184944,
    "error": 6.925135702775032e-5,
    "mean": -0.7373679775
  },
  "magnetization": {
    "variance": 0.5402604293206837,
    "error": 0.0007350241011835488,
    "mean": -0.11937115999999998
  }
}
