{
  "sqr_magnetization": {
    "variance": 0.0027539800048897735,
    "error": 5.2478376545866713e-5,
    "mean": 0.039650591275
  },
  "abs_magnetization": {
    "variance": 0.013829449521808895,
    "error": 0.00011759867993225474,
    "mean": 0.160689625
  },
  "energy": {
    "variance": 0.002462730332708308,
    "error": 4.962590384777196e-5,
    "mean": -0.44202179500000005
  },
  "magnetization": {
    "variance": 0.039650617342880314,
    "error": 0.0001991246276653903,
    "mean": 0.00011654499999999999
  },
  "sqr_energy": {
    "variance": 0.0019650952941943954,
    "error": 4.432939537366143e-5,
    "mean": 0.19784599512499998
  }
}
