{
  "sqr_magnetization": {
    "variance": 0.001869572429633901,
    "error": 4.323855258486228e-5,
    "mean": 0.9166366262000003
  },
  "energy": {
    "variance": 0.000903298994054768,
    "error": 3.005493294044703e-5,
    "mean": -0.930151935
  },
  "magnetization": {
    "variance": 0.000526538521578521,
    "error": 2.2946427207269567e-5,
    "mean": -0.9571364000000003
  },
  "sqr_energy": {
    "variance": 0.0030761876436458608,
    "error": 5.5463390120383556e-5,
    "mean": 0.8660859202750004
  }
}
