{
  "sqr_magnetization": {
    "variance": 0.007445822418769587,
    "error": 8.628917903636347e-5,
    "mean": 0.8116229414000004
  },
  "abs_magnetization": {
    "variance": 0.002574360429522029,
    "error": 5.073815555892852e-5,
    "mean": 0.8994712799999999
  },
  "energy": {
    "variance": 0.0020501389081565087,
    "error": 4.5278459648672994e-5,
    "mean": -0.86031732
  },
  "magnetization": {
    "variance": 0.002574360429522029,
    "error": 5.073815555892852e-5,
    "mean": -0.8994712799999999
  },
  "sqr_energy": {
    "variance": 0.005940451309555378,
    "error": 7.707432328314909e-5,
    "mean": 0.7421960279500001
  }
}
