{
  "sqr_magnetization": {
    "variance": 0.004212296688752686,
    "error": 6.490220865850934e-5,
    "mean": 0.8622585346500004
  },
  "energy": {
    "variance": 0.0014986773087132092,
    "error": 3.8712753824976194e-5,
    "mean": -0.8921762099999998
  },
  "magnetization": {
    "variance": 0.00129596107108497,
    "error": 3.599945931656432e-5,
    "mean": -0.9278806900000001
  },
  "sqr_energy": {
    "variance": 0.004682027711268923,
    "error": 6.842534407124983e-5,
    "mean": 0.7974770655000003
  }
}
