{
  "sqr_magnetization": {
    "variance": 0.00409112084828818,
    "error": 6.396187026884205e-5,
    "mean": 0.8640745718750004
  },
  "energy": {
    "variance": 0.0014771138244328,
    "error": 3.843323853688107e-5,
    "mean": -0.8933271049999999
  },
  "magnetization": {
    "variance": 0.0012531654681074422,
    "error": 3.540007723307171e-5,
    "mean": -0.9288818050000001
  },
  "sqr_energy": {
    "variance": 0.004626069950907895,
    "error": 6.801521852429715e-5,
    "mean": 0.7995104288750002
  }
}
