{
  "sqr_magnetization": {
    "variance": 0.002452516102159697,
    "error": 4.95228846308421e-5,
    "mean": 0.037503889750000005
  },
  "energy": {
    "variance": 0.0024564687887267643,
    "error": 4.9562776241114305e-5,
    "mean": -0.439529795
  },
  "magnetization": {
    "variance": 0.03750227402206562,
    "error": 0.00019365503872108676,
    "mean": -0.0012857800000000005
  },
  "sqr_energy": {
    "variance": 0.0019397260530388842,
    "error": 4.404232115861838e-5,
    "mean": 0.19564290702500003
  }
}
