{
  "sqr_magnetization": {
    "variance": 0.04524935909684418,
    "error": 0.00021271896741203915,
    "mean": 0.2907894442
  },
  "energy": {
    "variance": 0.0054083857924832925,
    "error": 7.354172823970955e-5,
    "mean": -0.6291490500000001
  },
  "magnetization": {
    "variance": 0.290787815516113,
    "error": 0.0005392474529528285,
    "mean": 0.00138544999999999
  },
  "sqr_energy": {
    "variance": 0.008826669853308797,
    "error": 9.395035845226348e-5,
    "mean": 0.4012369075
  }
}
