{
  "sqr_magnetization": {
    "variance": 0.00610146325210849,
    "error": 7.811186370909665e-5,
    "mean": 0.8275628037500004
  },
  "abs_magnetization": {
    "variance": 0.0020021766147077145,
    "error": 4.474568822476323e-5,
    "mean": 0.90860367
  },
  "energy": {
    "variance": 0.0018617962134705895,
    "error": 4.314853663185566e-5,
    "mean": -0.8697784749999998
  },
  "magnetization": {
    "variance": 0.0020021766147077145,
    "error": 4.474568822476323e-5,
    "mean": -0.90860367
  },
  "sqr_energy": {
    "variance": 0.005524174369819355,
    "error": 7.432478973948971e-5,
    "mean": 0.7583763899250001
  }
}
