{
  "sqr_magnetization": {
    "variance": 0.003400956669787902,
    "error": 5.831772174723479e-5,
    "mean": 0.8750330623750004
  },
  "energy": {
    "variance": 0.001344780875503851,
    "error": 3.6671254075963246e-5,
    "mean": -0.900422545
  },
  "magnetization": {
    "variance": 0.001013199703012677,
    "error": 3.183079802663887e-5,
    "mean": -0.9348902950000002
  },
  "sqr_energy": {
    "variance": 0.004289831068839094,
    "error": 6.54968019741353e-5,
    "mean": 0.8121055390750002
  }
}
