{
  "sqr_magnetization": {
    "variance": 0.04463347066091532,
    "error": 0.00021126635004400327,
    "mean": 0.4924446046
  },
  "energy": {
    "variance": 0.005539175491897092,
    "error": 7.442563732946525e-5,
    "mean": -0.71062028
  },
  "magnetization": {
    "variance": 0.30612826439769,
    "error": 0.0005532885905182665,
    "mean": -0.43164412
  },
  "sqr_energy": {
    "variance": 0.01098000428295067,
    "error": 0.00010478551561618939,
    "mean": 0.5105203523
  }
}
