{
  "sqr_magnetization": {
    "variance": 0.0009573373997155472,
    "error": 3.0940869407881014e-5,
    "mean": 0.9464404235000001
  },
  "abs_magnetization": {
    "variance": 0.00025787898115648127,
    "error": 1.6058610810293686e-5,
    "mean": 0.9727191500000003
  },
  "energy": {
    "variance": 0.0005614652158252149,
    "error": 2.3695257243280035e-5,
    "mean": -0.9531742000000002
  },
  "magnetization": {
    "variance": 0.00025787898115648127,
    "error": 1.6058610810293686e-5,
    "mean": -0.9727191500000003
  },
  "sqr_energy": {
    "variance": 0.0020130798975159865,
    "error": 4.486735893181129e-5,
    "mean": 0.9091025202000004
  }
}
