{
  "sqr_magnetization": {
    "variance": 0.001644494095553409,
    "error": 4.0552362391769595e-5,
    "mean": 0.030156983825000004
  },
  "abs_magnetization": {
    "variance": 0.010602947661381435,
    "error": 0.00010297061552395147,
    "mean": 0.13983578499999996
  },
  "energy": {
    "variance": 0.0022761623962598964,
    "error": 4.770914373848997e-5,
    "mean": -0.41358905000000007
  },
  "magnetization": {
    "variance": 0.030155712293675068,
    "error": 0.00017365400166329328,
    "mean": -0.001140915
  },
  "sqr_energy": {
    "variance": 0.0015885996221196282,
    "error": 3.985724052314244e-5,
    "mean": 0.1733320624
  }
}
