{
  "sqr_magnetization": {
    "variance": 0.016393680573123338,
    "error": 0.00012803780915465298,
    "mean": 0.7236113944500001
  },
  "abs_magnetization": {
    "variance": 0.007417433615080016,
    "error": 8.612452388884374e-5,
    "mean": 0.84628244
  },
  "energy": {
    "variance": 0.003067373850395625,
    "error": 5.538387717012619e-5,
    "mean": -0.812451865
  },
  "magnetization": {
    "variance": 0.7064878424709463,
    "error": 0.0008405283115225484,
    "mean": 0.13085968999999997
  },
  "sqr_energy": {
    "variance": 0.00788411313703802,
    "error": 8.879252861045246e-5,
    "mean": 0.663145403725
  }
}
