{
  "sqr_magnetization": {
    "variance": 0.049674336084169254,
    "error": 0.00022287740146584905,
    "mean": 0.36611739125
  },
  "abs_magnetization": {
    "variance": 0.05114030501680741,
    "error": 0.0002261422229854642,
    "mean": 0.56122824
  },
  "energy": {
    "variance": 0.0055870827824746816,
    "error": 7.474679111824588e-5,
    "mean": -0.6630299099999999
  },
  "magnetization": {
    "variance": 0.36555570461133496,
    "error": 0.0006046120281728895,
    "mean": 0.023707640000000002
  },
  "sqr_energy": {
    "variance": 0.009942471336206833,
    "error": 9.971194179338217e-5,
    "mean": 0.44519573875
  }
}
