{
  "sqr_magnetization": {
    "variance": 0.014841794884653087,
    "error": 0.00012182690542180364,
    "mean": 0.10863581312499998
  },
  "abs_magnetization": {
    "variance": 0.033315708826637806,
    "error": 0.00018252591275388217,
    "mean": 0.274445145
  },
  "energy": {
    "variance": 0.003438372262606637,
    "error": 5.8637635206466475e-5,
    "mean": -0.535207125
  },
  "magnetization": {
    "variance": 0.10861483394413292,
    "error": 0.00032956764699243907,
    "mean": 0.004592145000000001
  },
  "sqr_energy": {
    "variance": 0.0040864842336041,
    "error": 6.392561484729029e-5,
    "mean": 0.289885035475
  }
}
