{
  "sqr_magnetization": {
    "variance": 0.031113219992653703,
    "error": 0.00017638939875359204,
    "mean": 0.6318748144750002
  },
  "energy": {
    "variance": 0.004255461308605084,
    "error": 6.523389692947282e-5,
    "mean": -0.7711484649999999
  },
  "magnetization": {
    "variance": 0.04725091317014014,
    "error": 0.0002173727516735714,
    "mean": -0.7646070549999999
  },
  "sqr_energy": {
    "variance": 0.00981077341980045,
    "error": 9.904934840674344e-5,
    "mean": 0.5989254121250001
  }
}
