{
  "sqr_magnetization": {
    "variance": 0.0024328545867929267,
    "error": 4.9323975780475425e-5,
    "mean": 0.03710518210000001
  },
  "energy": {
    "variance": 0.002413510657655032,
    "error": 4.9127493907740016e-5,
    "mean": -0.43614467500000004
  },
  "magnetization": {
    "variance": 0.03709496197172587,
    "error": 0.0001926005243287927,
    "mean": -0.0032026900000000002
  },
  "sqr_energy": {
    "variance": 0.001870034144278982,
    "error": 4.324389140998971e-5,
    "mean": 0.19263568577499998
  }
}
