{
  "sqr_magnetization": {
    "variance": 0.0017304274073285026,
    "error": 4.1598406307555855e-5,
    "mean": 0.9197024799500003
  },
  "energy": {
    "variance": 0.0008625876578404318,
    "error": 2.9369842659442898e-5,
    "mean": -0.932377915
  },
  "magnetization": {
    "variance": 0.0004842164333523329,
    "error": 2.200491839004028e-5,
    "mean": -0.9587587100000005
  },
  "sqr_energy": {
    "variance": 0.0029540150459949426,
    "error": 5.4350851382429536e-5,
    "mean": 0.8701911631750004
  }
}
