{
  "sqr_magnetization": {
    "variance": 0.0009719440526088423,
    "error": 3.117601726662407e-5,
    "mean": 0.022707514499999998
  },
  "abs_magnetization": {
    "variance": 0.008105942036942036,
    "error": 9.00330052644142e-5,
    "mean": 0.120837
  },
  "energy": {
    "variance": 0.0021065548319292317,
    "error": 4.58972203072172e-5,
    "mean": -0.38015516
  },
  "magnetization": {
    "variance": 0.02270741676371426,
    "error": 0.00015068980311790927,
    "mean": 0.00034705000000000006
  },
  "sqr_energy": {
    "variance": 0.001242198410736808,
    "error": 3.524483523492212e-5,
    "mean": 0.14662449839999997
  }
}
