{
  "energy": {
    "variance": 0.0015738225072257513,
    "error": 3.9671431877684365e-5,
    "mean": -0.8862851475
  },
  "magnetization": {
    "variance": 0.0014077918593037586,
    "error": 3.752055249198443e-5,
    "mean": -0.9230764100000001
  }
}
