{
  "sqr_magnetization": {
    "variance": 0.001319555407120851,
    "error": 3.632568522575797e-5,
    "mean": 0.0266554371
  },
  "energy": {
    "variance": 0.002207102058771434,
    "error": 4.697980479707674e-5,
    "mean": -0.400020575
  },
  "magnetization": {
    "variance": 0.026611427613586716,
    "error": 0.00016313009413834934,
    "mean": 0.0066359700000000015
  },
  "sqr_energy": {
    "variance": 0.0014431542640770808,
    "error": 3.798887026586972e-5,
    "mean": 0.16222356027499998
  }
}
