{
  "sqr_magnetization": {
    "variance": 0.0009425304022754486,
    "error": 3.07006580104637e-5,
    "mean": 0.94701359085
  },
  "abs_magnetization": {
    "variance": 0.0002536883715139717,
    "error": 1.5927597794833083e-5,
    "mean": 0.9730158800000004
  },
  "energy": {
    "variance": 0.0005554765463540455,
    "error": 2.356854994169233e-5,
    "mean": -0.9536296500000001
  },
  "magnetization": {
    "variance": 0.0002536883715139717,
    "error": 1.5927597794833083e-5,
    "mean": -0.9730158800000004
  },
  "sqr_energy": {
    "variance": 0.001993505658511191,
    "error": 4.4648691565500446e-5,
    "mean": 0.9099649853500005
  }
}
