{
  "sqr_magnetization": {
    "variance": 0.0011235451520534591,
    "error": 3.351932505366806e-5,
    "mean": 0.9398615504250002
  },
  "abs_magnetization": {
    "variance": 0.000305306312967288,
    "error": 1.7473016710553677e-5,
    "mean": 0.9693070950000003
  },
  "energy": {
    "variance": 0.0006330598695237686,
    "error": 2.5160681022654546e-5,
    "mean": -0.9479248100000002
  },
  "magnetization": {
    "variance": 0.000305306312967288,
    "error": 1.7473016710553677e-5,
    "mean": -0.9693070950000003
  },
  "sqr_energy": {
    "variance": 0.002244014199631574,
    "error": 4.737102700629969e-5,
    "mean": 0.8991945046500004
  }
}
