{
  "energy": {
    "variance": 0.004655465609582953,
    "error": 6.823097250943263e-5,
    "mean": -0.7516707125000001
  },
  "magnetization": {
    "variance": 0.5362766741166185,
    "error": 0.0007323091383538911,
    "mean": -0.226907075
  }
}
