{
  "sqr_magnetization": {
    "variance": 0.008123634138121108,
    "error": 9.013120512963925e-5,
    "mean": 0.8007384092750003
  },
  "abs_magnetization": {
    "variance": 0.002848253776603152,
    "error": 5.336903387361581e-5,
    "mean": 0.8932469749999998
  },
  "energy": {
    "variance": 0.002166488916594892,
    "error": 4.6545557431347753e-5,
    "mean": -0.853722845
  },
  "magnetization": {
    "variance": 0.002848253776603152,
    "error": 5.336903387361581e-5,
    "mean": -0.8932469749999998
  },
  "sqr_energy": {
    "variance": 0.0061795745906259416,
    "error": 7.86102702617536e-5,
    "mean": 0.731009182825
  }
}
