{
  "sqr_magnetization": {
    "variance": 0.001197075515518847,
    "error": 3.459877910445463e-5,
    "mean": 0.0253058122
  },
  "energy": {
    "variance": 0.0021877226002535747,
    "error": 4.677309697094661e-5,
    "mean": -0.39168465500000005
  },
  "magnetization": {
    "variance": 0.02525545585145585,
    "error": 0.0001589196521876884,
    "mean": 0.007098
  },
  "sqr_energy": {
    "variance": 0.0013721106354026478,
    "error": 3.704201176235772e-5,
    "mean": 0.155604589375
  }
}
