{
  "sqr_magnetization": {
    "variance": 0.001077029962240993,
    "error": 3.281813465511093e-5,
    "mean": 0.9419100630000001
  },
  "energy": {
    "variance": 0.0006153343043067035,
    "error": 2.4805932844920457e-5,
    "mean": -0.9496017400000001
  },
  "magnetization": {
    "variance": 0.0002916023917294918,
    "error": 1.7076369395439178e-5,
    "mean": -0.9703702700000002
  },
  "sqr_energy": {
    "variance": 0.002188420525075439,
    "error": 4.678055712660377e-5,
    "mean": 0.9023587983000003
  }
}
