{
  "sqr_magnetization": {
    "variance": 0.049121151626728796,
    "error": 0.00022163292090014245,
    "mean": 0.45310279212500004
  },
  "abs_magnetization": {
    "variance": 0.04306628373415251,
    "error": 0.00020752417626424279,
    "mean": 0.6403409649999999
  },
  "energy": {
    "variance": 0.0055112519603230615,
    "error": 7.423780681245279e-5,
    "mean": -0.6980726700000001
  },
  "magnetization": {
    "variance": 0.45250121485388783,
    "error": 0.0006726821053468628,
    "mean": 0.024536295
  },
  "sqr_energy": {
    "variance": 0.010661377356792836,
    "error": 0.00010325394596233519,
    "mean": 0.49281669905000003
  }
}
