{
  "sqr_magnetization": {
    "variance": 0.027469861637381826,
    "error": 0.000165740344024567,
    "mean": 0.176962271275
  },
  "energy": {
    "variance": 0.0042438986442796195,
    "error": 6.514521198276678e-5,
    "mean": -0.5790190949999999
  },
  "magnetization": {
    "variance": 0.17683599145135442,
    "error": 0.0004205187171236905,
    "mean": 0.01124529500000001
  },
  "sqr_energy": {
    "variance": 0.00592889331040279,
    "error": 7.699930720729109e-5,
    "mean": 0.339507006775
  }
}
