{
  "sqr_magnetization": {
    "variance": 0.001583666443183793,
    "error": 3.9795306798462965e-5,
    "mean": 0.9235940708750002
  },
  "abs_magnetization": {
    "variance": 0.0004403770366114113,
    "error": 2.098516229652302e-5,
    "mean": 0.9608088750000005
  },
  "energy": {
    "variance": 0.0008067293561677549,
    "error": 2.840298146617279e-5,
    "mean": -0.93533204
  },
  "magnetization": {
    "variance": 0.0004403770366114113,
    "error": 2.098516229652302e-5,
    "mean": -0.9608088750000005
  },
  "sqr_energy": {
    "variance": 0.0027822008075659905,
    "error": 5.274657152428004e-5,
    "mean": 0.8756527536000004
  }
}
