{
  "sqr_magnetization": {
    "variance": 0.0009344432101636634,
    "error": 3.056866385964004e-5,
    "mean": 0.0221363383
  },
  "energy": {
    "variance": 0.0020747691682399426,
    "error": 4.554963411752001e-5,
    "mean": -0.375538685
  },
  "magnetization": {
    "variance": 0.022135312268872265,
    "error": 0.0001487794080807968,
    "mean": -0.0010237999999999994
  },
  "sqr_energy": {
    "variance": 0.0011899638323637125,
    "error": 3.4495852393638753e-5,
    "mean": 0.14310407102499997
  }
}
