{
  "sqr_magnetization": {
    "variance": 0.000617753693040358,
    "error": 2.4854651336125357e-5,
    "mean": 0.018330505924999997
  },
  "energy": {
    "variance": 0.001993883431120406,
    "error": 4.4652921865432344e-5,
    "mean": -0.35504730500000004
  },
  "magnetization": {
    "variance": 0.018258853313655087,
    "error": 0.00013512532447196968,
    "mean": 0.008465865
  },
  "sqr_energy": {
    "variance": 0.001020898400494514,
    "error": 3.195150075496476e-5,
    "mean": 0.12805247022499996
  }
}
