{
  "sqr_magnetization": {
    "variance": 0.004224325298082363,
    "error": 6.499480977803045e-5,
    "mean": 0.8605291933500004
  },
  "energy": {
    "variance": 0.0015058619759313516,
    "error": 3.8805437453163075e-5,
    "mean": -0.8909645749999999
  },
  "magnetization": {
    "variance": 0.0012999369554969546,
    "error": 3.605463847408478e-5,
    "mean": -0.9269461999999999
  },
  "sqr_energy": {
    "variance": 0.004694013430324752,
    "error": 6.851287054506439e-5,
    "mean": 0.7953237343750003
  }
}
