{
  "energy": {
    "variance": 0.005383635147424142,
    "error": 7.337325907593408e-5,
    "mean": -0.7113357975
  },
  "magnetization": {
    "variance": 0.48541942841718827,
    "error": 0.0006967204808366037,
    "mean": 0.040466800000000004
  }
}
