{
  "sqr_magnetization": {
    "variance": 0.0029181032244287607,
    "error": 5.401947078997313e-5,
    "mean": 0.8874371967500003
  },
  "energy": {
    "variance": 0.0012168693077317073,
    "error": 3.488365387587297e-5,
    "mean": -0.9091287599999999
  },
  "magnetization": {
    "variance": 0.0008551301922132912,
    "error": 2.9242609189559185e-5,
    "mean": -0.9415848700000001
  },
  "sqr_energy": {
    "variance": 0.0039548394323124045,
    "error": 6.288751412094777e-5,
    "mean": 0.8277319703500003
  }
}
