{
  "sqr_magnetization": {
    "variance": 0.004575424592337487,
    "error": 6.76418848963975e-5,
    "mean": 0.8563025458750004
  },
  "energy": {
    "variance": 0.001562586550106526,
    "error": 3.952956551881801e-5,
    "mean": -0.8883480049999999
  },
  "magnetization": {
    "variance": 0.0014343906188425929,
    "error": 3.787334971774471e-5,
    "mean": -0.9245908049999999
  },
  "sqr_energy": {
    "variance": 0.004835739806484254,
    "error": 6.953948379506606e-5,
    "mean": 0.7907247629750003
  }
}
