{
  "energy": {
    "variance": 0.0006748827133302124,
    "error": 2.597850483246125e-5,
    "mean": -0.9448630500000001
  },
  "magnetization": {
    "variance": 0.00033211627657525155,
    "error": 1.822405763202179e-5,
    "mean": -0.9672931050000003
  }
}
