{
  "sqr_magnetization": {
    "variance": 0.0016245347509528019,
    "error": 4.0305517624176494e-5,
    "mean": 0.9237309163500003
  },
  "energy": {
    "variance": 0.0008195153663553654,
    "error": 2.8627178805382927e-5,
    "mean": -0.9355353999999999
  },
  "magnetization": {
    "variance": 0.0004523611885386882,
    "error": 2.1268784369086263e-5,
    "mean": -0.9608738500000004
  },
  "sqr_energy": {
    "variance": 0.002825740985082081,
    "error": 5.3157699207942406e-5,
    "mean": 0.8760459992000005
  }
}
