{
  "sqr_magnetization": {
    "variance": 0.014103293731349126,
    "error": 0.00011875728917144044,
    "mean": 0.10544619372499998
  },
  "abs_magnetization": {
    "variance": 0.03241045828125526,
    "error": 0.00018002904843734317,
    "mean": 0.270251305
  },
  "energy": {
    "variance": 0.0033750041416441405,
    "error": 5.8094785838697605e-5,
    "mean": -0.5324656
  },
  "magnetization": {
    "variance": 0.10544590669998107,
    "error": 0.00032472435495352217,
    "mean": -0.0006264749999999993
  },
  "sqr_energy": {
    "variance": 0.00396680707538533,
    "error": 6.298259343171993e-5,
    "mean": 0.28689461594999993
  }
}
