{
  "energy": {
    "variance": 0.000604890554012102,
    "error": 2.459452284579032e-5,
    "mean": -0.9499733787500003
  },
  "magnetization": {
    "variance": 0.00028485987158764667,
    "error": 1.6877792260471946e-5,
    "mean": -0.9706483350000004
  }
}
