{
  "sqr_magnetization": {
    "variance": 0.015840042307215755,
    "error": 0.00012585722985675377,
    "mean": 0.113899166525
  },
  "abs_magnetization": {
    "variance": 0.034522277761076726,
    "error": 0.00018580171624900757,
    "mean": 0.281739105
  },
  "energy": {
    "variance": 0.003504865100639074,
    "error": 5.9201901157303e-5,
    "mean": -0.538366605
  },
  "magnetization": {
    "variance": 0.11386860147889043,
    "error": 0.00033744421980364464,
    "mean": 0.005538855
  },
  "sqr_energy": {
    "variance": 0.0042162531853423635,
    "error": 6.493268195094334e-5,
    "mean": 0.29334346297499997
  }
}
