{
  "sqr_magnetization": {
    "variance": 0.014183012510910385,
    "error": 0.0001190924536270472,
    "mean": 0.10337699489999999
  },
  "energy": {
    "variance": 0.003412168952941727,
    "error": 5.841377365777464e-5,
    "mean": -0.531259835
  },
  "magnetization": {
    "variance": 0.10317281965805966,
    "error": 0.00032120526094393234,
    "mean": 0.01429260000000001
  },
  "sqr_energy": {
    "variance": 0.003997811605301258,
    "error": 6.322825005724307e-5,
    "mean": 0.28564917782500004
  }
}
