{
  "sqr_magnetization": {
    "variance": 0.005538687058976677,
    "error": 7.442235590853516e-5,
    "mean": 0.8368933590000004
  },
  "abs_magnetization": {
    "variance": 0.0017904548783323779,
    "error": 4.231376700711457e-5,
    "mean": 0.9138396499999999
  },
  "energy": {
    "variance": 0.0017599599995487755,
    "error": 4.195187718742482e-5,
    "mean": -0.8755692850000001
  },
  "magnetization": {
    "variance": 0.0017904548783323779,
    "error": 4.231376700711457e-5,
    "mean": 0.9138396499999999
  },
  "sqr_energy": {
    "variance": 0.005292942263647951,
    "error": 7.275261001261708e-5,
    "mean": 0.7683815310750002
  }
}
