{
  "sqr_magnetization": {
    "variance": 0.04532353014113466,
    "error": 0.00021289323648517972,
    "mean": 0.51890561175
  },
  "energy": {
    "variance": 0.005289480908111308,
    "error": 7.272881759049372e-5,
    "mean": -0.72526736
  },
  "magnetization": {
    "variance": 0.46259523046834683,
    "error": 0.0006801435366658621,
    "mean": -0.23729906
  },
  "sqr_energy": {
    "variance": 0.010920368726674325,
    "error": 0.00010450056806866804,
    "mean": 0.5313022191
  }
}
