{
  "sqr_magnetization": {
    "variance": 0.0037822966398854546,
    "error": 6.150037918489165e-5,
    "mean": 0.8681261733750005
  },
  "abs_magnetization": {
    "variance": 0.0011579494785982523,
    "error": 3.402865672632777e-5,
    "mean": 0.9311112850000002
  },
  "energy": {
    "variance": 0.0014124997588097594,
    "error": 3.75832377371849e-5,
    "mean": -0.8957712999999998
  },
  "magnetization": {
    "variance": 0.0011579494785982523,
    "error": 3.402865672632777e-5,
    "mean": -0.9311112850000002
  },
  "sqr_energy": {
    "variance": 0.004453554829605822,
    "error": 6.673495957596604e-5,
    "mean": 0.8038187202500002
  }
}
