{
  "energy": {
    "variance": 0.0020673345778297637,
    "error": 4.546795110657356e-5,
    "mean": -0.36833563625
  },
  "magnetization": {
    "variance": 0.020588546531073303,
    "error": 0.0001434870953468405,
    "mean": -0.0012583649999999998
  }
}
