{
  "sqr_magnetization": {
    "variance": 0.04054196450700488,
    "error": 0.00020135035263690222,
    "mean": 0.25084418185
  },
  "abs_magnetization": {
    "variance": 0.05320508441602191,
    "error": 0.00023066227349963824,
    "mean": 0.44456625
  },
  "energy": {
    "variance": 0.005002238023469625,
    "error": 7.072650156390902e-5,
    "mean": -0.61536322
  },
  "magnetization": {
    "variance": 0.25084199859277295,
    "error": 0.0005008412908225249,
    "mean": -0.0015601599999999999
  },
  "sqr_energy": {
    "variance": 0.007845911654875743,
    "error": 8.857715086226099e-5,
    "mean": 0.38367412555
  }
}
