{
  "sqr_magnetization": {
    "variance": 0.005192806343069145,
    "error": 7.20611292103388e-5,
    "mean": 0.056602981350000005
  },
  "abs_magnetization": {
    "variance": 0.019235756154668052,
    "error": 0.0001386930285005993,
    "mean": 0.19330608999999999
  },
  "energy": {
    "variance": 0.0027194345175102935,
    "error": 5.214819764392911e-5,
    "mean": -0.477084065
  },
  "magnetization": {
    "variance": 0.056602132009855914,
    "error": 0.0002379120257781349,
    "mean": 0.0009518100000000002
  },
  "sqr_energy": {
    "variance": 0.002538493585924851,
    "error": 5.038346540210242e-5,
    "mean": 0.23032863687499996
  }
}
