{
  "sqr_magnetization": {
    "variance": 0.0013299158697359214,
    "error": 3.6468011595587734e-5,
    "mean": 0.9322995323500002
  },
  "abs_magnetization": {
    "variance": 0.0003652385030849029,
    "error": 1.9111214066220466e-5,
    "mean": 0.9653674400000004
  },
  "energy": {
    "variance": 0.0007133856249793989,
    "error": 2.6709279754036778e-5,
    "mean": -0.9420165350000002
  },
  "magnetization": {
    "variance": 0.0003652385030849029,
    "error": 1.9111214066220466e-5,
    "mean": -0.9653674400000004
  },
  "sqr_energy": {
    "variance": 0.002496474322957442,
    "error": 4.996473079040296e-5,
    "mean": 0.8881085371250004
  }
}
