{
  "sqr_magnetization": {
    "variance": 0.0013641305077939268,
    "error": 3.69341374312969e-5,
    "mean": 0.026861644675000004
  },
  "energy": {
    "variance": 0.0022388223309967067,
    "error": 4.731619522950579e-5,
    "mean": -0.403105275
  },
  "magnetization": {
    "variance": 0.026860272554916333,
    "error": 0.0001638910386656828,
    "mean": 0.0011827849999999976
  },
  "sqr_energy": {
    "variance": 0.0014862605167465918,
    "error": 3.855204944936899e-5,
    "mean": 0.16473268282499998
  }
}
