{
  "sqr_magnetization": {
    "variance": 0.0010119159889175082,
    "error": 3.1810626980892845e-5,
    "mean": 0.023255264775
  },
  "abs_magnetization": {
    "variance": 0.008280487819522795,
    "error": 9.099718577803819e-5,
    "mean": 0.122371505
  },
  "energy": {
    "variance": 0.0021259304879248622,
    "error": 4.6107813740459026e-5,
    "mean": -0.383579925
  },
  "magnetization": {
    "variance": 0.0232552238313332,
    "error": 0.00015249663547545303,
    "mean": -0.00025337500000000013
  },
  "sqr_energy": {
    "variance": 0.0012756502155809022,
    "error": 3.5716245821487204e-5,
    "mean": 0.149259487225
  }
}
