{
  "sqr_magnetization": {
    "variance": 0.0024206219692378852,
    "error": 4.9199816760206385e-5,
    "mean": 0.9009730090000003
  },
  "energy": {
    "variance": 0.0010672058129475872,
    "error": 3.2668116152413615e-5,
    "mean": -0.918856615
  },
  "magnetization": {
    "variance": 0.0006954567890718882,
    "error": 2.6371514728431663e-5,
    "mean": -0.9488295700000003
  },
  "sqr_energy": {
    "variance": 0.003545840151536715,
    "error": 5.9546957533838077e-5,
    "mean": 0.8453646836750004
  }
}
