{
  "sqr_magnetization": {
    "variance": 0.03879624608424508,
    "error": 0.00019696762699551693,
    "mean": 0.24134255480000003
  },
  "energy": {
    "variance": 0.005035796571286172,
    "error": 7.096334667478819e-5,
    "mean": -0.60819348
  },
  "magnetization": {
    "variance": 0.23796790897884648,
    "error": 0.0004878195455071952,
    "mean": 0.058093749999999986
  },
  "sqr_energy": {
    "variance": 0.007715472029275148,
    "error": 8.783775970091193e-5,
    "mean": 0.37493510065
  }
}
