{
  "energy": {
    "variance": 0.002101697800126512,
    "error": 4.584427772499543e-5,
    "mean": -0.85705790625
  },
  "magnetization": {
    "variance": 0.0026807368492686246,
    "error": 5.1775832675763164e-5,
    "mean": -0.8963648649999999
  }
}
