{
  "sqr_magnetization": {
    "variance": 0.0010120899024792323,
    "error": 3.1813360439903735e-5,
    "mean": 0.9441641372750001
  },
  "abs_magnetization": {
    "variance": 0.0002734372932966684,
    "error": 1.6535939444031244e-5,
    "mean": 0.9715403750000002
  },
  "energy": {
    "variance": 0.0005856817514347258,
    "error": 2.4200862617574724e-5,
    "mean": -0.9513444550000003
  },
  "magnetization": {
    "variance": 0.0002734372932966684,
    "error": 1.6535939444031244e-5,
    "mean": -0.9715403750000002
  },
  "sqr_energy": {
    "variance": 0.002091682818395352,
    "error": 4.573491902688089e-5,
    "mean": 0.9056419532250005
  }
}
