{
  "sqr_magnetization": {
    "variance": 0.014759114697410192,
    "error": 0.00012148709683505566,
    "mean": 0.107776973925
  },
  "energy": {
    "variance": 0.0034705917668161417,
    "error": 5.891172860149447e-5,
    "mean": -0.530514275
  },
  "magnetization": {
    "variance": 0.1064139197287097,
    "error": 0.00032621146474136944,
    "mean": 0.036921005
  },
  "sqr_energy": {
    "variance": 0.004073409396064224,
    "error": 6.382326688649073e-5,
    "mean": 0.284915984275
  }
}
