{
  "sqr_magnetization": {
    "variance": 0.0021387362678735775,
    "error": 4.62464730317197e-5,
    "mean": 0.9071578856000004
  },
  "abs_magnetization": {
    "variance": 0.0006105005925481917,
    "error": 2.470831019208298e-5,
    "mean": 0.9521278200000003
  },
  "energy": {
    "variance": 0.0009847072594623587,
    "error": 3.138004556182732e-5,
    "mean": -0.9231214299999999
  },
  "magnetization": {
    "variance": 0.0006105005925481917,
    "error": 2.470831019208298e-5,
    "mean": -0.9521278200000003
  },
  "sqr_energy": {
    "variance": 0.003305343713403704,
    "error": 5.749211870686019e-5,
    "mean": 0.8531378808000004
  }
}
