{
  "sqr_magnetization": {
    "variance": 0.002245172429028835,
    "error": 4.738325051142899e-5,
    "mean": 0.035439659825
  },
  "abs_magnetization": {
    "variance": 0.012468494527867503,
    "error": 0.00011166241322785167,
    "mean": 0.15156245499999998
  },
  "energy": {
    "variance": 0.002385551838117613,
    "error": 4.8842111319205e-5,
    "mean": -0.43047981500000004
  },
  "magnetization": {
    "variance": 0.03543207354411853,
    "error": 0.00018823409240655245,
    "mean": 0.0027607449999999998
  },
  "sqr_energy": {
    "variance": 0.001806208334825627,
    "error": 4.2499509818651163e-5,
    "mean": 0.187698420575
  }
}
