{
  "sqr_magnetization": {
    "variance": 0.0011205364859108238,
    "error": 3.347441539311514e-5,
    "mean": 0.9399715988000001
  },
  "energy": {
    "variance": 0.0006317517434961175,
    "error": 2.513467213822606e-5,
    "mean": -0.9480886750000002
  },
  "magnetization": {
    "variance": 0.00030404585650575653,
    "error": 1.7436910750065693e-5,
    "mean": -0.9693645100000002
  },
  "sqr_energy": {
    "variance": 0.002240326752701604,
    "error": 4.7332090094370475e-5,
    "mean": 0.8995038867750004
  }
}
