{
  "sqr_magnetization": {
    "variance": 0.04934529753664799,
    "error": 0.00022213801461399622,
    "mean": 0.431895638
  },
  "abs_magnetization": {
    "variance": 0.044797423901139805,
    "error": 0.00021165401933613215,
    "mean": 0.62217221
  },
  "energy": {
    "variance": 0.005530792100961876,
    "error": 7.436929541794703e-5,
    "mean": -0.689461015
  },
  "magnetization": {
    "variance": 0.4286687269270245,
    "error": 0.0006547279793372394,
    "mean": -0.05680968
  },
  "sqr_energy": {
    "variance": 0.010491403382795248,
    "error": 0.00010242755187348398,
    "mean": 0.480887277775
  }
}
