{
  "sqr_magnetization": {
    "variance": 0.022130084079246735,
    "error": 0.00014876183677021043,
    "mean": 0.6681664070250001
  },
  "energy": {
    "variance": 0.0037140966565405564,
    "error": 6.094338894860177e-5,
    "mean": -0.78543331
  },
  "magnetization": {
    "variance": 0.5288125862307642,
    "error": 0.0007271950125178006,
    "mean": -0.37330195499999996
  },
  "sqr_energy": {
    "variance": 0.008928365789196199,
    "error": 9.449003010474808e-5,
    "mean": 0.6206195774
  }
}
