{
  "sqr_magnetization": {
    "variance": 0.0020158838102299465,
    "error": 4.489859474671726e-5,
    "mean": 0.9124179388750003
  },
  "energy": {
    "variance": 0.0009486112499042239,
    "error": 3.0799533274129724e-5,
    "mean": -0.9271182949999999
  },
  "magnetization": {
    "variance": 0.0005703029713947457,
    "error": 2.3881016967347636e-5,
    "mean": -0.9549071350000002
  },
  "sqr_energy": {
    "variance": 0.0032088046693014185,
    "error": 5.664631205384353e-5,
    "mean": 0.8604969432250004
  }
}
