{
  "sqr_magnetization": {
    "variance": 0.003540647410352391,
    "error": 5.950333948907734e-5,
    "mean": 0.04455667612500001
  },
  "energy": {
    "variance": 0.0025503159015315014,
    "error": 5.0500652486195676e-5,
    "mean": -0.45233938
  },
  "magnetization": {
    "variance": 0.044326791600597576,
    "error": 0.00021053928754652317,
    "mean": -0.015163405000000001
  },
  "sqr_energy": {
    "variance": 0.002138801223848367,
    "error": 4.624717530669702e-5,
    "mean": 0.20716122804999998
  }
}
