{
  "sqr_magnetization": {
    "variance": 0.0036893576652773097,
    "error": 6.0740082855370796e-5,
    "mean": 0.8697879097000004
  },
  "abs_magnetization": {
    "variance": 0.001123685237988837,
    "error": 3.352141461795485e-5,
    "mean": 0.9320215800000001
  },
  "energy": {
    "variance": 0.0013936820025157778,
    "error": 3.733205060689511e-5,
    "mean": -0.8968842149999998
  },
  "magnetization": {
    "variance": 0.001123685237988837,
    "error": 3.352141461795485e-5,
    "mean": -0.9320215800000001
  },
  "sqr_energy": {
    "variance": 0.004405879608421897,
    "error": 6.637680022735275e-5,
    "mean": 0.8057949757250003
  }
}
