{
  "sqr_magnetization": {
    "variance": 0.03061340409205909,
    "error": 0.00017496686569764885,
    "mean": 0.6231587059250001
  },
  "energy": {
    "variance": 0.004309645184190783,
    "error": 6.564788788826937e-5,
    "mean": -0.76620612
  },
  "magnetization": {
    "variance": 0.21992106699355143,
    "error": 0.00046895742556606507,
    "mean": 0.635010125
  },
  "sqr_energy": {
    "variance": 0.009858407186490921,
    "error": 9.928951196622392e-5,
    "mean": 0.5913814592000001
  }
}
