{
  "sqr_magnetization": {
    "variance": 0.03665782464077131,
    "error": 0.00019146233217207844,
    "mean": 0.225379010325
  },
  "abs_magnetization": {
    "variance": 0.05132549538306975,
    "error": 0.00022655130850001673,
    "mean": 0.41719727500000003
  },
  "energy": {
    "variance": 0.004792841747219346,
    "error": 6.923035278849406e-5,
    "mean": -0.6034816799999999
  },
  "magnetization": {
    "variance": 0.22526527494796972,
    "error": 0.00047462119100180275,
    "mean": -0.010675234999999996
  },
  "sqr_energy": {
    "variance": 0.0072566428443376725,
    "error": 8.51859310234834e-5,
    "mean": 0.36898297505
  }
}
