{
  "energy": {
    "variance": 0.00504900493384962,
    "error": 7.105635041183596e-5,
    "mean": -0.7283105637499999
  },
  "magnetization": {
    "variance": 0.5284328446847536,
    "error": 0.000726933865413322,
    "mean": 0.034083144999999995
  }
}
