{
  "sqr_magnetization": {
    "variance": 0.0011310643690598053,
    "error": 3.363130043664392e-5,
    "mean": 0.9393937276250002
  },
  "energy": {
    "variance": 0.0006374223058416798,
    "error": 2.5247223725425332e-5,
    "mean": -0.947624425
  },
  "magnetization": {
    "variance": 0.00030701535454712956,
    "error": 1.7521853627602575e-5,
    "mean": -0.9690648650000003
  },
  "sqr_energy": {
    "variance": 0.0022585051469885386,
    "error": 4.752373246061949e-5,
    "mean": 0.8986294725250005
  }
}
