{
  "sqr_magnetization": {
    "variance": 0.04494332368214329,
    "error": 0.00021199840490471452,
    "mean": 0.295543919825
  },
  "abs_magnetization": {
    "variance": 0.053142111916846695,
    "error": 0.00023052572940313344,
    "mean": 0.492343235
  },
  "energy": {
    "variance": 0.00530230000465938,
    "error": 7.281689367625743e-5,
    "mean": -0.633438375
  },
  "magnetization": {
    "variance": 0.29541632775402754,
    "error": 0.0005435221501963168,
    "mean": -0.011308734999999997
  },
  "sqr_energy": {
    "variance": 0.008735261415380993,
    "error": 9.346262041790286e-5,
    "mean": 0.406546469625
  }
}
