{
  "sqr_magnetization": {
    "variance": 0.0013965894848946244,
    "error": 3.737097115268246e-5,
    "mean": 0.9300143082750002
  },
  "abs_magnetization": {
    "variance": 0.00038486007334584816,
    "error": 1.9617850884993702e-5,
    "mean": 0.9641729350000005
  },
  "energy": {
    "variance": 0.0007383208397006137,
    "error": 2.717205990904285e-5,
    "mean": -0.9402540150000002
  },
  "magnetization": {
    "variance": 0.00038486007334584816,
    "error": 1.9617850884993702e-5,
    "mean": -0.9641729350000005
  },
  "sqr_energy": {
    "variance": 0.0025736084484791577,
    "error": 5.073074460797079e-5,
    "mean": 0.8848159328250005
  }
}
