{
  "sqr_magnetization": {
    "variance": 0.04808137016699152,
    "error": 0.00021927464551787907,
    "mean": 0.331998057575
  },
  "abs_magnetization": {
    "variance": 0.05243777461480559,
    "error": 0.00022899295756596006,
    "mean": 0.528734655
  },
  "energy": {
    "variance": 0.005469907164844665,
    "error": 7.395882073724989e-5,
    "mean": -0.64958975
  },
  "magnetization": {
    "variance": 0.3318010283213527,
    "error": 0.0005760217255636742,
    "mean": -0.014048525000000001
  },
  "sqr_energy": {
    "variance": 0.009417015869980845,
    "error": 9.704131012090081e-5,
    "mean": 0.42743674500000006
  }
}
