{
  "sqr_magnetization": {
    "variance": 0.006932065853758738,
    "error": 8.32590286621141e-5,
    "mean": 0.8281341787250004
  },
  "energy": {
    "variance": 0.0019279554650338659,
    "error": 4.390848966924125e-5,
    "mean": -0.87139904
  },
  "magnetization": {
    "variance": 0.0023551364340754087,
    "error": 4.8529747929238293e-5,
    "mean": -0.908723855
  },
  "sqr_energy": {
    "variance": 0.005720429443195281,
    "error": 7.563352063202718e-5,
    "mean": 0.7612642404500002
  }
}
