{
  "sqr_magnetization": {
    "variance": 0.001887102239592321,
    "error": 4.3440790043371914e-5,
    "mean": 0.9143462055250003
  },
  "abs_magnetization": {
    "variance": 0.0005323883335393079,
    "error": 2.307354185077159e-5,
    "mean": 0.9559360950000004
  },
  "energy": {
    "variance": 0.0009060946791274533,
    "error": 3.0101406597158434e-5,
    "mean": -0.928418165
  },
  "magnetization": {
    "variance": 0.0005323883335393079,
    "error": 2.307354185077159e-5,
    "mean": -0.9559360950000004
  },
  "sqr_energy": {
    "variance": 0.00307758537144615,
    "error": 5.5475989143467736e-5,
    "mean": 0.8628663828750004
  }
}
