{
  "sqr_magnetization": {
    "variance": 0.001661551664405878,
    "error": 4.076213517967229e-5,
    "mean": 0.9210002452750004
  },
  "abs_magnetization": {
    "variance": 0.0004636859839047584,
    "error": 2.1533369079286185e-5,
    "mean": 0.9594459650000003
  },
  "energy": {
    "variance": 0.0008340875690571677,
    "error": 2.88805742508207e-5,
    "mean": -0.9333695200000001
  },
  "magnetization": {
    "variance": 0.0004636859839047584,
    "error": 2.1533369079286185e-5,
    "mean": -0.9594459650000003
  },
  "sqr_energy": {
    "variance": 0.0028643284148471048,
    "error": 5.351942091285279e-5,
    "mean": 0.8720127476000005
  }
}
