{
  "sqr_magnetization": {
    "variance": 0.0009965564975070854,
    "error": 3.1568283094065876e-5,
    "mean": 0.9447545459500002
  },
  "abs_magnetization": {
    "variance": 0.0002690044044728045,
    "error": 1.640135373903034e-5,
    "mean": 0.9718464600000003
  },
  "energy": {
    "variance": 0.0005791406157885901,
    "error": 2.406534055002318e-5,
    "mean": -0.9518150450000001
  },
  "magnetization": {
    "variance": 0.0002690044044728045,
    "error": 1.640135373903034e-5,
    "mean": -0.9718464600000003
  },
  "sqr_energy": {
    "variance": 0.0020704615550139293,
    "error": 4.550232472098464e-5,
    "mean": 0.9065310199250004
  }
}
