{
  "sqr_magnetization": {
    "variance": 0.006291096240890907,
    "error": 7.931643109022813e-5,
    "mean": 0.8250511933500004
  },
  "abs_magnetization": {
    "variance": 0.0020764957754748755,
    "error": 4.5568583206798035e-5,
    "mean": 0.9071795300000001
  },
  "energy": {
    "variance": 0.0018918900088697847,
    "error": 4.3495861974098e-5,
    "mean": -0.8682659850000001
  },
  "magnetization": {
    "variance": 0.0020764957754748755,
    "error": 4.5568583206798035e-5,
    "mean": -0.9071795300000001
  },
  "sqr_energy": {
    "variance": 0.005592334746338889,
    "error": 7.478191456721932e-5,
    "mean": 0.7557777088250001
  }
}
