{
  "sqr_magnetization": {
    "variance": 0.0029542326208874927,
    "error": 5.435285292316764e-5,
    "mean": 0.04045632585
  },
  "energy": {
    "variance": 0.0025373332439700192,
    "error": 5.03719489792684e-5,
    "mean": -0.448948635
  },
  "magnetization": {
    "variance": 0.04045416722278232,
    "error": 0.0002011322132896228,
    "mean": 0.0014829300000000034
  },
  "sqr_energy": {
    "variance": 0.0020961250800775677,
    "error": 4.578345858579895e-5,
    "mean": 0.20409220757500002
  }
}
