{
  "sqr_magnetization": {
    "variance": 0.003454952837344523,
    "error": 5.8778846852796654e-5,
    "mean": 0.04556648225
  },
  "energy": {
    "variance": 0.0025316569476469225,
    "error": 5.031557360943948e-5,
    "mean": -0.454355245
  },
  "magnetization": {
    "variance": 0.04542017211510961,
    "error": 0.00021312008848325305,
    "mean": -0.012097749999999997
  },
  "sqr_energy": {
    "variance": 0.0021316948138309887,
    "error": 4.6170280634093926e-5,
    "mean": 0.20897034307499998
  }
}
