{
  "sqr_magnetization": {
    "variance": 0.0034847867667101694,
    "error": 5.903208252052582e-5,
    "mean": 0.8745600268250003
  },
  "abs_magnetization": {
    "variance": 0.0010562409243208982,
    "error": 3.249986037386773e-5,
    "mean": 0.9346142450000001
  },
  "energy": {
    "variance": 0.0013421081134970887,
    "error": 3.663479375535078e-5,
    "mean": -0.9001288549999998
  },
  "magnetization": {
    "variance": 0.0010562409243208982,
    "error": 3.249986037386773e-5,
    "mean": 0.9346142450000001
  },
  "sqr_energy": {
    "variance": 0.00427392719305368,
    "error": 6.537527967858861e-5,
    "mean": 0.8115740623750003
  }
}
