{
  "sqr_magnetization": {
    "variance": 0.004550247749522928,
    "error": 6.745552423280786e-5,
    "mean": 0.052562883825
  },
  "abs_magnetization": {
    "variance": 0.017972955833080208,
    "error": 0.00013406325310494374,
    "mean": 0.185983725
  },
  "energy": {
    "variance": 0.0026582266526422537,
    "error": 5.155799310138297e-5,
    "mean": -0.47051938
  },
  "magnetization": {
    "variance": 0.05254803658003596,
    "error": 0.0002292335851921266,
    "mean": 0.0038600250000000004
  },
  "sqr_energy": {
    "variance": 0.0024114279318213317,
    "error": 4.910629218156602e-5,
    "mean": 0.22404671094999998
  }
}
