{
  "energy": {
    "variance": 0.004545284299853898,
    "error": 6.741872365933589e-5,
    "mean": -0.5909329799999999
  },
  "magnetization": {
    "variance": 0.1955210197824594,
    "error": 0.00044217758851219425,
    "mean": 0.040439020000000006
  }
}
