{
  "sqr_magnetization": {
    "variance": 0.029594991808348837,
    "error": 0.00017203194996380421,
    "mean": 0.17763303802500002
  },
  "energy": {
    "variance": 0.0044590005932349675,
    "error": 6.677574854118048e-5,
    "mean": -0.580719125
  },
  "magnetization": {
    "variance": 0.1753554523269013,
    "error": 0.0004187546445436771,
    "mean": -0.04772589499999999
  },
  "sqr_energy": {
    "variance": 0.006316400580293217,
    "error": 7.947578612566986e-5,
    "mean": 0.34169369827499996
  }
}
