{
  "sqr_magnetization": {
    "variance": 0.014857880022878205,
    "error": 0.00012189290390698799,
    "mean": 0.7374172283000002
  },
  "abs_magnetization": {
    "variance": 0.0065433910288310295,
    "error": 8.089122961626328e-5,
    "mean": 0.8549115999999999
  },
  "energy": {
    "variance": 0.0029150747408347418,
    "error": 5.3991432105795656e-5,
    "mean": -0.8194868000000001
  },
  "magnetization": {
    "variance": 0.6460116034875134,
    "error": 0.0008037484702862665,
    "mean": 0.3023347
  },
  "sqr_energy": {
    "variance": 0.007625818070362125,
    "error": 8.732593011449764e-5,
    "mean": 0.6744736872
  }
}
