{
  "sqr_magnetization": {
    "variance": 0.0021956786227698218,
    "error": 4.6858068918488535e-5,
    "mean": 0.9080173814750004
  },
  "energy": {
    "variance": 0.0009953081926681918,
    "error": 3.1548505395156074e-5,
    "mean": -0.9239708
  },
  "magnetization": {
    "variance": 0.000625976842783817,
    "error": 2.5019529227861525e-5,
    "mean": -0.9525709450000003
  },
  "sqr_energy": {
    "variance": 0.003343362360834282,
    "error": 5.782181561343679e-5,
    "mean": 0.8547173464500004
  }
}
