{
  "energy": {
    "variance": 0.0013688504411004411,
    "error": 3.699797887858797e-5,
    "mean": -0.8981279999999999
  },
  "magnetization": {
    "variance": 0.001076157521080295,
    "error": 3.2804839903287056e-5,
    "mean": -0.9330148350000002
  }
}
