{
  "energy": {
    "variance": 0.0055509059582812565,
    "error": 7.450440227450494e-5,
    "mean": -0.66737287875
  },
  "magnetization": {
    "variance": 0.3756110423576433,
    "error": 0.0006128711466186374,
    "mean": 0.030881094999999994
  }
}
