{
  "sqr_magnetization": {
    "variance": 0.003204539880822656,
    "error": 5.660865552919143e-5,
    "mean": 0.8794654567250004
  },
  "energy": {
    "variance": 0.0013017255875033627,
    "error": 3.607943441218782e-5,
    "mean": -0.903433335
  },
  "magnetization": {
    "variance": 0.0009480865229558968,
    "error": 3.079101367210727e-5,
    "mean": -0.9372925750000002
  },
  "sqr_energy": {
    "variance": 0.00417899824588587,
    "error": 6.464517186832957e-5,
    "mean": 0.8174935150750002
  }
}
