{
  "sqr_magnetization": {
    "variance": 0.030269018295259457,
    "error": 0.0001739799364733171,
    "mean": 0.605973412325
  },
  "energy": {
    "variance": 0.004380664304158279,
    "error": 6.618658704116929e-5,
    "mean": -0.7574346049999999
  },
  "magnetization": {
    "variance": 0.5726150756671093,
    "error": 0.0007567133378414241,
    "mean": 0.18264421499999997
  },
  "sqr_energy": {
    "variance": 0.009840456191866314,
    "error": 9.919907354338706e-5,
    "mean": 0.5780878407750001
  }
}
