{
  "sqr_magnetization": {
    "variance": 0.0018205411524532796,
    "error": 4.266779994859449e-5,
    "mean": 0.9163274032000002
  },
  "abs_magnetization": {
    "variance": 0.000512089802329802,
    "error": 2.2629401280851466e-5,
    "mean": 0.9569824000000003
  },
  "energy": {
    "variance": 0.0008845602227346218,
    "error": 2.9741557167280627e-5,
    "mean": -0.9298848399999999
  },
  "magnetization": {
    "variance": 0.000512089802329802,
    "error": 2.2629401280851466e-5,
    "mean": -0.9569824000000003
  },
  "sqr_energy": {
    "variance": 0.003014068104202476,
    "error": 5.4900529179621536e-5,
    "mean": 0.8655703750000004
  }
}
