{
  "energy": {
    "variance": 0.0033606985101879458,
    "error": 5.797153189443889e-5,
    "mean": -0.8020863362499999
  },
  "magnetization": {
    "variance": 0.5099246942359342,
    "error": 0.0007140901163270181,
    "mean": -0.43858739999999996
  }
}
