{
  "sqr_magnetization": {
    "variance": 0.043748193546997806,
    "error": 0.00020916068834032317,
    "mean": 0.26616756885000004
  },
  "energy": {
    "variance": 0.00537409838626836,
    "error": 7.330824228058097e-5,
    "mean": -0.625273245
  },
  "magnetization": {
    "variance": 0.26589555339465093,
    "error": 0.0005156506117466079,
    "mean": -0.016500949999999997
  },
  "sqr_energy": {
    "variance": 0.008712225525235583,
    "error": 9.333930321807413e-5,
    "mean": 0.3963407239250001
  }
}
