{
  "sqr_magnetization": {
    "variance": 0.004424848666234445,
    "error": 6.651953597428686e-5,
    "mean": 0.051451577925000005
  },
  "abs_magnetization": {
    "variance": 0.017665569557409534,
    "error": 0.0001329118864413922,
    "mean": 0.183809755
  },
  "energy": {
    "variance": 0.002653460176068076,
    "error": 5.1511747942271155e-5,
    "mean": -0.46847089000000003
  },
  "magnetization": {
    "variance": 0.05145105185964883,
    "error": 0.0002268282430819602,
    "mean": 0.000759945
  },
  "sqr_energy": {
    "variance": 0.002385647272487589,
    "error": 4.8843088277540246e-5,
    "mean": 0.22211843229999997
  }
}
