{
  "energy": {
    "variance": 0.002670269383986628,
    "error": 5.1674649335884494e-5,
    "mean": -0.8305389475
  },
  "magnetization": {
    "variance": 0.6502336918205678,
    "error": 0.0008063706913204174,
    "mean": 0.32851015499999997
  }
}
