{
  "sqr_magnetization": {
    "variance": 0.025647590093681644,
    "error": 0.00016014864999019392,
    "mean": 0.15611775484999998
  },
  "energy": {
    "variance": 0.004093896463969239,
    "error": 6.398356401427822e-5,
    "mean": -0.570123915
  },
  "magnetization": {
    "variance": 0.15608616774067563,
    "error": 0.00039507741993269574,
    "mean": 0.005634110000000008
  },
  "sqr_energy": {
    "variance": 0.005550651463555157,
    "error": 7.450269433755505e-5,
    "mean": 0.32913517082500005
  }
}
