{
  "sqr_magnetization": {
    "variance": 0.004461769961262236,
    "error": 6.67964816533194e-5,
    "mean": 0.8555369850000004
  },
  "abs_magnetization": {
    "variance": 0.0013968176520560507,
    "error": 3.737402376057535e-5,
    "mean": 0.92419704
  },
  "energy": {
    "variance": 0.0015525874747950748,
    "error": 3.9402886630234014e-5,
    "mean": -0.8874911799999999
  },
  "magnetization": {
    "variance": 0.0013968176520560507,
    "error": 3.737402376057535e-5,
    "mean": -0.92419704
  },
  "sqr_energy": {
    "variance": 0.004801785885972809,
    "error": 6.929491962599285e-5,
    "mean": 0.7891931805000002
  }
}
