{
  "sqr_magnetization": {
    "variance": 0.0031370833287112615,
    "error": 5.600967174257729e-5,
    "mean": 0.8821129467250004
  },
  "abs_magnetization": {
    "variance": 0.0009349159135186873,
    "error": 3.057639471093162e-5,
    "mean": 0.9387108350000002
  },
  "energy": {
    "variance": 0.0012591064980022734,
    "error": 3.5483890682988436e-5,
    "mean": -0.9053111849999999
  },
  "magnetization": {
    "variance": 0.0009349159135186873,
    "error": 3.057639471093162e-5,
    "mean": 0.9387108350000002
  },
  "sqr_energy": {
    "variance": 0.004058088776628711,
    "error": 6.370313003792444e-5,
    "mean": 0.8208474469250004
  }
}
