{
  "sqr_magnetization": {
    "variance": 0.0017255025801034768,
    "error": 4.1539169227410856e-5,
    "mean": 0.9191719989000002
  },
  "abs_magnetization": {
    "variance": 0.0004832965770465767,
    "error": 2.198400730182231e-5,
    "mean": 0.9584825000000003
  },
  "energy": {
    "variance": 0.000853826501509476,
    "error": 2.9220309743558095e-5,
    "mean": -0.9320027049999999
  },
  "magnetization": {
    "variance": 0.0004832965770465767,
    "error": 2.198400730182231e-5,
    "mean": -0.9584825000000003
  },
  "sqr_energy": {
    "variance": 0.0029230864285101667,
    "error": 5.406557526291722e-5,
    "mean": 0.8694828677750005
  }
}
