{
  "sqr_magnetization": {
    "variance": 0.0037724281601120573,
    "error": 6.142009573512612e-5,
    "mean": 0.8694546783250003
  },
  "energy": {
    "variance": 0.0014152700534888288,
    "error": 3.762007513932992e-5,
    "mean": -0.896845965
  },
  "magnetization": {
    "variance": 0.0011422284464344204,
    "error": 3.379687036449411e-5,
    "mean": -0.9318328450000001
  },
  "sqr_energy": {
    "variance": 0.00447301443715096,
    "error": 6.688059836119112e-5,
    "mean": 0.8057479535750004
  }
}
