{
  "sqr_magnetization": {
    "variance": 0.004028712020106368,
    "error": 6.347213577709804e-5,
    "mean": 0.8629722323250004
  },
  "abs_magnetization": {
    "variance": 0.0012412856306096049,
    "error": 3.523188372212881e-5,
    "mean": 0.928294645
  },
  "energy": {
    "variance": 0.001468363256281657,
    "error": 3.8319228284004584e-5,
    "mean": -0.8923260399999998
  },
  "magnetization": {
    "variance": 0.0012412856306096049,
    "error": 3.523188372212881e-5,
    "mean": 0.928294645
  },
  "sqr_energy": {
    "variance": 0.004593523095507509,
    "error": 6.777553463830079e-5,
    "mean": 0.7977141234500003
  }
}
