{
  "sqr_magnetization": {
    "variance": 0.00862398324950363,
    "error": 9.286540394303806e-5,
    "mean": 0.07693717655
  },
  "abs_magnetization": {
    "variance": 0.025110256935954537,
    "error": 0.00015846216247405732,
    "mean": 0.22765532
  },
  "energy": {
    "variance": 0.0030054402777330525,
    "error": 5.4821895969886454e-5,
    "mean": -0.5046899149999999
  },
  "magnetization": {
    "variance": 0.07691180173950084,
    "error": 0.0002773297707414421,
    "mean": 0.005044970000000001
  },
  "sqr_energy": {
    "variance": 0.0031509221829156987,
    "error": 5.613307565879228e-5,
    "mean": 0.257717347575
  }
}
