{
  "sqr_magnetization": {
    "variance": 0.0018174819531124606,
    "error": 4.2631935835855036e-5,
    "mean": 0.9177218585250003
  },
  "energy": {
    "variance": 0.0008901751981726972,
    "error": 2.9835803963907144e-5,
    "mean": -0.9309200499999999
  },
  "magnetization": {
    "variance": 0.0005106279974109719,
    "error": 2.2597079400023622e-5,
    "mean": -0.9577114550000004
  },
  "sqr_energy": {
    "variance": 0.003037416644027971,
    "error": 5.51127629866982e-5,
    "mean": 0.8675023138000004
  }
}
