{
  "sqr_magnetization": {
    "variance": 0.008026991247110819,
    "error": 8.95934777040763e-5,
    "mean": 0.8104381730000004
  },
  "energy": {
    "variance": 0.0021029282438257443,
    "error": 4.585769557910367e-5,
    "mean": -0.8605189500000001
  },
  "magnetization": {
    "variance": 0.0028224806336325336,
    "error": 5.312702357211943e-5,
    "mean": -0.8986744099999999
  },
  "sqr_energy": {
    "variance": 0.0060975797597772816,
    "error": 7.808700122156877e-5,
    "mean": 0.74259578945
  }
}
