{
  "sqr_magnetization": {
    "variance": 0.042826576836681715,
    "error": 0.0002069458306820452,
    "mean": 0.27433040342500004
  },
  "abs_magnetization": {
    "variance": 0.0530363315207125,
    "error": 0.0002302961821670357,
    "mean": 0.47041909499999995
  },
  "energy": {
    "variance": 0.005160682164559664,
    "error": 7.18378880853249e-5,
    "mean": -0.62478035
  },
  "magnetization": {
    "variance": 0.2732001056027844,
    "error": 0.0005226854748343256,
    "mean": -0.033623965
  },
  "sqr_energy": {
    "variance": 0.008307211403233167,
    "error": 9.114390491543122e-5,
    "mean": 0.39551116275000003
  }
}
