{
  "energy": {
    "variance": 0.0019184461428055186,
    "error": 4.3800070123294535e-5,
    "mean": -0.866797375
  },
  "magnetization": {
    "variance": 0.002228397534558509,
    "error": 4.7205905716959913e-5,
    "mean": -0.905688345
  }
}
