{
  "energy": {
    "variance": 0.0009512910138039566,
    "error": 3.084300591388519e-5,
    "mean": -0.9255204325
  },
  "magnetization": {
    "variance": 0.0005742171142555137,
    "error": 2.3962827760001817e-5,
    "mean": -0.9538629600000003
  }
}
