{
  "energy": {
    "variance": 0.0036331779278428273,
    "error": 6.0275848628143155e-5,
    "mean": -0.79116051
  },
  "magnetization": {
    "variance": 0.5846341587475116,
    "error": 0.0007646137317283228,
    "mean": 0.308285835
  }
}
