{
  "sqr_magnetization": {
    "variance": 0.002301189180569546,
    "error": 4.797071169546629e-5,
    "mean": 0.9045852150750003
  },
  "energy": {
    "variance": 0.0010285158661058654,
    "error": 3.207048278566859e-5,
    "mean": -0.9214920999999998
  },
  "magnetization": {
    "variance": 0.0006582746452490194,
    "error": 2.5656863511524932e-5,
    "mean": -0.9507507250000004
  },
  "sqr_energy": {
    "variance": 0.0034368330736880646,
    "error": 5.8624509155199454e-5,
    "mean": 0.8501762052000005
  }
}
