{
  "sqr_magnetization": {
    "variance": 0.0025357881551177105,
    "error": 5.035660984535904e-5,
    "mean": 0.8976259078500004
  },
  "energy": {
    "variance": 0.0011051932231421976,
    "error": 3.324444650076457e-5,
    "mean": -0.9164071449999998
  },
  "magnetization": {
    "variance": 0.0007319227886058877,
    "error": 2.7054071571685616e-5,
    "mean": -0.9470448700000004
  },
  "sqr_energy": {
    "variance": 0.0036516532443972515,
    "error": 6.0428910666975055e-5,
    "mean": 0.8409072475250005
  }
}
