{
  "sqr_magnetization": {
    "variance": 0.012524529018404137,
    "error": 0.00011191304221762599,
    "mean": 0.101834855925
  },
  "energy": {
    "variance": 0.0032746902199531944,
    "error": 5.722490908645635e-5,
    "mean": -0.5276352950000001
  },
  "magnetization": {
    "variance": 0.10131613248495687,
    "error": 0.00031830195174544076,
    "mean": 0.022777724999999995
  },
  "sqr_energy": {
    "variance": 0.0037732848121156994,
    "error": 6.142706905034375e-5,
    "mean": 0.281673691475
  }
}
