{
  "sqr_magnetization": {
    "variance": 0.049662191581597105,
    "error": 0.00022285015499567664,
    "mean": 0.33894657982500004
  },
  "energy": {
    "variance": 0.0056117842988936744,
    "error": 7.491184351551945e-5,
    "mean": -0.655289375
  },
  "magnetization": {
    "variance": 0.3387951503878197,
    "error": 0.0005820611225531385,
    "mean": -0.012319425000000004
  },
  "sqr_energy": {
    "variance": 0.009815745883771985,
    "error": 9.907444616939317e-5,
    "mean": 0.43501594367499996
  }
}
