{
  "sqr_magnetization": {
    "variance": 0.045181791314407166,
    "error": 0.0002125600887147142,
    "mean": 0.510342821925
  },
  "energy": {
    "variance": 0.005416652693550194,
    "error": 7.359791229070424e-5,
    "mean": -0.72017895
  },
  "magnetization": {
    "variance": 0.5103414983953164,
    "error": 0.000714381899543456,
    "mean": 0.0013542050000000018
  },
  "sqr_energy": {
    "variance": 0.011056831265153454,
    "error": 0.00010515146820255746,
    "mean": 0.5240743673
  }
}
