{
  "sqr_magnetization": {
    "variance": 0.0010285349890476903,
    "error": 3.207078092357107e-5,
    "mean": 0.02297560295
  },
  "energy": {
    "variance": 0.002107385865963366,
    "error": 4.590627262110665e-5,
    "mean": -0.3789293500000001
  },
  "magnetization": {
    "variance": 0.022932529020896618,
    "error": 0.00015143490027367078,
    "mean": -0.006564820000000002
  },
  "sqr_energy": {
    "variance": 0.0012367286330810033,
    "error": 3.516715275766583e-5,
    "mean": 0.14569483604999997
  }
}
