{
  "sqr_magnetization": {
    "variance": 0.015493049484564718,
    "error": 0.00012447107890817337,
    "mean": 0.7288114852250002
  },
  "energy": {
    "variance": 0.002991474344096319,
    "error": 5.469437214281118e-5,
    "mean": -0.8157624450000001
  },
  "magnetization": {
    "variance": 0.006536732704157679,
    "error": 8.085006310546504e-5,
    "mean": -0.8498674949999999
  },
  "sqr_energy": {
    "variance": 0.00777996255205894,
    "error": 8.82040960049982e-5,
    "mean": 0.6684598380250001
  }
}
