{
  "sqr_magnetization": {
    "variance": 0.0028618897608275362,
    "error": 5.3496633172822533e-5,
    "mean": 0.8889801065250004
  },
  "abs_magnetization": {
    "variance": 0.0008438102640830382,
    "error": 2.9048412419322303e-5,
    "mean": 0.9424098350000002
  },
  "energy": {
    "variance": 0.0011849428798872547,
    "error": 3.442299928662891e-5,
    "mean": -0.9101366749999998
  },
  "magnetization": {
    "variance": 0.0008438102640830382,
    "error": 2.9048412419322303e-5,
    "mean": -0.9424098350000002
  },
  "sqr_energy": {
    "variance": 0.003860742125560748,
    "error": 6.213487044776667e-5,
    "mean": 0.8295337088750004
  }
}
