{
  "sqr_magnetization": {
    "variance": 0.0030401630109997487,
    "error": 5.513767324615493e-5,
    "mean": 0.8848174224750004
  },
  "energy": {
    "variance": 0.00125477563985474,
    "error": 3.5422812421584204e-5,
    "mean": -0.9072445299999998
  },
  "magnetization": {
    "variance": 0.0008946637007914747,
    "error": 2.99109294538213e-5,
    "mean": -0.9401716650000003
  },
  "sqr_energy": {
    "variance": 0.00405908944314463,
    "error": 6.371098369311707e-5,
    "mean": 0.8243474116000004
  }
}
