{
  "sqr_magnetization": {
    "variance": 0.0017560385425749623,
    "error": 4.1905113561174874e-5,
    "mean": 0.9182390743500004
  },
  "abs_magnetization": {
    "variance": 0.0004925295195374192,
    "error": 2.219300609510616e-5,
    "mean": 0.9579908900000004
  },
  "energy": {
    "variance": 0.0008640977803921544,
    "error": 2.9395540144589184e-5,
    "mean": -0.9313019250000001
  },
  "magnetization": {
    "variance": 0.0004925295195374192,
    "error": 2.219300609510616e-5,
    "mean": -0.9579908900000004
  },
  "sqr_energy": {
    "variance": 0.0029536878054627776,
    "error": 5.434784085373381e-5,
    "mean": 0.8681873724250004
  }
}
