{
  "sqr_magnetization": {
    "variance": 0.015601616747823682,
    "error": 0.00012490643197139083,
    "mean": 0.721807321625
  },
  "energy": {
    "variance": 0.003061976063653564,
    "error": 5.533512504416669e-5,
    "mean": -0.8115463500000001
  },
  "magnetization": {
    "variance": 0.0065309183764943515,
    "error": 8.081409763459808e-5,
    "mean": -0.845740155
  },
  "sqr_energy": {
    "variance": 0.007881971577107393,
    "error": 8.878046844383843e-5,
    "mean": 0.6616694512
  }
}
