{
  "sqr_magnetization": {
    "variance": 0.0039187350118768186,
    "error": 6.259980041403342e-5,
    "mean": 0.8659578639250004
  },
  "energy": {
    "variance": 0.0014459717356316362,
    "error": 3.8025935039544215e-5,
    "mean": -0.8945045099999999
  },
  "magnetization": {
    "variance": 0.001192700562175536,
    "error": 3.453549713230629e-5,
    "mean": -0.9299275050000001
  },
  "sqr_energy": {
    "variance": 0.004545555032627589,
    "error": 6.74207314750262e-5,
    "mean": 0.8015842887000002
  }
}
