{
  "sqr_magnetization": {
    "variance": 0.008798733898783244,
    "error": 9.380156661156168e-5,
    "mean": 0.7942369271500004
  },
  "abs_magnetization": {
    "variance": 0.0032154387961066968,
    "error": 5.670483926532812e-5,
    "mean": 0.8893938899999999
  },
  "energy": {
    "variance": 0.0022416631602859365,
    "error": 4.7346205341990573e-5,
    "mean": -0.850095165
  },
  "magnetization": {
    "variance": 0.2169669218322617,
    "error": 0.00046579708224962264,
    "mean": -0.7597830099999999
  },
  "sqr_energy": {
    "variance": 0.006336284398540495,
    "error": 7.960078139403214e-5,
    "mean": 0.724903450475
  }
}
