{
  "sqr_magnetization": {
    "variance": 0.0026353693018837986,
    "error": 5.1335848116923115e-5,
    "mean": 0.8941846865500005
  },
  "abs_magnetization": {
    "variance": 0.0007681687153318142,
    "error": 2.7715856749013085e-5,
    "mean": 0.9452071300000003
  },
  "energy": {
    "variance": 0.0011274954526322273,
    "error": 3.357819906773184e-5,
    "mean": -0.9138048849999999
  },
  "magnetization": {
    "variance": 0.0007681687153318142,
    "error": 2.7715856749013085e-5,
    "mean": -0.9452071300000003
  },
  "sqr_energy": {
    "variance": 0.003704902503468933,
    "error": 6.086791029326482e-5,
    "mean": 0.8361668621750004
  }
}
