{
  "sqr_magnetization": {
    "variance": 0.02910829493682311,
    "error": 0.0001706115322503819,
    "mean": 0.18098380549999998
  },
  "abs_magnetization": {
    "variance": 0.046721532945200046,
    "error": 0.00021615164340157132,
    "mean": 0.36641822999999996
  },
  "energy": {
    "variance": 0.004318599428691828,
    "error": 6.57160515299864e-5,
    "mean": -0.58149226
  },
  "magnetization": {
    "variance": 0.18098393077376987,
    "error": 0.0004254220619264707,
    "mean": -0.00023602999999999976
  },
  "sqr_energy": {
    "variance": 0.006084878470171044,
    "error": 7.800563101578658e-5,
    "mean": 0.34245184354999997
  }
}
