{
  "sqr_magnetization": {
    "variance": 0.025167406932544222,
    "error": 0.00015864238693534657,
    "mean": 0.6636579698
  },
  "abs_magnetization": {
    "variance": 0.013914539472316972,
    "error": 0.00011795990620679965,
    "mean": 0.80606665
  },
  "energy": {
    "variance": 0.003781519906469681,
    "error": 6.149406399376838e-5,
    "mean": -0.784633735
  },
  "magnetization": {
    "variance": 0.6235027177404416,
    "error": 0.0007896218827644291,
    "mean": 0.20038931
  },
  "sqr_energy": {
    "variance": 0.009039193305304708,
    "error": 9.507467225978067e-5,
    "mean": 0.6194316142249999
  }
}
