{
  "sqr_magnetization": {
    "variance": 0.04651371960738781,
    "error": 0.00021567039576026148,
    "mean": 0.495386152575
  },
  "abs_magnetization": {
    "variance": 0.037896306362706134,
    "error": 0.0001946697366379945,
    "mean": 0.676379985
  },
  "energy": {
    "variance": 0.0053176153622097365,
    "error": 7.292198133765797e-5,
    "mean": -0.714903925
  },
  "magnetization": {
    "variance": 0.4953692453222393,
    "error": 0.0007038247262793765,
    "mean": -0.004171644999999993
  },
  "sqr_energy": {
    "variance": 0.010707482618654156,
    "error": 0.0001034769666092612,
    "mean": 0.516405232025
  }
}
