{
  "sqr_magnetization": {
    "variance": 0.0010001818840023298,
    "error": 3.162565230951497e-5,
    "mean": 0.023039717725000002
  },
  "energy": {
    "variance": 0.002127914688698289,
    "error": 4.61293256909126e-5,
    "mean": -0.38533142000000004
  },
  "magnetization": {
    "variance": 0.023030544911568685,
    "error": 0.0001517581790598737,
    "mean": 0.0030324649999999994
  },
  "sqr_energy": {
    "variance": 0.001288834295787426,
    "error": 3.5900338379845755e-5,
    "mean": 0.1506082158
  }
}
