{
  "sqr_magnetization": {
    "variance": 0.008814362666235373,
    "error": 9.388483725413478e-5,
    "mean": 0.7933562294500003
  },
  "energy": {
    "variance": 0.002255126733479509,
    "error": 4.748817466990608e-5,
    "mean": -0.8498079150000001
  },
  "magnetization": {
    "variance": 0.0031133559526323527,
    "error": 5.579745471464046e-5,
    "mean": -0.8889560599999999
  },
  "sqr_energy": {
    "variance": 0.006389073261719604,
    "error": 7.993167871200757e-5,
    "mean": 0.724428616875
  }
}
