{
  "sqr_magnetization": {
    "variance": 0.0028133719662727457,
    "error": 5.304122892875641e-5,
    "mean": 0.038472189
  },
  "energy": {
    "variance": 0.002488457431701207,
    "error": 4.988444077767342e-5,
    "mean": -0.436797215
  },
  "magnetization": {
    "variance": 0.03847207874615625,
    "error": 0.00019614300585582003,
    "mean": 0.0003856499999999978
  },
  "sqr_energy": {
    "variance": 0.0019479137410534854,
    "error": 4.41351757791162e-5,
    "mean": 0.19328026197499998
  }
}
