{
  "sqr_magnetization": {
    "variance": 0.022477708550579276,
    "error": 0.00014992567675544866,
    "mean": 0.7048769253000001
  },
  "energy": {
    "variance": 0.0034239295271565016,
    "error": 5.851435317216197e-5,
    "mean": -0.8065116950000001
  },
  "magnetization": {
    "variance": 0.6753217984594385,
    "error": 0.0008217796532279431,
    "mean": 0.17191801
  },
  "sqr_energy": {
    "variance": 0.008631721701695204,
    "error": 9.290705948255602e-5,
    "mean": 0.6538850402749999
  }
}
