{
  "sqr_magnetization": {
    "variance": 0.033482205933249,
    "error": 0.00018298143603450324,
    "mean": 0.6224591070750001
  },
  "energy": {
    "variance": 0.004429714399125173,
    "error": 6.655609963876469e-5,
    "mean": -0.7674233149999999
  },
  "magnetization": {
    "variance": 0.4302486027348472,
    "error": 0.0006559333828483249,
    "mean": 0.438418675
  },
  "sqr_energy": {
    "variance": 0.010114891682896351,
    "error": 0.0001005728178132459,
    "mean": 0.5933682543750001
  }
}
