{
  "sqr_magnetization": {
    "variance": 0.011832126770406199,
    "error": 0.00010877557984403576,
    "mean": 0.09368263989999999
  },
  "energy": {
    "variance": 0.0032495983852051605,
    "error": 5.70052487513664e-5,
    "mean": -0.520062365
  },
  "magnetization": {
    "variance": 0.09364507703555694,
    "error": 0.0003060148313980173,
    "mean": -0.006136490000000003
  },
  "sqr_energy": {
    "variance": 0.003611762916539204,
    "error": 6.009794436200962e-5,
    "mean": 0.273714458625
  }
}
