{
  "sqr_magnetization": {
    "variance": 0.009554541010099976,
    "error": 9.774733249608389e-5,
    "mean": 0.08349100282500001
  },
  "energy": {
    "variance": 0.0030540356397696145,
    "error": 5.5263329973587506e-5,
    "mean": -0.512934355
  },
  "magnetization": {
    "variance": 0.08348715618432916,
    "error": 0.00028894144075284386,
    "mean": 0.001982455000000002
  },
  "sqr_energy": {
    "variance": 0.0033038014754289543,
    "error": 5.747870453854153e-5,
    "mean": 0.266155685125
  }
}
