{
  "sqr_magnetization": {
    "variance": 0.019953078513077958,
    "error": 0.00014125536631603755,
    "mean": 0.13407135892499997
  },
  "abs_magnetization": {
    "variance": 0.038848988321737096,
    "error": 0.00019710146707149873,
    "mean": 0.30858128500000004
  },
  "energy": {
    "variance": 0.0037538067511685247,
    "error": 6.126831767862184e-5,
    "mean": -0.552993865
  },
  "magnetization": {
    "variance": 0.13396329970975565,
    "error": 0.00036600997214523496,
    "mean": -0.010401595
  },
  "sqr_energy": {
    "variance": 0.004779295766500878,
    "error": 6.913245089320122e-5,
    "mean": 0.30955601772499997
  }
}
