{
  "sqr_magnetization": {
    "variance": 0.009041130393072873,
    "error": 9.508485890546861e-5,
    "mean": 0.7910799224000002
  },
  "abs_magnetization": {
    "variance": 0.003300166358789959,
    "error": 5.7447074414542285e-5,
    "mean": 0.8875695799999999
  },
  "energy": {
    "variance": 0.0022750950069499827,
    "error": 4.769795600390003e-5,
    "mean": -0.848289505
  },
  "magnetization": {
    "variance": 0.003300166358789959,
    "error": 5.7447074414542285e-5,
    "mean": -0.8875695799999999
  },
  "sqr_energy": {
    "variance": 0.006403855604563893,
    "error": 8.002409390029914e-5,
    "mean": 0.721870177025
  }
}
