{
  "sqr_magnetization": {
    "variance": 0.03172476421134653,
    "error": 0.0001781144694047806,
    "mean": 0.19618855067500002
  },
  "abs_magnetization": {
    "variance": 0.04834716091477389,
    "error": 0.00021987987837629412,
    "mean": 0.38450154500000006
  },
  "energy": {
    "variance": 0.004493035728108503,
    "error": 6.703011060790891e-5,
    "mean": -0.588969835
  },
  "magnetization": {
    "variance": 0.19610181455598955,
    "error": 0.00044283384531445825,
    "mean": -0.009323745000000001
  },
  "sqr_energy": {
    "variance": 0.006494739241640438,
    "error": 8.058994504055973e-5,
    "mean": 0.3513784977750001
  }
}
