{
  "energy": {
    "variance": 0.005421377761415862,
    "error": 7.363000584962533e-5,
    "mean": -0.6409553700000001
  },
  "magnetization": {
    "variance": 0.3121892526760427,
    "error": 0.0005587389843889924,
    "mean": 0.0087111
  }
}
