{
  "sqr_magnetization": {
    "variance": 0.0008897545165028817,
    "error": 2.982875318384732e-5,
    "mean": 0.021732224074999997
  },
  "abs_magnetization": {
    "variance": 0.007767126930464907,
    "error": 8.81313050536806e-5,
    "mean": 0.11817404499999999
  },
  "energy": {
    "variance": 0.002087437452591053,
    "error": 4.56884827127259e-5,
    "mean": -0.37510092000000006
  },
  "magnetization": {
    "variance": 0.021731835803536582,
    "error": 0.0001474172167812721,
    "mean": -0.0006403150000000001
  },
  "sqr_energy": {
    "variance": 0.0011987396308057068,
    "error": 3.4622819509764176e-5,
    "mean": 0.14278813554999997
  }
}
