{
  "sqr_magnetization": {
    "variance": 0.04525408680959363,
    "error": 0.00021273007970099955,
    "mean": 0.289522435325
  },
  "energy": {
    "variance": 0.005483764428076327,
    "error": 7.405244376842893e-5,
    "mean": -0.6334635900000001
  },
  "magnetization": {
    "variance": 0.287569428081179,
    "error": 0.0005362550028495576,
    "mean": 0.04419609500000001
  },
  "sqr_energy": {
    "variance": 0.009065082605259416,
    "error": 9.521072736440687e-5,
    "mean": 0.4067598788000001
  }
}
