{
  "sqr_magnetization": {
    "variance": 0.0014029485050496486,
    "error": 3.745595420022895e-5,
    "mean": 0.02785137935
  },
  "energy": {
    "variance": 0.0022394359729797485,
    "error": 4.732267926670835e-5,
    "mean": -0.40213153500000004
  },
  "magnetization": {
    "variance": 0.027792373275150772,
    "error": 0.00016671044740852557,
    "mean": -0.007683350000000001
  },
  "sqr_energy": {
    "variance": 0.0014788028326429609,
    "error": 3.845520553375006e-5,
    "mean": 0.163949205175
  }
}
