{
  "sqr_magnetization": {
    "variance": 0.0021471130941686806,
    "error": 4.6336951714249406e-5,
    "mean": 0.9091409330250003
  },
  "energy": {
    "variance": 0.0009832309471699216,
    "error": 3.135651363225704e-5,
    "mean": -0.924776145
  },
  "magnetization": {
    "variance": 0.0006107728385776128,
    "error": 2.4713818777712455e-5,
    "mean": -0.9531684850000003
  },
  "sqr_energy": {
    "variance": 0.0033085768142503383,
    "error": 5.752022960881101e-5,
    "mean": 0.8561941483250004
  }
}
