{
  "sqr_magnetization": {
    "variance": 0.002452203199234345,
    "error": 4.951972535499712e-5,
    "mean": 0.037380547475
  },
  "abs_magnetization": {
    "variance": 0.013037394905003679,
    "error": 0.00011418141225700301,
    "mean": 0.15602296499999999
  },
  "energy": {
    "variance": 0.0024119280297196307,
    "error": 4.9111383911671955e-5,
    "mean": -0.43611078000000003
  },
  "magnetization": {
    "variance": 0.03738042170809449,
    "error": 0.00019334017096323902,
    "mean": -0.0004039149999999999
  },
  "sqr_energy": {
    "variance": 0.0018737425936074456,
    "error": 4.328674847580314e-5,
    "mean": 0.19260453805
  }
}
