{
  "sqr_magnetization": {
    "variance": 0.003451160217246056,
    "error": 5.8746576217223556e-5,
    "mean": 0.04529080555
  },
  "energy": {
    "variance": 0.0025648702807213805,
    "error": 5.064454838105855e-5,
    "mean": -0.45780567000000005
  },
  "magnetization": {
    "variance": 0.04472533761947752,
    "error": 0.00021148365804354134,
    "mean": 0.02378051
  },
  "sqr_energy": {
    "variance": 0.0021960143291432687,
    "error": 4.6861650943423544e-5,
    "mean": 0.2121508992
  }
}
