{
  "sqr_magnetization": {
    "variance": 0.0027757580215160417,
    "error": 5.268546309482381e-5,
    "mean": 0.039807044774999994
  },
  "energy": {
    "variance": 0.002455257460935436,
    "error": 4.955055459765749e-5,
    "mean": -0.442208205
  },
  "magnetization": {
    "variance": 0.03980406565544063,
    "error": 0.00019950956281702546,
    "mean": 0.0017375049999999992
  },
  "sqr_energy": {
    "variance": 0.00196496973963856,
    "error": 4.432797919642356e-5,
    "mean": 0.198003351575
  }
}
