{
  "sqr_magnetization": {
    "variance": 0.0009151987149845217,
    "error": 3.025225140356535e-5,
    "mean": 0.9481236828750002
  },
  "abs_magnetization": {
    "variance": 0.0002459516234359986,
    "error": 1.5682844876998515e-5,
    "mean": 0.9735901250000002
  },
  "energy": {
    "variance": 0.0005438262606456349,
    "error": 2.3320082775274083e-5,
    "mean": -0.9545195750000002
  },
  "magnetization": {
    "variance": 0.0002459516234359986,
    "error": 1.5682844876998515e-5,
    "mean": -0.9735901250000002
  },
  "sqr_energy": {
    "variance": 0.001955429527914025,
    "error": 4.422023889480952e-5,
    "mean": 0.9116514447750005
  }
}
