{
  "sqr_magnetization": {
    "variance": 0.007776791711569377,
    "error": 8.818611972169644e-5,
    "mean": 0.8064048867000004
  },
  "abs_magnetization": {
    "variance": 0.0027340392708911703,
    "error": 5.228804137554944e-5,
    "mean": 0.89647691
  },
  "energy": {
    "variance": 0.0021050409220953227,
    "error": 4.588072495171936e-5,
    "mean": -0.8571188399999999
  },
  "magnetization": {
    "variance": 0.223387344951345,
    "error": 0.00047263870445758563,
    "mean": 0.763556
  },
  "sqr_energy": {
    "variance": 0.006053062558972182,
    "error": 7.78014303144369e-5,
    "mean": 0.7367577447000001
  }
}
