{
  "sqr_magnetization": {
    "variance": 0.0028971031587655695,
    "error": 5.382474485555477e-5,
    "mean": 0.8876809229500003
  },
  "abs_magnetization": {
    "variance": 0.0008538202474198466,
    "error": 2.9220202727220195e-5,
    "mean": 0.9417149800000002
  },
  "energy": {
    "variance": 0.00119839544027534,
    "error": 3.461784857953105e-5,
    "mean": -0.9092064899999999
  },
  "magnetization": {
    "variance": 0.0008538202474198466,
    "error": 2.9220202727220195e-5,
    "mean": -0.9417149800000002
  },
  "sqr_energy": {
    "variance": 0.0038968726051586116,
    "error": 6.242493576415286e-5,
    "mean": 0.8278548357000004
  }
}
