{
  "sqr_magnetization": {
    "variance": 0.0010667498341783233,
    "error": 3.266113644958368e-5,
    "mean": 0.9425082992250002
  },
  "energy": {
    "variance": 0.0006105135145494136,
    "error": 2.470857168169406e-5,
    "mean": -0.9500862900000001
  },
  "magnetization": {
    "variance": 0.0002886662340660092,
    "error": 1.699018051893532e-5,
    "mean": -0.9706799850000003
  },
  "sqr_energy": {
    "variance": 0.0021732346191088952,
    "error": 4.661796455347332e-5,
    "mean": 0.9032744713500005
  }
}
