{
  "sqr_magnetization": {
    "variance": 0.0007425894223581356,
    "error": 2.725049398374524e-5,
    "mean": 0.019721798725
  },
  "abs_magnetization": {
    "variance": 0.007071464731614506,
    "error": 8.409200159120073e-5,
    "mean": 0.112473735
  },
  "energy": {
    "variance": 0.0020342241631191387,
    "error": 4.510237425146418e-5,
    "mean": -0.36358550500000003
  },
  "magnetization": {
    "variance": 0.01972166374210812,
    "error": 0.00014043384115699505,
    "mean": 0.00039332499999999987
  },
  "sqr_energy": {
    "variance": 0.0010968601435196999,
    "error": 3.3118878959283934e-5,
    "mean": 0.13422864157499995
  }
}
