{
  "sqr_magnetization": {
    "variance": 9.78090322271792e-5,
    "error": 9.889844904101336e-6,
    "mean": 0.007055322649999999
  },
  "energy": {
    "variance": 0.001536545932965308,
    "error": 3.919880014701098e-5,
    "mean": -0.21365557500000001
  },
  "magnetization": {
    "variance": 0.007055293935137035,
    "error": 8.399579712781488e-5,
    "mean": 0.00018913000000000033
  },
  "sqr_energy": {
    "variance": 0.0002884660158033276,
    "error": 1.69842873210308e-5,
    "mean": 0.04718524912500001
  }
}
