{
  "energy": {
    "variance": 0.0028131254083383944,
    "error": 5.303890466759655e-5,
    "mean": -0.82603891625
  },
  "magnetization": {
    "variance": 0.5326163691822768,
    "error": 0.0007298057064604776,
    "mean": 0.464794795
  }
}
