{
  "sqr_magnetization": {
    "variance": 0.0024304765153306948,
    "error": 4.9299863238458326e-5,
    "mean": 0.8991975637750004
  },
  "abs_magnetization": {
    "variance": 0.000702197687295661,
    "error": 2.649901294946023e-5,
    "mean": 0.9478899550000003
  },
  "energy": {
    "variance": 0.0010718063338611083,
    "error": 3.273845344333034e-5,
    "mean": -0.9173565149999999
  },
  "magnetization": {
    "variance": 0.000702197687295661,
    "error": 2.649901294946023e-5,
    "mean": -0.9478899550000003
  },
  "sqr_energy": {
    "variance": 0.0035509315585891673,
    "error": 5.958969339230709e-5,
    "mean": 0.8426147808750004
  }
}
