{
  "sqr_magnetization": {
    "variance": 0.0017050622622262197,
    "error": 4.129239956972978e-5,
    "mean": 0.9205650595000002
  },
  "energy": {
    "variance": 0.0008538079126975116,
    "error": 2.9219991661489425e-5,
    "mean": -0.9330284799999999
  },
  "magnetization": {
    "variance": 0.0004765357415332411,
    "error": 2.1829698612973132e-5,
    "mean": -0.9592124500000004
  },
  "sqr_energy": {
    "variance": 0.0029284791791129782,
    "error": 5.411542459514642e-5,
    "mean": 0.8713959515500004
  }
}
