{
  "energy": {
    "variance": 0.005545624471899666,
    "error": 7.446894971664141e-5,
    "mean": -0.6483082824999999
  },
  "magnetization": {
    "variance": 0.32705060732938773,
    "error": 0.0005718833861281403,
    "mean": 0.020790140000000006
  }
}
