{
  "sqr_magnetization": {
    "variance": 0.006492954129332438,
    "error": 8.05788690000824e-5,
    "mean": 0.0643861652
  },
  "abs_magnetization": {
    "variance": 0.021584849763024168,
    "error": 0.00014691783337302577,
    "mean": 0.20688484
  },
  "energy": {
    "variance": 0.0028431048158291906,
    "error": 5.3320772836008207e-5,
    "mean": -0.48824052500000004
  },
  "magnetization": {
    "variance": 0.0643862190060394,
    "error": 0.0002537443969943758,
    "mean": -0.00010286000000000081
  },
  "sqr_energy": {
    "variance": 0.0027854807317632523,
    "error": 5.277765371597388e-5,
    "mean": 0.24122191222499997
  }
}
