{
  "sqr_magnetization": {
    "variance": 0.0021115629117119837,
    "error": 4.5951745469698796e-5,
    "mean": 0.9101767074250003
  },
  "energy": {
    "variance": 0.0009728799539803529,
    "error": 3.119102361225667e-5,
    "mean": -0.9255461399999999
  },
  "magnetization": {
    "variance": 0.0005997049786787531,
    "error": 2.4488874589877604e-5,
    "mean": -0.9537174650000003
  },
  "sqr_energy": {
    "variance": 0.003279227208370893,
    "error": 5.7264537092085995e-5,
    "mean": 0.8576085362500003
  }
}
