{
  "sqr_magnetization": {
    "variance": 0.002173358516869702,
    "error": 4.661929339736609e-5,
    "mean": 0.9060813455250002
  },
  "abs_magnetization": {
    "variance": 0.0006211071911121653,
    "error": 2.4922022211533424e-5,
    "mean": 0.9515567450000003
  },
  "energy": {
    "variance": 0.0009965408426858174,
    "error": 3.1568035141354894e-5,
    "mean": -0.9223292549999998
  },
  "magnetization": {
    "variance": 0.0006211071911121653,
    "error": 2.4922022211533424e-5,
    "mean": -0.9515567450000003
  },
  "sqr_energy": {
    "variance": 0.003339107561512095,
    "error": 5.778501156452333e-5,
    "mean": 0.8516877944750003
  }
}
