{
  "sqr_magnetization": {
    "variance": 0.0007618575480481723,
    "error": 2.7601767118214954e-5,
    "mean": 0.019986144225
  },
  "energy": {
    "variance": 0.002039069468900444,
    "error": 4.51560568351627e-5,
    "mean": -0.36314534499999995
  },
  "magnetization": {
    "variance": 0.019971952616421988,
    "error": 0.00014132215897169837,
    "mean": -0.003769825
  },
  "sqr_energy": {
    "variance": 0.0010951836066411702,
    "error": 3.309355838590299e-5,
    "mean": 0.133913609025
  }
}
