{
  "energy": {
    "variance": 0.0033479142141388377,
    "error": 5.786116326292479e-5,
    "mean": -0.52974384875
  },
  "magnetization": {
    "variance": 0.10191289477319516,
    "error": 0.0003192379908049717,
    "mean": 0.005968859999999999
  }
}
