{
  "sqr_magnetization": {
    "variance": 0.0020822970935009096,
    "error": 4.563219360825107e-5,
    "mean": 0.034046954625
  },
  "energy": {
    "variance": 0.002358356438442839,
    "error": 4.856291217012052e-5,
    "mean": -0.42283056
  },
  "magnetization": {
    "variance": 0.03403507211443089,
    "error": 0.00018448596725613277,
    "mean": -0.003452035000000002
  },
  "sqr_energy": {
    "variance": 0.0017245245751130894,
    "error": 4.1527395477119556e-5,
    "mean": 0.18114403655000003
  }
}
