{
  "energy": {
    "variance": 0.0007558978854708784,
    "error": 2.749359717226683e-5,
    "mean": -0.9391297225000002
  },
  "magnetization": {
    "variance": 0.0003994523020216769,
    "error": 1.998630286025099e-5,
    "mean": -0.9634145750000004
  }
}
