{
  "sqr_magnetization": {
    "variance": 0.00496346061159407,
    "error": 7.045183185406941e-5,
    "mean": 0.8536382772000004
  },
  "energy": {
    "variance": 0.001617464836527937,
    "error": 4.021771794281641e-5,
    "mean": -0.8868578699999998
  },
  "magnetization": {
    "variance": 0.0015893584095568085,
    "error": 3.9866758202251763e-5,
    "mean": -0.92306496
  },
  "sqr_energy": {
    "variance": 0.004974778107660323,
    "error": 7.05321069276987e-5,
    "mean": 0.7881343448000002
  }
}
