{
  "sqr_magnetization": {
    "variance": 0.0022259029810120464,
    "error": 4.717947626894608e-5,
    "mean": 0.035371652100000005
  },
  "energy": {
    "variance": 0.0023489447240547245,
    "error": 4.84659130116696e-5,
    "mean": -0.4302067
  },
  "magnetization": {
    "variance": 0.03537052917799157,
    "error": 0.00018807054308953217,
    "mean": -0.0010762400000000007
  },
  "sqr_energy": {
    "variance": 0.0017789696375297794,
    "error": 4.217783348549069e-5,
    "mean": 0.18742674709999999
  }
}
