{
  "sqr_magnetization": {
    "variance": 0.02448396633628315,
    "error": 0.0001564735323825827,
    "mean": 0.15617272402500001
  },
  "energy": {
    "variance": 0.004109325440552415,
    "error": 6.410402047104701e-5,
    "mean": -0.5663116950000001
  },
  "magnetization": {
    "variance": 0.15564948754309232,
    "error": 0.00039452438143046663,
    "mean": -0.022877764999999998
  },
  "sqr_energy": {
    "variance": 0.005500992505509367,
    "error": 7.416867603988469e-5,
    "mean": 0.32481825722499996
  }
}
