{
  "sqr_magnetization": {
    "variance": 0.03861638334913165,
    "error": 0.00019651051714636458,
    "mean": 0.5805432177750001
  },
  "energy": {
    "variance": 0.004896179499383275,
    "error": 6.997270538848184e-5,
    "mean": -0.7497747849999999
  },
  "magnetization": {
    "variance": 0.5778269431257439,
    "error": 0.0007601492900251529,
    "mean": -0.05212343500000006
  },
  "sqr_energy": {
    "variance": 0.010700157500725657,
    "error": 0.0001034415656335772,
    "mean": 0.567058402825
  }
}
