{
  "sqr_magnetization": {
    "variance": 0.017671241388373223,
    "error": 0.0001329332215376323,
    "mean": 0.7032783797250001
  },
  "energy": {
    "variance": 0.0033039334217983968,
    "error": 5.747985231190488e-5,
    "mean": -0.802042745
  },
  "magnetization": {
    "variance": 0.007855846198445975,
    "error": 8.863321159952388e-5,
    "mean": -0.833919985
  },
  "sqr_energy": {
    "variance": 0.008290084058843631,
    "error": 9.10498987305512e-5,
    "mean": 0.646576494925
  }
}
