{
  "energy": {
    "variance": 0.0023340500931678374,
    "error": 4.831200775343369e-5,
    "mean": -0.4208540475
  },
  "magnetization": {
    "variance": 0.03277494257711335,
    "error": 0.00018103851130937126,
    "mean": -0.0048724350000000005
  }
}
