{
  "sqr_magnetization": {
    "variance": 0.022429974718238196,
    "error": 0.0001497664004983701,
    "mean": 0.14683977355
  },
  "abs_magnetization": {
    "variance": 0.04108031283925324,
    "error": 0.00020268278870997714,
    "mean": 0.32520686
  },
  "energy": {
    "variance": 0.00389945189029349,
    "error": 6.244559144001673e-5,
    "mean": -0.56189328
  },
  "magnetization": {
    "variance": 0.14670864091104252,
    "error": 0.00038302564001779636,
    "mean": 0.011457720000000003
  },
  "sqr_energy": {
    "variance": 0.005129129953633215,
    "error": 7.161794435498142e-5,
    "mean": 0.31962350609999995
  }
}
