{
  "sqr_magnetization": {
    "variance": 0.0024520042262803307,
    "error": 4.9517716287005106e-5,
    "mean": 0.8998697295500004
  },
  "energy": {
    "variance": 0.0010784831860310852,
    "error": 3.2840267752122324e-5,
    "mean": -0.9180353899999999
  },
  "magnetization": {
    "variance": 0.0007054742224758215,
    "error": 2.6560764719334074e-5,
    "mean": -0.9482427200000002
  },
  "sqr_energy": {
    "variance": 0.0035764334136352653,
    "error": 5.980328932120093e-5,
    "mean": 0.8438674594000003
  }
}
