{
  "sqr_magnetization": {
    "variance": 0.028228207910411966,
    "error": 0.00016801252307614443,
    "mean": 0.17655029739999997
  },
  "abs_magnetization": {
    "variance": 0.0459409904922849,
    "error": 0.00021433849512461568,
    "mean": 0.36139916000000005
  },
  "energy": {
    "variance": 0.004273827502360477,
    "error": 6.537451722468379e-5,
    "mean": -0.5786822949999999
  },
  "magnetization": {
    "variance": 0.17652436417491127,
    "error": 0.0004201480265036494,
    "mean": -0.00510977
  },
  "sqr_energy": {
    "variance": 0.00597388796980002,
    "error": 7.729093070858973e-5,
    "mean": 0.3391470217749999
  }
}
