{
  "sqr_magnetization": {
    "variance": 0.003152585466781949,
    "error": 5.614788924600771e-5,
    "mean": 0.8808574050500004
  },
  "energy": {
    "variance": 0.00129088734972735,
    "error": 3.592892079825597e-5,
    "mean": -0.9043954
  },
  "magnetization": {
    "variance": 0.0009310288929407919,
    "error": 3.0512766065055326e-5,
    "mean": -0.9380439100000002
  },
  "sqr_energy": {
    "variance": 0.0041513737682493355,
    "error": 6.443115526086224e-5,
    "mean": 0.8192219256000003
  }
}
