{
  "sqr_magnetization": {
    "variance": 0.057066004114675654,
    "error": 0.000238884918139835,
    "mean": 0.4229558535000001
  },
  "energy": {
    "variance": 0.006097971555353955,
    "error": 7.808950989316014e-5,
    "mean": -0.69112776
  },
  "magnetization": {
    "variance": 0.4140322515539115,
    "error": 0.0006434533794719797,
    "mean": 0.09446700999999998
  },
  "sqr_energy": {
    "variance": 0.011619865839339116,
    "error": 0.00010779548153489141,
    "mean": 0.48375554610000004
  }
}
