{
  "sqr_magnetization": {
    "variance": 0.0014818341611566976,
    "error": 3.849459911671633e-5,
    "mean": 0.028171109150000002
  },
  "energy": {
    "variance": 0.0022773120248564004,
    "error": 4.7721190522203035e-5,
    "mean": -0.407020675
  },
  "magnetization": {
    "variance": 0.028171007728207628,
    "error": 0.00016784221080588647,
    "mean": -0.00035998999999999894
  },
  "sqr_energy": {
    "variance": 0.0015439940475749272,
    "error": 3.929368966608922e-5,
    "mean": 0.167943139625
  }
}
