{
  "sqr_magnetization": {
    "variance": 0.033576742376294065,
    "error": 0.00018323957644650367,
    "mean": 0.5999260202000001
  },
  "abs_magnetization": {
    "variance": 0.02181113370699131,
    "error": 0.0001476859292789645,
    "mean": 0.7603386799999999
  },
  "energy": {
    "variance": 0.004442674206114207,
    "error": 6.665338855687839e-5,
    "mean": -0.7561216000000001
  },
  "magnetization": {
    "variance": 0.5975986739921612,
    "error": 0.0007730450659516309,
    "mean": 0.04824876999999999
  },
  "sqr_energy": {
    "variance": 0.009888835070875656,
    "error": 9.944262200322182e-5,
    "mean": 0.57616254375
  }
}
