{
  "sqr_magnetization": {
    "variance": 0.0038810616451925434,
    "error": 6.229816726993294e-5,
    "mean": 0.8675917496000004
  },
  "energy": {
    "variance": 0.0014329420377259385,
    "error": 3.7854220870676214e-5,
    "mean": -0.8956763099999998
  },
  "magnetization": {
    "variance": 0.001179524146995246,
    "error": 3.434420106794225e-5,
    "mean": -0.9308126700000001
  },
  "sqr_energy": {
    "variance": 0.004516488747386,
    "error": 6.72048268161298e-5,
    "mean": 0.8036689929000003
  }
}
