{
  "sqr_magnetization": {
    "variance": 0.0027400994803480645,
    "error": 5.2345959541764676e-5,
    "mean": 0.8916371239500004
  },
  "abs_magnetization": {
    "variance": 0.0008024240802640792,
    "error": 2.83270909248387e-5,
    "mean": 0.9438404000000001
  },
  "energy": {
    "variance": 0.0011555291219095213,
    "error": 3.3993074616891026e-5,
    "mean": -0.9119951399999999
  },
  "magnetization": {
    "variance": 0.0008024240802640792,
    "error": 2.83270909248387e-5,
    "mean": -0.9438404000000001
  },
  "sqr_energy": {
    "variance": 0.0037812122195154375,
    "error": 6.149156218145248e-5,
    "mean": 0.8328906633500004
  }
}
