{
  "sqr_magnetization": {
    "variance": 0.0015544175500239695,
    "error": 3.942610239453007e-5,
    "mean": 0.9255684106750002
  },
  "energy": {
    "variance": 0.0007979365305643045,
    "error": 2.8247770364478405e-5,
    "mean": -0.936878335
  },
  "magnetization": {
    "variance": 0.00043148488953666426,
    "error": 2.077221436286137e-5,
    "mean": -0.9618403850000004
  },
  "sqr_energy": {
    "variance": 0.002759721410521715,
    "error": 5.2533050649298056e-5,
    "mean": 0.8785389503250005
  }
}
