{
  "sqr_magnetization": {
    "variance": 0.0022648062401568903,
    "error": 4.758998045972377e-5,
    "mean": 0.9056587331250002
  },
  "energy": {
    "variance": 0.0010174048803847796,
    "error": 3.189678479697883e-5,
    "mean": -0.92226149
  },
  "magnetization": {
    "variance": 0.0006470601914299658,
    "error": 2.5437377841081926e-5,
    "mean": -0.9513210150000003
  },
  "sqr_energy": {
    "variance": 0.0034055851552805185,
    "error": 5.835739160792332e-5,
    "mean": 0.8515836598000005
  }
}
