{
  "sqr_magnetization": {
    "variance": 0.05315022920794067,
    "error": 0.0002305433347723171,
    "mean": 0.373588493625
  },
  "energy": {
    "variance": 0.005804277971437971,
    "error": 7.618581214004332e-5,
    "mean": -0.6711222
  },
  "magnetization": {
    "variance": 0.3628181269736114,
    "error": 0.000602343861074064,
    "mean": -0.103782125
  },
  "sqr_energy": {
    "variance": 0.010638470260671141,
    "error": 0.00010314296030593237,
    "mean": 0.45620927950000006
  }
}
