{
  "energy": {
    "variance": 0.005220231047847791,
    "error": 7.225116641167664e-5,
    "mean": -0.7195365275000001
  },
  "magnetization": {
    "variance": 0.501165323097358,
    "error": 0.0007079303094919428,
    "mean": 0.080090515
  }
}
