{
  "sqr_magnetization": {
    "variance": 0.004308797752610986,
    "error": 6.564143320046406e-5,
    "mean": 0.8576177729750003
  },
  "abs_magnetization": {
    "variance": 0.001339812536989311,
    "error": 3.660344979628711e-5,
    "mean": 0.925352885
  },
  "energy": {
    "variance": 0.0015278663718563724,
    "error": 3.908793128136065e-5,
    "mean": -0.8887800999999999
  },
  "magnetization": {
    "variance": 0.001339812536989311,
    "error": 3.660344979628711e-5,
    "mean": 0.925352885
  },
  "sqr_energy": {
    "variance": 0.004739906114932857,
    "error": 6.884697607689722e-5,
    "mean": 0.7914579310000002
  }
}
