{
  "energy": {
    "variance": 0.005567240219387906,
    "error": 7.461394118653634e-5,
    "mean": -0.69489336375
  },
  "magnetization": {
    "variance": 0.4467584497484398,
    "error": 0.0006683999175257578,
    "mean": 0.010800100000000014
  }
}
