{
  "sqr_magnetization": {
    "variance": 0.0010515863932216878,
    "error": 3.2428172831994215e-5,
    "mean": 0.023368833025
  },
  "energy": {
    "variance": 0.0021326168269112265,
    "error": 4.6180264474245125e-5,
    "mean": -0.38662583999999994
  },
  "magnetization": {
    "variance": 0.023288801331252308,
    "error": 0.0001526066883568748,
    "mean": -0.008947344999999999
  },
  "sqr_energy": {
    "variance": 0.001302472172408044,
    "error": 3.608977933443268e-5,
    "mean": 0.15161215484999999
  }
}
