{
  "sqr_magnetization": {
    "variance": 0.021098827305106347,
    "error": 0.00014525435382495888,
    "mean": 0.6904549080000002
  },
  "abs_magnetization": {
    "variance": 0.010743645871964273,
    "error": 0.00010365155991090666,
    "mean": 0.82444604
  },
  "energy": {
    "variance": 0.0034668890760084503,
    "error": 5.888029446265066e-5,
    "mean": -0.796602425
  },
  "magnetization": {
    "variance": 0.6722634622184765,
    "error": 0.000819916741028305,
    "mean": 0.13487816000000002
  },
  "sqr_energy": {
    "variance": 0.008549272229670795,
    "error": 9.246227462955253e-5,
    "mean": 0.6380423091249999
  }
}
