{
  "sqr_magnetization": {
    "variance": 0.004907806494731622,
    "error": 7.005573848537763e-5,
    "mean": 0.8504695526500005
  },
  "energy": {
    "variance": 0.0016439638094017848,
    "error": 4.054582357532999e-5,
    "mean": -0.8844840449999999
  },
  "magnetization": {
    "variance": 0.0015588735038934032,
    "error": 3.9482572153969445e-5,
    "mean": -0.92136349
  },
  "sqr_energy": {
    "variance": 0.0050374604314546165,
    "error": 7.097506908383123e-5,
    "mean": 0.7839559880250002
  }
}
