{
  "sqr_magnetization": {
    "variance": 0.0010410834297742112,
    "error": 3.226582448619919e-5,
    "mean": 0.9429666175500001
  },
  "abs_magnetization": {
    "variance": 0.0002816899123530123,
    "error": 1.6783620358939615e-5,
    "mean": 0.9709196300000004
  },
  "energy": {
    "variance": 0.0005984437883508875,
    "error": 2.446311076602662e-5,
    "mean": -0.9503867300000002
  },
  "magnetization": {
    "variance": 0.0002816899123530123,
    "error": 1.6783620358939615e-5,
    "mean": -0.9709196300000004
  },
  "sqr_energy": {
    "variance": 0.0021328324778510143,
    "error": 4.6182599297257124e-5,
    "mean": 0.9038333797500004
  }
}
