{
  "sqr_magnetization": {
    "variance": 0.001092666727863113,
    "error": 3.305550979584361e-5,
    "mean": 0.9412051847000001
  },
  "energy": {
    "variance": 0.000621423589733589,
    "error": 2.4928369175170464e-5,
    "mean": -0.9490737000000001
  },
  "magnetization": {
    "variance": 0.0002960087736358737,
    "error": 1.7204905510809228e-5,
    "mean": -0.9700047300000003
  },
  "sqr_energy": {
    "variance": 0.0022081286749179507,
    "error": 4.6990729669988645e-5,
    "mean": 0.9013623110000004
  }
}
