{
  "sqr_magnetization": {
    "variance": 0.024683530489284174,
    "error": 0.00015710993122423602,
    "mean": 0.16305562695
  },
  "energy": {
    "variance": 0.00420949018958769,
    "error": 6.488058407249191e-5,
    "mean": -0.5660109499999999
  },
  "magnetization": {
    "variance": 0.16198723586822297,
    "error": 0.0004024763792674335,
    "mean": -0.032688729999999985
  },
  "sqr_energy": {
    "variance": 0.005601899535661493,
    "error": 7.484583846588595e-5,
    "mean": 0.3245778815
  }
}
