{
  "sqr_magnetization": {
    "variance": 0.0071288600801759925,
    "error": 8.443257712622536e-5,
    "mean": 0.8105190037750003
  },
  "energy": {
    "variance": 0.0020581560209629963,
    "error": 4.5366904467496964e-5,
    "mean": -0.8596103049999999
  },
  "magnetization": {
    "variance": 0.002397646620599596,
    "error": 4.896576988672389e-5,
    "mean": -0.8989557049999999
  },
  "sqr_energy": {
    "variance": 0.005972614305406706,
    "error": 7.728269085252342e-5,
    "mean": 0.7409880304250002
  }
}
