{
  "sqr_magnetization": {
    "variance": 0.002837712766307086,
    "error": 5.327018646773339e-5,
    "mean": 0.040222262975000006
  },
  "abs_magnetization": {
    "variance": 0.014046915224274998,
    "error": 0.00011851968285595014,
    "mean": 0.16178801499999998
  },
  "energy": {
    "variance": 0.0024750178143777145,
    "error": 4.974955089624141e-5,
    "mean": -0.44401951
  },
  "magnetization": {
    "variance": 0.040221985264524245,
    "error": 0.0002005541953301507,
    "mean": -0.0005638549999999999
  },
  "sqr_energy": {
    "variance": 0.0019943317348296266,
    "error": 4.4657941453112534e-5,
    "mean": 0.1996283406
  }
}
