{
  "sqr_magnetization": {
    "variance": 0.0014162409638824615,
    "error": 3.763297707971642e-5,
    "mean": 0.027863435949999998
  },
  "abs_magnetization": {
    "variance": 0.009844767633098734,
    "error": 9.922080242115932e-5,
    "mean": 0.13423366999999997
  },
  "energy": {
    "variance": 0.002234037574827575,
    "error": 4.726560667999064e-5,
    "mean": -0.4043589
  },
  "magnetization": {
    "variance": 0.027860001196145092,
    "error": 0.0001669131546527867,
    "mean": -0.00186081
  },
  "sqr_energy": {
    "variance": 0.0014900882625648792,
    "error": 3.860166139643317e-5,
    "mean": 0.16574015535000003
  }
}
