{
  "sqr_magnetization": {
    "variance": 0.05018022121434562,
    "error": 0.00022400942215528708,
    "mean": 0.30804360117500007
  },
  "energy": {
    "variance": 0.005614563537498512,
    "error": 7.493039128083152e-5,
    "mean": -0.644799745
  },
  "magnetization": {
    "variance": 0.3078810681044309,
    "error": 0.0005548703164744271,
    "mean": 0.012760914999999994
  },
  "sqr_energy": {
    "variance": 0.009608179849399172,
    "error": 9.802132344239784e-5,
    "mean": 0.421381269075
  }
}
