{
  "sqr_magnetization": {
    "variance": 0.035021457923228895,
    "error": 0.00018714020926361308,
    "mean": 0.215508924175
  },
  "energy": {
    "variance": 0.00491947830552208,
    "error": 7.013899276096058e-5,
    "mean": -0.5971627849999999
  },
  "magnetization": {
    "variance": 0.2144159624048262,
    "error": 0.00046305071256270216,
    "mean": 0.033063215
  },
  "sqr_energy": {
    "variance": 0.007326921287431935,
    "error": 8.559743738822988e-5,
    "mean": 0.361522865175
  }
}
