{
  "sqr_magnetization": {
    "variance": 0.005641566638943561,
    "error": 7.511036305959093e-5,
    "mean": 0.8347933579500003
  },
  "abs_magnetization": {
    "variance": 0.0018297514211914204,
    "error": 4.277559375615282e-5,
    "mean": 0.9126683999999999
  },
  "energy": {
    "variance": 0.001782847238011214,
    "error": 4.222377574319016e-5,
    "mean": -0.8741986449999999
  },
  "magnetization": {
    "variance": 0.0018297514211914204,
    "error": 4.277559375615282e-5,
    "mean": -0.9126683999999999
  },
  "sqr_energy": {
    "variance": 0.0053444096096589445,
    "error": 7.310546908172427e-5,
    "mean": 0.7660061163750003
  }
}
