{
  "sqr_magnetization": {
    "variance": 0.04299386986090554,
    "error": 0.00020734963192855092,
    "mean": 0.5230072955
  },
  "abs_magnetization": {
    "variance": 0.033103405893328997,
    "error": 0.0001819434139872312,
    "mean": 0.6999313699999999
  },
  "energy": {
    "variance": 0.005101168693738069,
    "error": 7.142246630954485e-5,
    "mean": -0.724904175
  },
  "magnetization": {
    "variance": 0.5225332779913544,
    "error": 0.0007228646332414904,
    "mean": -0.02178394
  },
  "sqr_energy": {
    "variance": 0.010517800538839498,
    "error": 0.00010255632861427664,
    "mean": 0.5305872265249999
  }
}
