{
  "sqr_magnetization": {
    "variance": 0.0012676561475185137,
    "error": 3.5604159132305227e-5,
    "mean": 0.9344708740750002
  },
  "abs_magnetization": {
    "variance": 0.0003469910362770114,
    "error": 1.8627695409712155e-5,
    "mean": 0.9665008450000003
  },
  "energy": {
    "variance": 0.0006902671775799516,
    "error": 2.6272936219234264e-5,
    "mean": -0.9436959150000002
  },
  "magnetization": {
    "variance": 0.0003469910362770114,
    "error": 1.8627695409712155e-5,
    "mean": -0.9665008450000003
  },
  "sqr_energy": {
    "variance": 0.002424451440619163,
    "error": 4.923871891732321e-5,
    "mean": 0.8912522464750005
  }
}
