{
  "sqr_magnetization": {
    "variance": 0.0016381342203885725,
    "error": 4.047387083525089e-5,
    "mean": 0.9218560327250003
  },
  "abs_magnetization": {
    "variance": 0.000456691058305833,
    "error": 2.1370331263362133e-5,
    "mean": 0.9598954850000004
  },
  "energy": {
    "variance": 0.0008251649791485778,
    "error": 2.8725685007473325e-5,
    "mean": -0.9340235800000001
  },
  "magnetization": {
    "variance": 0.000456691058305833,
    "error": 2.1370331263362133e-5,
    "mean": -0.9598954850000004
  },
  "sqr_energy": {
    "variance": 0.0028376477412089813,
    "error": 5.326957613130577e-5,
    "mean": 0.8732252121500005
  }
}
