{
  "sqr_magnetization": {
    "variance": 0.010469688750040795,
    "error": 0.00010232149700840383,
    "mean": 0.0859976611
  },
  "abs_magnetization": {
    "variance": 0.02780521635027075,
    "error": 0.00016674896206654707,
    "mean": 0.24123115999999997
  },
  "energy": {
    "variance": 0.0031526695220612973,
    "error": 5.6148637757841436e-5,
    "mean": -0.514382865
  },
  "magnetization": {
    "variance": 0.08599723495662535,
    "error": 0.00029325285157458464,
    "mean": 0.0007156399999999989
  },
  "sqr_energy": {
    "variance": 0.0034470195696012025,
    "error": 5.871132403209114e-5,
    "mean": 0.267742398175
  }
}
