{
  "sqr_magnetization": {
    "variance": 0.0017581523328372257,
    "error": 4.1930327125330486e-5,
    "mean": 0.031188039775
  },
  "abs_magnetization": {
    "variance": 0.01099180814796292,
    "error": 0.0001048418244211866,
    "mean": 0.14211348499999998
  },
  "energy": {
    "variance": 0.0023005503739011485,
    "error": 4.7964052934475295e-5,
    "mean": -0.41718531499999995
  },
  "magnetization": {
    "variance": 0.031187401208392987,
    "error": 0.00017659955041956642,
    "mean": 0.0008183849999999998
  },
  "sqr_energy": {
    "variance": 0.0016333208572197238,
    "error": 4.041436449110296e-5,
    "mean": 0.176344135125
  }
}
