{
  "sqr_magnetization": {
    "variance": 0.004846772468259246,
    "error": 6.961876520205775e-5,
    "mean": 0.8494183841500004
  },
  "abs_magnetization": {
    "variance": 0.001537421634991234,
    "error": 3.9209968566567794e-5,
    "mean": 0.92080452
  },
  "energy": {
    "variance": 0.0016231140810070571,
    "error": 4.028789000440526e-5,
    "mean": -0.883590455
  },
  "magnetization": {
    "variance": 0.001537421634991234,
    "error": 3.9209968566567794e-5,
    "mean": 0.92080452
  },
  "sqr_energy": {
    "variance": 0.004973041791789298,
    "error": 7.05197971621395e-5,
    "mean": 0.7823552046250003
  }
}
