{
  "sqr_magnetization": {
    "variance": 0.0021613381254586344,
    "error": 4.649019386342279e-5,
    "mean": 0.0346045877
  },
  "abs_magnetization": {
    "variance": 0.012226417594725491,
    "error": 0.00011057313233659203,
    "mean": 0.14959339000000002
  },
  "energy": {
    "variance": 0.0023655751647401395,
    "error": 4.863717883204308e-5,
    "mean": -0.428327255
  },
  "magnetization": {
    "variance": 0.03460446555181915,
    "error": 0.00018602275546776302,
    "mean": 0.00039591999999999985
  },
  "sqr_energy": {
    "variance": 0.0017719737354240765,
    "error": 4.2094818391627206e-5,
    "mean": 0.185829810175
  }
}
