{
  "sqr_magnetization": {
    "variance": 0.039418403753896755,
    "error": 0.0001985406853868918,
    "mean": 0.5538256359999999
  },
  "abs_magnetization": {
    "variance": 0.028355947885537885,
    "error": 0.0001683922441371273,
    "mean": 0.7248929
  },
  "energy": {
    "variance": 0.0048646872292711285,
    "error": 6.974730983537019e-5,
    "mean": -0.7371136899999999
  },
  "magnetization": {
    "variance": 0.5449663980243817,
    "error": 0.0007382183945313079,
    "mean": -0.09412641999999997
  },
  "sqr_energy": {
    "variance": 0.01033090457713186,
    "error": 0.0001016410575364693,
    "mean": 0.5482012743500001
  }
}
