{
  "sqr_magnetization": {
    "variance": 0.03308361777222225,
    "error": 0.00018188902598073982,
    "mean": 0.20312438415
  },
  "abs_magnetization": {
    "variance": 0.04929036032776343,
    "error": 0.0002220143246003812,
    "mean": 0.39221687
  },
  "energy": {
    "variance": 0.004578883800207776,
    "error": 6.766745007910211e-5,
    "mean": -0.5924946449999999
  },
  "magnetization": {
    "variance": 0.20311263807294044,
    "error": 0.0004506801948976019,
    "mean": -0.003456759999999999
  },
  "sqr_energy": {
    "variance": 0.006702849459859646,
    "error": 8.18709317148623e-5,
    "mean": 0.355628783575
  }
}
