{
  "sqr_magnetization": {
    "variance": 0.03825777263096163,
    "error": 0.00019559594226609516,
    "mean": 0.235080278175
  },
  "abs_magnetization": {
    "variance": 0.052187361677346056,
    "error": 0.00022844553328385753,
    "mean": 0.427659875
  },
  "energy": {
    "variance": 0.004895699906009905,
    "error": 6.996927830133668e-5,
    "mean": -0.6076313000000001
  },
  "magnetization": {
    "variance": 0.23489260065074746,
    "error": 0.00048465719911164784,
    "mean": 0.013708115000000005
  },
  "sqr_energy": {
    "variance": 0.007505124934373366,
    "error": 8.663212414787811e-5,
    "mean": 0.37411149174999997
  }
}
