{
  "sqr_magnetization": {
    "variance": 0.001909710421546341,
    "error": 4.370023365551197e-5,
    "mean": 0.9156920482500004
  },
  "energy": {
    "variance": 0.0009157617338733328,
    "error": 3.0261555377629435e-5,
    "mean": -0.9294637800000001
  },
  "magnetization": {
    "variance": 0.0005386747891546886,
    "error": 2.320936856432524e-5,
    "mean": -0.9566364900000004
  },
  "sqr_energy": {
    "variance": 0.0031134427413458446,
    "error": 5.57982324213397e-5,
    "mean": 0.8648186791500004
  }
}
