{
  "sqr_magnetization": {
    "variance": 0.000665881831808336,
    "error": 2.5804686237354948e-5,
    "mean": 0.018914123574999997
  },
  "energy": {
    "variance": 0.0019907870511148267,
    "error": 4.4618236754883383e-5,
    "mean": -0.353568335
  },
  "magnetization": {
    "variance": 0.0189032877267187,
    "error": 0.00013748922767518442,
    "mean": -0.0032946550000000005
  },
  "sqr_energy": {
    "variance": 0.0010168674729998891,
    "error": 3.18883595219304e-5,
    "mean": 0.12700135257499998
  }
}
