{
  "sqr_magnetization": {
    "variance": 0.0012120538962665127,
    "error": 3.481456442735586e-5,
    "mean": 0.025731051075000004
  },
  "energy": {
    "variance": 0.0021915797460172457,
    "error": 4.68143113376374e-5,
    "mean": -0.39676925
  },
  "magnetization": {
    "variance": 0.025655011208393183,
    "error": 0.00016017181777202,
    "mean": -0.008721555
  },
  "sqr_energy": {
    "variance": 0.0014083663659236918,
    "error": 3.752820760339737e-5,
    "mean": 0.15961741529999998
  }
}
