{
  "sqr_magnetization": {
    "variance": 0.005610853034465394,
    "error": 7.490562752200528e-5,
    "mean": 0.059122129
  },
  "energy": {
    "variance": 0.0028662575164939167,
    "error": 5.35374403244488e-5,
    "mean": -0.48017305999999993
  },
  "magnetization": {
    "variance": 0.059118462446422444,
    "error": 0.000243142884836103,
    "mean": -0.001930199999999998
  },
  "sqr_energy": {
    "variance": 0.0027131115994675466,
    "error": 5.208753785184655e-5,
    "mean": 0.23343242219999996
  }
}
