{
  "sqr_magnetization": {
    "variance": 0.0038553509360033157,
    "error": 6.209147232916382e-5,
    "mean": 0.046565380125
  },
  "energy": {
    "variance": 0.002644211243622344,
    "error": 5.142189459386288e-5,
    "mean": -0.46248417
  },
  "magnetization": {
    "variance": 0.04655638664696441,
    "error": 0.0002157692903240969,
    "mean": 0.003006664999999999
  },
  "sqr_energy": {
    "variance": 0.002318997840239821,
    "error": 4.815597408670934e-5,
    "mean": 0.2165358161
  }
}
