{
  "sqr_magnetization": {
    "variance": 0.004908391025997121,
    "error": 7.005991026255401e-5,
    "mean": 0.8521013535250004
  },
  "energy": {
    "variance": 0.0016258151176408932,
    "error": 4.032139776397754e-5,
    "mean": -0.885677815
  },
  "magnetization": {
    "variance": 0.0015628866626060368,
    "error": 3.953336138764368e-5,
    "mean": -0.9222464250000001
  },
  "sqr_energy": {
    "variance": 0.0049929108384692365,
    "error": 7.066053239588021e-5,
    "mean": 0.7860510054750003
  }
}
