{
  "energy": {
    "variance": 0.002226212693168592,
    "error": 4.7182758431111164e-5,
    "mean": -0.8502260812500001
  },
  "magnetization": {
    "variance": 0.00299072567465845,
    "error": 5.46875275968703e-5,
    "mean": -0.8896881649999999
  }
}
