{
  "sqr_magnetization": {
    "variance": 0.0007846287514353134,
    "error": 2.8011225454008852e-5,
    "mean": 0.020689688249999998
  },
  "energy": {
    "variance": 0.002037043352812728,
    "error": 4.513361666000995e-5,
    "mean": -0.368072175
  },
  "magnetization": {
    "variance": 0.02068119233956994,
    "error": 0.0001438095697078951,
    "mean": -0.0029183200000000003
  },
  "sqr_energy": {
    "variance": 0.001126090784698312,
    "error": 3.355727618115499e-5,
    "mean": 0.137514167325
  }
}
