{
  "sqr_magnetization": {
    "variance": 0.03769474408230136,
    "error": 0.0001941513432410432,
    "mean": 0.232037940425
  },
  "energy": {
    "variance": 0.004805823681447656,
    "error": 6.932404836308723e-5,
    "mean": -0.609824645
  },
  "magnetization": {
    "variance": 0.23146969397499334,
    "error": 0.00048111297423265707,
    "mean": 0.023842775
  },
  "sqr_energy": {
    "variance": 0.007415372444243001,
    "error": 8.611255683257234e-5,
    "mean": 0.376691916525
  }
}
