{
  "sqr_magnetization": {
    "variance": 0.012374897025039971,
    "error": 0.00011124251446744617,
    "mean": 0.7485217556500002
  },
  "energy": {
    "variance": 0.0027520532778148774,
    "error": 5.2460015991370774e-5,
    "mean": -0.82433628
  },
  "magnetization": {
    "variance": 0.0049031609909280915,
    "error": 7.002257486645354e-5,
    "mean": -0.86233323
  },
  "sqr_energy": {
    "variance": 0.0073221581350195394,
    "error": 8.556960988002423e-5,
    "mean": 0.6822823530500001
  }
}
