{
  "sqr_magnetization": {
    "variance": 0.0008570482738650745,
    "error": 2.9275386826907593e-5,
    "mean": 0.021598642125
  },
  "energy": {
    "variance": 0.002058830815070715,
    "error": 4.53743409326319e-5,
    "mean": -0.37498801
  },
  "magnetization": {
    "variance": 0.021585218104637482,
    "error": 0.00014691908693099573,
    "mean": -0.0036668249999999986
  },
  "sqr_energy": {
    "variance": 0.0011795835739918088,
    "error": 3.434506622488605e-5,
    "mean": 0.14267483639999998
  }
}
