{
  "sqr_magnetization": {
    "variance": 0.0030870494697191886,
    "error": 5.556122271620009e-5,
    "mean": 0.8833427707000004
  },
  "energy": {
    "variance": 0.0012701313721671472,
    "error": 3.5638902510699556e-5,
    "mean": -0.9062108149999998
  },
  "magnetization": {
    "variance": 0.0009095841548616541,
    "error": 3.01593129043361e-5,
    "mean": -0.9393791500000002
  },
  "sqr_energy": {
    "variance": 0.004100489677840253,
    "error": 6.403506600168577e-5,
    "mean": 0.8224881713250002
  }
}
