{
  "sqr_magnetization": {
    "variance": 0.006036992887807142,
    "error": 7.769808805760373e-5,
    "mean": 0.061753864275
  },
  "abs_magnetization": {
    "variance": 0.020839617699327677,
    "error": 0.00014435933533834131,
    "mean": 0.202272755
  },
  "energy": {
    "variance": 0.0028019937639395397,
    "error": 5.2933862167232236e-5,
    "mean": -0.485953815
  },
  "magnetization": {
    "variance": 0.0617531826134764,
    "error": 0.00024850187647878315,
    "mean": 0.0008622149999999999
  },
  "sqr_energy": {
    "variance": 0.0027137959515124194,
    "error": 5.209410668696047e-5,
    "mean": 0.23895310127499997
  }
}
