{
  "energy": {
    "variance": 0.002764598692821741,
    "error": 5.2579451241162084e-5,
    "mean": -0.48168725874999996
  },
  "magnetization": {
    "variance": 0.059993331402188176,
    "error": 0.00024493536168178776,
    "mean": -0.002368885
  }
}
