{
  "sqr_magnetization": {
    "variance": 0.0006292487997892175,
    "error": 2.508483206619525e-5,
    "mean": 0.0179896615
  },
  "energy": {
    "variance": 0.002005083918466318,
    "error": 4.4778163411045767e-5,
    "mean": -0.35832776
  },
  "magnetization": {
    "variance": 0.017988621696941598,
    "error": 0.0001341216675147666,
    "mean": -0.0010284900000000006
  },
  "sqr_energy": {
    "variance": 0.0010500389209368306,
    "error": 3.240430404956771e-5,
    "mean": 0.13040386549999997
  }
}
