{
  "sqr_magnetization": {
    "variance": 1.9178399598899853e-5,
    "error": 4.379314969136138e-6,
    "mean": 0.0030862862249999997
  },
  "energy": {
    "variance": 0.0012669990450630201,
    "error": 3.559493004717133e-5,
    "mean": -0.050282394999999994
  },
  "magnetization": {
    "variance": 0.003086285063504439,
    "error": 5.555434333609244e-5,
    "mean": -6.517499999999994e-5
  },
  "sqr_energy": {
    "variance": 1.6163491411361565e-5,
    "error": 4.020384485513986e-6,
    "mean": 0.0037953170249999998
  }
}
