{
  "sqr_magnetization": {
    "variance": 0.038358498815202854,
    "error": 0.00019585325837269817,
    "mean": 0.258985382875
  },
  "energy": {
    "variance": 0.004863873557328332,
    "error": 6.974147659268717e-5,
    "mean": -0.614023485
  },
  "magnetization": {
    "variance": 0.25879702949106126,
    "error": 0.0005087209741017774,
    "mean": -0.013733614999999989
  },
  "sqr_energy": {
    "variance": 0.00758025926718176,
    "error": 8.706468438570118e-5,
    "mean": 0.381888708825
  }
}
