{
  "sqr_magnetization": {
    "variance": 0.02340082928465815,
    "error": 0.0001529732959854698,
    "mean": 0.6702387888500001
  },
  "energy": {
    "variance": 0.0037005310570494567,
    "error": 6.0831990408414685e-5,
    "mean": -0.78771896
  },
  "magnetization": {
    "variance": 0.23263858004951762,
    "error": 0.00048232621746025547,
    "mean": 0.66151375
  },
  "sqr_energy": {
    "variance": 0.008936151302464317,
    "error": 9.453121866592178e-5,
    "mean": 0.6242016873
  }
}
