{
  "sqr_magnetization": {
    "variance": 0.0015122757032654819,
    "error": 3.8887989190307616e-5,
    "mean": 0.9270360720750003
  },
  "energy": {
    "variance": 0.0007810247307235047,
    "error": 2.794681968889313e-5,
    "mean": -0.9380537150000001
  },
  "magnetization": {
    "variance": 0.00041884010777608257,
    "error": 2.0465583494640034e-5,
    "mean": -0.9626095950000004
  },
  "sqr_energy": {
    "variance": 0.0027084534915302184,
    "error": 5.204280441646298e-5,
    "mean": 0.8807257961750005
  }
}
