{
  "sqr_magnetization": {
    "variance": 0.002338897993828949,
    "error": 4.836215456148484e-5,
    "mean": 0.036452104975
  },
  "abs_magnetization": {
    "variance": 0.012766752302497278,
    "error": 0.00011299005399811649,
    "mean": 0.153900505
  },
  "energy": {
    "variance": 0.0024105929177086925,
    "error": 4.909778933626943e-5,
    "mean": -0.434305185
  },
  "magnetization": {
    "variance": 0.03645110150544628,
    "error": 0.00019092171564661335,
    "mean": -0.001019765
  },
  "sqr_energy": {
    "variance": 0.0018576823044196603,
    "error": 4.310083879020988e-5,
    "mean": 0.191031584225
  }
}
