{
  "sqr_magnetization": {
    "variance": 0.030823254222085306,
    "error": 0.00017556552686129846,
    "mean": 0.19260272342499998
  },
  "abs_magnetization": {
    "variance": 0.04758634354679292,
    "error": 0.00021814294292227956,
    "mean": 0.380810225
  },
  "energy": {
    "variance": 0.00445284490659168,
    "error": 6.672964039009712e-5,
    "mean": -0.586144365
  },
  "magnetization": {
    "variance": 0.19260195491142168,
    "error": 0.00043886439239407623,
    "mean": -0.0009803649999999998
  },
  "sqr_energy": {
    "variance": 0.0063797446701635875,
    "error": 7.987330386407957e-5,
    "mean": 0.348018057075
  }
}
