{
  "sqr_magnetization": {
    "variance": 0.046687167874781874,
    "error": 0.00021607213581297769,
    "mean": 0.310945854175
  },
  "abs_magnetization": {
    "variance": 0.05363651260865239,
    "error": 0.00023159557985560173,
    "mean": 0.507256735
  },
  "energy": {
    "variance": 0.005372675723265699,
    "error": 7.329853834331009e-5,
    "mean": -0.640815245
  },
  "magnetization": {
    "variance": 0.31094448880666326,
    "error": 0.0005576239672096809,
    "mean": 0.0012947250000000003
  },
  "sqr_energy": {
    "variance": 0.009032042386822281,
    "error": 9.503705796594443e-5,
    "mean": 0.416016848575
  }
}
