{
  "sqr_magnetization": {
    "variance": 0.00553435337274511,
    "error": 7.43932347243021e-5,
    "mean": 0.8478062776000004
  },
  "energy": {
    "variance": 0.0016970293478237235,
    "error": 4.119501605563133e-5,
    "mean": -0.8830743249999999
  },
  "magnetization": {
    "variance": 0.001863623266635166,
    "error": 4.316970311034309e-5,
    "mean": -0.9197514099999999
  },
  "sqr_energy": {
    "variance": 0.005168348129728253,
    "error": 7.189122428870057e-5,
    "mean": 0.7815172911250002
  }
}
