{
  "sqr_magnetization": {
    "variance": 0.0010206216046543487,
    "error": 3.194716896149561e-5,
    "mean": 0.9443231665250001
  },
  "energy": {
    "variance": 0.0005892180186909931,
    "error": 2.4273813435284394e-5,
    "mean": -0.9515475450000002
  },
  "magnetization": {
    "variance": 0.0002755562542906294,
    "error": 1.659988717704519e-5,
    "mean": -0.9716211250000002
  },
  "sqr_energy": {
    "variance": 0.0021045770203541193,
    "error": 4.587566915429266e-5,
    "mean": 0.9060319478250004
  }
}
