{
  "sqr_magnetization": {
    "variance": 0.004009218761734698,
    "error": 6.331839197053805e-5,
    "mean": 0.048910705825
  },
  "abs_magnetization": {
    "variance": 0.016783771894766267,
    "error": 0.00012955219756826306,
    "mean": 0.179239925
  },
  "energy": {
    "variance": 0.0026059719313219058,
    "error": 5.104872115265872e-5,
    "mean": -0.462465005
  },
  "magnetization": {
    "variance": 0.04891063428152006,
    "error": 0.00022115748750951223,
    "mean": 0.0003470650000000001
  },
  "sqr_energy": {
    "variance": 0.0022798620658334937,
    "error": 4.7747901166789454e-5,
    "mean": 0.21647985017499996
  }
}
