{
  "energy": {
    "variance": 0.005533458776937651,
    "error": 7.438722186597407e-5,
    "mean": -0.70203245125
  },
  "magnetization": {
    "variance": 0.4572107440456119,
    "error": 0.0006761736049607466,
    "mean": 0.07344138999999998
  }
}
