{
  "sqr_magnetization": {
    "variance": 0.0013007426368901675,
    "error": 3.60658098049963e-5,
    "mean": 0.026496944374999998
  },
  "abs_magnetization": {
    "variance": 0.009410107276385051,
    "error": 9.700570744232037e-5,
    "mean": 0.13071666499999998
  },
  "energy": {
    "variance": 0.002206098380722756,
    "error": 4.69691215664372e-5,
    "mean": -0.399117475
  },
  "magnetization": {
    "variance": 0.02649696807514485,
    "error": 0.00016277889321145064,
    "mean": -5.288499999999985e-5
  },
  "sqr_energy": {
    "variance": 0.0014340369983315557,
    "error": 3.786868096899542e-5,
    "mean": 0.161500855025
  }
}
