{
  "sqr_magnetization": {
    "variance": 0.0007744909718143872,
    "error": 2.7829677896346324e-5,
    "mean": 0.020469031775
  },
  "energy": {
    "variance": 0.0020739623374751125,
    "error": 4.5540776645497745e-5,
    "mean": -0.36955591499999996
  },
  "magnetization": {
    "variance": 0.02046677366661864,
    "error": 0.00014306213218954428,
    "mean": 0.0015094950000000013
  },
  "sqr_energy": {
    "variance": 0.0011566788759207304,
    "error": 3.400998200412241e-5,
    "mean": 0.138645534575
  }
}
