{
  "sqr_magnetization": {
    "variance": 0.0013443849649284172,
    "error": 3.6665855573386215e-5,
    "mean": 0.9311519722250001
  },
  "energy": {
    "variance": 0.000729907987996962,
    "error": 2.701680936004402e-5,
    "mean": -0.941109895
  },
  "magnetization": {
    "variance": 0.0003687454370898119,
    "error": 1.9202745561242328e-5,
    "mean": -0.9647710750000004
  },
  "sqr_energy": {
    "variance": 0.0025498839638732796,
    "error": 5.049637574988208e-5,
    "mean": 0.8864177417250003
  }
}
