{
  "energy": {
    "variance": 0.0026043299144416507,
    "error": 5.103263577791814e-5,
    "mean": -0.46051741625
  },
  "magnetization": {
    "variance": 0.049035438181250085,
    "error": 0.0002214394684360719,
    "mean": -0.0016489100000000008
  }
}
