{
  "sqr_magnetization": {
    "variance": 0.0007000811959764711,
    "error": 2.645904752587423e-5,
    "mean": 0.019239915
  },
  "abs_magnetization": {
    "variance": 0.006886195143012742,
    "error": 8.298310155093471e-5,
    "mean": 0.11114732
  },
  "energy": {
    "variance": 0.0020257763323893074,
    "error": 4.5008625088857215e-5,
    "mean": -0.360370295
  },
  "magnetization": {
    "variance": 0.019239908041248442,
    "error": 0.0001387079955923538,
    "mean": 0.00016186000000000013
  },
  "sqr_energy": {
    "variance": 0.0010733954181378503,
    "error": 3.2762713839635605e-5,
    "mean": 0.13189252382499997
  }
}
