{
  "sqr_magnetization": {
    "variance": 0.007200854609664424,
    "error": 8.485784942870296e-5,
    "mean": 0.064981820525
  },
  "energy": {
    "variance": 0.0029084580630668383,
    "error": 5.393012203830841e-5,
    "mean": -0.48987703499999996
  },
  "magnetization": {
    "variance": 0.06480175014086212,
    "error": 0.00025456187880525653,
    "mean": 0.013421444999999999
  },
  "sqr_energy": {
    "variance": 0.002884770291728212,
    "error": 5.3710057640335964e-5,
    "mean": 0.242887964575
  }
}
