{
  "sqr_magnetization": {
    "variance": 0.0420068557981967,
    "error": 0.0002049557410715706,
    "mean": 0.531779434775
  },
  "abs_magnetization": {
    "variance": 0.03149424404709482,
    "error": 0.00017746617719186612,
    "mean": 0.7073084350000001
  },
  "energy": {
    "variance": 0.00502861750587128,
    "error": 7.09127457222697e-5,
    "mean": -0.7286097850000001
  },
  "magnetization": {
    "variance": 0.5314250441496535,
    "error": 0.000728989056261926,
    "mean": 0.018839374999999988
  },
  "sqr_energy": {
    "variance": 0.010467512310673166,
    "error": 0.00010231086115693274,
    "mean": 0.535900831275
  }
}
