{
  "sqr_magnetization": {
    "variance": 0.0020405455051329554,
    "error": 4.517239760221894e-5,
    "mean": 0.0335601719
  },
  "abs_magnetization": {
    "variance": 0.011839581675189576,
    "error": 0.00010880984181217054,
    "mean": 0.14737910999999998
  },
  "energy": {
    "variance": 0.0023511450726328483,
    "error": 4.848860765822058e-5,
    "mean": -0.42469841500000005
  },
  "magnetization": {
    "variance": 0.03355852636088636,
    "error": 0.00018318986424168332,
    "mean": -0.0012958000000000002
  },
  "sqr_energy": {
    "variance": 0.0017324735773818027,
    "error": 4.1622993373636674e-5,
    "mean": 0.182719886425
  }
}
