{
  "sqr_magnetization": {
    "variance": 0.03544429057819608,
    "error": 0.00018826654131362823,
    "mean": 0.217519807325
  },
  "abs_magnetization": {
    "variance": 0.050684179010273785,
    "error": 0.00022513147050173547,
    "mean": 0.40845523499999997
  },
  "energy": {
    "variance": 0.004720724615019015,
    "error": 6.870752953657273e-5,
    "mean": -0.59962416
  },
  "magnetization": {
    "variance": 0.21749479102573538,
    "error": 0.00046636336801440077,
    "mean": -0.005023325
  },
  "sqr_energy": {
    "variance": 0.007062181348965035,
    "error": 8.40367856891554e-5,
    "mean": 0.36426985315
  }
}
