{
  "sqr_magnetization": {
    "variance": 0.05050069885713348,
    "error": 0.00022472360547377634,
    "mean": 0.38341933742500006
  },
  "energy": {
    "variance": 0.00578483381433179,
    "error": 7.605809499541644e-5,
    "mean": -0.6699500449999999
  },
  "magnetization": {
    "variance": 0.31063527827221205,
    "error": 0.0005573466410342956,
    "mean": -0.26978578500000006
  },
  "sqr_energy": {
    "variance": 0.010521419525256032,
    "error": 0.00010257397099291824,
    "mean": 0.45461789082500004
  }
}
