{
  "sqr_magnetization": {
    "variance": 0.017522411921519442,
    "error": 0.0001323722475503058,
    "mean": 0.117759815325
  },
  "energy": {
    "variance": 0.0036259088406359404,
    "error": 6.02155199316251e-5,
    "mean": -0.54488027
  },
  "magnetization": {
    "variance": 0.1175921966159936,
    "error": 0.00034291718623596804,
    "mean": -0.012951304999999993
  },
  "sqr_energy": {
    "variance": 0.004467976773395251,
    "error": 6.684292612831406e-5,
    "mean": 0.30052041385
  }
}
