{
  "sqr_magnetization": {
    "variance": 0.013341356523363688,
    "error": 0.00011550479004510457,
    "mean": 0.10139235055
  },
  "abs_magnetization": {
    "variance": 0.03151143312643063,
    "error": 0.000177514599755712,
    "mean": 0.26435005
  },
  "energy": {
    "variance": 0.0033452078972757977,
    "error": 5.7837772236452866e-5,
    "mean": -0.5277361100000001
  },
  "magnetization": {
    "variance": 0.10139217596006037,
    "error": 0.00031842138112893797,
    "mean": -0.0005253399999999995
  },
  "sqr_energy": {
    "variance": 0.0038615836115172015,
    "error": 6.21416415257692e-5,
    "mean": 0.28185060635
  }
}
