{
  "sqr_magnetization": {
    "variance": 0.0023266557815060794,
    "error": 4.823542040353831e-5,
    "mean": 0.036072950225
  },
  "abs_magnetization": {
    "variance": 0.012682926475786251,
    "error": 0.00011261849970491639,
    "mean": 0.15293801499999998
  },
  "energy": {
    "variance": 0.002398817691886667,
    "error": 4.897772648752356e-5,
    "mean": -0.432247895
  },
  "magnetization": {
    "variance": 0.03607287077605755,
    "error": 0.00018992859388743328,
    "mean": -0.000339885
  },
  "sqr_energy": {
    "variance": 0.0018306002371711457,
    "error": 4.278551433804607e-5,
    "mean": 0.189237058025
  }
}
