{
  "sqr_magnetization": {
    "variance": 0.006786267656461201,
    "error": 8.237880586935697e-5,
    "mean": 0.8304965213750005
  },
  "energy": {
    "variance": 0.0019024793277873041,
    "error": 4.361742000379325e-5,
    "mean": -0.872865205
  },
  "magnetization": {
    "variance": 0.002290678183674158,
    "error": 4.7861029906116295e-5,
    "mean": -0.910058155
  },
  "sqr_energy": {
    "variance": 0.005665033393739124,
    "error": 7.52664161079769e-5,
    "mean": 0.7637961435250002
  }
}
