{
  "sqr_magnetization": {
    "variance": 0.0007259262883404451,
    "error": 2.694301928775699e-5,
    "mean": 0.0199911573
  },
  "energy": {
    "variance": 0.002097438459406359,
    "error": 4.579779972232682e-5,
    "mean": -0.36594110999999996
  },
  "magnetization": {
    "variance": 0.01997329037938628,
    "error": 0.00014132689191865178,
    "mean": -0.004229289999999999
  },
  "sqr_energy": {
    "variance": 0.0011429096319859253,
    "error": 3.3806946504911165e-5,
    "mean": 0.13601033234999999
  }
}
