{
  "sqr_magnetization": {
    "variance": 0.005297589961482269,
    "error": 7.278454479820747e-5,
    "mean": 0.8411904481250003
  },
  "abs_magnetization": {
    "variance": 0.0017010800820044566,
    "error": 4.1244152094623754e-5,
    "mean": 0.916236525
  },
  "energy": {
    "variance": 0.0017128519986869747,
    "error": 4.138661617826438e-5,
    "mean": -0.8783084949999999
  },
  "magnetization": {
    "variance": 0.0017010800820044566,
    "error": 4.1244152094623754e-5,
    "mean": 0.916236525
  },
  "sqr_energy": {
    "variance": 0.005184634075771016,
    "error": 7.200440316932718e-5,
    "mean": 0.7731386626750002
  }
}
