{
  "energy": {
    "variance": 0.0024427711983787464,
    "error": 4.942439881656374e-5,
    "mean": -0.43975185875
  },
  "magnetization": {
    "variance": 0.03871794187245777,
    "error": 0.00019676875227651815,
    "mean": 0.00336971
  }
}
