{
  "sqr_magnetization": {
    "variance": 0.0011424975677896507,
    "error": 3.3800851583793725e-5,
    "mean": 0.9388169853000001
  },
  "energy": {
    "variance": 0.0006438268760726501,
    "error": 2.5373743832407743e-5,
    "mean": -0.9471438150000002
  },
  "magnetization": {
    "variance": 0.0003102947434922435,
    "error": 1.761518502577374e-5,
    "mean": -0.9687655500000004
  },
  "sqr_energy": {
    "variance": 0.0022790097377725412,
    "error": 4.773897503898194e-5,
    "mean": 0.8977252325250004
  }
}
