{
  "sqr_magnetization": {
    "variance": 0.0066245652507133145,
    "error": 8.13914322930449e-5,
    "mean": 0.065640044
  },
  "abs_magnetization": {
    "variance": 0.021846978393697994,
    "error": 0.00014780723390178844,
    "mean": 0.20926798
  },
  "energy": {
    "variance": 0.002846337460830237,
    "error": 5.3351077410210164e-5,
    "mean": -0.49065008499999996
  },
  "magnetization": {
    "variance": 0.06562666897084647,
    "error": 0.00025617702662582075,
    "mean": -0.0036661500000000004
  },
  "sqr_energy": {
    "variance": 0.002813082003146496,
    "error": 5.303849548343633e-5,
    "mean": 0.24358384052499998
  }
}
