{
  "sqr_magnetization": {
    "variance": 0.0008604201764179081,
    "error": 2.933291967087334e-5,
    "mean": 0.021438050925000004
  },
  "abs_magnetization": {
    "variance": 0.007636551629117403,
    "error": 8.738736538606369e-5,
    "mean": 0.11747981499999999
  },
  "energy": {
    "variance": 0.002089180428765204,
    "error": 4.570755330101583e-5,
    "mean": -0.373505515
  },
  "magnetization": {
    "variance": 0.021437350414744785,
    "error": 0.00014641499381806765,
    "mean": 0.0008496750000000001
  },
  "sqr_energy": {
    "variance": 0.0011886767586214977,
    "error": 3.447719186101875e-5,
    "mean": 0.14159554807499997
  }
}
