{
  "sqr_magnetization": {
    "variance": 0.0016441129155467134,
    "error": 4.054766226981173e-5,
    "mean": 0.9229734996000002
  },
  "energy": {
    "variance": 0.0008285320276591266,
    "error": 2.878423227496482e-5,
    "mean": -0.9349172299999999
  },
  "magnetization": {
    "variance": 0.0004582393297429293,
    "error": 2.1406525400982976e-5,
    "mean": -0.9604765800000005
  },
  "sqr_energy": {
    "variance": 0.002852874262080818,
    "error": 5.341230440713842e-5,
    "mean": 0.8748987581500005
  }
}
