{
  "sqr_magnetization": {
    "variance": 0.00509050715450624,
    "error": 7.134779011648672e-5,
    "mean": 0.0558561817
  },
  "abs_magnetization": {
    "variance": 0.0190584532042411,
    "error": 0.00013805235675004284,
    "mean": 0.19182739000000001
  },
  "energy": {
    "variance": 0.0027239851315999067,
    "error": 5.21918109630228e-5,
    "mean": -0.475095485
  },
  "magnetization": {
    "variance": 0.05585493014563375,
    "error": 0.00023633647654484855,
    "mean": 0.00114342
  },
  "sqr_energy": {
    "variance": 0.0025205599934312287,
    "error": 5.020517895029584e-5,
    "mean": 0.228439702275
  }
}
