{
  "sqr_magnetization": {
    "variance": 0.0013745498796279177,
    "error": 3.70749225168161e-5,
    "mean": 0.9307807122750001
  },
  "abs_magnetization": {
    "variance": 0.00037839602480999957,
    "error": 1.945240408818405e-5,
    "mean": 0.9645736450000003
  },
  "energy": {
    "variance": 0.0007296464712239701,
    "error": 2.7011969036409955e-5,
    "mean": -0.9408481500000001
  },
  "magnetization": {
    "variance": 0.00037839602480999957,
    "error": 1.945240408818405e-5,
    "mean": -0.9645736450000003
  },
  "sqr_energy": {
    "variance": 0.00254669808106783,
    "error": 5.046482023219571e-5,
    "mean": 0.8859248871000005
  }
}
