{
  "sqr_magnetization": {
    "variance": 0.0016841615939116035,
    "error": 4.1038537911475395e-5,
    "mean": 0.9214793963750002
  },
  "energy": {
    "variance": 0.0008448250604344343,
    "error": 2.9065874499736528e-5,
    "mean": -0.933731375
  },
  "magnetization": {
    "variance": 0.00047024931364308823,
    "error": 2.1685232616762224e-5,
    "mean": -0.9596922150000003
  },
  "sqr_energy": {
    "variance": 0.00290227769633082,
    "error": 5.3872791800043367e-5,
    "mean": 0.8726991048750005
  }
}
