{
  "sqr_magnetization": {
    "variance": 0.0025292457559387225,
    "error": 5.029160721172791e-5,
    "mean": 0.8966957772750004
  },
  "abs_magnetization": {
    "variance": 0.000733546424122198,
    "error": 2.7084062179115562e-5,
    "mean": 0.9465528150000003
  },
  "energy": {
    "variance": 0.0010989977051541048,
    "error": 3.315113429664368e-5,
    "mean": -0.9155820599999999
  },
  "magnetization": {
    "variance": 0.000733546424122198,
    "error": 2.7084062179115562e-5,
    "mean": -0.9465528150000003
  },
  "sqr_energy": {
    "variance": 0.0036262174543916265,
    "error": 6.0218082453625394e-5,
    "mean": 0.8393895052000004
  }
}
