{
  "sqr_magnetization": {
    "variance": 0.007613180519779522,
    "error": 8.725354158874884e-5,
    "mean": 0.07214564729999998
  },
  "energy": {
    "variance": 0.00290251258956819,
    "error": 5.3874971828931754e-5,
    "mean": -0.49784462
  },
  "magnetization": {
    "variance": 0.07187397977434938,
    "error": 0.00026809322963168873,
    "mean": 0.016484519999999996
  },
  "sqr_energy": {
    "variance": 0.0029592552871071692,
    "error": 5.4399037556809495e-5,
    "mean": 0.25075177535
  }
}
