{
  "sqr_magnetization": {
    "variance": 0.0015260062286634151,
    "error": 3.906412969289621e-5,
    "mean": 0.9263271836750002
  },
  "energy": {
    "variance": 0.0007874640356076344,
    "error": 2.8061789600943743e-5,
    "mean": -0.9374725800000001
  },
  "magnetization": {
    "variance": 0.00042293494847072316,
    "error": 2.056538228360278e-5,
    "mean": -0.9622391850000004
  },
  "sqr_energy": {
    "variance": 0.0027277714792495744,
    "error": 5.222807175503968e-5,
    "mean": 0.8796423015000006
  }
}
