{
  "sqr_magnetization": {
    "variance": 0.0355322616634834,
    "error": 0.00018850003093761922,
    "mean": 0.5824279266250001
  },
  "energy": {
    "variance": 0.004761400365631341,
    "error": 6.900290113923718e-5,
    "mean": -0.7483959050000001
  },
  "magnetization": {
    "variance": 0.45594156320504226,
    "error": 0.0006752344505466544,
    "mean": -0.355649855
  },
  "sqr_energy": {
    "variance": 0.010404011521327349,
    "error": 0.00010200005647707921,
    "mean": 0.5648578262249999
  }
}
