{
  "sqr_magnetization": {
    "variance": 0.003801916225798456,
    "error": 6.165968071437328e-5,
    "mean": 0.04747307120000001
  },
  "abs_magnetization": {
    "variance": 0.01636961717931958,
    "error": 0.0001279438047711556,
    "mean": 0.17636176
  },
  "energy": {
    "variance": 0.0025919144579652337,
    "error": 5.0910848136376924e-5,
    "mean": -0.460051565
  },
  "magnetization": {
    "variance": 0.04747311738861179,
    "error": 0.00021788326550841805,
    "mean": 3.5840000000000145e-5
  },
  "sqr_energy": {
    "variance": 0.0022459054564981855,
    "error": 4.739098497075352e-5,
    "mean": 0.214239354325
  }
}
