{
  "energy": {
    "variance": 0.0025437927057648294,
    "error": 5.043602587203743e-5,
    "mean": -0.83496284875
  },
  "magnetization": {
    "variance": 0.7538079376641776,
    "error": 0.0008682211340805854,
    "mean": 0.11493760000000003
  }
}
