{
  "sqr_magnetization": {
    "variance": 0.007384810876373958,
    "error": 8.593492233297216e-5,
    "mean": 0.8249188713750003
  },
  "energy": {
    "variance": 0.0019721740515310274,
    "error": 4.4409166300787805e-5,
    "mean": -0.8697240549999999
  },
  "magnetization": {
    "variance": 0.00255122847556525,
    "error": 5.0509686947804874e-5,
    "mean": -0.9068448849999999
  },
  "sqr_energy": {
    "variance": 0.005826501132506261,
    "error": 7.63315212248928e-5,
    "mean": 0.7583921039250002
  }
}
