{
  "sqr_magnetization": {
    "variance": 0.026836719056343213,
    "error": 0.00016381916571739467,
    "mean": 0.6557342118250001
  },
  "abs_magnetization": {
    "variance": 0.015572321158916935,
    "error": 0.00012478910673178542,
    "mean": 0.800101185
  },
  "energy": {
    "variance": 0.003898828246327221,
    "error": 6.244059774159134e-5,
    "mean": -0.781269105
  },
  "magnetization": {
    "variance": 0.6555635586871935,
    "error": 0.0008096687956733874,
    "mean": 0.013088494999999995
  },
  "sqr_energy": {
    "variance": 0.009228587724333584,
    "error": 9.606553869277777e-5,
    "mean": 0.6142802387749999
  }
}
