{
  "sqr_magnetization": {
    "variance": 0.0010780135037214424,
    "error": 3.283311596119751e-5,
    "mean": 0.024101487300000002
  },
  "abs_magnetization": {
    "variance": 0.008567433167514769,
    "error": 9.256042981487699e-5,
    "mean": 0.12463572
  },
  "energy": {
    "variance": 0.002146323519389495,
    "error": 4.632843100504802e-5,
    "mean": -0.387082595
  },
  "magnetization": {
    "variance": 0.024101443530773127,
    "error": 0.00015524639619254654,
    "mean": -0.0002605200000000001
  },
  "sqr_energy": {
    "variance": 0.0013113923617670286,
    "error": 3.6213151778974284e-5,
    "mean": 0.15197925672499998
  }
}
