{
  "sqr_magnetization": {
    "variance": 0.0014502601934576497,
    "error": 3.8082281883543294e-5,
    "mean": 0.9280117205500003
  },
  "energy": {
    "variance": 0.0007677027712127701,
    "error": 2.770744974213199e-5,
    "mean": -0.9387343
  },
  "magnetization": {
    "variance": 0.0003997016108327106,
    "error": 1.9992538879109644e-5,
    "mean": -0.9631261700000003
  },
  "sqr_energy": {
    "variance": 0.0026673229127204654,
    "error": 5.164613163365157e-5,
    "mean": 0.8819897880000004
  }
}
