{
  "sqr_magnetization": {
    "variance": 0.01865377619585436,
    "error": 0.0001365788277730277,
    "mean": 0.1276242438
  },
  "abs_magnetization": {
    "variance": 0.03756769247520248,
    "error": 0.00019382386972507405,
    "mean": 0.3000943
  },
  "energy": {
    "variance": 0.003661682104278004,
    "error": 6.0511834415079536e-5,
    "mean": -0.54955429
  },
  "magnetization": {
    "variance": 0.127620737097905,
    "error": 0.0003572404471751554,
    "mean": 0.00190639
  },
  "sqr_energy": {
    "variance": 0.004599338772582238,
    "error": 6.781842502286705e-5,
    "mean": 0.30567159609999994
  }
}
