{
  "sqr_magnetization": {
    "variance": 0.00209646678308821,
    "error": 4.578719016371512e-5,
    "mean": 0.9082485216750004
  },
  "abs_magnetization": {
    "variance": 0.0005972561094538839,
    "error": 2.443882381486237e-5,
    "mean": 0.9527073350000004
  },
  "energy": {
    "variance": 0.0009723757916575659,
    "error": 3.118294071535855e-5,
    "mean": -0.923910135
  },
  "magnetization": {
    "variance": 0.0005972561094538839,
    "error": 2.443882381486237e-5,
    "mean": -0.9527073350000004
  },
  "sqr_energy": {
    "variance": 0.0032697656379054325,
    "error": 5.7181864589268445e-5,
    "mean": 0.8545823123750005
  }
}
