{
  "sqr_magnetization": {
    "variance": 0.022242503372312986,
    "error": 0.00014913920803166748,
    "mean": 0.6835137259250001
  },
  "abs_magnetization": {
    "variance": 0.01170124583660661,
    "error": 0.00010817229699237513,
    "mean": 0.8196416849999999
  },
  "energy": {
    "variance": 0.0035635483799223546,
    "error": 5.969546364609588e-5,
    "mean": -0.793493395
  },
  "magnetization": {
    "variance": 0.6677378341600336,
    "error": 0.0008171522710976416,
    "mean": 0.125604775
  },
  "sqr_energy": {
    "variance": 0.008711111421226497,
    "error": 9.333333499466574e-5,
    "mean": 0.6331953127250001
  }
}
