{
  "sqr_magnetization": {
    "variance": 0.001224338856798055,
    "error": 3.499055382239691e-5,
    "mean": 0.9359505008000003
  },
  "energy": {
    "variance": 0.0006768077794633785,
    "error": 2.6015529582604665e-5,
    "mean": -0.9449046200000001
  },
  "magnetization": {
    "variance": 0.0003339088958912958,
    "error": 1.8273174214987823e-5,
    "mean": -0.9672727600000004
  },
  "sqr_energy": {
    "variance": 0.002384113963697656,
    "error": 4.88273894827243e-5,
    "mean": 0.8935215480000004
  }
}
