{
  "sqr_magnetization": {
    "variance": 0.01447713814341078,
    "error": 0.00012032097964781861,
    "mean": 0.741799836475
  },
  "abs_magnetization": {
    "variance": 0.00640033679369617,
    "error": 8.000210493290892e-5,
    "mean": 0.8575543749999999
  },
  "energy": {
    "variance": 0.002870797040198015,
    "error": 5.357981933711624e-5,
    "mean": -0.8217610949999999
  },
  "magnetization": {
    "variance": 0.6855489659414149,
    "error": 0.0008279788438972428,
    "mean": 0.23717410499999997
  },
  "sqr_energy": {
    "variance": 0.007548041346079412,
    "error": 8.687946446703854e-5,
    "mean": 0.678162091425
  }
}
