{
  "sqr_magnetization": {
    "variance": 0.00760460720885365,
    "error": 8.72043990223753e-5,
    "mean": 0.8091748202500003
  },
  "abs_magnetization": {
    "variance": 0.00265882046005086,
    "error": 5.1563751415610365e-5,
    "mean": 0.8980623599999998
  },
  "energy": {
    "variance": 0.002075943461692237,
    "error": 4.556252255628783e-5,
    "mean": -0.8587750350000001
  },
  "magnetization": {
    "variance": 0.00265882046005086,
    "error": 5.1563751415610365e-5,
    "mean": -0.8980623599999998
  },
  "sqr_energy": {
    "variance": 0.0059922254003888994,
    "error": 7.740946583195687e-5,
    "mean": 0.7395705021250001
  }
}
