{
  "sqr_magnetization": {
    "variance": 0.017855256059892393,
    "error": 0.00013362356102084838,
    "mean": 0.12371544935
  },
  "energy": {
    "variance": 0.003675197511135011,
    "error": 6.0623407287408476e-5,
    "mean": -0.54283625
  },
  "magnetization": {
    "variance": 0.12350293258773651,
    "error": 0.0003514298402067424,
    "mean": -0.014582189999999991
  },
  "sqr_energy": {
    "variance": 0.004508180339293629,
    "error": 6.714298428945223e-5,
    "mean": 0.29834638815
  }
}
