{
  "sqr_magnetization": {
    "variance": 0.002619520598106488,
    "error": 5.118125240853811e-5,
    "mean": 0.0387125813
  },
  "abs_magnetization": {
    "variance": 0.013508101697908797,
    "error": 0.0001162243593138237,
    "mean": 0.15875923
  },
  "energy": {
    "variance": 0.0024454950226850225,
    "error": 4.9451946601574975e-5,
    "mean": -0.44008410000000003
  },
  "magnetization": {
    "variance": 0.03871201724611285,
    "error": 0.00019675369690583413,
    "mean": 0.0007763799999999998
  },
  "sqr_energy": {
    "variance": 0.0019355752346155767,
    "error": 4.3995172855843816e-5,
    "mean": 0.19611950765
  }
}
