{
  "sqr_magnetization": {
    "variance": 0.024770897463314397,
    "error": 0.00015738772971014733,
    "mean": 0.658764429525
  },
  "energy": {
    "variance": 0.0038665758701902694,
    "error": 6.218179693600266e-5,
    "mean": -0.78177316
  },
  "magnetization": {
    "variance": 0.5217570121141649,
    "error": 0.0007223274964406138,
    "mean": -0.37014583500000003
  },
  "sqr_energy": {
    "variance": 0.00919611227901807,
    "error": 9.5896362178229e-5,
    "mean": 0.6150358456999999
  }
}
