{
  "sqr_magnetization": {
    "variance": 0.0012309747272355059,
    "error": 3.5085249425299886e-5,
    "mean": 0.025572775175000003
  },
  "energy": {
    "variance": 0.002175568127442102,
    "error": 4.6642985833264385e-5,
    "mean": -0.396043395
  },
  "magnetization": {
    "variance": 0.025567583835340812,
    "error": 0.0001598986673970137,
    "mean": -0.0022840549999999992
  },
  "sqr_energy": {
    "variance": 0.001390951214046979,
    "error": 3.729545835684258e-5,
    "mean": 0.159025936675
  }
}
