{
  "sqr_magnetization": {
    "variance": 0.005160988956524676,
    "error": 7.184002336110892e-5,
    "mean": 0.8433394207500002
  },
  "abs_magnetization": {
    "variance": 0.0016488835223199218,
    "error": 4.0606446807371873e-5,
    "mean": 0.91743694
  },
  "energy": {
    "variance": 0.0016895329538677295,
    "error": 4.110392869140041e-5,
    "mean": -0.8796632349999999
  },
  "magnetization": {
    "variance": 0.0016488835223199218,
    "error": 4.0606446807371873e-5,
    "mean": 0.91743694
  },
  "sqr_energy": {
    "variance": 0.0051304616229068435,
    "error": 7.16272407880329e-5,
    "mean": 0.7754969382750002
  }
}
