{
  "sqr_magnetization": {
    "variance": 0.0030575932642960824,
    "error": 5.529550853637285e-5,
    "mean": 0.04203644185
  },
  "abs_magnetization": {
    "variance": 0.014607495579547476,
    "error": 0.0001208614726848365,
    "mean": 0.16561691000000003
  },
  "energy": {
    "variance": 0.0024998251241307237,
    "error": 4.99982512107246e-5,
    "mean": -0.44811788
  },
  "magnetization": {
    "variance": 0.042036437657137556,
    "error": 0.00020502789482686876,
    "mean": -0.0002150099999999993
  },
  "sqr_energy": {
    "variance": 0.002052028236025887,
    "error": 4.529931827330172e-5,
    "mean": 0.203309457
  }
}
