{
  "sqr_magnetization": {
    "variance": 0.006603092571064989,
    "error": 8.125941527641576e-5,
    "mean": 0.8330094369000003
  },
  "energy": {
    "variance": 0.0018683738427962436,
    "error": 4.322469019896202e-5,
    "mean": -0.8743757600000001
  },
  "magnetization": {
    "variance": 0.0022208676267860264,
    "error": 4.7126082234639734e-5,
    "mean": -0.91147604
  },
  "sqr_energy": {
    "variance": 0.005581654478905708,
    "error": 7.471047101247395e-5,
    "mean": 0.7664013416500003
  }
}
