{
  "sqr_magnetization": {
    "variance": 0.01693782242389162,
    "error": 0.00013014538956064337,
    "mean": 0.7329341142500002
  },
  "energy": {
    "variance": 0.0030599199093974097,
    "error": 5.5316542818558444e-5,
    "mean": -0.81814765
  },
  "magnetization": {
    "variance": 0.008047973403921804,
    "error": 8.971049773533643e-5,
    "mean": -0.8514024599999999
  },
  "sqr_energy": {
    "variance": 0.007954302521182188,
    "error": 8.918689657781679e-5,
    "mean": 0.6724254940500001
  }
}
