{
  "sqr_magnetization": {
    "variance": 0.018178414256272337,
    "error": 0.0001348273498080873,
    "mean": 0.12501572365
  },
  "abs_magnetization": {
    "variance": 0.03706366252916643,
    "error": 0.0001925192523597742,
    "mean": 0.29656719
  },
  "energy": {
    "variance": 0.003658093838900939,
    "error": 6.048217786175477e-5,
    "mean": -0.54697173
  },
  "magnetization": {
    "variance": 0.12500602550906942,
    "error": 0.0003535619118472314,
    "mean": -0.0031341900000000007
  },
  "sqr_energy": {
    "variance": 0.004553987642654178,
    "error": 6.748323971664503e-5,
    "mean": 0.3028361636
  }
}
