{
  "sqr_magnetization": {
    "variance": 0.011676582485554518,
    "error": 0.00010805823654657019,
    "mean": 0.7606743095500001
  },
  "energy": {
    "variance": 0.0026001827536071285,
    "error": 5.0991987150993916e-5,
    "mean": -0.831869725
  },
  "magnetization": {
    "variance": 0.00448109355952946,
    "error": 6.694097070949496e-5,
    "mean": -0.86959371
  },
  "sqr_energy": {
    "variance": 0.007053102977089251,
    "error": 8.39827540456328e-5,
    "mean": 0.694607419525
  }
}
