{
  "sqr_magnetization": {
    "variance": 0.0022966791663220536,
    "error": 4.7923680642476254e-5,
    "mean": 0.9027299368750004
  },
  "abs_magnetization": {
    "variance": 0.0006598658209127951,
    "error": 2.5687853567645452e-5,
    "mean": 0.9497736950000003
  },
  "energy": {
    "variance": 0.0010339948151212146,
    "error": 3.2155789760495926e-5,
    "mean": -0.91988856
  },
  "magnetization": {
    "variance": 0.0006598658209127951,
    "error": 2.5687853567645452e-5,
    "mean": -0.9497736950000003
  },
  "sqr_energy": {
    "variance": 0.0034450685593538748,
    "error": 5.86947063997587e-5,
    "mean": 0.8472289566000004
  }
}
