{
  "energy": {
    "variance": 0.0018563779671201164,
    "error": 4.308570490452856e-5,
    "mean": -0.8698671812500001
  },
  "magnetization": {
    "variance": 0.0020448245055412805,
    "error": 4.5219735796898245e-5,
    "mean": -0.908644635
  }
}
