{
  "sqr_magnetization": {
    "variance": 0.025052107434294806,
    "error": 0.0001582785754115029,
    "mean": 0.160145585875
  },
  "abs_magnetization": {
    "variance": 0.04344545991463569,
    "error": 0.00020843574529009101,
    "mean": 0.34161406499999997
  },
  "energy": {
    "variance": 0.0040897860942958695,
    "error": 6.395143543577321e-5,
    "mean": -0.568914265
  },
  "magnetization": {
    "variance": 0.16012639167697565,
    "error": 0.0004001579584076464,
    "mean": 0.004399355000000001
  },
  "sqr_energy": {
    "variance": 0.005523809781173162,
    "error": 7.432233702712235e-5,
    "mean": 0.327753222925
  }
}
