{
  "energy": {
    "variance": 0.003967943646398247,
    "error": 6.29916156833451e-5,
    "mean": -0.77870198
  },
  "magnetization": {
    "variance": 0.5606343342821787,
    "error": 0.0007487551898198628,
    "mean": 0.300797325
  }
}
