{
  "sqr_magnetization": {
    "variance": 0.0016358787554338803,
    "error": 4.0445998015055584e-5,
    "mean": 0.029999945224999998
  },
  "abs_magnetization": {
    "variance": 0.010582262100923875,
    "error": 0.00010287012248910699,
    "mean": 0.13934738500000002
  },
  "energy": {
    "variance": 0.002279703382846483,
    "error": 4.774623946287794e-5,
    "mean": -0.41167163
  },
  "magnetization": {
    "variance": 0.02999946656309454,
    "error": 0.0001732035408503375,
    "mean": 0.0007132050000000002
  },
  "sqr_energy": {
    "variance": 0.0015769102529053557,
    "error": 3.97103292973674e-5,
    "mean": 0.17175323204999998
  }
}
