{
  "sqr_magnetization": {
    "variance": 0.0015650670986928762,
    "error": 3.9560928941227815e-5,
    "mean": 0.0293021016
  },
  "abs_magnetization": {
    "variance": 0.01035471333951084,
    "error": 0.00010175811191011182,
    "mean": 0.13764954999999998
  },
  "energy": {
    "variance": 0.0022604666300416057,
    "error": 4.754436486106009e-5,
    "mean": -0.409917505
  },
  "magnetization": {
    "variance": 0.02930154931228491,
    "error": 0.00017117695321591897,
    "mean": -0.0007626200000000001
  },
  "sqr_energy": {
    "variance": 0.0015489985381887342,
    "error": 3.9357318737291216e-5,
    "mean": 0.17029282527499998
  }
}
