{
  "sqr_magnetization": {
    "variance": 0.0012497721285489706,
    "error": 3.535211632348155e-5,
    "mean": 0.9351687899250002
  },
  "abs_magnetization": {
    "variance": 0.0003418192379242129,
    "error": 1.8488354116151414e-5,
    "mean": 0.9668645050000003
  },
  "energy": {
    "variance": 0.0006829221074005064,
    "error": 2.613277840950913e-5,
    "mean": -0.9442440400000001
  },
  "magnetization": {
    "variance": 0.0003418192379242129,
    "error": 1.8488354116151414e-5,
    "mean": -0.9668645050000003
  },
  "sqr_energy": {
    "variance": 0.00240145972496351,
    "error": 4.9004690846525196e-5,
    "mean": 0.8922797285000005
  }
}
