{
  "sqr_magnetization": {
    "variance": 0.001110788351730922,
    "error": 3.332849159099346e-5,
    "mean": 0.9405591962250001
  },
  "energy": {
    "variance": 0.000627377145767145,
    "error": 2.504749779453319e-5,
    "mean": -0.9485631000000001
  },
  "magnetization": {
    "variance": 0.00030125605532583036,
    "error": 1.7356729395995962e-5,
    "mean": -0.9696689850000003
  },
  "sqr_energy": {
    "variance": 0.0022269074212926247,
    "error": 4.719011995420889e-5,
    "mean": 0.9003993312000004
  }
}
