{
  "sqr_magnetization": {
    "variance": 0.008925328996068543,
    "error": 9.447395935425034e-5,
    "mean": 0.0802865778
  },
  "energy": {
    "variance": 0.00305501318499756,
    "error": 5.527217369524705e-5,
    "mean": -0.508980125
  },
  "magnetization": {
    "variance": 0.08022723875084664,
    "error": 0.00028324413277391403,
    "mean": 0.007708390000000003
  },
  "sqr_energy": {
    "variance": 0.0032573568298805205,
    "error": 5.7073258448072866e-5,
    "mean": 0.26211577777499995
  }
}
