{
  "sqr_magnetization": {
    "variance": 0.009418636092470593,
    "error": 9.704965786890025e-5,
    "mean": 0.7878211123750003
  },
  "abs_magnetization": {
    "variance": 0.0035303463416407168,
    "error": 5.941671769494438e-5,
    "mean": 0.8856019249999999
  },
  "energy": {
    "variance": 0.0023180624195161957,
    "error": 4.814626070128599e-5,
    "mean": -0.8464502150000001
  },
  "magnetization": {
    "variance": 0.0035851641977135726,
    "error": 5.987624067786464e-5,
    "mean": -0.8855709749999998
  },
  "sqr_energy": {
    "variance": 0.006492208557944828,
    "error": 8.057424252169441e-5,
    "mean": 0.7187960265750001
  }
}
