{
  "sqr_magnetization": {
    "variance": 0.00206383315422623,
    "error": 4.542943048538282e-5,
    "mean": 0.9092818390000004
  },
  "abs_magnetization": {
    "variance": 0.0005872402547726542,
    "error": 2.4233040559794682e-5,
    "mean": 0.9532547400000003
  },
  "energy": {
    "variance": 0.0009616349536025527,
    "error": 3.1010239496052794e-5,
    "mean": -0.9246751799999999
  },
  "magnetization": {
    "variance": 0.0005872402547726542,
    "error": 2.4233040559794682e-5,
    "mean": -0.9532547400000003
  },
  "sqr_energy": {
    "variance": 0.0032390427019086945,
    "error": 5.691258825522429e-5,
    "mean": 0.8559858225000004
  }
}
