{
  "sqr_magnetization": {
    "variance": 0.0051101063426375395,
    "error": 7.148500781728669e-5,
    "mean": 0.056827683175
  },
  "energy": {
    "variance": 0.0027694280353055354,
    "error": 5.262535544113251e-5,
    "mean": -0.48068285
  },
  "magnetization": {
    "variance": 0.05670782303789402,
    "error": 0.00023813404426476704,
    "mean": -0.010950655000000004
  },
  "sqr_energy": {
    "variance": 0.0026224245300079806,
    "error": 5.120961364829831e-5,
    "mean": 0.23382542755
  }
}
