{
  "sqr_magnetization": {
    "variance": 0.0011332063211538556,
    "error": 3.366312999639005e-5,
    "mean": 0.024675319125
  },
  "abs_magnetization": {
    "variance": 0.00878695860360298,
    "error": 9.373877854763726e-5,
    "mean": 0.126049075
  },
  "energy": {
    "variance": 0.0021643050698140444,
    "error": 4.65220922768317e-5,
    "mean": -0.390243145
  },
  "magnetization": {
    "variance": 0.02467502198775076,
    "error": 0.0001570828507118163,
    "mean": -0.0005672850000000002
  },
  "sqr_energy": {
    "variance": 0.0013452769083413046,
    "error": 3.667801669040059e-5,
    "mean": 0.15445401512499998
  }
}
