{
  "sqr_magnetization": {
    "variance": 0.0016063261361749957,
    "error": 4.007899869227019e-5,
    "mean": 0.9227568714000003
  },
  "abs_magnetization": {
    "variance": 0.0004471032429432425,
    "error": 2.1144815982723575e-5,
    "mean": 0.9603696000000004
  },
  "energy": {
    "variance": 0.0008152172504982243,
    "error": 2.8552009570225075e-5,
    "mean": -0.9346909050000001
  },
  "magnetization": {
    "variance": 0.0004471032429432425,
    "error": 2.1144815982723575e-5,
    "mean": -0.9603696000000004
  },
  "sqr_energy": {
    "variance": 0.0028075950782167863,
    "error": 5.298674436325359e-5,
    "mean": 0.8744623043250005
  }
}
