{
  "sqr_magnetization": {
    "variance": 0.004171037048400713,
    "error": 6.458356639580004e-5,
    "mean": 0.8611378299000004
  },
  "abs_magnetization": {
    "variance": 0.0012985532090171081,
    "error": 3.6035443788263635e-5,
    "mean": 0.92727519
  },
  "energy": {
    "variance": 0.0014911249306224306,
    "error": 3.861508682655564e-5,
    "mean": -0.8911449499999999
  },
  "magnetization": {
    "variance": 0.0012985532090171081,
    "error": 3.6035443788263635e-5,
    "mean": 0.92727519
  },
  "sqr_energy": {
    "variance": 0.004650946966061382,
    "error": 6.819785162350338e-5,
    "mean": 0.7956304453500002
  }
}
