{
  "energy": {
    "variance": 0.0040511332953480665,
    "error": 6.364851369315756e-5,
    "mean": -0.7051413203125
  },
  "magnetization": {
    "variance": 0.4424507045357215,
    "error": 0.0006651696810105836,
    "mean": 0.06258877083333331
  }
}
