{
  "sqr_magnetization": {
    "variance": 0.00047454937108471694,
    "error": 2.178415412828134e-5,
    "mean": 0.01572425523244599
  },
  "abs_magnetization": {
    "variance": 0.005641912872306342,
    "error": 7.511266785507185e-5,
    "mean": 0.10041089583333335
  },
  "energy": {
    "variance": 0.0014665046115508594,
    "error": 3.829496848870435e-5,
    "mean": -0.3800270069444445
  },
  "magnetization": {
    "variance": 0.015724102389279664,
    "error": 0.0001253957829804482,
    "mean": -0.0004105694444444441
  },
  "sqr_energy": {
    "variance": 0.0008586688234885063,
    "error": 2.9303051436471704e-5,
    "mean": 0.14588702915219906
  }
}
