{
  "energy": {
    "variance": 0.0026404501613681596,
    "error": 5.1385310754807734e-5,
    "mean": -0.7890289678819445
  },
  "magnetization": {
    "variance": 0.5929264657094167,
    "error": 0.0007700171853338188,
    "mean": 0.2713591875
  }
}
