{
  "energy": {
    "variance": 0.002192509635326499,
    "error": 4.682424196211295e-5,
    "mean": -0.527904459201389
  },
  "magnetization": {
    "variance": 0.07164601524409075,
    "error": 0.0002676677329154389,
    "mean": 0.00013876736111111335
  }
}
