{
  "sqr_magnetization": {
    "variance": 0.007910081608663244,
    "error": 8.89386395705671e-5,
    "mean": 0.7724316632306134
  },
  "abs_magnetization": {
    "variance": 0.0028994917319512103,
    "error": 5.3846928714191406e-5,
    "mean": 0.8772298298611111
  },
  "energy": {
    "variance": 0.0017244061716755463,
    "error": 4.1525969846296744e-5,
    "mean": -0.8387564826388889
  },
  "magnetization": {
    "variance": 0.0028994917319512103,
    "error": 5.3846928714191406e-5,
    "mean": -0.8772298298611111
  },
  "sqr_energy": {
    "variance": 0.004774175422432912,
    "error": 6.909540811394714e-5,
    "mean": 0.70523684161603
  }
}
