{
  "sqr_magnetization": {
    "variance": 0.0007085065180080836,
    "error": 2.6617785745776894e-5,
    "mean": 0.019351208502121915
  },
  "abs_magnetization": {
    "variance": 0.006916416273991699,
    "error": 8.316499428240044e-5,
    "mean": 0.11151143055555557
  },
  "energy": {
    "variance": 0.0015530518467970242,
    "error": 3.9408778803675514e-5,
    "mean": -0.4044247916666666
  },
  "magnetization": {
    "variance": 0.01935086499734628,
    "error": 0.0001391073865664447,
    "mean": -0.0006023749999999997
  },
  "sqr_energy": {
    "variance": 0.0010303947984570151,
    "error": 3.209976321496804e-5,
    "mean": 0.1651124624083719
  }
}
