{
  "sqr_magnetization": {
    "variance": 0.0014385901609177795,
    "error": 3.7928751112022914e-5,
    "mean": 0.9093383950255599
  },
  "abs_magnetization": {
    "variance": 0.0004052027550529552,
    "error": 2.0129648656967542e-5,
    "mean": 0.9533798784722223
  },
  "energy": {
    "variance": 0.000665908987109785,
    "error": 2.58052124019506e-5,
    "mean": -0.924797357638889
  },
  "magnetization": {
    "variance": 0.0004052027550529552,
    "error": 2.0129648656967542e-5,
    "mean": 0.9533798784722223
  },
  "sqr_energy": {
    "variance": 0.00225399279122994,
    "error": 4.747623396216195e-5,
    "mean": 0.8559160610170718
  }
}
