{
  "energy": {
    "variance": 0.003978603307640049,
    "error": 6.307617067990137e-5,
    "mean": -0.6510038585069445
  },
  "magnetization": {
    "variance": 0.2962322429413411,
    "error": 0.0005442722140081571,
    "mean": 0.05967302430555556
  }
}
