{
  "sqr_magnetization": {
    "variance": 0.0007900615292480327,
    "error": 2.810803318000092e-5,
    "mean": 0.9392190741464125
  },
  "abs_magnetization": {
    "variance": 0.00021335178557743164,
    "error": 1.4606566522541553e-5,
    "mean": 0.9690230763888887
  },
  "energy": {
    "variance": 0.00044299347926272096,
    "error": 2.1047410274490325e-5,
    "mean": -0.9474716041666668
  },
  "magnetization": {
    "variance": 0.00021335178557743164,
    "error": 1.4606566522541553e-5,
    "mean": 0.9690230763888887
  },
  "sqr_energy": {
    "variance": 0.0015753377082294818,
    "error": 3.969052416168728e-5,
    "mean": 0.8981454337384263
  }
}
