{
  "sqr_magnetization": {
    "variance": 0.0012882729462222675,
    "error": 3.58925193629852e-5,
    "mean": 0.9168806659312311
  },
  "energy": {
    "variance": 0.0006161828217597773,
    "error": 2.4823030068059326e-5,
    "mean": -0.9305568576388887
  },
  "magnetization": {
    "variance": 0.0003590576138111705,
    "error": 1.8948815630829558e-5,
    "mean": 0.9573513506944445
  },
  "sqr_energy": {
    "variance": 0.0021113893388895293,
    "error": 4.5949856788563874e-5,
    "mean": 0.8665522475043405
  }
}
