{
  "sqr_magnetization": {
    "variance": 0.04601765795062961,
    "error": 0.00021451726725517836,
    "mean": 0.39305249535831394
  },
  "abs_magnetization": {
    "variance": 0.04538466759216903,
    "error": 0.00021303677521068758,
    "mean": 0.5896336770833333
  },
  "energy": {
    "variance": 0.004087915927751855,
    "error": 6.393681199240274e-5,
    "mean": -0.6845074895833334
  },
  "magnetization": {
    "variance": 0.39294189483227826,
    "error": 0.0006268507755696551,
    "mean": 0.01053534375
  },
  "sqr_energy": {
    "variance": 0.0076730294611481046,
    "error": 8.759583015845049e-5,
    "mean": 0.4726384151355131
  }
}
