{
  "sqr_magnetization": {
    "variance": 0.0013062049649449987,
    "error": 3.614145770365383e-5,
    "mean": 0.915958740294657
  },
  "energy": {
    "variance": 0.000622212312243068,
    "error": 2.49441839362018e-5,
    "mean": -0.9298705451388889
  },
  "magnetization": {
    "variance": 0.00036454412166158636,
    "error": 1.9093038565445425e-5,
    "mean": 0.9568668645833333
  },
  "sqr_energy": {
    "variance": 0.002128970514069971,
    "error": 4.6140768459898575e-5,
    "mean": 0.8652814424069254
  }
}
