{
  "energy": {
    "variance": 0.0005229532898484208,
    "error": 2.2868171983095214e-5,
    "mean": -0.9390446163194445
  },
  "magnetization": {
    "variance": 0.00027365856249632044,
    "error": 1.6542628645300616e-5,
    "mean": 0.9633789201388887
  }
}
