{
  "sqr_magnetization": {
    "variance": 0.011045963935242297,
    "error": 0.00010509978085249416,
    "mean": 0.739220711600598
  },
  "abs_magnetization": {
    "variance": 0.004658081995578995,
    "error": 6.82501428246051e-5,
    "mean": 0.8570662951388889
  },
  "energy": {
    "variance": 0.002008619011877065,
    "error": 4.4817619435631174e-5,
    "mean": -0.8215539652777778
  },
  "magnetization": {
    "variance": 0.625720777791862,
    "error": 0.0007910251435901782,
    "mean": 0.33689844097222227
  },
  "sqr_energy": {
    "variance": 0.00531976611168213,
    "error": 7.293672676835814e-5,
    "mean": 0.6769595348668981
  }
}
