{
  "sqr_magnetization": {
    "variance": 0.0014153829293024481,
    "error": 3.76215753165979e-5,
    "mean": 0.9103563454017173
  },
  "abs_magnetization": {
    "variance": 0.000398166332491552,
    "error": 1.9954105655016263e-5,
    "mean": 0.95391728125
  },
  "energy": {
    "variance": 0.000657998809499955,
    "error": 2.5651487471488958e-5,
    "mean": -0.9255515034722223
  },
  "magnetization": {
    "variance": 0.000398166332491552,
    "error": 1.9954105655016263e-5,
    "mean": 0.95391728125
  },
  "sqr_energy": {
    "variance": 0.0022309998537259814,
    "error": 4.7233461166063e-5,
    "mean": 0.8573035837311923
  }
}
