{
  "sqr_magnetization": {
    "variance": 0.04941634743473712,
    "error": 0.00022229787996005972,
    "mean": 0.31382924866174766
  },
  "energy": {
    "variance": 0.0042842013342742034,
    "error": 6.545381069329885e-5,
    "mean": -0.6623064791666667
  },
  "magnetization": {
    "variance": 0.26202073435880435,
    "error": 0.0005118796092430371,
    "mean": 0.22761541319444448
  },
  "sqr_energy": {
    "variance": 0.007615856400409837,
    "error": 8.726887417865455e-5,
    "mean": 0.4429340693962191
  }
}
