{
  "sqr_magnetization": {
    "variance": 0.022214793515729945,
    "error": 0.00014904627977822843,
    "mean": 0.14908514326533565
  },
  "abs_magnetization": {
    "variance": 0.04093558348853284,
    "error": 0.00020232543954859663,
    "mean": 0.3288610659722222
  },
  "energy": {
    "variance": 0.002977326072916725,
    "error": 5.456487948228902e-5,
    "mean": -0.5841395034722222
  },
  "magnetization": {
    "variance": 0.1490590558397421,
    "error": 0.00038608166990902596,
    "mean": 0.005122156250000002
  },
  "sqr_energy": {
    "variance": 0.004201043794481499,
    "error": 6.481545953305814e-5,
    "mean": 0.34419628261236496
  }
}
