{
  "energy": {
    "variance": 0.0010939061103323851,
    "error": 3.3074251470477534e-5,
    "mean": -0.8861833116319444
  },
  "magnetization": {
    "variance": 0.0009730386451662373,
    "error": 3.1193567368389234e-5,
    "mean": 0.9231797118055555
  }
}
