{
  "sqr_magnetization": {
    "variance": 0.029491996708917907,
    "error": 0.0001717323403116545,
    "mean": 0.5867568130666474
  },
  "abs_magnetization": {
    "variance": 0.0193320845294818,
    "error": 0.00013903986669111057,
    "mean": 0.7532760104166667
  },
  "energy": {
    "variance": 0.003218572911668928,
    "error": 5.6732467879239385e-5,
    "mean": -0.754567923611111
  },
  "magnetization": {
    "variance": 0.5771493057678917,
    "error": 0.0007597034327735342,
    "mean": 0.09802083680555553
  },
  "sqr_energy": {
    "variance": 0.0071739697175539005,
    "error": 8.469928994716484e-5,
    "mean": 0.5725913210358796
  }
}
