{
  "sqr_magnetization": {
    "variance": 0.011973013679233717,
    "error": 0.00010942126703357862,
    "mean": 0.7706107918475116
  },
  "energy": {
    "variance": 0.0018252639434906868,
    "error": 4.272310783979422e-5,
    "mean": -0.8405265659722222
  },
  "magnetization": {
    "variance": 0.014448223474226259,
    "error": 0.00012020076320151324,
    "mean": 0.86957609375
  },
  "sqr_energy": {
    "variance": 0.005024120686026679,
    "error": 7.088103191987741e-5,
    "mean": 0.7083101702232831
  }
}
