{
  "sqr_magnetization": {
    "variance": 0.0009224935059743642,
    "error": 3.0372578191098037e-5,
    "mean": 0.022716297152295523
  },
  "energy": {
    "variance": 0.001634413135781662,
    "error": 4.0427875726800955e-5,
    "mean": -0.42272679513888894
  },
  "magnetization": {
    "variance": 0.022696725178273584,
    "error": 0.00015065432346359525,
    "mean": -0.004426586805555557
  },
  "sqr_energy": {
    "variance": 0.0011801036389198142,
    "error": 3.435263656431358e-5,
    "mean": 0.18033235482976465
  }
}
