{
  "sqr_magnetization": {
    "variance": 0.0006432241818238574,
    "error": 2.5361864715037367e-5,
    "mean": 0.9471394629870761
  },
  "energy": {
    "variance": 0.0003842042928655101,
    "error": 1.960112988747103e-5,
    "mean": -0.953776048611111
  },
  "magnetization": {
    "variance": 0.0001718469032157304,
    "error": 1.31090389890232e-5,
    "mean": 0.973122611111111
  },
  "sqr_energy": {
    "variance": 0.0013846891230314092,
    "error": 3.7211411193764334e-5,
    "mean": 0.9100729548128862
  }
}
