{
  "sqr_magnetization": {
    "variance": 0.005045272933071488,
    "error": 7.103008470409907e-5,
    "mean": 0.8852520953655482
  },
  "energy": {
    "variance": 0.0009164865679499045,
    "error": 3.0273529162453205e-5,
    "mean": -0.910112829861111
  },
  "magnetization": {
    "variance": 0.0023372117920165275,
    "error": 4.834471834664597e-5,
    "mean": -0.9396355069444444
  },
  "sqr_energy": {
    "variance": 0.0029666437974558966,
    "error": 5.4466905524877185e-5,
    "mean": 0.8292218487292632
  }
}
