{
  "sqr_magnetization": {
    "variance": 0.003331422821551761,
    "error": 5.7718479030131776e-5,
    "mean": 0.8494686439525464
  },
  "abs_magnetization": {
    "variance": 0.0010285821786245686,
    "error": 3.207151662495194e-5,
    "mean": 0.9211080625
  },
  "energy": {
    "variance": 0.001116160146887758,
    "error": 3.340898302684112e-5,
    "mean": -0.8837671076388889
  },
  "magnetization": {
    "variance": 0.0010285821786245686,
    "error": 3.207151662495194e-5,
    "mean": -0.9211080625
  },
  "sqr_energy": {
    "variance": 0.0034429745505835654,
    "error": 5.867686554838768e-5,
    "mean": 0.782160459575135
  }
}
