{
  "sqr_magnetization": {
    "variance": 0.0018684465789606498,
    "error": 4.322553156365633e-5,
    "mean": 0.8930156777826006
  },
  "abs_magnetization": {
    "variance": 0.0005391140927761299,
    "error": 2.321883056435293e-5,
    "mean": 0.9447097777777778
  },
  "energy": {
    "variance": 0.0007875542345787325,
    "error": 2.8063396704225465e-5,
    "mean": -0.9130614583333334
  },
  "magnetization": {
    "variance": 0.0005391140927761299,
    "error": 2.321883056435293e-5,
    "mean": 0.9447097777777778
  },
  "sqr_energy": {
    "variance": 0.0025970953923602387,
    "error": 5.096170515554046e-5,
    "mean": 0.8344687801408179
  }
}
