{
  "sqr_magnetization": {
    "variance": 0.0008203959796300051,
    "error": 2.8642555396298096e-5,
    "mean": 0.021049890540605708
  },
  "energy": {
    "variance": 0.0015699666690561268,
    "error": 3.962280491151689e-5,
    "mean": -0.4204264513888889
  },
  "magnetization": {
    "variance": 0.02097122173748137,
    "error": 0.0001448144389813439,
    "mean": 0.008870725694444444
  },
  "sqr_energy": {
    "variance": 0.0011277405407613915,
    "error": 3.358184838214525e-5,
    "mean": 0.1783283661265432
  }
}
