{
  "sqr_magnetization": {
    "variance": 0.0013136196406695459,
    "error": 3.6243891080698634e-5,
    "mean": 0.9143785429084688
  },
  "abs_magnetization": {
    "variance": 0.00036722352948933515,
    "error": 1.9163077244778176e-5,
    "mean": 0.956039392361111
  },
  "energy": {
    "variance": 0.0006268800648908192,
    "error": 2.5037573063114947e-5,
    "mean": -0.9285145625
  },
  "magnetization": {
    "variance": 0.00036722352948933515,
    "error": 1.9163077244778176e-5,
    "mean": 0.956039392361111
  },
  "sqr_energy": {
    "variance": 0.002139442510028061,
    "error": 4.6254108034076945e-5,
    "mean": 0.8627661722125773
  }
}
