{
  "sqr_magnetization": {
    "variance": 0.0012674525297533047,
    "error": 3.560129955146728e-5,
    "mean": 0.9163237145182295
  },
  "abs_magnetization": {
    "variance": 0.0003532449482400171,
    "error": 1.8794811737285828e-5,
    "mean": 0.9570634618055555
  },
  "energy": {
    "variance": 0.0006129150291910709,
    "error": 2.4757120777486845e-5,
    "mean": -0.929956875
  },
  "magnetization": {
    "variance": 0.0003532449482400171,
    "error": 1.8794811737285828e-5,
    "mean": 0.9570634618055555
  },
  "sqr_energy": {
    "variance": 0.002098358465388879,
    "error": 4.5807842837104644e-5,
    "mean": 0.8654327037760418
  }
}
