{
  "sqr_magnetization": {
    "variance": 0.02344184464689341,
    "error": 0.00015310729782375956,
    "mean": 0.6374988110050154
  },
  "abs_magnetization": {
    "variance": 0.013905221867690809,
    "error": 0.00011792040479785849,
    "mean": 0.7896794305555555
  },
  "energy": {
    "variance": 0.0028505768335776054,
    "error": 5.339079352826295e-5,
    "mean": -0.7753308055555557
  },
  "magnetization": {
    "variance": 0.6154134911896161,
    "error": 0.0007844829451234845,
    "mean": -0.148613375
  },
  "sqr_energy": {
    "variance": 0.006699525130024662,
    "error": 8.185062693727313e-5,
    "mean": 0.6039884320264275
  }
}
