{
  "sqr_magnetization": {
    "variance": 0.00432446274306971,
    "error": 6.576064737416832e-5,
    "mean": 0.8275980563994986
  },
  "energy": {
    "variance": 0.001288197967518907,
    "error": 3.589147485850793e-5,
    "mean": -0.8705472291666666
  },
  "magnetization": {
    "variance": 0.00137732842772021,
    "error": 3.711237566796567e-5,
    "mean": 0.9089668472222222
  },
  "sqr_energy": {
    "variance": 0.0038522727572857392,
    "error": 6.206667992800759e-5,
    "mean": 0.7591406748890817
  }
}
