{
  "sqr_magnetization": {
    "variance": 0.003862587121496059,
    "error": 6.214971537743403e-5,
    "mean": 0.8385987040292245
  },
  "abs_magnetization": {
    "variance": 0.00122191639276939,
    "error": 3.495592071122416e-5,
    "mean": 0.9150829409722222
  },
  "energy": {
    "variance": 0.0012013640097804832,
    "error": 3.466069834525097e-5,
    "mean": -0.8770105972222223
  },
  "magnetization": {
    "variance": 0.00122191639276939,
    "error": 3.495592071122416e-5,
    "mean": 0.9150829409722222
  },
  "sqr_energy": {
    "variance": 0.003647261118217999,
    "error": 6.0392558467231695e-5,
    "mean": 0.7703489504484954
  }
}
