{
  "sqr_magnetization": {
    "variance": 0.001933850531175055,
    "error": 4.397556743437263e-5,
    "mean": 0.8904359015359763
  },
  "abs_magnetization": {
    "variance": 0.0005592969328496792,
    "error": 2.364945946210355e-5,
    "mean": 0.9433327118055556
  },
  "energy": {
    "variance": 0.0008065856557556858,
    "error": 2.840045168224769e-5,
    "mean": -0.9112327118055555
  },
  "magnetization": {
    "variance": 0.0005592969328496792,
    "error": 2.364945946210355e-5,
    "mean": 0.9433327118055556
  },
  "sqr_energy": {
    "variance": 0.0026490339419047637,
    "error": 5.146876666391729e-5,
    "mean": 0.8311516399136768
  }
}
