{
  "sqr_magnetization": {
    "variance": 0.00033487046717804557,
    "error": 1.8299466308557894e-5,
    "mean": 0.013172461781442902
  },
  "energy": {
    "variance": 0.001390946963694649,
    "error": 3.7295401374628596e-5,
    "mean": -0.3577100833333333
  },
  "magnetization": {
    "variance": 0.013167372024688722,
    "error": 0.00011474917003921519,
    "mean": 0.0022589652777777773
  },
  "sqr_energy": {
    "variance": 0.0007215690215046473,
    "error": 2.6862036808564004e-5,
    "mean": 0.12934744929108796
  }
}
