{
  "energy": {
    "variance": 0.0035180066835267944,
    "error": 5.9312786846739834e-5,
    "mean": -0.7414278125
  },
  "magnetization": {
    "variance": 0.5481837169092028,
    "error": 0.0007403942982689715,
    "mean": -0.04980543055555557
  }
}
