{
  "sqr_magnetization": {
    "variance": 0.0012919405962069058,
    "error": 3.5943575172858165e-5,
    "mean": 0.9153440755449463
  },
  "abs_magnetization": {
    "variance": 0.00036066387093373995,
    "error": 1.899115243827346e-5,
    "mean": 0.9565476527777778
  },
  "energy": {
    "variance": 0.0006200095136817623,
    "error": 2.4899990234571627e-5,
    "mean": -0.9292359131944445
  },
  "magnetization": {
    "variance": 0.00036066387093373995,
    "error": 1.899115243827346e-5,
    "mean": 0.9565476527777778
  },
  "sqr_energy": {
    "variance": 0.002119278486271721,
    "error": 4.603562192771724e-5,
    "mean": 0.8640993912639855
  }
}
