{
  "sqr_magnetization": {
    "variance": 0.030633386506435278,
    "error": 0.00017502395980675126,
    "mean": 0.19997342602237655
  },
  "energy": {
    "variance": 0.00344040050543735,
    "error": 5.865492737560375e-5,
    "mean": -0.6084450416666666
  },
  "magnetization": {
    "variance": 0.1967761899604876,
    "error": 0.00044359462345759735,
    "mean": -0.056545847222222216
  },
  "sqr_energy": {
    "variance": 0.005247878103008508,
    "error": 7.244223977078917e-5,
    "mean": 0.3736457657937886
  }
}
