{
  "sqr_magnetization": {
    "variance": 0.021193553162495563,
    "error": 0.00014558005757141178,
    "mean": 0.1438228671031057
  },
  "energy": {
    "variance": 0.002984245374150841,
    "error": 5.4628247035309864e-5,
    "mean": -0.5847397256944445
  },
  "magnetization": {
    "variance": 0.13454284169912392,
    "error": 0.00036680082019963355,
    "mean": -0.09633358680555555
  },
  "sqr_energy": {
    "variance": 0.004196623770747799,
    "error": 6.47813535729827e-5,
    "mean": 0.34490478919511963
  }
}
