{
  "sqr_magnetization": {
    "variance": 0.000777870934326783,
    "error": 2.7890337651717e-5,
    "mean": 0.939865482036073
  },
  "abs_magnetization": {
    "variance": 0.0002098769165511063,
    "error": 1.44871293412845e-5,
    "mean": 0.969358347222222
  },
  "energy": {
    "variance": 0.00043814038092393346,
    "error": 2.0931803097772857e-5,
    "mean": -0.9479802743055555
  },
  "magnetization": {
    "variance": 0.0002098769165511063,
    "error": 1.44871293412845e-5,
    "mean": 0.969358347222222
  },
  "sqr_energy": {
    "variance": 0.0015597728767473788,
    "error": 3.94939600033648e-5,
    "mean": 0.8991047404152203
  }
}
