{
  "sqr_magnetization": {
    "variance": 4.776206689598314e-5,
    "error": 6.911010555337269e-6,
    "mean": 0.004919567997685185
  },
  "energy": {
    "variance": 0.0010398247064160931,
    "error": 3.2246313067017334e-5,
    "mean": -0.21370429861111112
  },
  "magnetization": {
    "variance": 0.004918120957749816,
    "error": 7.012931596522112e-5,
    "mean": 0.0012049722222222223
  },
  "sqr_energy": {
    "variance": 0.00019385014717769508,
    "error": 1.392300783515168e-5,
    "mean": 0.046709350911458336
  }
}
