{
  "energy": {
    "variance": 0.0037756021223900155,
    "error": 6.144592844436493e-5,
    "mean": -0.7312114756944444
  },
  "magnetization": {
    "variance": 0.48527630221697654,
    "error": 0.0006966177590450709,
    "mean": -0.1837415
  }
}
