{
  "sqr_magnetization": {
    "variance": 0.02793810150666489,
    "error": 0.0001671469458490489,
    "mean": 0.18086021544656636
  },
  "energy": {
    "variance": 0.003239062371428293,
    "error": 5.691276105961029e-5,
    "mean": -0.5989281979166667
  },
  "magnetization": {
    "variance": 0.17782484242071434,
    "error": 0.00042169282946324135,
    "mean": -0.05509583333333332
  },
  "sqr_energy": {
    "variance": 0.004783611657931689,
    "error": 6.916365850597905e-5,
    "mean": 0.3619540453920717
  }
}
