{
  "sqr_magnetization": {
    "variance": 0.025221501959564005,
    "error": 0.00015881278903024154,
    "mean": 0.6046625803674768
  },
  "energy": {
    "variance": 0.0029065084658132377,
    "error": 5.391204379183966e-5,
    "mean": -0.7619864409722222
  },
  "magnetization": {
    "variance": 0.015012054624652571,
    "error": 0.00012252369005483213,
    "mean": 0.7678870625
  },
  "sqr_energy": {
    "variance": 0.006619664526559206,
    "error": 8.136132082604857e-5,
    "mean": 0.5835298417848187
  }
}
