{
  "sqr_magnetization": {
    "variance": 0.0009059246840201975,
    "error": 3.0098582757668136e-5,
    "mean": 0.9330565150342405
  },
  "abs_magnetization": {
    "variance": 0.0002465594021231438,
    "error": 1.570221010313974e-5,
    "mean": 0.9658208715277777
  },
  "energy": {
    "variance": 0.0004888310972012746,
    "error": 2.2109525033371357e-5,
    "mean": -0.9426534305555555
  },
  "magnetization": {
    "variance": 0.0002465594021231438,
    "error": 1.570221010313974e-5,
    "mean": 0.9658208715277777
  },
  "sqr_energy": {
    "variance": 0.0017205452782148231,
    "error": 4.147945609834853e-5,
    "mean": 0.8890843207465281
  }
}
