{
  "sqr_magnetization": {
    "variance": 0.0029644135376624466,
    "error": 5.444642814420838e-5,
    "mean": 0.8576811193455828
  },
  "energy": {
    "variance": 0.0010397866667348607,
    "error": 3.2245723231691685e-5,
    "mean": -0.8895046770833334
  },
  "magnetization": {
    "variance": 0.000896426337378968,
    "error": 2.9940379713339775e-5,
    "mean": 0.9256266493055555
  },
  "sqr_energy": {
    "variance": 0.0032532591921744032,
    "error": 5.703734909841448e-5,
    "mean": 0.7922583561800733
  }
}
