{
  "sqr_magnetization": {
    "variance": 0.0011520790876406997,
    "error": 3.394229054793886e-5,
    "mean": 0.9246476860291285
  },
  "energy": {
    "variance": 0.000558898436451665,
    "error": 2.364103289730939e-5,
    "mean": -0.9364997743055555
  },
  "magnetization": {
    "variance": 0.0003189361216451782,
    "error": 1.78587827593366e-5,
    "mean": 0.961420173611111
  },
  "sqr_energy": {
    "variance": 0.0019393342528771702,
    "error": 4.403787293770182e-5,
    "mean": 0.87759072515191
  }
}
