{
  "sqr_magnetization": {
    "variance": 0.0003173527185744395,
    "error": 1.781439638535192e-5,
    "mean": 0.01287523250626929
  },
  "energy": {
    "variance": 0.0013715112755127703,
    "error": 3.703392060682707e-5,
    "mean": -0.35650989583333337
  },
  "magnetization": {
    "variance": 0.012854172957097522,
    "error": 0.0001133762451181795,
    "mean": 0.00459046875
  },
  "sqr_energy": {
    "variance": 0.0007075054258746533,
    "error": 2.6598974150794863e-5,
    "mean": 0.12847081573109567
  }
}
