{
  "sqr_magnetization": {
    "variance": 0.044608773263946806,
    "error": 0.00021120789110245575,
    "mean": 0.32889022757523145
  },
  "abs_magnetization": {
    "variance": 0.04991186627220405,
    "error": 0.00022340963782300005,
    "mean": 0.5281840694444445
  },
  "energy": {
    "variance": 0.004012150872266565,
    "error": 6.334154144214179e-5,
    "mean": -0.6612907708333332
  },
  "magnetization": {
    "variance": 0.32859663800720107,
    "error": 0.0005732334934450368,
    "mean": -0.01714404166666666
  },
  "sqr_energy": {
    "variance": 0.007115055244412387,
    "error": 8.435078686303044e-5,
    "mean": 0.44131763044945976
  }
}
