{
  "sqr_magnetization": {
    "variance": 0.0016149119664777393,
    "error": 4.0185967283091985e-5,
    "mean": 0.9001648919632527
  },
  "energy": {
    "variance": 0.0007346188108398273,
    "error": 2.7103852324712572e-5,
    "mean": -0.9182218125
  },
  "magnetization": {
    "variance": 0.00045816212789784116,
    "error": 2.1404722093450342e-5,
    "mean": 0.94852871875
  },
  "sqr_energy": {
    "variance": 0.002452324256616221,
    "error": 4.952094765466652e-5,
    "mean": 0.8438659150270063
  }
}
