{
  "sqr_magnetization": {
    "variance": 0.042996432190488834,
    "error": 0.00020735581060218409,
    "mean": 0.3199362692539544
  },
  "energy": {
    "variance": 0.0037583059162721467,
    "error": 6.130502358104225e-5,
    "mean": -0.66025553125
  },
  "magnetization": {
    "variance": 0.30516047438615773,
    "error": 0.0005524133184366193,
    "mean": -0.1215569826388889
  },
  "sqr_energy": {
    "variance": 0.0066305633397930296,
    "error": 8.142827113351375e-5,
    "mean": 0.4396956687041859
  }
}
