{
  "sqr_magnetization": {
    "variance": 0.0027729173166294962,
    "error": 5.265849709808946e-5,
    "mean": 0.040514315923996916
  },
  "energy": {
    "variance": 0.0019046746617791056,
    "error": 4.364257854182204e-5,
    "mean": -0.47767717708333335
  },
  "magnetization": {
    "variance": 0.040478879736990804,
    "error": 0.00020119363741677023,
    "mean": 0.005956229166666667
  },
  "sqr_energy": {
    "variance": 0.0017724768970341163,
    "error": 4.210079449409614e-5,
    "mean": 0.23008015826340666
  }
}
