{
  "sqr_magnetization": {
    "variance": 0.0004790391601622298,
    "error": 2.188696324669619e-5,
    "mean": 0.015835724464699077
  },
  "abs_magnetization": {
    "variance": 0.0056822260935684935,
    "error": 7.53805418763257e-5,
    "mean": 0.10076459722222224
  },
  "energy": {
    "variance": 0.0014691584284174948,
    "error": 3.832960250795062e-5,
    "mean": -0.3818527638888889
  },
  "magnetization": {
    "variance": 0.01583573985064552,
    "error": 0.00012584013608799667,
    "mean": 2.120833333333323e-5
  },
  "sqr_energy": {
    "variance": 0.0008686037222561568,
    "error": 2.9472083778656655e-5,
    "mean": 0.1472806902488426
  }
}
