{
  "sqr_magnetization": {
    "variance": 0.028376726675295557,
    "error": 0.00016845393042400512,
    "mean": 0.6209134202232831
  },
  "energy": {
    "variance": 0.0029788743352485146,
    "error": 5.457906499060344e-5,
    "mean": -0.7709370486111111
  },
  "magnetization": {
    "variance": 0.017164607537562483,
    "error": 0.00013101376850378164,
    "mean": 0.7770127604166667
  },
  "sqr_energy": {
    "variance": 0.006921922905125854,
    "error": 8.319809435994225e-5,
    "mean": 0.5973228042775849
  }
}
