{
  "sqr_magnetization": {
    "variance": 0.004115758209694891,
    "error": 6.415417530991175e-5,
    "mean": 0.831924060100791
  },
  "abs_magnetization": {
    "variance": 0.0013109683985139111,
    "error": 3.620729758645225e-5,
    "mean": 0.9113797743055555
  },
  "energy": {
    "variance": 0.0012521944639220868,
    "error": 3.538635985690089e-5,
    "mean": -0.8728110833333332
  },
  "magnetization": {
    "variance": 0.0013109683985139111,
    "error": 3.620729758645225e-5,
    "mean": -0.9113797743055555
  },
  "sqr_energy": {
    "variance": 0.0037648577511214735,
    "error": 6.135843667436022e-5,
    "mean": 0.7630513804012345
  }
}
