{
  "sqr_magnetization": {
    "variance": 0.005420244633666815,
    "error": 7.36223107058371e-5,
    "mean": 0.8885236789279517
  },
  "energy": {
    "variance": 0.0009292892988801554,
    "error": 3.0484246733028443e-5,
    "mean": -0.9126537638888889
  },
  "magnetization": {
    "variance": 0.0025613141906977626,
    "error": 5.060942788352545e-5,
    "mean": 0.9412557395833333
  },
  "sqr_energy": {
    "variance": 0.00300164931620888,
    "error": 5.47873098099266e-5,
    "mean": 0.8338661811101467
  }
}
