{
  "sqr_magnetization": {
    "variance": 0.04833065041475949,
    "error": 0.00021984233080723898,
    "mean": 0.4344623638358411
  },
  "energy": {
    "variance": 0.004168641326669865,
    "error": 6.456501627561062e-5,
    "mean": -0.7023800034722223
  },
  "magnetization": {
    "variance": 0.3907517666508677,
    "error": 0.0006251014050942997,
    "mean": -0.2090717291666667
  },
  "sqr_energy": {
    "variance": 0.008134850511390825,
    "error": 9.019340614141826e-5,
    "mean": 0.49750630643566746
  }
}
