{
  "sqr_magnetization": {
    "variance": 0.0017594738535478673,
    "error": 4.1946082696097706e-5,
    "mean": 0.8968477633945797
  },
  "abs_magnetization": {
    "variance": 0.000504594509770906,
    "error": 2.2463181203269185e-5,
    "mean": 0.9467540173611111
  },
  "energy": {
    "variance": 0.0007590590663986569,
    "error": 2.7551026594278785e-5,
    "mean": -0.9157652604166667
  },
  "magnetization": {
    "variance": 0.000504594509770906,
    "error": 2.2463181203269185e-5,
    "mean": 0.9467540173611111
  },
  "sqr_energy": {
    "variance": 0.0025182611630122508,
    "error": 5.0182279372426385e-5,
    "mean": 0.8393850704933449
  }
}
