{
  "energy": {
    "variance": 0.0005868011826117026,
    "error": 2.4223979495774482e-5,
    "mean": -0.9326136510416667
  },
  "magnetization": {
    "variance": 0.0003289791591896023,
    "error": 1.813778264258347e-5,
    "mean": 0.9589251909722223
  }
}
