{
  "sqr_magnetization": {
    "variance": 0.0007051614024218532,
    "error": 2.6554875304204558e-5,
    "mean": 0.9441360681303053
  },
  "abs_magnetization": {
    "variance": 0.0001892945090798943,
    "error": 1.3758434107117506e-5,
    "mean": 0.9715692326388887
  },
  "energy": {
    "variance": 0.000406504781980814,
    "error": 2.0161963743167826e-5,
    "mean": -0.9513810625
  },
  "magnetization": {
    "variance": 0.0001892945090798943,
    "error": 1.3758434107117506e-5,
    "mean": 0.9715692326388887
  },
  "sqr_energy": {
    "variance": 0.0014577467020315937,
    "error": 3.818044921201941e-5,
    "mean": 0.9055324304591053
  }
}
