{
  "energy": {
    "variance": 0.004061217689351423,
    "error": 6.372768385365518e-5,
    "mean": -0.6798335095486111
  },
  "magnetization": {
    "variance": 0.37757761680579377,
    "error": 0.0006144734467865913,
    "mean": 0.039872510416666666
  }
}
