{
  "sqr_magnetization": {
    "variance": 0.0011934192747677364,
    "error": 3.454590098358612e-5,
    "mean": 0.9222115719521607
  },
  "energy": {
    "variance": 0.0005792858371467553,
    "error": 2.406835759138449e-5,
    "mean": -0.9346188472222221
  },
  "magnetization": {
    "variance": 0.0003309242537536808,
    "error": 1.819132358443664e-5,
    "mean": 0.9601461597222223
  },
  "sqr_energy": {
    "variance": 0.00200161740952233,
    "error": 4.473943908368019e-5,
    "mean": 0.8740916748408568
  }
}
