{
  "sqr_magnetization": {
    "variance": 0.0033737100689424935,
    "error": 5.808364717321472e-5,
    "mean": 0.04484945842978395
  },
  "abs_magnetization": {
    "variance": 0.015401030967384169,
    "error": 0.00012410089027635606,
    "mean": 0.17160548611111112
  },
  "energy": {
    "variance": 0.0019296303190446708,
    "error": 4.3927557626672927e-5,
    "mean": -0.48766425
  },
  "magnetization": {
    "variance": 0.04484902499130199,
    "error": 0.00021177588387562448,
    "mean": -0.0006915833333333334
  },
  "sqr_energy": {
    "variance": 0.0018662630752422904,
    "error": 4.320026707373799e-5,
    "mean": 0.2397460491174769
  }
}
