{
  "sqr_magnetization": {
    "variance": 0.0015835299103944915,
    "error": 3.97935913231577e-5,
    "mean": 0.9013763950978977
  },
  "energy": {
    "variance": 0.0007244943350401972,
    "error": 2.6916432435228062e-5,
    "mean": -0.9190820208333332
  },
  "magnetization": {
    "variance": 0.0004486528951152674,
    "error": 2.11814280707243e-5,
    "mean": 0.9491721354166668
  },
  "sqr_energy": {
    "variance": 0.0024228498769347296,
    "error": 4.9222452975595697e-5,
    "mean": 0.8454362546296298
  }
}
