{
  "sqr_magnetization": {
    "variance": 0.0027151277069910494,
    "error": 5.210688732779045e-5,
    "mean": 0.03962589755738812
  },
  "abs_magnetization": {
    "variance": 0.01374671977236019,
    "error": 0.00011724640622364589,
    "mean": 0.16087010763888887
  },
  "energy": {
    "variance": 0.0018753120032768825,
    "error": 4.330487274287828e-5,
    "mean": -0.4767908298611111
  },
  "magnetization": {
    "variance": 0.03962547096417408,
    "error": 0.00019906147533908732,
    "mean": 0.0006828020833333334
  },
  "sqr_energy": {
    "variance": 0.0017336896010130465,
    "error": 4.16375984059245e-5,
    "mean": 0.22920480556761189
  }
}
