{
  "sqr_magnetization": {
    "variance": 0.0111081684569065,
    "error": 0.00010539529618017353,
    "mean": 0.08968136392023535
  },
  "energy": {
    "variance": 0.002400419150700775,
    "error": 4.899407260782446e-5,
    "mean": -0.5407773298611112
  },
  "magnetization": {
    "variance": 0.08880984786635202,
    "error": 0.00029800981169476957,
    "mean": 0.029522954861111114
  },
  "sqr_energy": {
    "variance": 0.002888348472205329,
    "error": 5.374335747053145e-5,
    "mean": 0.29484053724199466
  }
}
