{
  "sqr_magnetization": {
    "variance": 0.014535510421907046,
    "error": 0.00012056330462419751,
    "mean": 0.7236817903886958
  },
  "energy": {
    "variance": 0.0021264534046150432,
    "error": 4.611348397827953e-5,
    "mean": -0.81522528125
  },
  "magnetization": {
    "variance": 0.008380372716843398,
    "error": 9.154437567018194e-5,
    "mean": 0.8457549444444445
  },
  "sqr_energy": {
    "variance": 0.0055180156870632095,
    "error": 7.428334730653438e-5,
    "mean": 0.6667187104673031
  }
}
