{
  "sqr_magnetization": {
    "variance": 0.0011586276105014666,
    "error": 3.4038619397699826e-5,
    "mean": 0.9232597857349542
  },
  "energy": {
    "variance": 0.0005696808455010493,
    "error": 2.386798788128252e-5,
    "mean": -0.93534821875
  },
  "magnetization": {
    "variance": 0.0003206999852435327,
    "error": 1.790809831454844e-5,
    "mean": 0.9606971875
  },
  "sqr_energy": {
    "variance": 0.0019719304967941403,
    "error": 4.440642404871327e-5,
    "mean": 0.8754459705946183
  }
}
