{
  "sqr_magnetization": {
    "variance": 0.0005237637150310451,
    "error": 2.2885884624174903e-5,
    "mean": 0.016579103937596453
  },
  "abs_magnetization": {
    "variance": 0.005941541790891124,
    "error": 7.708139717786078e-5,
    "mean": 0.10313858680555556
  },
  "energy": {
    "variance": 0.0014851402564164911,
    "error": 3.853751751756321e-5,
    "mean": -0.3869173888888889
  },
  "magnetization": {
    "variance": 0.016579107538905947,
    "error": 0.0001287598832669009,
    "mean": 0.0001139201388888888
  },
  "sqr_energy": {
    "variance": 0.0009010917606435313,
    "error": 3.0018190495823217e-5,
    "mean": 0.1511902045958719
  }
}
