{
  "sqr_magnetization": {
    "variance": 0.02766978678273862,
    "error": 0.00016634237819250578,
    "mean": 0.1682395284891011
  },
  "energy": {
    "variance": 0.003208037763959832,
    "error": 5.663954240598905e-5,
    "mean": -0.5998973611111111
  },
  "magnetization": {
    "variance": 0.16536567552955175,
    "error": 0.00040665178658104005,
    "mean": -0.05360987152777778
  },
  "sqr_energy": {
    "variance": 0.004822018562610126,
    "error": 6.944075577504991e-5,
    "mean": 0.36308487842399684
  }
}
