{
  "sqr_magnetization": {
    "variance": 0.0007353921353803963,
    "error": 2.7118114524804194e-5,
    "mean": 0.9423475655502511
  },
  "abs_magnetization": {
    "variance": 0.00019782471499185176,
    "error": 1.4065017418825038e-5,
    "mean": 0.9706439826388887
  },
  "energy": {
    "variance": 0.0004196284162254455,
    "error": 2.04848338100519e-5,
    "mean": -0.9499565416666668
  },
  "magnetization": {
    "variance": 0.00019782471499185176,
    "error": 1.4065017418825038e-5,
    "mean": 0.9706439826388887
  },
  "sqr_energy": {
    "variance": 0.001500238503547668,
    "error": 3.8732912407249574e-5,
    "mean": 0.9028370590518907
  }
}
