{
  "sqr_magnetization": {
    "variance": 0.0010597891164020985,
    "error": 3.255440241199489e-5,
    "mean": 0.9280108854648924
  },
  "energy": {
    "variance": 0.0005326476595129663,
    "error": 2.307916071942319e-5,
    "mean": -0.9389662430555555
  },
  "magnetization": {
    "variance": 0.0002917888460939676,
    "error": 1.708182794943116e-5,
    "mean": 0.9631817569444443
  },
  "sqr_energy": {
    "variance": 0.0018587184771463503,
    "error": 4.311285744585193e-5,
    "mean": 0.8821902527247302
  }
}
