{
  "sqr_magnetization": {
    "variance": 0.007329588037856132,
    "error": 8.561301325065094e-5,
    "mean": 0.7798737891589507
  },
  "abs_magnetization": {
    "variance": 0.0026789491458487883,
    "error": 5.175856591762168e-5,
    "mean": 0.881586548611111
  },
  "energy": {
    "variance": 0.0016616072842535877,
    "error": 4.076281742291114e-5,
    "mean": -0.8427283506944445
  },
  "magnetization": {
    "variance": 0.0026803082592094934,
    "error": 5.177169360963087e-5,
    "mean": -0.8815857777777778
  },
  "sqr_energy": {
    "variance": 0.004645496488146282,
    "error": 6.815787913474335e-5,
    "mean": 0.7118526786868248
  }
}
