{
  "sqr_magnetization": {
    "variance": 0.0027350357571351747,
    "error": 5.2297569323393744e-5,
    "mean": 0.0389455301408179
  },
  "energy": {
    "variance": 0.0018666469739332273,
    "error": 4.32047100896792e-5,
    "mean": -0.48276755902777774
  },
  "magnetization": {
    "variance": 0.03831789477203906,
    "error": 0.00019574957157562074,
    "mean": 0.025053416666666665
  },
  "sqr_energy": {
    "variance": 0.0017661103173006695,
    "error": 4.202511531573316e-5,
    "mean": 0.2349311611569252
  }
}
