{
  "sqr_magnetization": {
    "variance": 0.0022935448957414873,
    "error": 4.789096883277146e-5,
    "mean": 0.03613085409432871
  },
  "abs_magnetization": {
    "variance": 0.01263160763930652,
    "error": 0.0001123904250339259,
    "mean": 0.15329468055555556
  },
  "energy": {
    "variance": 0.0018208602831974745,
    "error": 4.267153949879796e-5,
    "mean": -0.46812275
  },
  "magnetization": {
    "variance": 0.036128664967086985,
    "error": 0.00019007541915536314,
    "mean": -0.001491729166666667
  },
  "sqr_energy": {
    "variance": 0.0016209320615497458,
    "error": 4.026080055773538e-5,
    "mean": 0.2209597675298997
  }
}
