{
  "sqr_magnetization": {
    "variance": 0.001140599719354471,
    "error": 3.3772765941723974e-5,
    "mean": 0.9218444381630985
  },
  "abs_magnetization": {
    "variance": 0.0003152837834896934,
    "error": 1.7756232243629094e-5,
    "mean": 0.9599631006944443
  },
  "energy": {
    "variance": 0.0005716745028989311,
    "error": 2.3909715659098315e-5,
    "mean": -0.934089545138889
  },
  "magnetization": {
    "variance": 0.0003152837834896934,
    "error": 1.7756232243629094e-5,
    "mean": 0.9599631006944443
  },
  "sqr_energy": {
    "variance": 0.0019749648049090574,
    "error": 4.444057610910392e-5,
    "mean": 0.8730949522690009
  }
}
