{
  "sqr_magnetization": {
    "variance": 0.04013328645631664,
    "error": 0.0002003329390198143,
    "mean": 0.27181915391107253
  },
  "abs_magnetization": {
    "variance": 0.051126798326235005,
    "error": 0.0002261123577477246,
    "mean": 0.4697791041666667
  },
  "energy": {
    "variance": 0.003800304378871015,
    "error": 6.164660881890435e-5,
    "mean": -0.6392056006944445
  },
  "magnetization": {
    "variance": 0.2715082732141026,
    "error": 0.0005210645576261185,
    "mean": -0.017639506944444446
  },
  "sqr_energy": {
    "variance": 0.00635243958606171,
    "error": 7.970219310697612e-5,
    "mean": 0.41238410053771213
  }
}
