{
  "sqr_magnetization": {
    "variance": 0.002380007878421173,
    "error": 4.8785324416479725e-5,
    "mean": 0.037155295126832556
  },
  "energy": {
    "variance": 0.0018190953654441185,
    "error": 4.265085421705078e-5,
    "mean": -0.47184233680555554
  },
  "magnetization": {
    "variance": 0.03712566164913473,
    "error": 0.00019268020564950288,
    "mean": 0.005447072916666667
  },
  "sqr_energy": {
    "variance": 0.0016377564696114489,
    "error": 4.046920396562612e-5,
    "mean": 0.22445428434847609
  }
}
