{
  "sqr_magnetization": {
    "variance": 0.0007849357007752755,
    "error": 2.8016703959875e-5,
    "mean": 0.020488393132716047
  },
  "abs_magnetization": {
    "variance": 0.00728969199513369,
    "error": 8.537969310751643e-5,
    "mean": 0.11488563194444444
  },
  "energy": {
    "variance": 0.0015730687748735594,
    "error": 3.9661931053260116e-5,
    "mean": -0.4115008611111111
  },
  "magnetization": {
    "variance": 0.020488336167069965,
    "error": 0.00014313747296592169,
    "mean": 0.0002783055555555557
  },
  "sqr_energy": {
    "variance": 0.00108010297562188,
    "error": 3.2864920137159624e-5,
    "mean": 0.17090602589699072
  }
}
