{
  "sqr_magnetization": {
    "variance": 0.018174065374912233,
    "error": 0.00013481122124998435,
    "mean": 0.6688435824773341
  },
  "abs_magnetization": {
    "variance": 0.009155602750919771,
    "error": 9.568491391499379e-5,
    "mean": 0.8122117881944445
  },
  "energy": {
    "variance": 0.0025686036865371245,
    "error": 5.0681393889050884e-5,
    "mean": -0.7881002534722222
  },
  "magnetization": {
    "variance": 0.6490901877177169,
    "error": 0.000805661335622926,
    "mean": -0.14054907986111112
  },
  "sqr_energy": {
    "variance": 0.006247582829982913,
    "error": 7.904165250032994e-5,
    "mean": 0.6236706106409144
  }
}
