{
  "sqr_magnetization": {
    "variance": 0.0053328342733160485,
    "error": 7.30262574237243e-5,
    "mean": 0.8088852665653935
  },
  "abs_magnetization": {
    "variance": 0.0017858918959148512,
    "error": 4.2259814196407096e-5,
    "mean": 0.8983870972222222
  },
  "energy": {
    "variance": 0.0014277823708986781,
    "error": 3.778600760729662e-5,
    "mean": -0.8589587465277777
  },
  "magnetization": {
    "variance": 0.0017858918959148512,
    "error": 4.2259814196407096e-5,
    "mean": 0.8983870972222222
  },
  "sqr_energy": {
    "variance": 0.004153872356725309,
    "error": 6.445054194283636e-5,
    "mean": 0.7392379091796873
  }
}
