{
  "sqr_magnetization": {
    "variance": 0.004665894661670787,
    "error": 6.830735437469957e-5,
    "mean": 0.8222453024450234
  },
  "energy": {
    "variance": 0.001330294621430508,
    "error": 3.6473204156346174e-5,
    "mean": -0.867429704861111
  },
  "magnetization": {
    "variance": 0.001505664289182615,
    "error": 3.8802890216871924e-5,
    "mean": 0.9059468194444443
  },
  "sqr_energy": {
    "variance": 0.003949834762082504,
    "error": 6.28477108738457e-5,
    "mean": 0.7537645861665702
  }
}
