{
  "sqr_magnetization": {
    "variance": 0.000549863798116281,
    "error": 2.3449174785400893e-5,
    "mean": 0.01703749430941358
  },
  "abs_magnetization": {
    "variance": 0.006090883086623054,
    "error": 7.804410987783162e-5,
    "mean": 0.10462608333333334
  },
  "energy": {
    "variance": 0.0014964210640479453,
    "error": 3.868360200456966e-5,
    "mean": -0.39033425694444446
  },
  "magnetization": {
    "variance": 0.017037122637583623,
    "error": 0.00013052632928870565,
    "mean": 0.0006234652777777782
  },
  "sqr_energy": {
    "variance": 0.0009243676906003682,
    "error": 3.040341577192221e-5,
    "mean": 0.15385725171199846
  }
}
