{
  "sqr_magnetization": {
    "variance": 0.0217192848608576,
    "error": 0.0001473746411729562,
    "mean": 0.14571262627797069
  },
  "energy": {
    "variance": 0.0028504835072577644,
    "error": 5.338991952848182e-5,
    "mean": -0.5836987986111111
  },
  "magnetization": {
    "variance": 0.14509928315277157,
    "error": 0.00038091899815153826,
    "mean": -0.024768694444444437
  },
  "sqr_energy": {
    "variance": 0.003999205429361372,
    "error": 6.323927125893665e-5,
    "mean": 0.3435547681568287
  }
}
