{
  "sqr_magnetization": {
    "variance": 0.024227787742023586,
    "error": 0.00015565277942273818,
    "mean": 0.6290429494357639
  },
  "abs_magnetization": {
    "variance": 0.014391613374139946,
    "error": 0.00011996505063617465,
    "mean": 0.7839970347222223
  },
  "energy": {
    "variance": 0.0029145174654416546,
    "error": 5.398627108294899e-5,
    "mean": -0.7718332916666666
  },
  "magnetization": {
    "variance": 0.5904368571719266,
    "error": 0.0007683988919642757,
    "mean": -0.19648583333333336
  },
  "sqr_energy": {
    "variance": 0.006789897149052584,
    "error": 8.240083221092238e-5,
    "mean": 0.598641144675926
  }
}
