{
  "sqr_magnetization": {
    "variance": 0.017944958899818786,
    "error": 0.00013395879552988965,
    "mean": 0.1299266907913773
  },
  "energy": {
    "variance": 0.0026946993337618338,
    "error": 5.1910493484090806e-5,
    "mean": -0.5762929166666666
  },
  "magnetization": {
    "variance": 0.12989342645232924,
    "error": 0.000360407306324843,
    "mean": 0.0057787743055555535
  },
  "sqr_energy": {
    "variance": 0.003679633329588596,
    "error": 6.06599812857587e-5,
    "mean": 0.33480822243923614
  }
}
