{
  "sqr_magnetization": {
    "variance": 0.003722931479291513,
    "error": 6.101582974353059e-5,
    "mean": 0.8408571762032215
  },
  "abs_magnetization": {
    "variance": 0.0011676247372471207,
    "error": 3.4170524392334406e-5,
    "mean": 0.9163457604166667
  },
  "energy": {
    "variance": 0.001182692200806483,
    "error": 3.439029224659894e-5,
    "mean": -0.8784009618055556
  },
  "magnetization": {
    "variance": 0.0011676247372471207,
    "error": 3.4170524392334406e-5,
    "mean": -0.9163457604166667
  },
  "sqr_energy": {
    "variance": 0.003602847497700555,
    "error": 6.002372445708909e-5,
    "mean": 0.7727709407190393
  }
}
