{
  "sqr_magnetization": {
    "variance": 0.0006939240485355939,
    "error": 2.634243816611503e-5,
    "mean": 0.9447352773558068
  },
  "abs_magnetization": {
    "variance": 0.00018612919543637863,
    "error": 1.3642917409277924e-5,
    "mean": 0.9718791840277776
  },
  "energy": {
    "variance": 0.00040184142496390516,
    "error": 2.0045982763733615e-5,
    "mean": -0.9518554756944445
  },
  "magnetization": {
    "variance": 0.00018612919543637863,
    "error": 1.3642917409277924e-5,
    "mean": -0.9718791840277776
  },
  "sqr_energy": {
    "variance": 0.0014425376681103423,
    "error": 3.79807539170873e-5,
    "mean": 0.9064306876326199
  }
}
