{
  "sqr_magnetization": {
    "variance": 0.0008725705530339798,
    "error": 2.953930522260095e-5,
    "mean": 0.021625418197820215
  },
  "abs_magnetization": {
    "variance": 0.0076974799907836055,
    "error": 8.77352836137412e-5,
    "mean": 0.11801671875
  },
  "energy": {
    "variance": 0.001593631669269015,
    "error": 3.992031649760577e-5,
    "mean": -0.41700922222222225
  },
  "magnetization": {
    "variance": 0.021625296290005962,
    "error": 0.00014705541911131994,
    "mean": 0.0003788576388888889
  },
  "sqr_energy": {
    "variance": 0.0011242505324160611,
    "error": 3.352984539803399e-5,
    "mean": 0.17549032149402005
  }
}
