{
  "sqr_magnetization": {
    "variance": 0.0004855127410655904,
    "error": 2.2034353656633326e-5,
    "mean": 0.01618809336419753
  },
  "energy": {
    "variance": 0.0014921112537825503,
    "error": 3.86278559304364e-5,
    "mean": -0.38345644444444443
  },
  "magnetization": {
    "variance": 0.016188072123455948,
    "error": 0.00012723235486092343,
    "mean": 0.0001934652777777783
  },
  "sqr_energy": {
    "variance": 0.0008878536548204447,
    "error": 2.9796873238990108e-5,
    "mean": 0.14853095454764664
  }
}
