{
  "sqr_magnetization": {
    "variance": 0.001385928511812984,
    "error": 3.7228060811879305e-5,
    "mean": 0.9113949983121145
  },
  "abs_magnetization": {
    "variance": 0.00038918956871691234,
    "error": 1.972788809571142e-5,
    "mean": 0.9544662430555555
  },
  "energy": {
    "variance": 0.0006498991436602838,
    "error": 2.5493119535676362e-5,
    "mean": -0.9263070347222222
  },
  "magnetization": {
    "variance": 0.00038918956871691234,
    "error": 1.972788809571142e-5,
    "mean": 0.9544662430555555
  },
  "sqr_energy": {
    "variance": 0.0022072349592463644,
    "error": 4.698121921838943e-5,
    "mean": 0.8586946210696375
  }
}
