{
  "sqr_magnetization": {
    "variance": 0.00041837654441505967,
    "error": 2.0454254922021962e-5,
    "mean": 0.01491256989052855
  },
  "energy": {
    "variance": 0.0014612103742178968,
    "error": 3.82257815383531e-5,
    "mean": -0.3761779583333334
  },
  "magnetization": {
    "variance": 0.014912490231820272,
    "error": 0.0001221167074229414,
    "mean": -0.0003075243055555559
  },
  "sqr_energy": {
    "variance": 0.0008379640999795275,
    "error": 2.8947609572804586e-5,
    "mean": 0.1429710652488426
  }
}
