{
  "sqr_magnetization": {
    "variance": 0.001835978545406254,
    "error": 4.284832021685627e-5,
    "mean": 0.8942864895109957
  },
  "abs_magnetization": {
    "variance": 0.0005287022757894671,
    "error": 2.2993526823640327e-5,
    "mean": 0.945387638888889
  },
  "energy": {
    "variance": 0.0007786219252417047,
    "error": 2.7903797684933583e-5,
    "mean": -0.9139683576388888
  },
  "magnetization": {
    "variance": 0.0005287022757894671,
    "error": 2.2993526823640327e-5,
    "mean": 0.945387638888889
  },
  "sqr_energy": {
    "variance": 0.002572730062611565,
    "error": 5.072208653645436e-5,
    "mean": 0.8361167799117478
  }
}
