{
  "sqr_magnetization": {
    "variance": 0.0031995941599282443,
    "error": 5.656495522784619e-5,
    "mean": 0.8533696042390048
  },
  "abs_magnetization": {
    "variance": 0.0009839923616449466,
    "error": 3.1368652531547264e-5,
    "mean": 0.9232473194444445
  },
  "energy": {
    "variance": 0.001086638251001086,
    "error": 3.296419650167566e-5,
    "mean": -0.8863089131944445
  },
  "magnetization": {
    "variance": 0.0009839923616449466,
    "error": 3.1368652531547264e-5,
    "mean": -0.9232473194444445
  },
  "sqr_energy": {
    "variance": 0.003371674415107173,
    "error": 5.806612106131399e-5,
    "mean": 0.7866301267722801
  }
}
