{
  "sqr_magnetization": {
    "variance": 0.03764483973119044,
    "error": 0.000194022781474729,
    "mean": 0.520621741741416
  },
  "abs_magnetization": {
    "variance": 0.028738700204725368,
    "error": 0.00016952492502498082,
    "mean": 0.7013437604166666
  },
  "energy": {
    "variance": 0.0036489188170260225,
    "error": 6.0406281271288525e-5,
    "mean": -0.7301501597222223
  },
  "magnetization": {
    "variance": 0.520153302868707,
    "error": 0.0007212165436737477,
    "mean": 0.021655461805555554
  },
  "sqr_energy": {
    "variance": 0.007648919070109558,
    "error": 8.745809893948963e-5,
    "mean": 0.5367681709104939
  }
}
