{
  "sqr_magnetization": {
    "variance": 0.0006741153633803744,
    "error": 2.5963731692119574e-5,
    "mean": 0.9458889719449272
  },
  "abs_magnetization": {
    "variance": 0.00018055636438052275,
    "error": 1.3437126343847585e-5,
    "mean": 0.9724754062499998
  },
  "energy": {
    "variance": 0.00039314951152305273,
    "error": 1.9827998172358518e-5,
    "mean": -0.9527802951388888
  },
  "magnetization": {
    "variance": 0.00018055636438052275,
    "error": 1.3437126343847585e-5,
    "mean": 0.9724754062499998
  },
  "sqr_energy": {
    "variance": 0.0014141777055440502,
    "error": 3.760555418477502e-5,
    "mean": 0.9081834399233221
  }
}
