{
  "sqr_magnetization": {
    "variance": 0.011707858194675368,
    "error": 0.00010820285668444881,
    "mean": 0.723679262972608
  },
  "energy": {
    "variance": 0.00202656356764338,
    "error": 4.501736962155142e-5,
    "mean": -0.8139999097222222
  },
  "magnetization": {
    "variance": 0.004804680588322563,
    "error": 6.931580330864356e-5,
    "mean": 0.8478647222222222
  },
  "sqr_energy": {
    "variance": 0.005285699894975783,
    "error": 7.270281903045977e-5,
    "mean": 0.6646224145688657
  }
}
