{
  "sqr_magnetization": {
    "variance": 0.0003473830588395052,
    "error": 1.8638215012159966e-5,
    "mean": 0.013567989185474536
  },
  "energy": {
    "variance": 0.0014185985521554588,
    "error": 3.7664287490346325e-5,
    "mean": -0.3644634861111111
  },
  "magnetization": {
    "variance": 0.013556648392882465,
    "error": 0.00011643302105881504,
    "mean": 0.0033696215277777782
  },
  "sqr_energy": {
    "variance": 0.0007653824461975044,
    "error": 2.7665546193731736e-5,
    "mean": 0.13425222984182097
  }
}
