{
  "sqr_magnetization": {
    "variance": 0.0072318215381282835,
    "error": 8.504011722786066e-5,
    "mean": 0.7827679766589506
  },
  "energy": {
    "variance": 0.0016168330235999506,
    "error": 4.0209862267856015e-5,
    "mean": -0.8451347847222223
  },
  "magnetization": {
    "variance": 0.002551665500156048,
    "error": 5.051401290885577e-5,
    "mean": 0.8832985416666667
  },
  "sqr_energy": {
    "variance": 0.0045465449532711595,
    "error": 6.742807244220437e-5,
    "mean": 0.7158696357542437
  }
}
