{
  "energy": {
    "variance": 0.002234023740142506,
    "error": 4.7265460329319824e-5,
    "mean": -0.8067355199652777
  },
  "magnetization": {
    "variance": 0.007011932526772311,
    "error": 8.373728277638529e-5,
    "mean": 0.83741884375
  }
}
