{
  "sqr_magnetization": {
    "variance": 0.005402324288542515,
    "error": 7.350050536249744e-5,
    "mean": 0.05849177309992284
  },
  "abs_magnetization": {
    "variance": 0.01966937372062681,
    "error": 0.00014024754443706601,
    "mean": 0.19703405555555556
  },
  "energy": {
    "variance": 0.0020908195991203317,
    "error": 4.572548085171256e-5,
    "mean": -0.510875875
  },
  "magnetization": {
    "variance": 0.05844844087515764,
    "error": 0.00024176112358102086,
    "mean": 0.0065871597222222225
  },
  "sqr_energy": {
    "variance": 0.002224614152100195,
    "error": 4.716581550339393e-5,
    "mean": 0.26308497716531637
  }
}
