{
  "sqr_magnetization": {
    "variance": 0.0006839032840933401,
    "error": 2.6151544583319362e-5,
    "mean": 0.9453133568070028
  },
  "abs_magnetization": {
    "variance": 0.00018331356002409952,
    "error": 1.3539333810202758e-5,
    "mean": 0.9721779895833331
  },
  "energy": {
    "variance": 0.00039745099090892635,
    "error": 1.9936172925336658e-5,
    "mean": -0.9523178298611111
  },
  "magnetization": {
    "variance": 0.00018331356002409952,
    "error": 1.3539333810202758e-5,
    "mean": -0.9721779895833331
  },
  "sqr_energy": {
    "variance": 0.0014282175183332583,
    "error": 3.7791765218540115e-5,
    "mean": 0.9073066996648345
  }
}
