{
  "sqr_magnetization": {
    "variance": 0.0013675282747231785,
    "error": 3.698010647257764e-5,
    "mean": 0.027316169873649692
  },
  "abs_magnetization": {
    "variance": 0.009661620837560456,
    "error": 9.829354423135049e-5,
    "mean": 0.13287045833333333
  },
  "energy": {
    "variance": 0.0016998152455403603,
    "error": 4.1228815718382705e-5,
    "mean": -0.441836375
  },
  "magnetization": {
    "variance": 0.027316102047492432,
    "error": 0.0001652758362480506,
    "mean": 0.0003084513888888887
  },
  "sqr_energy": {
    "variance": 0.0013464465380001185,
    "error": 3.6693957785991396e-5,
    "mean": 0.19691919581886572
  }
}
