{
  "sqr_magnetization": {
    "variance": 0.0014324361717795709,
    "error": 3.784753851678561e-5,
    "mean": 0.9115745001446763
  },
  "energy": {
    "variance": 0.0006531705899322485,
    "error": 2.5557202310351742e-5,
    "mean": -0.9267861840277778
  },
  "magnetization": {
    "variance": 0.00040230179234326607,
    "error": 2.005746226079626e-5,
    "mean": 0.9545534027777778
  },
  "sqr_energy": {
    "variance": 0.0022209298327872393,
    "error": 4.712674222548424e-5,
    "mean": 0.8595858008415318
  }
}
