{
  "energy": {
    "variance": 0.0007458358720787219,
    "error": 2.7309995827145817e-5,
    "mean": -0.9173592855902778
  },
  "magnetization": {
    "variance": 0.00048402503904981483,
    "error": 2.2000569061954164e-5,
    "mean": 0.9479402951388889
  }
}
