{
  "sqr_magnetization": {
    "variance": 0.0019468688363379126,
    "error": 4.412333664103286e-5,
    "mean": 0.03303918076051312
  },
  "abs_magnetization": {
    "variance": 0.011573964415214789,
    "error": 0.00010758236107845369,
    "mean": 0.14651016319444446
  },
  "energy": {
    "variance": 0.0017732341252580332,
    "error": 4.210978657340872e-5,
    "mean": -0.45991155208333334
  },
  "magnetization": {
    "variance": 0.03303767827276892,
    "error": 0.00018176269769336315,
    "mean": 0.0012391631944444444
  },
  "sqr_energy": {
    "variance": 0.0015236131162139936,
    "error": 3.903348711316981e-5,
    "mean": 0.2132918680917245
  }
}
