{
  "sqr_magnetization": {
    "variance": 0.0022033080133361015,
    "error": 4.693940789290062e-5,
    "mean": 0.8825582117211614
  },
  "energy": {
    "variance": 0.0008779370563784025,
    "error": 2.963000263885244e-5,
    "mean": -0.9060721145833334
  },
  "magnetization": {
    "variance": 0.0006438003637043834,
    "error": 2.537322138996906e-5,
    "mean": 0.9391029826388889
  },
  "sqr_energy": {
    "variance": 0.00284977424841273,
    "error": 5.3383276860948976e-5,
    "mean": 0.8218446130039545
  }
}
