{
  "sqr_magnetization": {
    "variance": 0.02476053961360176,
    "error": 0.00015735482075107123,
    "mean": 0.16596513507908953
  },
  "abs_magnetization": {
    "variance": 0.04282786642391407,
    "error": 0.00020694894641895155,
    "mean": 0.3509092638888889
  },
  "energy": {
    "variance": 0.003093980337038292,
    "error": 5.5623559190672905e-5,
    "mean": -0.5918911493055555
  },
  "magnetization": {
    "variance": 0.1658430902002939,
    "error": 0.00040723837024560184,
    "mean": 0.011054895833333333
  },
  "sqr_energy": {
    "variance": 0.004476850910956782,
    "error": 6.69092737291086e-5,
    "mean": 0.3534291098693094
  }
}
