{
  "sqr_magnetization": {
    "variance": 0.03352667599019775,
    "error": 0.0001831029109277014,
    "mean": 0.5178176977358218
  },
  "energy": {
    "variance": 0.0034605902365632303,
    "error": 5.882678162676614e-5,
    "mean": -0.7283740833333333
  },
  "magnetization": {
    "variance": 0.46667250285255635,
    "error": 0.0006831343227012945,
    "mean": -0.2261540659722223
  },
  "sqr_energy": {
    "variance": 0.007254622983300434,
    "error": 8.517407459609076e-5,
    "mean": 0.5339893920476467
  }
}
