{
  "sqr_magnetization": {
    "variance": 0.017035761456053712,
    "error": 0.00013052111498165233,
    "mean": 0.6858148671392748
  },
  "abs_magnetization": {
    "variance": 0.008571064962113911,
    "error": 9.258004624169244e-5,
    "mean": 0.8229482430555555
  },
  "energy": {
    "variance": 0.002453805455286503,
    "error": 4.953590067099318e-5,
    "mean": -0.7962828680555555
  },
  "magnetization": {
    "variance": 0.49946999853134416,
    "error": 0.000706731914187653,
    "mean": -0.43167738888888896
  },
  "sqr_energy": {
    "variance": 0.00608759198877451,
    "error": 7.802302217150082e-5,
    "mean": 0.6365202089602624
  }
}
