{
  "sqr_magnetization": {
    "variance": 0.00979245571006054,
    "error": 9.895683761145836e-5,
    "mean": 0.08278017333381558
  },
  "energy": {
    "variance": 0.0024115278942138034,
    "error": 4.910730998755484e-5,
    "mean": -0.5343618402777779
  },
  "magnetization": {
    "variance": 0.08103684132699274,
    "error": 0.00028466970567131433,
    "mean": -0.041754197916666666
  },
  "sqr_energy": {
    "variance": 0.0028313870520130006,
    "error": 5.321077947195475e-5,
    "mean": 0.28795410182773923
  }
}
