{
  "sqr_magnetization": {
    "variance": 0.030066377504582784,
    "error": 0.00017339659023343792,
    "mean": 0.5533801832923417
  },
  "energy": {
    "variance": 0.003285466263043315,
    "error": 5.731898693315605e-5,
    "mean": -0.7411494548611111
  },
  "magnetization": {
    "variance": 0.06437629306010353,
    "error": 0.00025372483729446655,
    "mean": 0.6992881770833332
  },
  "sqr_energy": {
    "variance": 0.007106326601182912,
    "error": 8.429903084367526e-5,
    "mean": 0.5525879774184992
  }
}
