{
  "sqr_magnetization": {
    "variance": 0.00037486635842693045,
    "error": 1.9361465812973212e-5,
    "mean": 0.013903817322530867
  },
  "abs_magnetization": {
    "variance": 0.005000031070330261,
    "error": 7.071089781872565e-5,
    "mean": 0.09435990277777778
  },
  "energy": {
    "variance": 0.001421196341495808,
    "error": 3.769875782430779e-5,
    "mean": -0.3650927395833333
  },
  "magnetization": {
    "variance": 0.013903829627471413,
    "error": 0.00011791450134513318,
    "mean": 3.998611111111109e-5
  },
  "sqr_energy": {
    "variance": 0.0007679955518339637,
    "error": 2.7712732666302754e-5,
    "mean": 0.13471390341676312
  }
}
