{
  "sqr_magnetization": {
    "variance": 0.001719396609622038,
    "error": 4.1465607551584695e-5,
    "mean": 0.8980773630280674
  },
  "abs_magnetization": {
    "variance": 0.0004916751574505121,
    "error": 2.2173749287175413e-5,
    "mean": 0.9474099895833333
  },
  "energy": {
    "variance": 0.0007494737306561064,
    "error": 2.737651786944619e-5,
    "mean": -0.9166356006944445
  },
  "magnetization": {
    "variance": 0.0004916751574505121,
    "error": 2.2173749287175413e-5,
    "mean": 0.9474099895833333
  },
  "sqr_energy": {
    "variance": 0.0024914075421506787,
    "error": 4.991400146402489e-5,
    "mean": 0.8409702974416474
  }
}
