{
  "sqr_magnetization": {
    "variance": 0.013262210040130272,
    "error": 0.00011516166914442615,
    "mean": 0.7151685815128279
  },
  "abs_magnetization": {
    "variance": 0.005909757374144322,
    "error": 7.68749463358793e-5,
    "mean": 0.8421750590277778
  },
  "energy": {
    "variance": 0.002194123853768915,
    "error": 4.6841475785556916e-5,
    "mean": -0.8096725
  },
  "magnetization": {
    "variance": 0.6298984324154119,
    "error": 0.000793661409176112,
    "mean": -0.29201160763888884
  },
  "sqr_energy": {
    "variance": 0.005639903951554591,
    "error": 7.509929394844263e-5,
    "mean": 0.657763678915895
  }
}
