{
  "sqr_magnetization": {
    "variance": 0.0014631331223006175,
    "error": 3.825092315618823e-5,
    "mean": 0.028413243766878857
  },
  "abs_magnetization": {
    "variance": 0.01002515080952435,
    "error": 0.00010012567507649749,
    "mean": 0.13560273958333335
  },
  "energy": {
    "variance": 0.0017144970032956024,
    "error": 4.1406485039128866e-5,
    "mean": -0.44579311458333337
  },
  "magnetization": {
    "variance": 0.028413236168463682,
    "error": 0.00016856226199379174,
    "mean": -0.00018976736111111099
  },
  "sqr_energy": {
    "variance": 0.0013818571055741735,
    "error": 3.717333863905922e-5,
    "mean": 0.20044599629870755
  }
}
