{
  "sqr_magnetization": {
    "variance": 0.0024783977600459617,
    "error": 4.978350891656756e-5,
    "mean": 0.8728490297429593
  },
  "energy": {
    "variance": 0.0009324078444566367,
    "error": 3.0535354009027575e-5,
    "mean": -0.8995432465277777
  },
  "magnetization": {
    "variance": 0.0007343165822234953,
    "error": 2.7098276369974073e-5,
    "mean": 0.9338708229166668
  },
  "sqr_energy": {
    "variance": 0.0029847977439950717,
    "error": 5.463330251774161e-5,
    "mean": 0.8101104592857832
  }
}
