{
  "sqr_magnetization": {
    "variance": 0.005800913857931943,
    "error": 7.616373059358333e-5,
    "mean": 0.8026069476875966
  },
  "abs_magnetization": {
    "variance": 0.0019726627336262626,
    "error": 4.4414668000856004e-5,
    "mean": 0.8947816979166667
  },
  "energy": {
    "variance": 0.0014816815449106633,
    "error": 3.8492616758420875e-5,
    "mean": -0.8554836180555555
  },
  "magnetization": {
    "variance": 0.0019726627336262626,
    "error": 4.4414668000856004e-5,
    "mean": -0.8947816979166667
  },
  "sqr_energy": {
    "variance": 0.004273436479794633,
    "error": 6.537152652183237e-5,
    "mean": 0.7333339008246528
  }
}
