{
  "sqr_magnetization": {
    "variance": 1.0773772175388302e-5,
    "error": 3.282342482951513e-6,
    "mean": 0.9985572380039542
  },
  "abs_magnetization": {
    "variance": 2.7083382391903595e-6,
    "error": 1.6457029620166452e-6,
    "mean": 0.9992770034722225
  },
  "energy": {
    "variance": 1.0094767331987547e-5,
    "error": 3.1772263583175102e-6,
    "mean": -0.9985821319444445
  },
  "magnetization": {
    "variance": 2.7083382391903595e-6,
    "error": 1.6457029620166452e-6,
    "mean": -0.9992770034722225
  },
  "sqr_energy": {
    "variance": 3.9974832922681246e-5,
    "error": 6.322565375121181e-6,
    "mean": 0.9971763689959492
  }
}
