{
  "sqr_magnetization": {
    "variance": 0.0059026435835311504,
    "error": 7.682866381456304e-5,
    "mean": 0.062477985677083334
  },
  "energy": {
    "variance": 0.0020925665605480417,
    "error": 4.574457957559608e-5,
    "mean": -0.5194962222222222
  },
  "magnetization": {
    "variance": 0.06087452127860288,
    "error": 0.00024672762568995565,
    "mean": 0.04004404166666667
  },
  "sqr_energy": {
    "variance": 0.0022986920727913825,
    "error": 4.794467721021159e-5,
    "mean": 0.271968889371142
  }
}
