{
  "sqr_magnetization": {
    "variance": 0.0008920760149813806,
    "error": 2.9867641603939547e-5,
    "mean": 0.9337761840518909
  },
  "abs_magnetization": {
    "variance": 0.0002425608486348743,
    "error": 1.5574365111775002e-5,
    "mean": 0.9661954375
  },
  "energy": {
    "variance": 0.0004834780436099881,
    "error": 2.19881341548115e-5,
    "mean": -0.943212861111111
  },
  "magnetization": {
    "variance": 0.0002425608486348743,
    "error": 1.5574365111775002e-5,
    "mean": 0.9661954375
  },
  "sqr_energy": {
    "variance": 0.0017037643513621071,
    "error": 4.127668047895939e-5,
    "mean": 0.8901339789255404
  }
}
