{
  "sqr_magnetization": {
    "variance": 0.0013940211183365964,
    "error": 3.733659221643824e-5,
    "mean": 0.9127587718701778
  },
  "energy": {
    "variance": 0.0006436501938207188,
    "error": 2.5370261997478833e-5,
    "mean": -0.9276118611111112
  },
  "magnetization": {
    "variance": 0.00039070931128010606,
    "error": 1.976636818639444e-5,
    "mean": 0.9551795972222222
  },
  "sqr_energy": {
    "variance": 0.002192317007995145,
    "error": 4.6822184998087656e-5,
    "mean": 0.86110741442419
  }
}
