{
  "sqr_magnetization": {
    "variance": 0.0012104737352704772,
    "error": 3.4791863061217016e-5,
    "mean": 0.9212544384283375
  },
  "energy": {
    "variance": 0.000584670417670502,
    "error": 2.4179959008867283e-5,
    "mean": -0.9339110381944445
  },
  "magnetization": {
    "variance": 0.0003359593887057115,
    "error": 1.8329194982478405e-5,
    "mean": 0.9596449756944445
  },
  "sqr_energy": {
    "variance": 0.0020174200687662004,
    "error": 4.4915699580059985e-5,
    "mean": 0.8727744970944253
  }
}
