{
  "sqr_magnetization": {
    "variance": 0.0009312702158881397,
    "error": 3.0516720267553978e-5,
    "mean": 0.9345682479986502
  },
  "energy": {
    "variance": 0.0004892765038100567,
    "error": 2.211959547121187e-5,
    "mean": -0.9440104965277779
  },
  "magnetization": {
    "variance": 0.0002540307521981904,
    "error": 1.5938342203572816e-5,
    "mean": 0.9665993055555555
  },
  "sqr_energy": {
    "variance": 0.0017256349295298712,
    "error": 4.1540762264670484e-5,
    "mean": 0.8916450935691553
  }
}
