{
  "sqr_magnetization": {
    "variance": 0.0021815346295935394,
    "error": 4.6706901305840654e-5,
    "mean": 0.8821219338228204
  },
  "abs_magnetization": {
    "variance": 0.0006392352544550532,
    "error": 2.528310215252577e-5,
    "mean": 0.9388731006944445
  },
  "energy": {
    "variance": 0.0008685194842590196,
    "error": 2.9470654628952843e-5,
    "mean": -0.9054433680555555
  },
  "magnetization": {
    "variance": 0.0006392352544550532,
    "error": 2.528310215252577e-5,
    "mean": -0.9388731006944445
  },
  "sqr_energy": {
    "variance": 0.0028156331691176193,
    "error": 5.3062540168348705e-5,
    "mean": 0.8206962113715277
  }
}
