{
  "sqr_magnetization": {
    "variance": 0.0015356729457742752,
    "error": 3.918766318338305e-5,
    "mean": 0.9046074125313468
  },
  "energy": {
    "variance": 0.000703530204182584,
    "error": 2.6524143797351575e-5,
    "mean": -0.9214806145833334
  },
  "magnetization": {
    "variance": 0.00043391880178867776,
    "error": 2.0830717745403725e-5,
    "mean": 0.9508803784722223
  },
  "sqr_energy": {
    "variance": 0.0023645142337224635,
    "error": 4.8626271024236106e-5,
    "mean": 0.8498300525535302
  }
}
