{
  "energy": {
    "variance": 0.0017825716807625621,
    "error": 4.222051255921181e-5,
    "mean": -0.4601912039930556
  },
  "magnetization": {
    "variance": 0.03290229528239636,
    "error": 0.00018138989851255874,
    "mean": 0.0012800833333333345
  }
}
