{
  "sqr_magnetization": {
    "variance": 0.004732758657620881,
    "error": 6.879504820567306e-5,
    "mean": 0.819722760018808
  },
  "abs_magnetization": {
    "variance": 0.0015465886410209206,
    "error": 3.932669120356962e-5,
    "mean": 0.9045309131944445
  },
  "energy": {
    "variance": 0.0013443005003491114,
    "error": 3.6664703740097385e-5,
    "mean": -0.8653661388888889
  },
  "magnetization": {
    "variance": 0.0015465886410209206,
    "error": 3.932669120356962e-5,
    "mean": 0.9045309131944445
  },
  "sqr_energy": {
    "variance": 0.0039712524091421305,
    "error": 6.30178737275555e-5,
    "mean": 0.7502028534915123
  }
}
