{
  "sqr_magnetization": {
    "variance": 0.03927875407630105,
    "error": 0.00019818868301772692,
    "mean": 0.2824859553192515
  },
  "energy": {
    "variance": 0.003773042464164185,
    "error": 6.142509637081724e-5,
    "mean": -0.6443053472222221
  },
  "magnetization": {
    "variance": 0.2787424131366538,
    "error": 0.0005279606170318519,
    "mean": 0.06118677083333335
  },
  "sqr_energy": {
    "variance": 0.006383770127005927,
    "error": 7.989849890333314e-5,
    "mean": 0.41890241915027
  }
}
