{
  "sqr_magnetization": {
    "variance": 0.006371476890967393,
    "error": 7.982153149976135e-5,
    "mean": 0.7931872277560765
  },
  "abs_magnetization": {
    "variance": 0.0022040270755538773,
    "error": 4.694706674068016e-5,
    "mean": 0.8893723645833332
  },
  "energy": {
    "variance": 0.0015549276141883686,
    "error": 3.943257047401765e-5,
    "mean": -0.8501563402777778
  },
  "magnetization": {
    "variance": 0.0022040270755538773,
    "error": 4.694706674068016e-5,
    "mean": -0.8893723645833332
  },
  "sqr_energy": {
    "variance": 0.004427405590216456,
    "error": 6.653875254478742e-5,
    "mean": 0.7243207289737654
  }
}
