{
  "energy": {
    "variance": 0.0016143332212103843,
    "error": 4.017876579998923e-5,
    "mean": -0.42110561371527777
  },
  "magnetization": {
    "variance": 0.022625836873178647,
    "error": 0.00015041887139976372,
    "mean": -0.0013558263888888886
  }
}
