{
  "sqr_magnetization": {
    "variance": 0.023941807269974066,
    "error": 0.00015473140363214593,
    "mean": 0.6556574075641396
  },
  "energy": {
    "variance": 0.0027683369902495947,
    "error": 5.261498826617369e-5,
    "mean": -0.7864694756944445
  },
  "magnetization": {
    "variance": 0.01345600342891015,
    "error": 0.00011600001477978418,
    "mean": -0.8013747048611112
  },
  "sqr_energy": {
    "variance": 0.006673280063895828,
    "error": 8.169014667569051e-5,
    "mean": 0.621302570421007
  }
}
