{
  "sqr_magnetization": {
    "variance": 0.0007673012776447917,
    "error": 2.7700203566847514e-5,
    "mean": 0.020111512996720676
  },
  "abs_magnetization": {
    "variance": 0.007209314859019912,
    "error": 8.490768433433992e-5,
    "mean": 0.113587875
  },
  "energy": {
    "variance": 0.0015664584067134103,
    "error": 3.9578509404895605e-5,
    "mean": -0.40799450347222227
  },
  "magnetization": {
    "variance": 0.02011096315608425,
    "error": 0.00014181312758727326,
    "mean": -0.000754951388888889
  },
  "sqr_energy": {
    "variance": 0.0010579090682472337,
    "error": 3.252551411195884e-5,
    "mean": 0.16802597170380015
  }
}
