{
  "sqr_magnetization": {
    "variance": 0.03492829195291631,
    "error": 0.00018689112325874738,
    "mean": 0.4852631624831211
  },
  "energy": {
    "variance": 0.003446057088184741,
    "error": 5.8703126732608894e-5,
    "mean": -0.7146929097222222
  },
  "magnetization": {
    "variance": 0.26904568740543605,
    "error": 0.0005186961416912951,
    "mean": 0.4649921979166667
  },
  "sqr_energy": {
    "variance": 0.006987721540814298,
    "error": 8.359259261928834e-5,
    "mean": 0.5142320088493441
  }
}
