{
  "sqr_magnetization": {
    "variance": 0.0010289284076732937,
    "error": 3.207691393624539e-5,
    "mean": 0.9269309392481679
  },
  "abs_magnetization": {
    "variance": 0.0002824244751924992,
    "error": 1.6805489436267518e-5,
    "mean": 0.96262584375
  },
  "energy": {
    "variance": 0.0005341379785823145,
    "error": 2.3111425282364446e-5,
    "mean": -0.9379314340277778
  },
  "magnetization": {
    "variance": 0.0002824244751924992,
    "error": 1.6805489436267518e-5,
    "mean": 0.96262584375
  },
  "sqr_energy": {
    "variance": 0.0018607642560022157,
    "error": 4.3136576776585045e-5,
    "mean": 0.8802495123818482
  }
}
