{
  "sqr_magnetization": {
    "variance": 0.0005226586839730416,
    "error": 2.2861729680254763e-5,
    "mean": 0.016433106939621914
  },
  "energy": {
    "variance": 0.0014854814002321236,
    "error": 3.854194338940531e-5,
    "mean": -0.38786960416666666
  },
  "magnetization": {
    "variance": 0.01641586648558022,
    "error": 0.00012812441799118628,
    "mean": 0.0041541388888888895
  },
  "sqr_energy": {
    "variance": 0.0009084729860767131,
    "error": 3.0140885621970585e-5,
    "mean": 0.15192830975115743
  }
}
