{
  "energy": {
    "variance": 0.004021461193989116,
    "error": 6.34149918709221e-5,
    "mean": -0.6973626319444445
  },
  "magnetization": {
    "variance": 0.4264322696127719,
    "error": 0.000653017817224593,
    "mean": -0.0310996388888889
  }
}
