{
  "sqr_magnetization": {
    "variance": 0.0014507958867362141,
    "error": 3.808931460050462e-5,
    "mean": 0.9087569455536268
  },
  "energy": {
    "variance": 0.0006723442993079859,
    "error": 2.5929602760319835e-5,
    "mean": -0.9245722847222222
  },
  "magnetization": {
    "variance": 0.00040780984779012356,
    "error": 2.0194302359579635e-5,
    "mean": 0.9530735208333334
  },
  "sqr_energy": {
    "variance": 0.0022756275267384,
    "error": 4.770353788492422e-5,
    "mean": 0.8555062533034338
  }
}
