{
  "sqr_magnetization": {
    "variance": 0.02267585075112435,
    "error": 0.00015058502831000282,
    "mean": 0.6136855008680555
  },
  "energy": {
    "variance": 0.0028600833482392124,
    "error": 5.347974708466012e-5,
    "mean": -0.7654738888888889
  },
  "magnetization": {
    "variance": 0.011487245260569143,
    "error": 0.0001071785671697898,
    "mean": 0.7760143472222223
  },
  "sqr_energy": {
    "variance": 0.0065966665721685445,
    "error": 8.12198656251569e-5,
    "mean": 0.5888103550588348
  }
}
