{
  "sqr_magnetization": {
    "variance": 0.0007661328539525852,
    "error": 2.767910500635064e-5,
    "mean": 0.940498673369985
  },
  "abs_magnetization": {
    "variance": 0.00020653634050002678,
    "error": 1.4371372255286785e-5,
    "mean": 0.9696866180555554
  },
  "energy": {
    "variance": 0.0004331551278889243,
    "error": 2.0812379198182132e-5,
    "mean": -0.9484826388888888
  },
  "magnetization": {
    "variance": 0.00020653634050002678,
    "error": 1.4371372255286785e-5,
    "mean": 0.9696866180555554
  },
  "sqr_energy": {
    "variance": 0.001543736758325197,
    "error": 3.929041560387466e-5,
    "mean": 0.9000524709683645
  }
}
