{
  "sqr_magnetization": {
    "variance": 0.01633017223511654,
    "error": 0.0001277895623089638,
    "mean": 0.6919014159312307
  },
  "abs_magnetization": {
    "variance": 0.008078695124472698,
    "error": 8.988156164905402e-5,
    "mean": 0.8269357465277778
  },
  "energy": {
    "variance": 0.0024152229769079697,
    "error": 4.91449181188449e-5,
    "mean": -0.7990227083333332
  },
  "magnetization": {
    "variance": 0.6396596090768215,
    "error": 0.0007997872273778955,
    "mean": 0.22856606597222226
  },
  "sqr_energy": {
    "variance": 0.0060294165914718464,
    "error": 7.764931803610284e-5,
    "mean": 0.64085250899402
  }
}
