{
  "sqr_magnetization": {
    "variance": 0.03260448086466114,
    "error": 0.00018056710903334845,
    "mean": 0.5725063053023727
  },
  "abs_magnetization": {
    "variance": 0.02264856261701592,
    "error": 0.00015049439397205437,
    "mean": 0.7415239479166666
  },
  "energy": {
    "variance": 0.003355464334774702,
    "error": 5.792636994301215e-5,
    "mean": -0.7499097534722222
  },
  "magnetization": {
    "variance": 0.5577163397754032,
    "error": 0.0007468040839305871,
    "mean": 0.12161629513888889
  },
  "sqr_energy": {
    "variance": 0.007383726245297746,
    "error": 8.592861133113782e-5,
    "mean": 0.5657200993320796
  }
}
