{
  "sqr_magnetization": {
    "variance": 0.0016882467176636256,
    "error": 4.108827956563314e-5,
    "mean": 0.030593395857445988
  },
  "abs_magnetization": {
    "variance": 0.010774750180633669,
    "error": 0.00010380149411561314,
    "mean": 0.14077875
  },
  "energy": {
    "variance": 0.0017473081065372243,
    "error": 4.180081466355918e-5,
    "mean": -0.4536614930555556
  },
  "magnetization": {
    "variance": 0.030590138974954564,
    "error": 0.00017490036871017328,
    "mean": 0.0018131388888888889
  },
  "sqr_energy": {
    "variance": 0.001458605862007328,
    "error": 3.8191698862545085e-5,
    "mean": 0.207556056640625
  }
}
