{
  "sqr_magnetization": {
    "variance": 0.008481625425799992,
    "error": 9.209574054102606e-5,
    "mean": 0.7834383718894676
  },
  "energy": {
    "variance": 0.0016486756550118699,
    "error": 4.060388719090661e-5,
    "mean": -0.8464430798611111
  },
  "magnetization": {
    "variance": 0.0033197856077593737,
    "error": 5.7617580717688706e-5,
    "mean": -0.8832432222222223
  },
  "sqr_energy": {
    "variance": 0.004637498232435786,
    "error": 6.80991793815152e-5,
    "mean": 0.7181145614510994
  }
}
