{
  "sqr_magnetization": {
    "variance": 0.02365058787857085,
    "error": 0.00015378747633852,
    "mean": 0.15750912070794754
  },
  "abs_magnetization": {
    "variance": 0.04235945981207844,
    "error": 0.00020581413899943424,
    "mean": 0.3393371527777778
  },
  "energy": {
    "variance": 0.0030573413103309774,
    "error": 5.529323023961412e-5,
    "mean": -0.58806109375
  },
  "magnetization": {
    "variance": 0.1573233574206066,
    "error": 0.00039664008549389785,
    "mean": 0.013635270833333334
  },
  "sqr_energy": {
    "variance": 0.004369874216766609,
    "error": 6.610502414163851e-5,
    "mean": 0.34887318823543595
  }
}
