{
  "sqr_magnetization": {
    "variance": 0.03113820200379966,
    "error": 0.00017646019948928897,
    "mean": 0.20289528960503475
  },
  "abs_magnetization": {
    "variance": 0.047307725606466615,
    "error": 0.00021750339217232133,
    "mean": 0.3944459548611111
  },
  "energy": {
    "variance": 0.0034045144911073622,
    "error": 5.8348217548673775e-5,
    "mean": -0.6102617326388887
  },
  "magnetization": {
    "variance": 0.20287793059214068,
    "error": 0.00045041972713474784,
    "mean": -0.004190690972222225
  },
  "sqr_energy": {
    "variance": 0.005233204849872353,
    "error": 7.23408933444449e-5,
    "mean": 0.37582389341001154
  }
}
