{
  "energy": {
    "variance": 0.0012954312733699123,
    "error": 3.599210015225441e-5,
    "mean": -0.8697489678819444
  },
  "magnetization": {
    "variance": 0.001401424029190956,
    "error": 3.743559842170225e-5,
    "mean": 0.9086015625
  }
}
