{
  "sqr_magnetization": {
    "variance": 0.01980305627525778,
    "error": 0.000140723332376894,
    "mean": 0.1366333648847415
  },
  "abs_magnetization": {
    "variance": 0.038659175939461124,
    "error": 0.00019661936816972312,
    "mean": 0.3130083506944445
  },
  "energy": {
    "variance": 0.0028651438611270656,
    "error": 5.352703859851641e-5,
    "mean": -0.5774600243055555
  },
  "magnetization": {
    "variance": 0.13658466714163423,
    "error": 0.00036957362885037433,
    "mean": -0.006988156249999999
  },
  "sqr_energy": {
    "variance": 0.00394372760839048,
    "error": 6.279910515596921e-5,
    "mean": 0.336325220666956
  }
}
