{
  "sqr_magnetization": {
    "variance": 0.003458586919191744,
    "error": 5.880975190554492e-5,
    "mean": 0.8458728462456598
  },
  "energy": {
    "variance": 0.0011371966236712451,
    "error": 3.3722346058233325e-5,
    "mean": -0.8819246284722222
  },
  "magnetization": {
    "variance": 0.00106790540253068,
    "error": 3.267882192690979e-5,
    "mean": 0.9191327118055556
  },
  "sqr_energy": {
    "variance": 0.0034939254954107503,
    "error": 5.910943660204139e-5,
    "mean": 0.7789282457923418
  }
}
