{
  "energy": {
    "variance": 0.0038760726582114024,
    "error": 6.225811319186763e-5,
    "mean": -0.6444538958333332
  },
  "magnetization": {
    "variance": 0.2882011405860552,
    "error": 0.0005368436835672515,
    "mean": 0.0022871319444444597
  }
}
