{
  "sqr_magnetization": {
    "variance": 0.0006734868612162807,
    "error": 2.595162540605657e-5,
    "mean": 0.9453610840687697
  },
  "energy": {
    "variance": 0.00039727212488781743,
    "error": 1.9931686453680167e-5,
    "mean": -0.952363673611111
  },
  "magnetization": {
    "variance": 0.00018031135049092944,
    "error": 1.3428006199392724e-5,
    "mean": 0.972204079861111
  },
  "sqr_energy": {
    "variance": 0.0014276044855647703,
    "error": 3.778365368204576e-5,
    "mean": 0.907393838541667
  }
}
