{
  "sqr_magnetization": {
    "variance": 0.0009751804399986724,
    "error": 3.122787921070966e-5,
    "mean": 0.022943067431037804
  },
  "energy": {
    "variance": 0.0016393488932206141,
    "error": 4.0488873696617125e-5,
    "mean": -0.42593643055555563
  },
  "magnetization": {
    "variance": 0.022942624894386553,
    "error": 0.00015146823064387646,
    "mean": -0.000682260416666667
  },
  "sqr_energy": {
    "variance": 0.0012026094096165745,
    "error": 3.467865928228158e-5,
    "mean": 0.18306119012827932
  }
}
