{
  "sqr_magnetization": {
    "variance": 0.010602430916579109,
    "error": 0.00010296810630762861,
    "mean": 0.08801554693528164
  },
  "abs_magnetization": {
    "variance": 0.028069542800300405,
    "error": 0.00016753967530200244,
    "mean": 0.24483878819444443
  },
  "energy": {
    "variance": 0.002382930756607828,
    "error": 4.881527175595592e-5,
    "mean": -0.5438351631944445
  },
  "magnetization": {
    "variance": 0.08801463018731025,
    "error": 0.00029667259763468257,
    "mean": 0.0010023784722222226
  },
  "sqr_energy": {
    "variance": 0.002887525563239924,
    "error": 5.3735701011896406e-5,
    "mean": 0.2981396131004051
  }
}
