{
  "sqr_magnetization": {
    "variance": 0.0035776980954515024,
    "error": 5.9813862067680456e-5,
    "mean": 0.8418157961516205
  },
  "energy": {
    "variance": 0.001166820167996094,
    "error": 3.4158749508670454e-5,
    "mean": -0.8792548888888889
  },
  "magnetization": {
    "variance": 0.00110905387001447,
    "error": 3.33024604198319e-5,
    "mean": 0.9169006180555557
  },
  "sqr_energy": {
    "variance": 0.003563287920310846,
    "error": 5.9693282036681864e-5,
    "mean": 0.7742559786361882
  }
}
