{
  "sqr_magnetization": {
    "variance": 0.012361701414942432,
    "error": 0.00011118318854459263,
    "mean": 0.7417039762610917
  },
  "energy": {
    "variance": 0.0020379507400795863,
    "error": 4.514366777389257e-5,
    "mean": -0.8241519965277777
  },
  "magnetization": {
    "variance": 0.005590132288749561,
    "error": 7.476718724647571e-5,
    "mean": 0.8579707743055555
  },
  "sqr_energy": {
    "variance": 0.005399938154802735,
    "error": 7.348427147902289e-5,
    "mean": 0.681264462082851
  }
}
