{
  "energy": {
    "variance": 0.003594866627604752,
    "error": 5.995720663610632e-5,
    "mean": -0.6246047326388889
  },
  "magnetization": {
    "variance": 0.23129723360499352,
    "error": 0.00048093371019818684,
    "mean": -0.014306878472222213
  }
}
