{
  "sqr_magnetization": {
    "variance": 0.008850593190037365,
    "error": 9.407759132778307e-5,
    "mean": 0.7683591486545138
  },
  "energy": {
    "variance": 0.0017106592108701967,
    "error": 4.136011618540495e-5,
    "mean": -0.8377536458333333
  },
  "magnetization": {
    "variance": 0.0033802760751215615,
    "error": 5.8140141684739315e-5,
    "mean": 0.8746307083333332
  },
  "sqr_energy": {
    "variance": 0.004722763815882244,
    "error": 6.872236765335027e-5,
    "mean": 0.703541828607253
  }
}
