{
  "sqr_magnetization": {
    "variance": 0.0003504094322965902,
    "error": 1.8719226273983394e-5,
    "mean": 0.01346805914834105
  },
  "abs_magnetization": {
    "variance": 0.004837261736701552,
    "error": 6.955042585564485e-5,
    "mean": 0.09290211111111113
  },
  "energy": {
    "variance": 0.0014064149495283272,
    "error": 3.7502199262554286e-5,
    "mean": -0.36017360416666666
  },
  "magnetization": {
    "variance": 0.01346778223734199,
    "error": 0.00011605077439354719,
    "mean": 0.0005388680555555556
  },
  "sqr_energy": {
    "variance": 0.0007399279851881819,
    "error": 2.7201617326699195e-5,
    "mean": 0.13113143868152005
  }
}
