{
  "sqr_magnetization": {
    "variance": 0.03597339272924777,
    "error": 0.00018966653033481625,
    "mean": 0.5336859247926312
  },
  "abs_magnetization": {
    "variance": 0.02662861842107598,
    "error": 0.0001631827761164639,
    "mean": 0.7120795833333332
  },
  "energy": {
    "variance": 0.003578507906562389,
    "error": 5.982063111136816e-5,
    "mean": -0.7345762395833333
  },
  "magnetization": {
    "variance": 0.5335081141466589,
    "error": 0.0007304163977805118,
    "mean": 0.013354555555555559
  },
  "sqr_energy": {
    "variance": 0.007580815100668698,
    "error": 8.706787639921337e-5,
    "mean": 0.5431807560884453
  }
}
