{
  "sqr_magnetization": {
    "variance": 0.013937217687535225,
    "error": 0.0001180559938653486,
    "mean": 0.1029313784601659
  },
  "energy": {
    "variance": 0.0025845087914030695,
    "error": 5.08380643947335e-5,
    "mean": -0.5570528854166666
  },
  "magnetization": {
    "variance": 0.10262049973468412,
    "error": 0.0003203443455637763,
    "mean": 0.017634663194444452
  },
  "sqr_energy": {
    "variance": 0.00330604861140258,
    "error": 5.74982487681371e-5,
    "mean": 0.3128924233579282
  }
}
