{
  "sqr_magnetization": {
    "variance": 0.014761777146411175,
    "error": 0.00012149805408487485,
    "mean": 0.7463778882619599
  },
  "energy": {
    "variance": 0.002071394975730323,
    "error": 4.551258041168753e-5,
    "mean": -0.8281595381944444
  },
  "magnetization": {
    "variance": 0.6697705900437968,
    "error": 0.0008183951307551852,
    "mean": 0.27678144444444447
  },
  "sqr_energy": {
    "variance": 0.005512087154002233,
    "error": 7.424343172296276e-5,
    "mean": 0.6879196136067708
  }
}
