{
  "sqr_magnetization": {
    "variance": 0.0030896362808378085,
    "error": 5.558449676697459e-5,
    "mean": 0.042781442165798614
  },
  "abs_magnetization": {
    "variance": 0.01473408718666694,
    "error": 0.00012138404832047307,
    "mean": 0.1674734895833333
  },
  "energy": {
    "variance": 0.0019126574702543913,
    "error": 4.373393956933667e-5,
    "mean": -0.48332190625
  },
  "magnetization": {
    "variance": 0.04277251206367467,
    "error": 0.0002068151640080453,
    "mean": 0.002995475694444444
  },
  "sqr_energy": {
    "variance": 0.0018165199104938053,
    "error": 4.262065122090235e-5,
    "mean": 0.23551272061873077
  }
}
