{
  "sqr_magnetization": {
    "variance": 0.0008076772433165287,
    "error": 2.8419662969791333e-5,
    "mean": 0.9402184017288777
  },
  "energy": {
    "variance": 0.0004418043284898513,
    "error": 2.101914195417718e-5,
    "mean": -0.9483898125
  },
  "magnetization": {
    "variance": 0.00021873042623523663,
    "error": 1.4789537728922992e-5,
    "mean": 0.9695358020833332
  },
  "sqr_energy": {
    "variance": 0.0015730449407754094,
    "error": 3.9661630586442226e-5,
    "mean": 0.899885040340471
  }
}
