{
  "sqr_magnetization": {
    "variance": 0.0005917482055702022,
    "error": 2.4325875227218487e-5,
    "mean": 0.01764514885947145
  },
  "energy": {
    "variance": 0.0015463019120378306,
    "error": 3.932304555903358e-5,
    "mean": -0.3935507638888889
  },
  "magnetization": {
    "variance": 0.017627462115815402,
    "error": 0.0001327684530143189,
    "mean": -0.00420765625
  },
  "sqr_energy": {
    "variance": 0.0009702104846560462,
    "error": 3.114820194900576e-5,
    "mean": 0.1564285041232639
  }
}
