{
  "sqr_magnetization": {
    "variance": 0.016331011969628474,
    "error": 0.00012779284788136023,
    "mean": 0.6948806629653742
  },
  "energy": {
    "variance": 0.0023174843493022025,
    "error": 4.8140257054799806e-5,
    "mean": -0.8018915625
  },
  "magnetization": {
    "variance": 0.00768424594762788,
    "error": 8.765983086698194e-5,
    "mean": -0.8289731145833332
  },
  "sqr_energy": {
    "variance": 0.005838407241706116,
    "error": 7.640947089010705e-5,
    "mean": 0.6453475600405092
  }
}
