{
  "sqr_magnetization": {
    "variance": 0.0007117067060622295,
    "error": 2.6677831734648706e-5,
    "mean": 0.019780799225983796
  },
  "energy": {
    "variance": 0.0015510538330569196,
    "error": 3.9383420789171166e-5,
    "mean": -0.4055147777777778
  },
  "magnetization": {
    "variance": 0.01976709343460056,
    "error": 0.00014059549578347293,
    "mean": 0.0037048020833333334
  },
  "sqr_energy": {
    "variance": 0.0010340037142873232,
    "error": 3.215592813599575e-5,
    "mean": 0.16599328727816356
  }
}
