{
  "sqr_magnetization": {
    "variance": 0.0016272325428572044,
    "error": 4.033897052302159e-5,
    "mean": 0.0301697525318287
  },
  "abs_magnetization": {
    "variance": 0.010605749937238364,
    "error": 0.00010298422178779798,
    "mean": 0.1398714166666667
  },
  "energy": {
    "variance": 0.001744632637277506,
    "error": 4.1768799806524325e-5,
    "mean": -0.4517427361111111
  },
  "magnetization": {
    "variance": 0.030162000182497824,
    "error": 0.00017367210536668756,
    "mean": 0.0027897152777777772
  },
  "sqr_energy": {
    "variance": 0.001444644842575321,
    "error": 3.800848382368496e-5,
    "mean": 0.20581613052179784
  }
}
