{
  "sqr_magnetization": {
    "variance": 0.011331860642081358,
    "error": 0.00010645121249699957,
    "mean": 0.7163556531515238
  },
  "energy": {
    "variance": 0.0020889325843783794,
    "error": 4.5704842023339056e-5,
    "mean": -0.8095159305555555
  },
  "magnetization": {
    "variance": 0.004488768186942847,
    "error": 6.699827002947797e-5,
    "mean": 0.843722045138889
  },
  "sqr_energy": {
    "variance": 0.005387233576068167,
    "error": 7.339777637005203e-5,
    "mean": 0.6574049723186728
  }
}
