{
  "sqr_magnetization": {
    "variance": 0.002293166466322262,
    "error": 4.788701772215787e-5,
    "mean": 0.8796306935643328
  },
  "energy": {
    "variance": 0.0008962568009245164,
    "error": 2.99375483452556e-5,
    "mean": -0.9040743784722223
  },
  "magnetization": {
    "variance": 0.0006729005128058826,
    "error": 2.5940325996522917e-5,
    "mean": 0.9375274895833333
  },
  "sqr_energy": {
    "variance": 0.0028970208659318537,
    "error": 5.382398039844186e-5,
    "mean": 0.8182467377146028
  }
}
