{
  "sqr_magnetization": {
    "variance": 0.001338237374645587,
    "error": 3.658192688535676e-5,
    "mean": 0.9139154557171106
  },
  "energy": {
    "variance": 0.0006348780294464011,
    "error": 2.5196786093595373e-5,
    "mean": -0.9283735729166668
  },
  "magnetization": {
    "variance": 0.0003737436394215787,
    "error": 1.9332450424650744e-5,
    "mean": 0.9557937604166666
  },
  "sqr_energy": {
    "variance": 0.0021659752429180764,
    "error": 4.654003913747899e-5,
    "mean": 0.862512368284626
  }
}
