{
  "sqr_magnetization": {
    "variance": 0.0015380980350480323,
    "error": 3.921859297639364e-5,
    "mean": 0.9050317597173999
  },
  "abs_magnetization": {
    "variance": 0.0004355568710659375,
    "error": 2.086999930680252e-5,
    "mean": 0.951102625
  },
  "energy": {
    "variance": 0.0006971314599284794,
    "error": 2.640324714743396e-5,
    "mean": -0.9216467291666667
  },
  "magnetization": {
    "variance": 0.0004355568710659375,
    "error": 2.086999930680252e-5,
    "mean": 0.951102625
  },
  "sqr_energy": {
    "variance": 0.0023434217795971738,
    "error": 4.840890186316122e-5,
    "mean": 0.850129824146412
  }
}
