{
  "sqr_magnetization": {
    "variance": 0.00105100580868112,
    "error": 3.2419219742015995e-5,
    "mean": 0.9286789893904326
  },
  "energy": {
    "variance": 0.000529856808420068,
    "error": 2.3018618733974197e-5,
    "mean": -0.9395018854166665
  },
  "magnetization": {
    "variance": 0.0002891562797133302,
    "error": 1.7004595840928716e-5,
    "mean": 0.9635298819444444
  },
  "sqr_energy": {
    "variance": 0.0018508664828805535,
    "error": 4.302169781494628e-5,
    "mean": 0.8831936489800349
  }
}
