{
  "sqr_magnetization": {
    "variance": 0.0006517337010080336,
    "error": 2.5529075600343103e-5,
    "mean": 0.9465815631389858
  },
  "energy": {
    "variance": 0.000388356279220284,
    "error": 1.970675719696886e-5,
    "mean": -0.9533204027777777
  },
  "magnetization": {
    "variance": 0.0001742273541935844,
    "error": 1.3199520983489682e-5,
    "mean": 0.9728346909722221
  },
  "sqr_energy": {
    "variance": 0.0013983798856130273,
    "error": 3.739491791156958e-5,
    "mean": 0.9092081462432489
  }
}
