{
  "sqr_magnetization": {
    "variance": 0.0011124711219466304,
    "error": 3.335372725718417e-5,
    "mean": 0.9269638856698499
  },
  "energy": {
    "variance": 0.0005434301361359496,
    "error": 2.331158802261119e-5,
    "mean": -0.93828696875
  },
  "magnetization": {
    "variance": 0.00030721532365570505,
    "error": 1.7527558975958548e-5,
    "mean": 0.962630079861111
  },
  "sqr_energy": {
    "variance": 0.0018929003599861848,
    "error": 4.3507474759932744e-5,
    "mean": 0.8809258653187696
  }
}
