{
  "sqr_magnetization": {
    "variance": 0.03469886733722757,
    "error": 0.00018627631985098793,
    "mean": 0.22547778604841823
  },
  "abs_magnetization": {
    "variance": 0.04941497505543951,
    "error": 0.00022229479313614053,
    "mean": 0.41959845138888885
  },
  "energy": {
    "variance": 0.0035431880578117914,
    "error": 5.9524684441093775e-5,
    "mean": -0.6211232881944445
  },
  "magnetization": {
    "variance": 0.22544413262557553,
    "error": 0.00047480957511993743,
    "mean": 0.0058205555555555545
  },
  "sqr_energy": {
    "variance": 0.005633446282756,
    "error": 7.505628742987493e-5,
    "mean": 0.38933732365210255
  }
}
