{
  "sqr_magnetization": {
    "variance": 0.0009339953351909935,
    "error": 3.056133726117026e-5,
    "mean": 0.9315818096426509
  },
  "abs_magnetization": {
    "variance": 0.00025467122872503613,
    "error": 1.5958421874516168e-5,
    "mean": 0.9650529201388888
  },
  "energy": {
    "variance": 0.0004997752337031732,
    "error": 2.235565328285383e-5,
    "mean": -0.9415086493055556
  },
  "magnetization": {
    "variance": 0.00025467122872503613,
    "error": 1.5958421874516168e-5,
    "mean": 0.9650529201388888
  },
  "sqr_energy": {
    "variance": 0.001754702818618455,
    "error": 4.188917304767969e-5,
    "mean": 0.8869383114510998
  }
}
