{
  "sqr_magnetization": {
    "variance": 0.000839852157930585,
    "error": 2.8980202862136507e-5,
    "mean": 0.9387634079740552
  },
  "energy": {
    "variance": 0.00045231086146961915,
    "error": 2.1267601215690007e-5,
    "mean": -0.9472800138888888
  },
  "magnetization": {
    "variance": 0.00022787884688413952,
    "error": 1.5095656556908664e-5,
    "mean": 0.9687804340277776
  },
  "sqr_energy": {
    "variance": 0.001606910726022969,
    "error": 4.008629099858166e-5,
    "mean": 0.8977917351224926
  }
}
