{
  "sqr_magnetization": {
    "variance": 0.0010965105380869838,
    "error": 3.311360050020209e-5,
    "mean": 0.9236292320722419
  },
  "abs_magnetization": {
    "variance": 0.00030225742567051154,
    "error": 1.738555221068665e-5,
    "mean": 0.9608990451388889
  },
  "energy": {
    "variance": 0.0005578473797148445,
    "error": 2.361879293517864e-5,
    "mean": -0.9354150868055555
  },
  "magnetization": {
    "variance": 0.00030225742567051154,
    "error": 1.738555221068665e-5,
    "mean": 0.9608990451388889
  },
  "sqr_energy": {
    "variance": 0.0019328308728763788,
    "error": 4.396397244194818e-5,
    "mean": 0.8755592314453128
  }
}
