{
  "sqr_magnetization": {
    "variance": 0.012289410534689345,
    "error": 0.00011085761378763907,
    "mean": 0.729235918740355
  },
  "abs_magnetization": {
    "variance": 0.005516273857331728,
    "error": 7.427162215363098e-5,
    "mean": 0.850717138888889
  },
  "energy": {
    "variance": 0.0020925531109507647,
    "error": 4.574443256780834e-5,
    "mean": -0.8167812673611111
  },
  "magnetization": {
    "variance": 0.7113281629863298,
    "error": 0.0008434027288231464,
    "mean": 0.13382252083333335
  },
  "sqr_energy": {
    "variance": 0.005472505971503577,
    "error": 7.397638793225564e-5,
    "mean": 0.6692241897304205
  }
}
