{
  "sqr_magnetization": {
    "variance": 0.0011636632982983102,
    "error": 3.411250941074711e-5,
    "mean": 0.9209354211998461
  },
  "abs_magnetization": {
    "variance": 0.0003221439355420837,
    "error": 1.7948368603917285e-5,
    "mean": 0.9594859444444443
  },
  "energy": {
    "variance": 0.0005783682889720574,
    "error": 2.404928874150039e-5,
    "mean": -0.9334159409722222
  },
  "magnetization": {
    "variance": 0.0003221439355420837,
    "error": 1.7948368603917285e-5,
    "mean": 0.9594859444444443
  },
  "sqr_energy": {
    "variance": 0.001995162526995942,
    "error": 4.4667242213908196e-5,
    "mean": 0.871843686571663
  }
}
