{
  "sqr_magnetization": {
    "variance": 0.0012757814787574644,
    "error": 3.5718083357838006e-5,
    "mean": 0.9152956937451779
  },
  "energy": {
    "variance": 0.0006228839613945709,
    "error": 2.4957643346168942e-5,
    "mean": -0.9292447083333334
  },
  "magnetization": {
    "variance": 0.0003551667829273925,
    "error": 1.8845869121040622e-5,
    "mean": 0.956525236111111
  },
  "sqr_energy": {
    "variance": 0.0021294515217915896,
    "error": 4.614598055943323e-5,
    "mean": 0.8641186113040125
  }
}
