{
  "sqr_magnetization": {
    "variance": 0.01754302934336094,
    "error": 0.00013245010133390212,
    "mean": 0.6619672653597607
  },
  "energy": {
    "variance": 0.0025018512862597427,
    "error": 5.001850943660499e-5,
    "mean": -0.7846168229166668
  },
  "magnetization": {
    "variance": 0.008225793940144586,
    "error": 9.069616276416872e-5,
    "mean": -0.8085428125
  },
  "sqr_energy": {
    "variance": 0.006051177996081471,
    "error": 7.778931800756112e-5,
    "mean": 0.6181254075882523
  }
}
