{
  "sqr_magnetization": {
    "variance": 0.04526814617957634,
    "error": 0.00021276312222651825,
    "mean": 0.35839285228587964
  },
  "energy": {
    "variance": 0.0040108388698122015,
    "error": 6.333118402345089e-5,
    "mean": -0.6738432430555557
  },
  "magnetization": {
    "variance": 0.35246670164242383,
    "error": 0.0005936890614138211,
    "mean": -0.07698378472222221
  },
  "sqr_energy": {
    "variance": 0.007320770701889699,
    "error": 8.556150245226938e-5,
    "mean": 0.45807555107060177
  }
}
