{
  "sqr_magnetization": {
    "variance": 0.0010618305206654287,
    "error": 3.2585741063622116e-5,
    "mean": 0.024399546284239973
  },
  "energy": {
    "variance": 0.0016415961344534724,
    "error": 4.05166155355241e-5,
    "mean": -0.4314089270833334
  },
  "magnetization": {
    "variance": 0.024396629301040845,
    "error": 0.00015619420380104008,
    "mean": -0.0017150451388888894
  },
  "sqr_energy": {
    "variance": 0.0012426251828664668,
    "error": 3.5250889107460354e-5,
    "mean": 0.18775525686005015
  }
}
