{
  "sqr_magnetization": {
    "variance": 0.0004933801013437368,
    "error": 2.2212161113762363e-5,
    "mean": 0.015880465808256174
  },
  "energy": {
    "variance": 0.001495265819914149,
    "error": 3.866866715978388e-5,
    "mean": -0.38472669097222223
  },
  "magnetization": {
    "variance": 0.01587854065733676,
    "error": 0.00012601008157023293,
    "mean": -0.0013932083333333329
  },
  "sqr_energy": {
    "variance": 0.0008973737891993049,
    "error": 2.9956197842838882e-5,
    "mean": 0.14950989107108412
  }
}
