{
  "sqr_magnetization": {
    "variance": 0.009343531503091385,
    "error": 9.6661944440878e-5,
    "mean": 0.7532236960720485
  },
  "abs_magnetization": {
    "variance": 0.003598529302639437,
    "error": 5.998774293669863e-5,
    "mean": 0.86580896875
  },
  "energy": {
    "variance": 0.0018783992576644846,
    "error": 4.334050366186905e-5,
    "mean": -0.8284646354166667
  },
  "magnetization": {
    "variance": 0.0036287601912357776,
    "error": 6.023919148889515e-5,
    "mean": 0.8657915104166668
  },
  "sqr_energy": {
    "variance": 0.005068135137737653,
    "error": 7.119083605168332e-5,
    "mean": 0.6882320495153356
  }
}
