{
  "sqr_magnetization": {
    "variance": 0.004767369776755315,
    "error": 6.904614237417841e-5,
    "mean": 0.8154199654224539
  },
  "energy": {
    "variance": 0.0013637958413876509,
    "error": 3.692960656962989e-5,
    "mean": -0.8629313368055554
  },
  "magnetization": {
    "variance": 0.001546259148316971,
    "error": 3.932250180643357e-5,
    "mean": 0.9021494930555555
  },
  "sqr_energy": {
    "variance": 0.004006214323535241,
    "error": 6.329466267810612e-5,
    "mean": 0.7460142865186149
  }
}
