{
  "sqr_magnetization": {
    "variance": 0.0008518022069570244,
    "error": 2.9185650702991434e-5,
    "mean": 0.9358744153645837
  },
  "abs_magnetization": {
    "variance": 0.00023100069169339977,
    "error": 1.5198706908595868e-5,
    "mean": 0.9672866249999998
  },
  "energy": {
    "variance": 0.00046773151681425945,
    "error": 2.1627101442732898e-5,
    "mean": -0.9448485798611111
  },
  "magnetization": {
    "variance": 0.00023100069169339977,
    "error": 1.5198706908595868e-5,
    "mean": 0.9672866249999998
  },
  "sqr_energy": {
    "variance": 0.0016540454897925286,
    "error": 4.0669958074634506e-5,
    "mean": 0.8932065699146415
  }
}
