{
  "sqr_magnetization": {
    "variance": 0.007356532391773463,
    "error": 8.577023021872719e-5,
    "mean": 0.07035831864872685
  },
  "energy": {
    "variance": 0.0022134291660497168,
    "error": 4.704709519247407e-5,
    "mean": -0.5273941979166668
  },
  "magnetization": {
    "variance": 0.06989949300980762,
    "error": 0.00026438512251979613,
    "mean": -0.02142184722222222
  },
  "sqr_energy": {
    "variance": 0.002509143969367976,
    "error": 5.009135623406473e-5,
    "mean": 0.28035806694878473
  }
}
