{
  "sqr_magnetization": {
    "variance": 0.0018763923459266826,
    "error": 4.331734463152933e-5,
    "mean": 0.03258636349826389
  },
  "energy": {
    "variance": 0.0017484413966076294,
    "error": 4.181436830334316e-5,
    "mean": -0.46439635416666664
  },
  "magnetization": {
    "variance": 0.032556845355106154,
    "error": 0.00018043515554100358,
    "mean": 0.005436055555555557
  },
  "sqr_energy": {
    "variance": 0.001524278438735306,
    "error": 3.904200864114583e-5,
    "mean": 0.21741241341145834
  }
}
