{
  "sqr_magnetization": {
    "variance": 0.0009726768630398878,
    "error": 3.118776784317672e-5,
    "mean": 0.9318051134018137
  },
  "energy": {
    "variance": 0.0005075819702748232,
    "error": 2.252957989565769e-5,
    "mean": -0.9418388958333334
  },
  "magnetization": {
    "variance": 0.0002660333004360782,
    "error": 1.631052728871995e-5,
    "mean": 0.9651627222222221
  },
  "sqr_energy": {
    "variance": 0.0017818403086679075,
    "error": 4.221185033456728e-5,
    "mean": 0.8875680871672457
  }
}
