{
  "sqr_magnetization": {
    "variance": 0.0028551920568332966,
    "error": 5.343399720059596e-5,
    "mean": 0.8838863452329286
  },
  "energy": {
    "variance": 0.000887581904825298,
    "error": 2.9792312847868964e-5,
    "mean": -0.9076613125
  },
  "magnetization": {
    "variance": 0.0009819854955299473,
    "error": 3.1336647803010886e-5,
    "mean": -0.93962990625
  },
  "sqr_energy": {
    "variance": 0.0028803756414818946,
    "error": 5.366913117875018e-5,
    "mean": 0.8247366392264662
  }
}
