{
  "sqr_magnetization": {
    "variance": 0.0018966278625075128,
    "error": 4.35502911874021e-5,
    "mean": 0.8917395770037619
  },
  "abs_magnetization": {
    "variance": 0.0005475594487816588,
    "error": 2.339998822182735e-5,
    "mean": 0.9440296701388888
  },
  "energy": {
    "variance": 0.0007966940861554575,
    "error": 2.822576989482231e-5,
    "mean": -0.9121512291666666
  },
  "magnetization": {
    "variance": 0.0005475594487816588,
    "error": 2.339998822182735e-5,
    "mean": 0.9440296701388888
  },
  "sqr_energy": {
    "variance": 0.002621915605010419,
    "error": 5.12046443695337e-5,
    "mean": 0.8328165581597222
  }
}
