{
  "sqr_magnetization": {
    "variance": 0.008914600280068507,
    "error": 9.441716094052238e-5,
    "mean": 0.7593275808497298
  },
  "energy": {
    "variance": 0.0017641579874315093,
    "error": 4.200188076064581e-5,
    "mean": -0.8321930520833333
  },
  "magnetization": {
    "variance": 0.003383798705673705,
    "error": 5.817042810289181e-5,
    "mean": 0.8694502777777777
  },
  "sqr_energy": {
    "variance": 0.004812555102619808,
    "error": 6.937258177853703e-5,
    "mean": 0.694309432159047
  }
}
