{
  "energy": {
    "variance": 0.0038478218605602736,
    "error": 6.203081379895216e-5,
    "mean": -0.7157119366319444
  },
  "magnetization": {
    "variance": 0.4764178114136155,
    "error": 0.0006902302597058575,
    "mean": 0.04333526041666665
  }
}
