{
  "sqr_magnetization": {
    "variance": 0.0379795364710751,
    "error": 0.00019488339198370675,
    "mean": 0.4327001793378665
  },
  "energy": {
    "variance": 0.00379095133417557,
    "error": 6.157070191394256e-5,
    "mean": -0.6943126840277778
  },
  "magnetization": {
    "variance": 0.43118497072947687,
    "error": 0.0006566467625211266,
    "mean": -0.03893121874999997
  },
  "sqr_energy": {
    "variance": 0.007282725506427177,
    "error": 8.533888625021525e-5,
    "mean": 0.485861050745081
  }
}
