{
  "sqr_magnetization": {
    "variance": 0.006275225575030369,
    "error": 7.921632139294509e-5,
    "mean": 0.7962054150631751
  },
  "abs_magnetization": {
    "variance": 0.0021973023600284276,
    "error": 4.687539183866549e-5,
    "mean": 0.891071329861111
  },
  "energy": {
    "variance": 0.0015335230927577452,
    "error": 3.916022334918106e-5,
    "mean": -0.8519054826388889
  },
  "magnetization": {
    "variance": 0.0021973023600284276,
    "error": 4.687539183866549e-5,
    "mean": 0.891071329861111
  },
  "sqr_energy": {
    "variance": 0.004384081610497514,
    "error": 6.621239770992677e-5,
    "mean": 0.7272764729094329
  }
}
