{
  "sqr_magnetization": {
    "variance": 0.004312773781440085,
    "error": 6.56717121859944e-5,
    "mean": 0.05129665763647764
  },
  "abs_magnetization": {
    "variance": 0.01749682677593836,
    "error": 0.0001322755713498844,
    "mean": 0.18384735069444444
  },
  "energy": {
    "variance": 0.0020103626645789907,
    "error": 4.483706797482403e-5,
    "mean": -0.4990753784722223
  },
  "magnetization": {
    "variance": 0.05129327422688002,
    "error": 0.0002264801850645659,
    "mean": -0.0018532951388888896
  },
  "sqr_energy": {
    "variance": 0.0020393772756782686,
    "error": 4.5159464962267526e-5,
    "mean": 0.2510865940514082
  }
}
