{
  "sqr_magnetization": {
    "variance": 0.04293847146589583,
    "error": 0.0002072160019542309,
    "mean": 0.4681602386549962
  },
  "energy": {
    "variance": 0.0038973601519365414,
    "error": 6.242884070633173e-5,
    "mean": -0.7122961944444445
  },
  "magnetization": {
    "variance": 0.4499168727804407,
    "error": 0.0006707584310170396,
    "mean": -0.1350696701388889
  },
  "sqr_energy": {
    "variance": 0.007812017509273899,
    "error": 8.838561822646204e-5,
    "mean": 0.5112632248746142
  }
}
