{
  "sqr_magnetization": {
    "variance": 0.03089229847413058,
    "error": 0.00017576205072236323,
    "mean": 0.19772513254726082
  },
  "energy": {
    "variance": 0.0033239572034093156,
    "error": 5.7653770071083084e-5,
    "mean": -0.6107844375
  },
  "magnetization": {
    "variance": 0.19750128694565403,
    "error": 0.00044441116879040523,
    "mean": -0.01496806944444446
  },
  "sqr_energy": {
    "variance": 0.005098135121143795,
    "error": 7.14012263280106e-5,
    "mean": 0.3763815829716435
  }
}
