{
  "sqr_magnetization": {
    "variance": 0.002663300609564315,
    "error": 5.1607175950291205e-5,
    "mean": 0.8678880072217402
  },
  "abs_magnetization": {
    "variance": 0.0008001638891709182,
    "error": 2.8287168277700018e-5,
    "mean": 0.9311755173611111
  },
  "energy": {
    "variance": 0.000975523353597428,
    "error": 3.1233369232239866e-5,
    "mean": -0.8958401666666667
  },
  "magnetization": {
    "variance": 0.0008001638891709182,
    "error": 2.8287168277700018e-5,
    "mean": 0.9311755173611111
  },
  "sqr_energy": {
    "variance": 0.0030940813494471013,
    "error": 5.5624467183489514e-5,
    "mean": 0.8035051265914351
  }
}
