{
  "sqr_magnetization": {
    "variance": 0.0008357782336797158,
    "error": 2.890982936095811e-5,
    "mean": 0.02025587713396991
  },
  "energy": {
    "variance": 0.0015694677498276916,
    "error": 3.961650855170975e-5,
    "mean": -0.41505828125
  },
  "magnetization": {
    "variance": 0.020229551207269655,
    "error": 0.00014223062682583402,
    "mean": 0.005132850694444446
  },
  "sqr_energy": {
    "variance": 0.0010993137952618405,
    "error": 3.315590136403836e-5,
    "mean": 0.173842843014564
  }
}
