{
  "sqr_magnetization": {
    "variance": 0.0008381327075256669,
    "error": 2.895052171422247e-5,
    "mean": 0.9365719435522767
  },
  "abs_magnetization": {
    "variance": 0.0002270877869558426,
    "error": 1.506943220416226e-5,
    "mean": 0.9676491388888887
  },
  "energy": {
    "variance": 0.00046261593585425324,
    "error": 2.150850845256949e-5,
    "mean": -0.9453891006944445
  },
  "magnetization": {
    "variance": 0.0002270877869558426,
    "error": 1.506943220416226e-5,
    "mean": 0.9676491388888887
  },
  "sqr_energy": {
    "variance": 0.0016378494358881444,
    "error": 4.0470352554532365e-5,
    "mean": 0.8942231671850891
  }
}
