{
  "energy": {
    "variance": 0.0018526264177410369,
    "error": 4.304214699269818e-5,
    "mean": -0.8301860911458333
  },
  "magnetization": {
    "variance": 0.003906902709973506,
    "error": 6.250522146167875e-5,
    "mean": 0.8671720972222222
  }
}
