{
  "sqr_magnetization": {
    "variance": 0.0015133116251451486,
    "error": 3.89013062138683e-5,
    "mean": 0.9061307384741516
  },
  "abs_magnetization": {
    "variance": 0.000427985818109275,
    "error": 2.0687818108956658e-5,
    "mean": 0.9516841666666667
  },
  "energy": {
    "variance": 0.000689184083125007,
    "error": 2.6252315766899633e-5,
    "mean": -0.9224502013888889
  },
  "magnetization": {
    "variance": 0.000427985818109275,
    "error": 2.0687818108956658e-5,
    "mean": 0.9516841666666667
  },
  "sqr_energy": {
    "variance": 0.00232083339931373,
    "error": 4.817502879411418e-5,
    "mean": 0.8516035574363429
  }
}
