{
  "sqr_magnetization": {
    "variance": 0.00038817217537335055,
    "error": 1.970208555897955e-5,
    "mean": 0.014179873480902777
  },
  "abs_magnetization": {
    "variance": 0.005097764753651907,
    "error": 7.13986327155633e-5,
    "mean": 0.09530012500000001
  },
  "energy": {
    "variance": 0.00143262901637593,
    "error": 3.785008608148639e-5,
    "mean": -0.3682872777777778
  },
  "magnetization": {
    "variance": 0.01417956397848971,
    "error": 0.00011907797436339648,
    "mean": 0.0005689305555555557
  },
  "sqr_energy": {
    "variance": 0.0007881166441898814,
    "error": 2.807341525696297e-5,
    "mean": 0.13706814655671298
  }
}
