{
  "sqr_magnetization": {
    "variance": 0.0003247973191752643,
    "error": 1.802213414596796e-5,
    "mean": 0.012820123239776235
  },
  "energy": {
    "variance": 0.0013947756283804584,
    "error": 3.734669501281818e-5,
    "mean": -0.3546601006944444
  },
  "magnetization": {
    "variance": 0.012814749335881859,
    "error": 0.00011320224969443787,
    "mean": -0.002320930555555557
  },
  "sqr_energy": {
    "variance": 0.0007131430963731722,
    "error": 2.670473921185474e-5,
    "mean": 0.1271785612581983
  }
}
