{
  "sqr_magnetization": {
    "variance": 0.0010808740339973792,
    "error": 3.2876648764698927e-5,
    "mean": 0.9244797294439627
  },
  "abs_magnetization": {
    "variance": 0.0002977304736703727,
    "error": 1.7254868115125444e-5,
    "mean": 0.9613438506944445
  },
  "energy": {
    "variance": 0.000551657961755136,
    "error": 2.3487400063760485e-5,
    "mean": -0.9360637847222223
  },
  "magnetization": {
    "variance": 0.0002977304736703727,
    "error": 1.7254868115125444e-5,
    "mean": 0.9613438506944445
  },
  "sqr_energy": {
    "variance": 0.0019140444967198332,
    "error": 4.374979424774285e-5,
    "mean": 0.8767670664785882
  }
}
