{
  "energy": {
    "variance": 0.0004698479778925351,
    "error": 2.1675976976656325e-5,
    "mean": -0.9447651961805557
  },
  "magnetization": {
    "variance": 0.0002343075990208392,
    "error": 1.5307109427349083e-5,
    "mean": 0.9672151562499999
  }
}
