{
  "sqr_magnetization": {
    "variance": 0.002569326816447856,
    "error": 5.068852746379457e-5,
    "mean": 0.8696873384452162
  },
  "abs_magnetization": {
    "variance": 0.0007664071177782115,
    "error": 2.7684058910828294e-5,
    "mean": 0.9321592847222222
  },
  "energy": {
    "variance": 0.0009608089102865216,
    "error": 3.09969177546175e-5,
    "mean": -0.8969940034722222
  },
  "magnetization": {
    "variance": 0.0007664071177782115,
    "error": 2.7684058910828294e-5,
    "mean": 0.9321592847222222
  },
  "sqr_energy": {
    "variance": 0.003055835599330311,
    "error": 5.5279612872471445e-5,
    "mean": 0.8055590502146026
  }
}
