{
  "energy": {
    "variance": 0.0006571172926092843,
    "error": 2.5634299144101524e-5,
    "mean": -0.9254609427083333
  },
  "magnetization": {
    "variance": 0.00038978452888773104,
    "error": 1.9742961502462872e-5,
    "mean": 0.9538912083333333
  }
}
