{
  "sqr_magnetization": {
    "variance": 0.005832083711060162,
    "error": 7.636808044634986e-5,
    "mean": 0.7977517230902778
  },
  "energy": {
    "variance": 0.0015127901963140073,
    "error": 3.88946036914378e-5,
    "mean": -0.8527364548611112
  },
  "magnetization": {
    "variance": 0.0019547991049032234,
    "error": 4.4213110102131735e-5,
    "mean": -0.8920745069444445
  },
  "sqr_energy": {
    "variance": 0.004335342811447684,
    "error": 6.584332017333028e-5,
    "mean": 0.7286722501326195
  }
}
