{
  "sqr_magnetization": {
    "variance": 0.04317196145278146,
    "error": 0.0002077786356986239,
    "mean": 0.4606294812282986
  },
  "abs_magnetization": {
    "variance": 0.037543435453567295,
    "error": 0.0001937612847128324,
    "mean": 0.6504506770833333
  },
  "energy": {
    "variance": 0.003931897978208935,
    "error": 6.270484812364141e-5,
    "mean": -0.7083349722222221
  },
  "magnetization": {
    "variance": 0.4606056519612798,
    "error": 0.000678679343991903,
    "mean": -0.00492847569444444
  },
  "sqr_energy": {
    "variance": 0.007812071491098191,
    "error": 8.838592360267664e-5,
    "mean": 0.5056703269193672
  }
}
