{
  "sqr_magnetization": {
    "variance": 0.000580144062215513,
    "error": 2.4086179900837597e-5,
    "mean": 0.017380063753858026
  },
  "energy": {
    "variance": 0.0015086405200585367,
    "error": 3.884122191768092e-5,
    "mean": -0.391985375
  },
  "magnetization": {
    "variance": 0.017291622448546397,
    "error": 0.0001314976138511509,
    "mean": 0.009405243055555556
  },
  "sqr_energy": {
    "variance": 0.0009412762284990833,
    "error": 3.068022536584573e-5,
    "mean": 0.15516117322530865
  }
}
