{
  "sqr_magnetization": {
    "variance": 0.0007073354555090736,
    "error": 2.6595778903974097e-5,
    "mean": 0.9430743730468754
  },
  "energy": {
    "variance": 0.00041414290499089884,
    "error": 2.035050134495214e-5,
    "mean": -0.9505064166666668
  },
  "magnetization": {
    "variance": 0.00018983956754095645,
    "error": 1.3778228026163467e-5,
    "mean": 0.9710224166666666
  },
  "sqr_energy": {
    "variance": 0.001482503939638626,
    "error": 3.850329777614674e-5,
    "mean": 0.9038765906153553
  }
}
