{
  "sqr_magnetization": {
    "variance": 1.4608728536501917e-5,
    "error": 3.822136645451326e-6,
    "mean": 0.0027137754509066357
  },
  "abs_magnetization": {
    "variance": 0.000984083859599762,
    "error": 3.137011092743795e-5,
    "mean": 0.04158957291666667
  },
  "energy": {
    "variance": 0.0009126764868372579,
    "error": 3.021053602366661e-5,
    "mean": -0.10165693402777778
  },
  "magnetization": {
    "variance": 0.0027137777046712113,
    "error": 5.2093931553216555e-5,
    "mean": 2.144791666666665e-5
  },
  "sqr_energy": {
    "variance": 3.972367102473727e-5,
    "error": 6.302671737028454e-6,
    "mean": 0.011246807810088735
  }
}
