{
  "sqr_magnetization": {
    "variance": 0.0010125251778648804,
    "error": 3.1820200782912733e-5,
    "mean": 0.9277320078727821
  },
  "abs_magnetization": {
    "variance": 0.0002776268727719222,
    "error": 1.666213890147127e-5,
    "mean": 0.963044329861111
  },
  "energy": {
    "variance": 0.0005278907227568372,
    "error": 2.2975872622314854e-5,
    "mean": -0.9385461631944445
  },
  "magnetization": {
    "variance": 0.0002776268727719222,
    "error": 1.666213890147127e-5,
    "mean": 0.963044329861111
  },
  "sqr_energy": {
    "variance": 0.001841478658296808,
    "error": 4.291245341735669e-5,
    "mean": 0.8813967906418791
  }
}
