{
  "sqr_magnetization": {
    "variance": 0.0029038562143275477,
    "error": 5.3887440228011835e-5,
    "mean": 0.8609139525221837
  },
  "abs_magnetization": {
    "variance": 0.0008798253119464537,
    "error": 2.9661849435705347e-5,
    "mean": 0.92738025
  },
  "energy": {
    "variance": 0.0010285501085190514,
    "error": 3.207101664305407e-5,
    "mean": -0.8912219305555557
  },
  "magnetization": {
    "variance": 0.0008798253119464537,
    "error": 2.9661849435705347e-5,
    "mean": 0.92738025
  },
  "sqr_energy": {
    "variance": 0.0032278844461245794,
    "error": 5.681447391399994e-5,
    "mean": 0.7953050785831404
  }
}
