{
  "sqr_magnetization": {
    "variance": 0.041124107216233184,
    "error": 0.00020279079667537476,
    "mean": 0.2835962245490934
  },
  "abs_magnetization": {
    "variance": 0.05085000901747853,
    "error": 0.00022549946567005104,
    "mean": 0.4824378368055556
  },
  "energy": {
    "variance": 0.003840512803375928,
    "error": 6.197187106563693e-5,
    "mean": -0.64383909375
  },
  "magnetization": {
    "variance": 0.2834929281613381,
    "error": 0.0005324405395547357,
    "mean": 0.010177420138888895
  },
  "sqr_energy": {
    "variance": 0.006503030409266084,
    "error": 8.064136909345032e-5,
    "mean": 0.41836928760368436
  }
}
