{
  "sqr_magnetization": {
    "variance": 0.003279268830923963,
    "error": 5.726490051439854e-5,
    "mean": 0.04293416160300925
  },
  "energy": {
    "variance": 0.0019115810064635299,
    "error": 4.372163087607243e-5,
    "mean": -0.48465801388888885
  },
  "magnetization": {
    "variance": 0.042519705062151816,
    "error": 0.00020620306753817174,
    "mean": -0.020359250000000002
  },
  "sqr_energy": {
    "variance": 0.001829677916395405,
    "error": 4.2774734556691346e-5,
    "mean": 0.23680496952160496
  }
}
