{
  "energy": {
    "variance": 0.004029798965025142,
    "error": 6.348069757828078e-5,
    "mean": -0.6908497916666666
  },
  "magnetization": {
    "variance": 0.39765836234890334,
    "error": 0.0006306015876517465,
    "mean": -0.12806462847222225
  }
}
