{
  "sqr_magnetization": {
    "variance": 0.0024647383560265717,
    "error": 4.9646131329908996e-5,
    "mean": 0.8729050318528165
  },
  "abs_magnetization": {
    "variance": 0.000731607058496285,
    "error": 2.7048235774192094e-5,
    "mean": 0.9339022569444445
  },
  "energy": {
    "variance": 0.0009363200371639799,
    "error": 3.0599347005515986e-5,
    "mean": -0.8991627083333333
  },
  "magnetization": {
    "variance": 0.000731607058496285,
    "error": 2.7048235774192094e-5,
    "mean": 0.9339022569444445
  },
  "sqr_energy": {
    "variance": 0.0029928515544093946,
    "error": 5.470696074915325e-5,
    "mean": 0.8094298951581791
  }
}
