{
  "sqr_magnetization": {
    "variance": 0.04268611100218512,
    "error": 0.00020660617367877738,
    "mean": 0.30467545804398144
  },
  "abs_magnetization": {
    "variance": 0.05038981088497273,
    "error": 0.00022447674909658845,
    "mean": 0.5042674861111112
  },
  "energy": {
    "variance": 0.0039229448615220215,
    "error": 6.263341649249241e-5,
    "mean": -0.6520235555555555
  },
  "magnetization": {
    "variance": 0.3043897532665858,
    "error": 0.0005517152827922984,
    "mean": 0.016911805555555555
  },
  "sqr_energy": {
    "variance": 0.0067879658879440325,
    "error": 8.238911267846033e-5,
    "mean": 0.42905765793788575
  }
}
