{
  "sqr_magnetization": {
    "variance": 0.0014205738393416802,
    "error": 3.769050065124739e-5,
    "mean": 0.027963640552662032
  },
  "abs_magnetization": {
    "variance": 0.009873654480980099,
    "error": 9.936626430021459e-5,
    "mean": 0.13449905555555555
  },
  "energy": {
    "variance": 0.0017052981739490104,
    "error": 4.1295256070752375e-5,
    "mean": -0.4437155034722223
  },
  "magnetization": {
    "variance": 0.027960407679687004,
    "error": 0.00016721365877130672,
    "mean": -0.0018057777777777781
  },
  "sqr_energy": {
    "variance": 0.0013617542798848485,
    "error": 3.690195496020297e-5,
    "mean": 0.19858874449025846
  }
}
