{
  "sqr_magnetization": {
    "variance": 0.0017262967834771816,
    "error": 4.154872782020144e-5,
    "mean": 0.8965973407238622
  },
  "energy": {
    "variance": 0.0007641608790408464,
    "error": 2.764345996869506e-5,
    "mean": -0.915640923611111
  },
  "magnetization": {
    "variance": 0.0004926459301979049,
    "error": 2.219562862813092e-5,
    "mean": 0.9466280659722223
  },
  "sqr_energy": {
    "variance": 0.0025354517197732343,
    "error": 5.035326920641037e-5,
    "mean": 0.8391624611062887
  }
}
