{
  "sqr_magnetization": {
    "variance": 0.001767558433146718,
    "error": 4.2042340957024714e-5,
    "mean": 0.030332631329571758
  },
  "energy": {
    "variance": 0.0017539135549947543,
    "error": 4.1879751133390875e-5,
    "mean": -0.45522746875
  },
  "magnetization": {
    "variance": 0.030300131677845787,
    "error": 0.00017406933008961054,
    "mean": 0.0057035034722222235
  },
  "sqr_energy": {
    "variance": 0.0014784251736249404,
    "error": 3.845029484444743e-5,
    "mean": 0.20898596010561343
  }
}
