{
  "sqr_magnetization": {
    "variance": 0.0031334499292598565,
    "error": 5.5977226880758006e-5,
    "mean": 0.8535489730299962
  },
  "energy": {
    "variance": 0.0010702712174330495,
    "error": 3.271499988435044e-5,
    "mean": -0.8869350798611111
  },
  "magnetization": {
    "variance": 0.0009529439202227469,
    "error": 3.086978976641641e-5,
    "mean": 0.923361267361111
  },
  "sqr_energy": {
    "variance": 0.0033285409528807457,
    "error": 5.769350875861812e-5,
    "mean": 0.7877241060353974
  }
}
