{
  "sqr_magnetization": {
    "variance": 0.025754227654663956,
    "error": 0.00016048123770292884,
    "mean": 0.16986954675443675
  },
  "abs_magnetization": {
    "variance": 0.04360025669535889,
    "error": 0.00020880674485121138,
    "mean": 0.3553439652777778
  },
  "energy": {
    "variance": 0.0031371884117362514,
    "error": 5.601060981400088e-5,
    "mean": -0.5948484444444445
  },
  "magnetization": {
    "variance": 0.1698352256026251,
    "error": 0.0004121106958119688,
    "mean": -0.005872902777777777
  },
  "sqr_energy": {
    "variance": 0.0045865394783360745,
    "error": 6.772399484921187e-5,
    "mean": 0.3569818571325232
  }
}
