{
  "sqr_magnetization": {
    "variance": 0.041773078338808146,
    "error": 0.0002043846333235651,
    "mean": 0.4831021245659722
  },
  "abs_magnetization": {
    "variance": 0.03487758157838694,
    "error": 0.00018675540575412253,
    "mean": 0.6694957638888889
  },
  "energy": {
    "variance": 0.003857046517230932,
    "error": 6.210512472599127e-5,
    "mean": -0.71670275
  },
  "magnetization": {
    "variance": 0.4794809382135,
    "error": 0.0006924456211237818,
    "mean": -0.060180277777777784
  },
  "sqr_energy": {
    "variance": 0.007817434628589106,
    "error": 8.841625771649187e-5,
    "mean": 0.5175198745177468
  }
}
