{
  "energy": {
    "variance": 0.0017833667938557235,
    "error": 4.2229927703652584e-5,
    "mean": -0.8344127690972223
  },
  "magnetization": {
    "variance": 0.0034090707157342958,
    "error": 5.838724788628332e-5,
    "mean": -0.8720345
  }
}
