{
  "sqr_magnetization": {
    "variance": 0.0008077339086343579,
    "error": 2.8420659890902567e-5,
    "mean": 0.020388000964506173
  },
  "energy": {
    "variance": 0.001631985521209287,
    "error": 4.039784055131273e-5,
    "mean": -0.41614294444444444
  },
  "magnetization": {
    "variance": 0.020357623711939877,
    "error": 0.00014268014477123253,
    "mean": 0.005513402777777778
  },
  "sqr_energy": {
    "variance": 0.0011438624899793397,
    "error": 3.382103620499141e-5,
    "mean": 0.17480693410011572
  }
}
