{
  "sqr_magnetization": {
    "variance": 0.00033613218017641497,
    "error": 1.8333907935200695e-5,
    "mean": 0.012916436041184413
  },
  "energy": {
    "variance": 0.00136358017775831,
    "error": 3.6926686525578084e-5,
    "mean": -0.35412865625
  },
  "magnetization": {
    "variance": 0.012907456176355565,
    "error": 0.00011361098616047466,
    "mean": 0.002998795138888889
  },
  "sqr_energy": {
    "variance": 0.0006928145884752601,
    "error": 2.6321371325887638e-5,
    "mean": 0.1267706839916088
  }
}
