{
  "sqr_magnetization": {
    "variance": 0.0007921208499156105,
    "error": 2.8144641584422613e-5,
    "mean": 0.01983340971016589
  },
  "energy": {
    "variance": 0.0015611757258113354,
    "error": 3.9511716310625325e-5,
    "mean": -0.404930875
  },
  "magnetization": {
    "variance": 0.019833415981847197,
    "error": 0.00014083116126002512,
    "mean": 0.00011645486111111063
  },
  "sqr_energy": {
    "variance": 0.0010391639483771891,
    "error": 3.223606595689352e-5,
    "mean": 0.16553018769290123
  }
}
