{
  "sqr_magnetization": {
    "variance": 0.0008250772181649932,
    "error": 2.8724157396954104e-5,
    "mean": 0.021084656756365745
  },
  "energy": {
    "variance": 0.0015994169209398758,
    "error": 3.999271084760166e-5,
    "mean": -0.418779375
  },
  "magnetization": {
    "variance": 0.02108392881014751,
    "error": 0.0001452030606087472,
    "mean": -0.0008654652777777783
  },
  "sqr_energy": {
    "variance": 0.0011372862878776529,
    "error": 3.372367547995996e-5,
    "mean": 0.17697558024691354
  }
}
