{
  "sqr_magnetization": {
    "variance": 0.007631580058759961,
    "error": 8.73589151647384e-5,
    "mean": 0.776163695939429
  },
  "abs_magnetization": {
    "variance": 0.0027947641945257683,
    "error": 5.2865529360120554e-5,
    "mean": 0.8794139722222223
  },
  "energy": {
    "variance": 0.0016950515608134722,
    "error": 4.117100388396513e-5,
    "mean": -0.8407390208333334
  },
  "magnetization": {
    "variance": 0.0027947641945257683,
    "error": 5.2865529360120554e-5,
    "mean": 0.8794139722222223
  },
  "sqr_energy": {
    "variance": 0.004715425397942522,
    "error": 6.86689551248781e-5,
    "mean": 0.7085371510175539
  }
}
