{
  "sqr_magnetization": {
    "variance": 0.004305338394700562,
    "error": 6.561507749519589e-5,
    "mean": 0.050097109387056325
  },
  "energy": {
    "variance": 0.002028945064438699,
    "error": 4.504381272093537e-5,
    "mean": -0.5035312361111112
  },
  "magnetization": {
    "variance": 0.04907267462481428,
    "error": 0.00022152353063459033,
    "mean": 0.03200755902777778
  },
  "sqr_energy": {
    "variance": 0.002088749642864114,
    "error": 4.57028406432698e-5,
    "mean": 0.2555726487750772
  }
}
