{
  "sqr_magnetization": {
    "variance": 0.0016577781876798013,
    "error": 4.071582232596809e-5,
    "mean": 0.8981367359664355
  },
  "energy": {
    "variance": 0.000749785516365269,
    "error": 2.7382211677752932e-5,
    "mean": -0.9166560659722223
  },
  "magnetization": {
    "variance": 0.00047157572456164285,
    "error": 2.1715794357141135e-5,
    "mean": 0.9474519305555555
  },
  "sqr_energy": {
    "variance": 0.0024941100485856033,
    "error": 4.994106575340181e-5,
    "mean": 0.8410081280502508
  }
}
