{
  "energy": {
    "variance": 0.001464043751814247,
    "error": 3.8262824671138005e-5,
    "mean": -0.8568258897569445
  },
  "magnetization": {
    "variance": 0.0019367291399598017,
    "error": 4.400828490136603e-5,
    "mean": -0.8959215069444445
  }
}
