{
  "sqr_magnetization": {
    "variance": 0.002109320872682681,
    "error": 4.592734340981069e-5,
    "mean": 0.8849127631655096
  },
  "abs_magnetization": {
    "variance": 0.0006161387542027975,
    "error": 2.482214241766406e-5,
    "mean": 0.9403704722222223
  },
  "energy": {
    "variance": 0.0008484103118766388,
    "error": 2.9127483788968776e-5,
    "mean": -0.90740084375
  },
  "magnetization": {
    "variance": 0.0006161387542027975,
    "error": 2.482214241766406e-5,
    "mean": 0.9403704722222223
  },
  "sqr_energy": {
    "variance": 0.002762457721346645,
    "error": 5.255908790443994e-5,
    "mean": 0.8242247007016783
  }
}
