{
  "sqr_magnetization": {
    "variance": 0.04411190868946741,
    "error": 0.00021002835210863176,
    "mean": 0.4356051143542631
  },
  "abs_magnetization": {
    "variance": 0.040181134146004896,
    "error": 0.0002004523238727975,
    "mean": 0.6288274965277778
  },
  "energy": {
    "variance": 0.003991491138352527,
    "error": 6.317824893388964e-5,
    "mean": -0.6990799548611111
  },
  "magnetization": {
    "variance": 0.4352835449314017,
    "error": 0.0006597602177544519,
    "mean": -0.017944489583333337
  },
  "sqr_energy": {
    "variance": 0.00775605791434214,
    "error": 8.806848422870772e-5,
    "mean": 0.4927042704354745
  }
}
