{
  "sqr_magnetization": {
    "variance": 0.0010223912075537239,
    "error": 3.197485273701388e-5,
    "mean": 0.0234522341097608
  },
  "abs_magnetization": {
    "variance": 0.008341049999309597,
    "error": 9.132934905773498e-5,
    "mean": 0.12292759027777778
  },
  "energy": {
    "variance": 0.0016330826774716507,
    "error": 4.041141766223564e-5,
    "mean": -0.4264439270833334
  },
  "magnetization": {
    "variance": 0.023452199664911806,
    "error": 0.00015314111030324877,
    "mean": 0.00024061805555555517
  },
  "sqr_energy": {
    "variance": 0.0012046590808912597,
    "error": 3.470819904419213e-5,
    "mean": 0.18348750399064426
  }
}
