{
  "sqr_magnetization": {
    "variance": 0.002910340986776426,
    "error": 5.394757628268786e-5,
    "mean": 0.04132724144000772
  },
  "abs_magnetization": {
    "variance": 0.014253464736032442,
    "error": 0.00011938787516340361,
    "mean": 0.16454115277777778
  },
  "energy": {
    "variance": 0.001887465578535023,
    "error": 4.344497184410439e-5,
    "mean": -0.48116477777777783
  },
  "magnetization": {
    "variance": 0.04132557752861746,
    "error": 0.00020328693398400562,
    "mean": -0.0013058472222222215
  },
  "sqr_energy": {
    "variance": 0.0017754260550362463,
    "error": 4.2135804905522403e-5,
    "mean": 0.23340700706500775
  }
}
