{
  "sqr_magnetization": {
    "variance": 9.20313660781382e-6,
    "error": 3.0336671880438397e-6,
    "mean": 0.002144925238715278
  },
  "abs_magnetization": {
    "variance": 0.0007808095108137427,
    "error": 2.794296889762687e-5,
    "mean": 0.036933947916666675
  },
  "energy": {
    "variance": 0.0008781226979201393,
    "error": 2.96331351348476e-5,
    "mean": -0.05030360763888889
  },
  "magnetization": {
    "variance": 0.0021449271212698948,
    "error": 4.631335791399599e-5,
    "mean": -1.6197916666666673e-5
  },
  "sqr_energy": {
    "variance": 1.0524882629601157e-5,
    "error": 3.2442075503273764e-6,
    "mean": 0.003408574761284722
  }
}
