{
  "sqr_magnetization": {
    "variance": 0.006017574854691142,
    "error": 7.757302917052512e-5,
    "mean": 0.7994898871407216
  },
  "abs_magnetization": {
    "variance": 0.0020683673265443976,
    "error": 4.547930657501714e-5,
    "mean": 0.8929846145833333
  },
  "energy": {
    "variance": 0.0015071079629914025,
    "error": 3.8821488418032126e-5,
    "mean": -0.8537180625
  },
  "magnetization": {
    "variance": 0.0020683673265443976,
    "error": 4.547930657501714e-5,
    "mean": -0.8929846145833333
  },
  "sqr_energy": {
    "variance": 0.004327887514657272,
    "error": 6.578668189426544e-5,
    "mean": 0.7303416366946373
  }
}
