{
  "sqr_magnetization": {
    "variance": 0.0007557147855735471,
    "error": 2.7490267106260483e-5,
    "mean": 0.9411187320722418
  },
  "abs_magnetization": {
    "variance": 0.00020358270095440943,
    "error": 1.4268240990199507e-5,
    "mean": 0.9700078090277776
  },
  "energy": {
    "variance": 0.00042844466345160777,
    "error": 2.069890488532202e-5,
    "mean": -0.9489780277777777
  },
  "magnetization": {
    "variance": 0.00020358270095440943,
    "error": 1.4268240990199507e-5,
    "mean": 0.9700078090277776
  },
  "sqr_energy": {
    "variance": 0.0015285632385695451,
    "error": 3.9096844355645196e-5,
    "mean": 0.900987741440008
  }
}
