{
  "sqr_magnetization": {
    "variance": 0.044539145667491474,
    "error": 0.00021104299483160172,
    "mean": 0.4452367687717013
  },
  "abs_magnetization": {
    "variance": 0.040088438453255576,
    "error": 0.00020022097405930173,
    "mean": 0.6365126631944446
  },
  "energy": {
    "variance": 0.003993091655189986,
    "error": 6.319091434051248e-5,
    "mean": -0.7031477569444444
  },
  "magnetization": {
    "variance": 0.44503694404092553,
    "error": 0.0006671108933610104,
    "mean": 0.01415167013888888
  },
  "sqr_energy": {
    "variance": 0.007840918822428185,
    "error": 8.854896285348681e-5,
    "mean": 0.4984098557581018
  }
}
