{
  "sqr_magnetization": {
    "variance": 0.0032571717422306082,
    "error": 5.707163693316154e-5,
    "mean": 0.851410121937693
  },
  "abs_magnetization": {
    "variance": 0.0010021371317279883,
    "error": 3.1656549586586164e-5,
    "mean": 0.9221756805555555
  },
  "energy": {
    "variance": 0.00110134708664319,
    "error": 3.318654978516432e-5,
    "mean": -0.8850300694444445
  },
  "magnetization": {
    "variance": 0.0010021371317279883,
    "error": 3.1656549586586164e-5,
    "mean": -0.9221756805555555
  },
  "sqr_energy": {
    "variance": 0.00340729464485133,
    "error": 5.837203649737886e-5,
    "mean": 0.7843795698061341
  }
}
