{
  "energy": {
    "variance": 0.0015413850188288358,
    "error": 3.926047654867215e-5,
    "mean": -0.4028928125
  },
  "magnetization": {
    "variance": 0.019271768525776042,
    "error": 0.00013882279541118614,
    "mean": -6.131944444444502e-5
  }
}
