{
  "sqr_magnetization": {
    "variance": 0.0004646386452884867,
    "error": 2.15554783126816e-5,
    "mean": 0.015572185390142747
  },
  "abs_magnetization": {
    "variance": 0.005602203855856911,
    "error": 7.48478714183437e-5,
    "mean": 0.09984982291666668
  },
  "energy": {
    "variance": 0.0014640103383035364,
    "error": 3.826238803712513e-5,
    "mean": -0.37834921875
  },
  "magnetization": {
    "variance": 0.015572172134283907,
    "error": 0.00012478850962441978,
    "mean": -0.00016978819444444428
  },
  "sqr_energy": {
    "variance": 0.0008498779582784118,
    "error": 2.915266640083565e-5,
    "mean": 0.14461214020302857
  }
}
