{
  "sqr_magnetization": {
    "variance": 0.0040616788944396725,
    "error": 6.373130231244041e-5,
    "mean": 0.8324982032696759
  },
  "energy": {
    "variance": 0.0012479515816716698,
    "error": 3.532635817164954e-5,
    "mean": -0.8735168020833333
  },
  "magnetization": {
    "variance": 0.001282054777664297,
    "error": 3.580579251551761e-5,
    "mean": 0.9117105625
  },
  "sqr_energy": {
    "variance": 0.0037577124782338066,
    "error": 6.13001833458417e-5,
    "mean": 0.7642795538556133
  }
}
