{
  "sqr_magnetization": {
    "variance": 0.0008716573893027266,
    "error": 2.9523844419430316e-5,
    "mean": 0.9374114925853592
  },
  "energy": {
    "variance": 0.00046478074328069495,
    "error": 2.155877415997243e-5,
    "mean": -0.9462378819444445
  },
  "magnetization": {
    "variance": 0.00023696950002793693,
    "error": 1.539381369342688e-5,
    "mean": 0.9680777465277778
  },
  "sqr_energy": {
    "variance": 0.0016472007590508768,
    "error": 4.058572112271602e-5,
    "mean": 0.8958309095052087
  }
}
