{
  "sqr_magnetization": {
    "variance": 9.383168155186855e-6,
    "error": 3.0631957422252423e-6,
    "mean": 0.002166182798032407
  },
  "energy": {
    "variance": 0.0008835821055342658,
    "error": 2.972510900794589e-5,
    "mean": -0.050285
  },
  "magnetization": {
    "variance": 0.002164858882693759,
    "error": 4.6528044045433065e-5,
    "mean": 0.0011515555555555554
  },
  "sqr_energy": {
    "variance": 1.0615762914461695e-5,
    "error": 3.2581839902715276e-6,
    "mean": 0.0034121624469521604
  }
}
