{
  "sqr_magnetization": {
    "variance": 0.010094928166516188,
    "error": 0.0001004735197279173,
    "mean": 0.7447311538990161
  },
  "abs_magnetization": {
    "variance": 0.004073224783435999,
    "error": 6.38218205901085e-5,
    "mean": 0.860614857638889
  },
  "energy": {
    "variance": 0.0019472120750376434,
    "error": 4.412722600660099e-5,
    "mean": -0.8240357847222223
  },
  "magnetization": {
    "variance": 0.6766355127358554,
    "error": 0.0008225785754174828,
    "mean": 0.26095271180555557
  },
  "sqr_energy": {
    "variance": 0.005196053208938464,
    "error": 7.20836542424041e-5,
    "mean": 0.6809821846305941
  }
}
