{
  "sqr_magnetization": {
    "variance": 0.0069324867149508015,
    "error": 8.326155604449632e-5,
    "mean": 0.7865563479817708
  },
  "abs_magnetization": {
    "variance": 0.0024934186675478996,
    "error": 4.993414330443549e-5,
    "mean": 0.88547328125
  },
  "energy": {
    "variance": 0.001613470894056819,
    "error": 4.0168033236104785e-5,
    "mean": -0.8464643784722222
  },
  "magnetization": {
    "variance": 0.4644823509740365,
    "error": 0.0006815294204757683,
    "mean": 0.5675160451388889
  },
  "sqr_energy": {
    "variance": 0.004550626833409721,
    "error": 6.745833405450895e-5,
    "mean": 0.7181154133029513
  }
}
