{
  "sqr_magnetization": {
    "variance": 0.0014654254051364504,
    "error": 3.828087518770241e-5,
    "mean": 0.9082801422887735
  },
  "abs_magnetization": {
    "variance": 0.00041348892073771507,
    "error": 2.0334426983264493e-5,
    "mean": 0.9528203680555555
  },
  "energy": {
    "variance": 0.0006738909234910273,
    "error": 2.595940915142383e-5,
    "mean": -0.9240217465277778
  },
  "magnetization": {
    "variance": 0.00041348892073771507,
    "error": 2.0334426983264493e-5,
    "mean": 0.9528203680555555
  },
  "sqr_energy": {
    "variance": 0.002277054398147951,
    "error": 4.7718491155399615e-5,
    "mean": 0.854490078305845
  }
}
