{
  "sqr_magnetization": {
    "variance": 0.009227132582957105,
    "error": 9.60579647033868e-5,
    "mean": 0.8746995159022959
  },
  "energy": {
    "variance": 0.0010573405421230341,
    "error": 3.251677324279016e-5,
    "mean": -0.9054717048611112
  },
  "magnetization": {
    "variance": 0.006062946391948502,
    "error": 7.786492401555724e-5,
    "mean": -0.9320067465277777
  },
  "sqr_energy": {
    "variance": 0.003355524262357161,
    "error": 5.792688721446338e-5,
    "mean": 0.8209363477888696
  }
}
