{
  "sqr_magnetization": {
    "variance": 0.0028114334217058845,
    "error": 5.302295183885828e-5,
    "mean": 0.04018947530864198
  },
  "abs_magnetization": {
    "variance": 0.01399891309172096,
    "error": 0.00011831700254705982,
    "mean": 0.16183502777777775
  },
  "energy": {
    "variance": 0.0018783555004923517,
    "error": 4.3339998852011424e-5,
    "mean": -0.47902451041666666
  },
  "magnetization": {
    "variance": 0.04018899186449321,
    "error": 0.00020047192288321378,
    "mean": -0.0007236249999999998
  },
  "sqr_energy": {
    "variance": 0.001752283626134599,
    "error": 4.1860286981034886e-5,
    "mean": 0.23134283520206408
  }
}
