{
  "sqr_magnetization": {
    "variance": 0.012901808383316003,
    "error": 0.0001135861276006714,
    "mean": 0.7795350804398148
  },
  "energy": {
    "variance": 0.0018234444668163686,
    "error": 4.270180870661533e-5,
    "mean": -0.8467165590277778
  },
  "magnetization": {
    "variance": 0.008039318208253198,
    "error": 8.966224516625265e-5,
    "mean": 0.8783483194444444
  },
  "sqr_energy": {
    "variance": 0.005059182683630712,
    "error": 7.112793181044076e-5,
    "mean": 0.7187523739752121
  }
}
