{
  "sqr_magnetization": {
    "variance": 0.008296338161527955,
    "error": 9.108423662482963e-5,
    "mean": 0.7656406316912615
  },
  "abs_magnetization": {
    "variance": 0.0030942169587201292,
    "error": 5.562568614156709e-5,
    "mean": 0.8732390381944445
  },
  "energy": {
    "variance": 0.0017787779518935,
    "error": 4.217556107384347e-5,
    "mean": -0.8348737916666666
  },
  "magnetization": {
    "variance": 0.0030942169587201292,
    "error": 5.562568614156709e-5,
    "mean": 0.8732390381944445
  },
  "sqr_energy": {
    "variance": 0.004877297656624885,
    "error": 6.983765214141212e-5,
    "mean": 0.6987930241849922
  }
}
