{
  "sqr_magnetization": {
    "variance": 0.0016237075754838375,
    "error": 4.029525499961301e-5,
    "mean": 0.9016461347053437
  },
  "abs_magnetization": {
    "variance": 0.0004620055205997407,
    "error": 2.1494313680593308e-5,
    "mean": 0.9493071840277778
  },
  "energy": {
    "variance": 0.0007227647633206925,
    "error": 2.6884284690515623e-5,
    "mean": -0.9191879409722222
  },
  "magnetization": {
    "variance": 0.0004620055205997407,
    "error": 2.1494313680593308e-5,
    "mean": 0.9493071840277778
  },
  "sqr_energy": {
    "variance": 0.0024162625871807465,
    "error": 4.9155493967416774e-5,
    "mean": 0.8456292348693096
  }
}
