{
  "sqr_magnetization": {
    "variance": 0.027700634535622132,
    "error": 0.00016643507603754124,
    "mean": 0.5687536711877893
  },
  "energy": {
    "variance": 0.0031456741030187092,
    "error": 5.608630940807845e-5,
    "mean": -0.7462682395833333
  },
  "magnetization": {
    "variance": 0.03982871973992198,
    "error": 0.00019957133997626508,
    "mean": 0.7272722951388888
  },
  "sqr_energy": {
    "variance": 0.00689269750872372,
    "error": 8.302227116095849e-5,
    "mean": 0.560061956368152
  }
}
