{
  "sqr_magnetization": {
    "variance": 0.001897902616198426,
    "error": 4.356492415003641e-5,
    "mean": 0.030394677408854168
  },
  "energy": {
    "variance": 0.0017917122816966569,
    "error": 4.232862248758701e-5,
    "mean": -0.4537626527777778
  },
  "magnetization": {
    "variance": 0.030301841362428927,
    "error": 0.00017407424095031672,
    "mean": 0.00963671875
  },
  "sqr_energy": {
    "variance": 0.001502951670769151,
    "error": 3.8767920640255535e-5,
    "mean": 0.2076922555459105
  }
}
