{
  "sqr_magnetization": {
    "variance": 0.021332388826155898,
    "error": 0.00014605611533296335,
    "mean": 0.14352538164303627
  },
  "abs_magnetization": {
    "variance": 0.040433133716432985,
    "error": 0.00020107991872992436,
    "mean": 0.32107987847222225
  },
  "energy": {
    "variance": 0.0029306042210648204,
    "error": 5.413505538063871e-5,
    "mean": -0.5808923819444445
  },
  "magnetization": {
    "variance": 0.14346835780807277,
    "error": 0.0003787721713749213,
    "mean": 0.007560906250000002
  },
  "sqr_energy": {
    "variance": 0.004084669512496049,
    "error": 6.39114192652303e-5,
    "mean": 0.34036656069155097
  }
}
