{
  "sqr_magnetization": {
    "variance": 0.018760056573530557,
    "error": 0.00013696735586821613,
    "mean": 0.6463692369309414
  },
  "energy": {
    "variance": 0.002581580374439641,
    "error": 5.080925481090666e-5,
    "mean": -0.7777803506944445
  },
  "magnetization": {
    "variance": 0.008976984115675475,
    "error": 9.474694779081528e-5,
    "mean": 0.7983685
  },
  "sqr_energy": {
    "variance": 0.0061452937909459585,
    "error": 7.839192427122808e-5,
    "mean": 0.6075238517192323
  }
}
