{
  "sqr_magnetization": {
    "variance": 0.002208539262922397,
    "error": 4.699509828612339e-5,
    "mean": 0.03622602014612268
  },
  "energy": {
    "variance": 0.001818301630992109,
    "error": 4.264154817771171e-5,
    "mean": -0.46946823263888887
  },
  "magnetization": {
    "variance": 0.03617034496863431,
    "error": 0.00019018502824521785,
    "mean": 0.007464003472222223
  },
  "sqr_energy": {
    "variance": 0.0016279444933947928,
    "error": 4.0347794157732995e-5,
    "mean": 0.22221872126977238
  }
}
