{
  "sqr_magnetization": {
    "variance": 0.0006767892642971476,
    "error": 2.6015173731827116e-5,
    "mean": 0.019039716833043983
  },
  "abs_magnetization": {
    "variance": 0.006776547502186379,
    "error": 8.231978803535867e-5,
    "mean": 0.11073922569444446
  },
  "energy": {
    "variance": 0.0015448363908517743,
    "error": 3.93044067612243e-5,
    "mean": -0.4026784375
  },
  "magnetization": {
    "variance": 0.019039719988887992,
    "error": 0.00013798449184197474,
    "mean": -0.0001260312500000001
  },
  "sqr_energy": {
    "variance": 0.0010160559072588098,
    "error": 3.187563187230662e-5,
    "mean": 0.1636947588734568
  }
}
