{
  "sqr_magnetization": {
    "variance": 0.0013164730867459837,
    "error": 3.6283234237674895e-5,
    "mean": 0.026878195975597992
  },
  "abs_magnetization": {
    "variance": 0.009483139020622996,
    "error": 9.738141003612033e-5,
    "mean": 0.13189035763888887
  },
  "energy": {
    "variance": 0.0016880321520051339,
    "error": 4.10856684502654e-5,
    "mean": -0.43988355902777776
  },
  "magnetization": {
    "variance": 0.02687561273048444,
    "error": 0.0001639378319073558,
    "mean": 0.0016155868055555557
  },
  "sqr_energy": {
    "variance": 0.0013251737007056116,
    "error": 3.6402935330898956e-5,
    "mean": 0.19518557596691744
  }
}
