{
  "sqr_magnetization": {
    "variance": 0.04247923288237685,
    "error": 0.0002061049074679612,
    "mean": 0.3180598301263503
  },
  "energy": {
    "variance": 0.0038682397268388303,
    "error": 6.219517446586054e-5,
    "mean": -0.6537063680555555
  },
  "magnetization": {
    "variance": 0.3173243573376567,
    "error": 0.0005633155042581882,
    "mean": -0.027125451388888906
  },
  "sqr_energy": {
    "variance": 0.006710441196340541,
    "error": 8.191728264743979e-5,
    "mean": 0.4312002514949845
  }
}
