{
  "sqr_magnetization": {
    "variance": 0.007464237120379415,
    "error": 8.63958165675828e-5,
    "mean": 0.07576261304012345
  },
  "energy": {
    "variance": 0.0022438229183826693,
    "error": 4.7369007994496456e-5,
    "mean": -0.5254977569444444
  },
  "magnetization": {
    "variance": 0.0757615968783152,
    "error": 0.00027524824591323955,
    "mean": 0.0010449513888888904
  },
  "sqr_energy": {
    "variance": 0.0025249032756992475,
    "error": 5.0248415653622826e-5,
    "mean": 0.27839171322820216
  }
}
