{
  "sqr_magnetization": {
    "variance": 0.0016361002990510928,
    "error": 4.0448736680532965e-5,
    "mean": 0.8991483498143329
  },
  "energy": {
    "variance": 0.0007423489705800541,
    "error": 2.724608174729082e-5,
    "mean": -0.9174390590277778
  },
  "magnetization": {
    "variance": 0.00046477824635848114,
    "error": 2.155871625024276e-5,
    "mean": 0.9479892256944445
  },
  "sqr_energy": {
    "variance": 0.0024738564744890626,
    "error": 4.973787766369875e-5,
    "mean": 0.8424367752580056
  }
}
