{
  "sqr_magnetization": {
    "variance": 0.0006678740364716732,
    "error": 2.584325901413506e-5,
    "mean": 0.019363901355131174
  },
  "energy": {
    "variance": 0.001577625182397125,
    "error": 3.971933008494888e-5,
    "mean": -0.4005997013888889
  },
  "magnetization": {
    "variance": 0.01936102939378711,
    "error": 0.00013914391612207525,
    "mean": -0.001700388888888891
  },
  "sqr_energy": {
    "variance": 0.0010299395212987074,
    "error": 3.2092670834611246e-5,
    "mean": 0.1620577443576389
  }
}
