{
  "sqr_magnetization": {
    "variance": 0.009451174249806231,
    "error": 9.721714997780089e-5,
    "mean": 0.08170447597173998
  },
  "energy": {
    "variance": 0.0023090883802059418,
    "error": 4.805297472795979e-5,
    "mean": -0.5372329340277777
  },
  "magnetization": {
    "variance": 0.08143822554986124,
    "error": 0.0002853738347323757,
    "mean": -0.01631967708333333
  },
  "sqr_energy": {
    "variance": 0.0027243710763748047,
    "error": 5.2195508201135516e-5,
    "mean": 0.2909283114752122
  }
}
