{
  "sqr_magnetization": {
    "variance": 0.019210863963890903,
    "error": 0.00013860326101463452,
    "mean": 0.13565220512635032
  },
  "energy": {
    "variance": 0.0027648650279654212,
    "error": 5.25819838724769e-5,
    "mean": -0.5787489618055555
  },
  "magnetization": {
    "variance": 0.1355455538522683,
    "error": 0.0003681651176473245,
    "mean": 0.010333770833333325
  },
  "sqr_energy": {
    "variance": 0.0037910174750019968,
    "error": 6.157123902441785e-5,
    "mean": 0.3377152230541088
  }
}
