{
  "sqr_magnetization": {
    "variance": 0.01644309019194055,
    "error": 0.0001282306133181174,
    "mean": 0.12059006840760031
  },
  "energy": {
    "variance": 0.00261184179929877,
    "error": 5.110618161532683e-5,
    "mean": -0.5674378020833333
  },
  "magnetization": {
    "variance": 0.11906875790436511,
    "error": 0.00034506341142515404,
    "mean": -0.03900550694444445
  },
  "sqr_energy": {
    "variance": 0.003442702795311621,
    "error": 5.867454980919429e-5,
    "mean": 0.32459749842062113
  }
}
