{
  "sqr_magnetization": {
    "variance": 0.0032959826249283498,
    "error": 5.7410649055104314e-5,
    "mean": 0.8498394756341631
  },
  "energy": {
    "variance": 0.0011052330066118165,
    "error": 3.3245044842980984e-5,
    "mean": -0.8845260625
  },
  "magnetization": {
    "variance": 0.0010098875540604777,
    "error": 3.1778728011996925e-5,
    "mean": 0.9213194826388889
  },
  "sqr_energy": {
    "variance": 0.003417090510831902,
    "error": 5.8455885168491824e-5,
    "mean": 0.7834915871431327
  }
}
