{
  "sqr_magnetization": {
    "variance": 0.001065026790869007,
    "error": 3.2634748212128233e-5,
    "mean": 0.02397812191358024
  },
  "abs_magnetization": {
    "variance": 0.00851725791080686,
    "error": 9.228899127635356e-5,
    "mean": 0.12434175694444445
  },
  "energy": {
    "variance": 0.001641909780131122,
    "error": 4.052048593157691e-5,
    "mean": -0.4282744340277778
  },
  "magnetization": {
    "variance": 0.023977935809339934,
    "error": 0.00015484810560462126,
    "mean": 0.0004583472222222222
  },
  "sqr_energy": {
    "variance": 0.0012219190497744835,
    "error": 3.495595871628303e-5,
    "mean": 0.18506089898003472
  }
}
