{
  "energy": {
    "variance": 0.001681937919197263,
    "error": 4.101143644396357e-5,
    "mean": -0.43974069097222224
  },
  "magnetization": {
    "variance": 0.0260846114497213,
    "error": 0.00016150731082437505,
    "mean": 0.003953378472222224
  }
}
