{
  "sqr_magnetization": {
    "variance": 0.0006326000722315822,
    "error": 2.5151542144202256e-5,
    "mean": 0.9480996583960266
  },
  "energy": {
    "variance": 0.00037744086694395336,
    "error": 1.94278374232428e-5,
    "mean": -0.9545791111111112
  },
  "magnetization": {
    "variance": 0.0001688791854782885,
    "error": 1.2995352456870437e-5,
    "mean": 0.9736173680555554
  },
  "sqr_energy": {
    "variance": 0.0013625900362996188,
    "error": 3.691327723597051e-5,
    "mean": 0.9115987198591824
  }
}
