{
  "sqr_magnetization": {
    "variance": 0.0012541628538734933,
    "error": 3.54141617700249e-5,
    "mean": 0.9187163673080637
  },
  "energy": {
    "variance": 0.0006028557257462423,
    "error": 2.455312048897741e-5,
    "mean": -0.9319507395833334
  },
  "magnetization": {
    "variance": 0.00034900794059161146,
    "error": 1.868175421612252e-5,
    "mean": 0.9583148541666667
  },
  "sqr_energy": {
    "variance": 0.002071808982234762,
    "error": 4.551712844891209e-5,
    "mean": 0.8691350361328127
  }
}
