{
  "sqr_magnetization": {
    "variance": 0.0008157851062117773,
    "error": 2.8561952072849947e-5,
    "mean": 0.9395734170886385
  },
  "energy": {
    "variance": 0.00044567832381189583,
    "error": 2.111109480372574e-5,
    "mean": -0.9478731493055556
  },
  "magnetization": {
    "variance": 0.00022104184763298127,
    "error": 1.486747616890578e-5,
    "mean": 0.9692019270833333
  },
  "sqr_energy": {
    "variance": 0.0015853547224136562,
    "error": 3.981651318754138e-5,
    "mean": 0.8989091850525659
  }
}
