{
  "sqr_magnetization": {
    "variance": 0.0016861464081027637,
    "error": 4.1062713111809404e-5,
    "mean": 0.8992897802252126
  },
  "abs_magnetization": {
    "variance": 0.0004813462561006806,
    "error": 2.193960473893458e-5,
    "mean": 0.948055079861111
  },
  "energy": {
    "variance": 0.0007397886273821719,
    "error": 2.719905563401369e-5,
    "mean": -0.91750253125
  },
  "magnetization": {
    "variance": 0.0004813462561006806,
    "error": 2.193960473893458e-5,
    "mean": 0.948055079861111
  },
  "sqr_energy": {
    "variance": 0.00246404645574177,
    "error": 4.963916252055196e-5,
    "mean": 0.8425506827377509
  }
}
