{
  "sqr_magnetization": {
    "variance": 0.004525274891733664,
    "error": 6.727016345850263e-5,
    "mean": 0.8246738438705634
  },
  "energy": {
    "variance": 0.0013128254839346175,
    "error": 3.6232933692079335e-5,
    "mean": -0.8689176458333333
  },
  "magnetization": {
    "variance": 0.0014531722779635107,
    "error": 3.812049682209704e-5,
    "mean": 0.9073150902777779
  },
  "sqr_energy": {
    "variance": 0.003910328315644944,
    "error": 6.253261801368102e-5,
    "mean": 0.7563306994116511
  }
}
