{
  "sqr_magnetization": {
    "variance": 0.012792817406636854,
    "error": 0.00011310533765758739,
    "mean": 0.7201095430772569
  },
  "abs_magnetization": {
    "variance": 0.0056298839559116255,
    "error": 7.503255264158101e-5,
    "mean": 0.8452689895833334
  },
  "energy": {
    "variance": 0.002156924598962407,
    "error": 4.6442702321919283e-5,
    "mean": -0.8121190833333334
  },
  "magnetization": {
    "variance": 0.7091761029618908,
    "error": 0.0008421259424586626,
    "mean": -0.10456648263888893
  },
  "sqr_energy": {
    "variance": 0.005579460882066637,
    "error": 7.469578891789441e-5,
    "mean": 0.6616943279562114
  }
}
