{
  "sqr_magnetization": {
    "variance": 0.004465254645022022,
    "error": 6.68225608984123e-5,
    "mean": 0.824710658203125
  },
  "abs_magnetization": {
    "variance": 0.0014413815159908913,
    "error": 3.796553062964999e-5,
    "mean": 0.907341875
  },
  "energy": {
    "variance": 0.0013061797345603164,
    "error": 3.61411086515109e-5,
    "mean": -0.86839653125
  },
  "magnetization": {
    "variance": 0.0014413815159908913,
    "error": 3.796553062964999e-5,
    "mean": 0.907341875
  },
  "sqr_energy": {
    "variance": 0.0038870752956955976,
    "error": 6.234641365544291e-5,
    "mean": 0.7554187139154128
  }
}
