{
  "sqr_magnetization": {
    "variance": 0.0005550819661924442,
    "error": 2.3560177550104418e-5,
    "mean": 0.017166378255208337
  },
  "energy": {
    "variance": 0.0014672878047721804,
    "error": 3.830519292174601e-5,
    "mean": -0.3945980416666666
  },
  "magnetization": {
    "variance": 0.017166246505860655,
    "error": 0.00013102002330125215,
    "mean": 0.00038589583333333374
  },
  "sqr_energy": {
    "variance": 0.0009254382069309666,
    "error": 3.042101587605132e-5,
    "mean": 0.15717490082465277
  }
}
