{
  "sqr_magnetization": {
    "variance": 0.0007149659002265873,
    "error": 2.6738846277028995e-5,
    "mean": 0.9435400187114202
  },
  "abs_magnetization": {
    "variance": 0.00019206180300914097,
    "error": 1.3858636405113634e-5,
    "mean": 0.9712610138888887
  },
  "energy": {
    "variance": 0.0004107037093265753,
    "error": 2.0265826144684438e-5,
    "mean": -0.950906579861111
  },
  "magnetization": {
    "variance": 0.00019206180300914097,
    "error": 1.3858636405113634e-5,
    "mean": 0.9712610138888887
  },
  "sqr_energy": {
    "variance": 0.0014713224018628036,
    "error": 3.8357820608877195e-5,
    "mean": 0.904634026921779
  }
}
