{
  "sqr_magnetization": {
    "variance": 0.005535540245363067,
    "error": 7.440121131650388e-5,
    "mean": 0.8031451968557098
  },
  "energy": {
    "variance": 0.0014607344082621862,
    "error": 3.821955531219831e-5,
    "mean": -0.8560763333333332
  },
  "magnetization": {
    "variance": 0.0018347304140432519,
    "error": 4.28337532098607e-5,
    "mean": 0.8951594652777778
  },
  "sqr_energy": {
    "variance": 0.004222331765792814,
    "error": 6.497947187991615e-5,
    "mean": 0.734327421440972
  }
}
