{
  "sqr_magnetization": {
    "variance": 0.0021870690585489654,
    "error": 4.676611014986136e-5,
    "mean": 0.03513485244261188
  },
  "abs_magnetization": {
    "variance": 0.012307590525708761,
    "error": 0.00011093958051889668,
    "mean": 0.15108697569444443
  },
  "energy": {
    "variance": 0.0018147702241185916,
    "error": 4.26001200012229e-5,
    "mean": -0.4661415034722223
  },
  "magnetization": {
    "variance": 0.03513352449556335,
    "error": 0.00018743938885827424,
    "mean": 0.0011675104166666667
  },
  "sqr_energy": {
    "variance": 0.0016008434172586593,
    "error": 4.001054132673863e-5,
    "mean": 0.21910266966869213
  }
}
