{
  "sqr_magnetization": {
    "variance": 0.004954790334323819,
    "error": 7.039027158864937e-5,
    "mean": 0.055806198085455255
  },
  "abs_magnetization": {
    "variance": 0.018841246548507155,
    "error": 0.00013726342028562148,
    "mean": 0.1922627638888889
  },
  "energy": {
    "variance": 0.002062032669509895,
    "error": 4.540960988061773e-5,
    "mean": -0.5062331701388889
  },
  "magnetization": {
    "variance": 0.05578753442946633,
    "error": 0.000236193849262563,
    "mean": 0.004326597222222223
  },
  "sqr_energy": {
    "variance": 0.0021542379267503685,
    "error": 4.641376871953374e-5,
    "mean": 0.2583340531563465
  }
}
