{
  "energy": {
    "variance": 0.002056948286534597,
    "error": 4.5353591771044965e-5,
    "mean": -0.8167762300347222
  },
  "magnetization": {
    "variance": 0.42880136437435656,
    "error": 0.0006548292635293238,
    "mean": -0.5487375416666668
  }
}
