{
  "sqr_magnetization": {
    "variance": 0.007657467597009358,
    "error": 8.750695742059232e-5,
    "mean": 0.0721724349320023
  },
  "abs_magnetization": {
    "variance": 0.023666952413836564,
    "error": 0.00015384067217038725,
    "mean": 0.22023965625
  },
  "energy": {
    "variance": 0.0022242416934013074,
    "error": 4.716186694143169e-5,
    "mean": -0.525878454861111
  },
  "magnetization": {
    "variance": 0.07217082751382972,
    "error": 0.00026864628699058867,
    "mean": -0.001295989583333334
  },
  "sqr_energy": {
    "variance": 0.002515198395184046,
    "error": 5.01517536601069e-5,
    "mean": 0.2787723887562693
  }
}
