{
  "energy": {
    "variance": 0.000421690207749525,
    "error": 2.0535096974436838e-5,
    "mean": -0.9498769583333333
  },
  "magnetization": {
    "variance": 0.00020106703184585853,
    "error": 1.417981071262443e-5,
    "mean": 0.9705699340277778
  }
}
