{
  "sqr_magnetization": {
    "variance": 0.0032384708632974455,
    "error": 5.690756420105719e-5,
    "mean": 0.0458638694058642
  },
  "energy": {
    "variance": 0.0018802031484983716,
    "error": 4.336130934944621e-5,
    "mean": -0.49405976041666666
  },
  "magnetization": {
    "variance": 0.045862260739738314,
    "error": 0.0002141547588538212,
    "mean": -0.0012862847222222216
  },
  "sqr_energy": {
    "variance": 0.001862893765115938,
    "error": 4.3161253053125535e-5,
    "mean": 0.24597524813126934
  }
}
