{
  "sqr_magnetization": {
    "variance": 0.03930915240166992,
    "error": 0.00019826535855179016,
    "mean": 0.25581155267409333
  },
  "energy": {
    "variance": 0.0037525893871031674,
    "error": 6.125838217830412e-5,
    "mean": -0.6365072326388889
  },
  "magnetization": {
    "variance": 0.2549154773826518,
    "error": 0.0005048915501200745,
    "mean": 0.029938774305555547
  },
  "sqr_energy": {
    "variance": 0.006257319275878198,
    "error": 7.910321912462348e-5,
    "mean": 0.40889404283613034
  }
}
