{
  "sqr_magnetization": {
    "variance": 0.004563727659013384,
    "error": 6.755536735902917e-5,
    "mean": 0.8223591138117284
  },
  "abs_magnetization": {
    "variance": 0.001478418681702632,
    "error": 3.8450210424686e-5,
    "mean": 0.9060246666666666
  },
  "energy": {
    "variance": 0.0013229740366762818,
    "error": 3.6372710054054016e-5,
    "mean": -0.8669260729166667
  },
  "magnetization": {
    "variance": 0.001478418681702632,
    "error": 3.8450210424686e-5,
    "mean": 0.9060246666666666
  },
  "sqr_energy": {
    "variance": 0.003923388292766525,
    "error": 6.263695628593815e-5,
    "mean": 0.7528837886164158
  }
}
