{
  "sqr_magnetization": {
    "variance": 0.0008548574178427137,
    "error": 2.9237944829326046e-5,
    "mean": 0.9380931988570607
  },
  "energy": {
    "variance": 0.00045888148821201233,
    "error": 2.1421519278800285e-5,
    "mean": -0.94675884375
  },
  "magnetization": {
    "variance": 0.00023214934825100718,
    "error": 1.5236448019502681e-5,
    "mean": 0.9684322638888888
  },
  "sqr_energy": {
    "variance": 0.0016283614532977267,
    "error": 4.035296089877082e-5,
    "mean": 0.8968111892481678
  }
}
