{
  "sqr_magnetization": {
    "variance": 0.0023214717456051578,
    "error": 4.818165362049291e-5,
    "mean": 0.8775632729190781
  },
  "abs_magnetization": {
    "variance": 0.0006843232545594502,
    "error": 2.6159572904759936e-5,
    "mean": 0.9364181493055557
  },
  "energy": {
    "variance": 0.0009014399287199125,
    "error": 3.002398922062011e-5,
    "mean": -0.9023446770833333
  },
  "magnetization": {
    "variance": 0.0006843232545594502,
    "error": 2.6159572904759936e-5,
    "mean": 0.9364181493055557
  },
  "sqr_energy": {
    "variance": 0.002902325872643493,
    "error": 5.387323892846515e-5,
    "mean": 0.815127355287905
  }
}
