{
  "sqr_magnetization": {
    "variance": 0.001299756793198551,
    "error": 3.60521399253713e-5,
    "mean": 0.02666688111255787
  },
  "abs_magnetization": {
    "variance": 0.009437111363063319,
    "error": 9.714479586196741e-5,
    "mean": 0.13126225347222223
  },
  "energy": {
    "variance": 0.0016865279419287424,
    "error": 4.1067358594493785e-5,
    "mean": -0.4379999791666666
  },
  "magnetization": {
    "variance": 0.026665661353280846,
    "error": 0.00016329623802550027,
    "mean": 0.0011164340277777778
  },
  "sqr_energy": {
    "variance": 0.0013128667170319195,
    "error": 3.623350268787051e-5,
    "mean": 0.19353050800540123
  }
}
