{
  "sqr_magnetization": {
    "variance": 0.0005733549388778587,
    "error": 2.3944831151583813e-5,
    "mean": 0.017384480444637345
  },
  "abs_magnetization": {
    "variance": 0.006227375130584959,
    "error": 7.89137195333293e-5,
    "mean": 0.10562722916666667
  },
  "energy": {
    "variance": 0.0015071624685231455,
    "error": 3.882219041377167e-5,
    "mean": -0.39214246527777774
  },
  "magnetization": {
    "variance": 0.01738436891310112,
    "error": 0.00013184979678824356,
    "mean": 0.00035904861111111115
  },
  "sqr_energy": {
    "variance": 0.0009400691293424771,
    "error": 3.066054678805447e-5,
    "mean": 0.15528287403549385
  }
}
