{
  "energy": {
    "variance": 0.0021572831399409536,
    "error": 4.644656219722783e-5,
    "mean": -0.8116717690972223
  },
  "magnetization": {
    "variance": 0.00572883441222441,
    "error": 7.568906402000497e-5,
    "mean": -0.8444863541666665
  }
}
