{
  "sqr_magnetization": {
    "variance": 0.0007230832409348832,
    "error": 2.6890207156786335e-5,
    "mean": 0.9424236704041284
  },
  "energy": {
    "variance": 0.0004198288757590334,
    "error": 2.0489726102586958e-5,
    "mean": -0.9499962743055556
  },
  "magnetization": {
    "variance": 0.0001942878916798187,
    "error": 1.3938719154923049e-5,
    "mean": 0.9706850069444443
  },
  "sqr_energy": {
    "variance": 0.0015011082456919532,
    "error": 3.8744138210727484e-5,
    "mean": 0.9029127496503668
  }
}
