{
  "energy": {
    "variance": 0.001608373135336433,
    "error": 4.010452761642298e-5,
    "mean": -0.8495828732638889
  },
  "magnetization": {
    "variance": 0.003149267578238257,
    "error": 5.611833549062425e-5,
    "mean": -0.8875264444444445
  }
}
