{
  "sqr_magnetization": {
    "variance": 0.0023275406835709216,
    "error": 4.824459227282288e-5,
    "mean": 0.037095087794174385
  },
  "energy": {
    "variance": 0.0018179406369145835,
    "error": 4.2637315076287155e-5,
    "mean": -0.47329046875
  },
  "magnetization": {
    "variance": 0.036959203159584134,
    "error": 0.00019224776503144094,
    "mean": 0.011658541666666668
  },
  "sqr_energy": {
    "variance": 0.001653843215843259,
    "error": 4.066747122508675e-5,
    "mean": 0.22582180662856868
  }
}
