{
  "sqr_magnetization": {
    "variance": 0.006399085847846196,
    "error": 7.999428634500213e-5,
    "mean": 0.06625473782310957
  },
  "energy": {
    "variance": 0.002123425302432814,
    "error": 4.608063912786816e-5,
    "mean": -0.5187506979166666
  },
  "magnetization": {
    "variance": 0.06556587760095549,
    "error": 0.0002560583480399643,
    "mean": -0.026247395833333333
  },
  "sqr_energy": {
    "variance": 0.0023363482461225276,
    "error": 4.833578639189113e-5,
    "mean": 0.2712257097680363
  }
}
