{
  "sqr_magnetization": {
    "variance": 0.02560553189827731,
    "error": 0.00016001728624832166,
    "mean": 0.1637474918378665
  },
  "energy": {
    "variance": 0.0031824028835958696,
    "error": 5.6412790071010223e-5,
    "mean": -0.592238517361111
  },
  "magnetization": {
    "variance": 0.1592950979007228,
    "error": 0.00039911789974983935,
    "mean": 0.0667274548611111
  },
  "sqr_energy": {
    "variance": 0.004651267140271053,
    "error": 6.820019897530398e-5,
    "mean": 0.35392886114728006
  }
}
