{
  "sqr_magnetization": {
    "variance": 0.001785765949608739,
    "error": 4.225832402744741e-5,
    "mean": 0.03226901644483025
  },
  "energy": {
    "variance": 0.0017639121965448644,
    "error": 4.199895470776462e-5,
    "mean": -0.4560098819444444
  },
  "magnetization": {
    "variance": 0.03218021747643584,
    "error": 0.00017938845413358084,
    "mean": -0.009425027777777777
  },
  "sqr_energy": {
    "variance": 0.001493533034015861,
    "error": 3.864625510985328e-5,
    "mean": 0.2097089228636188
  }
}
