{
  "sqr_magnetization": {
    "variance": 0.01069961745313239,
    "error": 0.00010343895520127991,
    "mean": 0.7226949369212963
  },
  "energy": {
    "variance": 0.002030410063367131,
    "error": 4.506007171950718e-5,
    "mean": -0.8123310659722223
  },
  "magnetization": {
    "variance": 0.004216122752260436,
    "error": 6.493167757158625e-5,
    "mean": 0.847631298611111
  },
  "sqr_energy": {
    "variance": 0.005276842293794329,
    "error": 7.264187699801217e-5,
    "mean": 0.6619121687765239
  }
}
