{
  "energy": {
    "variance": 0.002927155701738847,
    "error": 5.410319493097285e-5,
    "mean": -0.7707869817708334
  },
  "magnetization": {
    "variance": 0.2837230278922113,
    "error": 0.0005326565759400811,
    "mean": 0.5848235868055555
  }
}
