{
  "sqr_magnetization": {
    "variance": 0.0407928681395485,
    "error": 0.00020197244401043548,
    "mean": 0.49597613679108793
  },
  "abs_magnetization": {
    "variance": 0.033164300503227974,
    "error": 0.000182110682012967,
    "mean": 0.6803027777777777
  },
  "energy": {
    "variance": 0.003812277293715072,
    "error": 6.174364172702378e-5,
    "mean": -0.7213509548611111
  },
  "magnetization": {
    "variance": 0.49363060988907265,
    "error": 0.0007025885068011521,
    "mean": 0.0484357361111111
  },
  "sqr_energy": {
    "variance": 0.007817226145908445,
    "error": 8.84150787247766e-5,
    "mean": 0.5241594735604745
  }
}
