{
  "sqr_magnetization": {
    "variance": 0.032493050089031104,
    "error": 0.00018025828715770908,
    "mean": 0.5651313713831019
  },
  "abs_magnetization": {
    "variance": 0.02260426431792052,
    "error": 0.00015034714602519237,
    "mean": 0.7365644097222223
  },
  "energy": {
    "variance": 0.003378595778267846,
    "error": 5.81256894863867e-5,
    "mean": -0.7465276388888888
  },
  "magnetization": {
    "variance": 0.5602049445317965,
    "error": 0.0007484683991537628,
    "mean": 0.07019249999999999
  },
  "sqr_energy": {
    "variance": 0.007376943785965899,
    "error": 8.58891366004217e-5,
    "mean": 0.5606821080246914
  }
}
