{
  "energy": {
    "variance": 0.0013684408116313791,
    "error": 3.699244262861509e-5,
    "mean": -0.35213875434027775
  },
  "magnetization": {
    "variance": 0.012385319691982971,
    "error": 0.00011128935120658657,
    "mean": -0.0006796493055555552
  }
}
