{
  "sqr_magnetization": {
    "variance": 0.008100180723174939,
    "error": 9.000100401203832e-5,
    "mean": 0.7672807187017747
  },
  "energy": {
    "variance": 0.0017118099437619114,
    "error": 4.1374024988655765e-5,
    "mean": -0.8362905416666667
  },
  "magnetization": {
    "variance": 0.002965619249366163,
    "error": 5.4457499477722654e-5,
    "mean": 0.8742511666666666
  },
  "sqr_energy": {
    "variance": 0.00471122003146335,
    "error": 6.863832771464752e-5,
    "mean": 0.7010936783130787
  }
}
