{
  "sqr_magnetization": {
    "variance": 0.0005457046604595148,
    "error": 2.3360322353501775e-5,
    "mean": 0.017231193299093363
  },
  "energy": {
    "variance": 0.001476720288443861,
    "error": 3.842811846088565e-5,
    "mean": -0.396538125
  },
  "magnetization": {
    "variance": 0.017220222560425286,
    "error": 0.00013122584562663442,
    "mean": -0.0033148090277777785
  },
  "sqr_energy": {
    "variance": 0.0009421043179711846,
    "error": 3.0693717890981937e-5,
    "mean": 0.1587192033902392
  }
}
