{
  "energy": {
    "variance": 0.002801450397776213,
    "error": 5.292872941773884e-5,
    "mean": -0.7774229817708334
  },
  "magnetization": {
    "variance": 0.48126163600880223,
    "error": 0.0006937302328778834,
    "mean": 0.3995907569444445
  }
}
