{
  "sqr_magnetization": {
    "variance": 0.012108910519644075,
    "error": 0.00011004049490821129,
    "mean": 0.09671996767698689
  },
  "abs_magnetization": {
    "variance": 0.030024939129699342,
    "error": 0.00017327705886729307,
    "mean": 0.2582538645833333
  },
  "energy": {
    "variance": 0.0024738183741077257,
    "error": 4.973749465049206e-5,
    "mean": -0.5499343055555557
  },
  "magnetization": {
    "variance": 0.09670786408780466,
    "error": 0.0003109788804530055,
    "mean": 0.003492892361111111
  },
  "sqr_energy": {
    "variance": 0.003074635813033534,
    "error": 5.544939867152334e-5,
    "mean": 0.3049015563271605
  }
}
