{
  "sqr_magnetization": {
    "variance": 0.03252644598513512,
    "error": 0.00018035089682376165,
    "mean": 0.21115364416956017
  },
  "energy": {
    "variance": 0.003414266877499468,
    "error": 5.8431728345989115e-5,
    "mean": -0.6163583125
  },
  "magnetization": {
    "variance": 0.20719920673984904,
    "error": 0.00045519139572255653,
    "mean": -0.06288596527777779
  },
  "sqr_energy": {
    "variance": 0.005317376204739964,
    "error": 7.292034150180567e-5,
    "mean": 0.3833118328510802
  }
}
