{
  "sqr_magnetization": {
    "variance": 0.004667636655296043,
    "error": 6.832010432732114e-5,
    "mean": 0.05368383281491127
  },
  "abs_magnetization": {
    "variance": 0.018209937446580372,
    "error": 0.0001349442012336224,
    "mean": 0.18834519791666665
  },
  "energy": {
    "variance": 0.0020388798066227542,
    "error": 4.515395671060017e-5,
    "mean": -0.5035822118055555
  },
  "magnetization": {
    "variance": 0.053683242731517124,
    "error": 0.00023169644522848669,
    "mean": 0.0008023506944444432
  },
  "sqr_energy": {
    "variance": 0.002107117785360866,
    "error": 4.5903352659265164e-5,
    "mean": 0.2556339218147184
  }
}
