{
  "sqr_magnetization": {
    "variance": 0.0025964182564515922,
    "error": 5.095506114657888e-5,
    "mean": 0.8669066457851082
  },
  "energy": {
    "variance": 0.0009757926017773507,
    "error": 3.1237679199603656e-5,
    "mean": -0.8953858020833333
  },
  "magnetization": {
    "variance": 0.0007720446213740969,
    "error": 2.778569094649433e-5,
    "mean": 0.9306635277777777
  },
  "sqr_energy": {
    "variance": 0.003093126477265614,
    "error": 5.5615883318217773e-5,
    "mean": 0.8026915261983989
  }
}
