{
  "sqr_magnetization": {
    "variance": 0.0006459084711537749,
    "error": 2.5414729413349553e-5,
    "mean": 0.9475581060353978
  },
  "abs_magnetization": {
    "variance": 0.0001726431368989119,
    "error": 1.313937353525319e-5,
    "mean": 0.97333728125
  },
  "energy": {
    "variance": 0.00038105161803048343,
    "error": 1.9520543487067246e-5,
    "mean": -0.95411890625
  },
  "magnetization": {
    "variance": 0.0001726431368989119,
    "error": 1.313937353525319e-5,
    "mean": 0.97333728125
  },
  "sqr_energy": {
    "variance": 0.0013745640643686285,
    "error": 3.7075113814641603e-5,
    "mean": 0.9107239385006756
  }
}
