{
  "energy": {
    "variance": 0.0030809409860013204,
    "error": 5.55062247500343e-5,
    "mean": -0.7640972682291668
  },
  "magnetization": {
    "variance": 0.6080874617997327,
    "error": 0.0007797996292636543,
    "mean": 0.03782448263888892
  }
}
