{
  "sqr_magnetization": {
    "variance": 0.00446675483865907,
    "error": 6.683378515884814e-5,
    "mean": 0.049004451617959105
  },
  "energy": {
    "variance": 0.0020885009660807185,
    "error": 4.57001199788438e-5,
    "mean": -0.4906612673611111
  },
  "magnetization": {
    "variance": 0.048759533859890423,
    "error": 0.0002208156105439342,
    "mean": 0.01565140625
  },
  "sqr_energy": {
    "variance": 0.0020643334816729483,
    "error": 4.543493679618084e-5,
    "mean": 0.24283697816599153
  }
}
