{
  "sqr_magnetization": {
    "variance": 0.014965265277489082,
    "error": 0.00012233260104113327,
    "mean": 0.11073019077932099
  },
  "abs_magnetization": {
    "variance": 0.03358573665218143,
    "error": 0.0001832641171975066,
    "mean": 0.2777489652777778
  },
  "energy": {
    "variance": 0.002631290907305749,
    "error": 5.129611006017658e-5,
    "mean": -0.5613200868055555
  },
  "magnetization": {
    "variance": 0.11070258886138826,
    "error": 0.00033271998566570697,
    "mean": 0.0052642777777777774
  },
  "sqr_energy": {
    "variance": 0.0034161368417352993,
    "error": 5.8447727430031865e-5,
    "mean": 0.31771152812741127
  }
}
