{
  "sqr_magnetization": {
    "variance": 0.0039022175001113485,
    "error": 6.24677316709303e-5,
    "mean": 0.8853167409095296
  },
  "energy": {
    "variance": 0.0009019552266247747,
    "error": 3.0032569430949038e-5,
    "mean": -0.90932603125
  },
  "magnetization": {
    "variance": 0.0016910360247088165,
    "error": 4.1122208412350824e-5,
    "mean": -0.9400136736111111
  },
  "sqr_energy": {
    "variance": 0.0029223046057798782,
    "error": 5.405834446022074e-5,
    "mean": 0.8277757854335456
  }
}
