{
  "sqr_magnetization": {
    "variance": 0.0007837361156689684,
    "error": 2.7995287383218062e-5,
    "mean": 0.9414880515287427
  },
  "energy": {
    "variance": 0.00043109887095824605,
    "error": 2.076292057872028e-5,
    "mean": -0.9493907916666667
  },
  "magnetization": {
    "variance": 0.00021195055283616238,
    "error": 1.4558521656959623e-5,
    "mean": 0.970193847222222
  },
  "sqr_energy": {
    "variance": 0.0015385358170848416,
    "error": 3.922417388658226e-5,
    "mean": 0.9017739737413197
  }
}
