{
  "sqr_magnetization": {
    "variance": 0.002356855211915067,
    "error": 4.854745319700166e-5,
    "mean": 0.03687124257330247
  },
  "abs_magnetization": {
    "variance": 0.012819217511871064,
    "error": 0.00011322198334188933,
    "mean": 0.15508719444444444
  },
  "energy": {
    "variance": 0.0018272049189093943,
    "error": 4.274581756042799e-5,
    "mean": -0.47026947222222226
  },
  "magnetization": {
    "variance": 0.036871277109810856,
    "error": 0.000192018949871649,
    "mean": 4.831944444444468e-5
  },
  "sqr_energy": {
    "variance": 0.0016411851517332636,
    "error": 4.05115434380531e-5,
    "mean": 0.22298057959587195
  }
}
