{
  "sqr_magnetization": {
    "variance": 0.0004161295596541104,
    "error": 2.0399253899447164e-5,
    "mean": 0.01467514104697145
  },
  "abs_magnetization": {
    "variance": 0.005280160972616496,
    "error": 7.26647161462597e-5,
    "mean": 0.0969277326388889
  },
  "energy": {
    "variance": 0.0014344981477112917,
    "error": 3.7874769276013974e-5,
    "mean": -0.37172202430555557
  },
  "magnetization": {
    "variance": 0.014675154356464045,
    "error": 0.00012114105149149088,
    "mean": -3.695486111111111e-5
  },
  "sqr_energy": {
    "variance": 0.0008039497821791424,
    "error": 2.8354008220693288e-5,
    "mean": 0.1396117600670332
  }
}
