{
  "sqr_magnetization": {
    "variance": 0.000637289582653165,
    "error": 2.5244595117631912e-5,
    "mean": 0.9480904909577551
  },
  "abs_magnetization": {
    "variance": 0.0001702321959300644,
    "error": 1.3047306079419782e-5,
    "mean": 0.9736119652777775
  },
  "energy": {
    "variance": 0.00037710356278083924,
    "error": 1.9419154533110837e-5,
    "mean": -0.9545505972222222
  },
  "magnetization": {
    "variance": 0.0001702321959300644,
    "error": 1.3047306079419782e-5,
    "mean": 0.9736119652777775
  },
  "sqr_energy": {
    "variance": 0.0013615510817498273,
    "error": 3.689920164109011e-5,
    "mean": 0.9115439458429788
  }
}
