{
  "sqr_magnetization": {
    "variance": 0.0009411073062521695,
    "error": 3.0677472292419554e-5,
    "mean": 0.9337928455222806
  },
  "energy": {
    "variance": 0.0004927344952267671,
    "error": 2.2197623639181903e-5,
    "mean": -0.94341721875
  },
  "magnetization": {
    "variance": 0.00025690748870049355,
    "error": 1.6028333934021138e-5,
    "mean": 0.9661966354166666
  },
  "sqr_energy": {
    "variance": 0.0017357573448188838,
    "error": 4.166242125487769e-5,
    "mean": 0.8905287826364778
  }
}
