{
  "sqr_magnetization": {
    "variance": 0.0454171107218985,
    "error": 0.00021311290604254473,
    "mean": 0.3540510410397376
  },
  "abs_magnetization": {
    "variance": 0.04867202656284403,
    "error": 0.00022061737593137134,
    "mean": 0.5526111319444443
  },
  "energy": {
    "variance": 0.004037722916576119,
    "error": 6.354307921855943e-5,
    "mean": -0.6704924305555555
  },
  "magnetization": {
    "variance": 0.3540485555356448,
    "error": 0.000595019794238515,
    "mean": -0.001685097222222219
  },
  "sqr_energy": {
    "variance": 0.007322153280708949,
    "error": 8.556958151533142e-5,
    "mean": 0.4535978183111496
  }
}
