{
  "sqr_magnetization": {
    "variance": 0.0009797049116900788,
    "error": 3.130023820500539e-5,
    "mean": 0.9293010847439241
  },
  "abs_magnetization": {
    "variance": 0.00026804426830843455,
    "error": 1.6372057546577172e-5,
    "mean": 0.9638636006944442
  },
  "energy": {
    "variance": 0.0005163400231810726,
    "error": 2.2723116493585837e-5,
    "mean": -0.9397464444444446
  },
  "magnetization": {
    "variance": 0.00026804426830843455,
    "error": 1.6372057546577172e-5,
    "mean": 0.9638636006944442
  },
  "sqr_energy": {
    "variance": 0.0018059198535153112,
    "error": 4.2496115746210394e-5,
    "mean": 0.8836397193528166
  }
}
