{
  "sqr_magnetization": {
    "variance": 0.00038754246995961256,
    "error": 1.968609839352665e-5,
    "mean": 0.014342424033082562
  },
  "energy": {
    "variance": 0.0014407574070210913,
    "error": 3.795731032385054e-5,
    "mean": -0.3691009201388889
  },
  "magnetization": {
    "variance": 0.014332394770124312,
    "error": 0.00011971798014552497,
    "mean": -0.0031691631944444445
  },
  "sqr_energy": {
    "variance": 0.0007942627270254678,
    "error": 2.8182667138251268e-5,
    "mean": 0.1376762452136381
  }
}
