{
  "sqr_magnetization": {
    "variance": 0.03264923103129962,
    "error": 0.0001806909821526786,
    "mean": 0.5639546421802661
  },
  "energy": {
    "variance": 0.0033775346172385014,
    "error": 5.811656061088355e-5,
    "mean": -0.7468897534722222
  },
  "magnetization": {
    "variance": 0.5292822629755369,
    "error": 0.0007275178781140275,
    "mean": 0.1862066284722222
  },
  "sqr_energy": {
    "variance": 0.0073656881685719025,
    "error": 8.582358748369764e-5,
    "mean": 0.5612218350815007
  }
}
