{
  "sqr_magnetization": {
    "variance": 0.0026220608720915464,
    "error": 5.120606284505328e-5,
    "mean": 0.8681475000843946
  },
  "energy": {
    "variance": 0.0009617928621728292,
    "error": 3.101278546298009e-5,
    "mean": -0.8963971458333333
  },
  "magnetization": {
    "variance": 0.0007819113972541708,
    "error": 2.796267864948154e-5,
    "mean": 0.9313246423611111
  },
  "sqr_energy": {
    "variance": 0.00305668311093452,
    "error": 5.528727802066692e-5,
    "mean": 0.8044896349585262
  }
}
