{
  "sqr_magnetization": {
    "variance": 0.0011911143773021156,
    "error": 3.451252493374131e-5,
    "mean": 0.9200106587456601
  },
  "abs_magnetization": {
    "variance": 0.00033054481904683236,
    "error": 1.8180891591086295e-5,
    "mean": 0.9589995381944445
  },
  "energy": {
    "variance": 0.0005857870794201333,
    "error": 2.4203038640223117e-5,
    "mean": -0.9327322569444445
  },
  "magnetization": {
    "variance": 0.00033054481904683236,
    "error": 1.8180891591086295e-5,
    "mean": 0.9589995381944445
  },
  "sqr_energy": {
    "variance": 0.002017616213713853,
    "error": 4.4917883005701114e-5,
    "mean": 0.8705752496383105
  }
}
