{
  "sqr_magnetization": {
    "variance": 0.005287723770596038,
    "error": 7.27167365232794e-5,
    "mean": 0.8816456722366901
  },
  "energy": {
    "variance": 0.0009717530151958681,
    "error": 3.117295326394129e-5,
    "mean": -0.9078853263888889
  },
  "magnetization": {
    "variance": 0.0024908524672258765,
    "error": 4.9908440841463645e-5,
    "mean": -0.9376325625
  },
  "sqr_energy": {
    "variance": 0.003117916731831765,
    "error": 5.583830881958877e-5,
    "mean": 0.8252275179157021
  }
}
