{
  "sqr_magnetization": {
    "variance": 0.0351418741368838,
    "error": 0.0001874616604452329,
    "mean": 0.5427887621889467
  },
  "abs_magnetization": {
    "variance": 0.025445163923984705,
    "error": 0.00015951540340664505,
    "mean": 0.71926603125
  },
  "energy": {
    "variance": 0.003528965253467556,
    "error": 5.940509450768979e-5,
    "mean": -0.738317329861111
  },
  "magnetization": {
    "variance": 0.5380930664471952,
    "error": 0.0007335482713817784,
    "mean": 0.06852907291666668
  },
  "sqr_energy": {
    "variance": 0.007548115720596114,
    "error": 8.687989249876011e-5,
    "mean": 0.5486414412977432
  }
}
