{
  "sqr_magnetization": {
    "variance": 0.0015862018314090796,
    "error": 3.9827149426102287e-5,
    "mean": 0.02950229852671682
  },
  "abs_magnetization": {
    "variance": 0.010430625112131563,
    "error": 0.00010213043186108419,
    "mean": 0.1381002673611111
  },
  "energy": {
    "variance": 0.0017353075222434787,
    "error": 4.165702248413199e-5,
    "mean": -0.4496775277777778
  },
  "magnetization": {
    "variance": 0.02950201997675704,
    "error": 0.00017176152065220265,
    "mean": 0.000555024305555555
  },
  "sqr_energy": {
    "variance": 0.0014239482270159334,
    "error": 3.7735238531324186e-5,
    "mean": 0.20394518477527007
  }
}
