{
  "sqr_magnetization": {
    "variance": 0.0006464239794519214,
    "error": 2.5424869310419696e-5,
    "mean": 0.018509143627025465
  },
  "abs_magnetization": {
    "variance": 0.006614588741952734,
    "error": 8.13301219841255e-5,
    "mean": 0.10906219097222222
  },
  "energy": {
    "variance": 0.0015333286616935832,
    "error": 3.91577407633993e-5,
    "mean": -0.3990679513888889
  },
  "magnetization": {
    "variance": 0.01850783127620482,
    "error": 0.00013604349038526177,
    "mean": 0.0011536284722222221
  },
  "sqr_energy": {
    "variance": 0.000990138791612691,
    "error": 3.146647091131592e-5,
    "mean": 0.1607885569540895
  }
}
