{
  "sqr_magnetization": {
    "variance": 0.008651907612413016,
    "error": 9.301563101120702e-5,
    "mean": 0.07751761284722222
  },
  "abs_magnetization": {
    "variance": 0.025189785633225253,
    "error": 0.00015871290317181287,
    "mean": 0.22875281944444445
  },
  "energy": {
    "variance": 0.002280781438583992,
    "error": 4.7757527559370074e-5,
    "mean": -0.5333880729166668
  },
  "magnetization": {
    "variance": 0.07749785686839115,
    "error": 0.00027838436893689125,
    "mean": 0.004453479166666667
  },
  "sqr_energy": {
    "variance": 0.0026574284149269794,
    "error": 5.1550251356583896e-5,
    "mean": 0.2867836154875578
  }
}
