{
  "energy": {
    "variance": 0.0029794325286258993,
    "error": 5.458417837272903e-5,
    "mean": -0.5875687144097222
  },
  "magnetization": {
    "variance": 0.15249683120362703,
    "error": 0.00039050842654624887,
    "mean": -0.04182473263888888
  }
}
