{
  "sqr_magnetization": {
    "variance": 0.008407895515038812,
    "error": 9.169457734805702e-5,
    "mean": 0.0766360672984182
  },
  "energy": {
    "variance": 0.0022654272627092363,
    "error": 4.759650473206238e-5,
    "mean": -0.526819576388889
  },
  "magnetization": {
    "variance": 0.07661453652281411,
    "error": 0.00027679331011210175,
    "mean": -0.004648375
  },
  "sqr_energy": {
    "variance": 0.002582342132275622,
    "error": 5.0816750508819645e-5,
    "mean": 0.27980429106385035
  }
}
