{
  "energy": {
    "variance": 0.0037127104630441696,
    "error": 6.0932015090953374e-5,
    "mean": -0.6341722604166666
  },
  "magnetization": {
    "variance": 0.2567547175255769,
    "error": 0.0005067096974852336,
    "mean": 0.03240180902777777
  }
}
