{
  "sqr_magnetization": {
    "variance": 0.004839568632616174,
    "error": 6.956700821953014e-5,
    "mean": 0.8171775335527585
  },
  "abs_magnetization": {
    "variance": 0.0015873042586945824,
    "error": 3.98409871701817e-5,
    "mean": 0.90310034375
  },
  "energy": {
    "variance": 0.001364906479057123,
    "error": 3.694464073525581e-5,
    "mean": -0.8638061354166666
  },
  "magnetization": {
    "variance": 0.0015873042586945824,
    "error": 3.98409871701817e-5,
    "mean": 0.90310034375
  },
  "sqr_energy": {
    "variance": 0.004017013225250707,
    "error": 6.337991184319134e-5,
    "mean": 0.7475259446976273
  }
}
