{
  "energy": {
    "variance": 0.0016684733585868683,
    "error": 4.084695041966864e-5,
    "mean": -0.8423984895833334
  },
  "magnetization": {
    "variance": 0.002629018305160087,
    "error": 5.1273953476985634e-5,
    "mean": -0.881143875
  }
}
