{
  "sqr_magnetization": {
    "variance": 0.007600609740160728,
    "error": 8.71814759003352e-5,
    "mean": 0.7825549914882329
  },
  "abs_magnetization": {
    "variance": 0.003024889625205549,
    "error": 5.499899658362459e-5,
    "mean": 0.8829100208333333
  },
  "energy": {
    "variance": 0.001654296216260903,
    "error": 4.0673040410828684e-5,
    "mean": -0.8444659756944445
  },
  "magnetization": {
    "variance": 0.7227445343789168,
    "error": 0.000850143831583172,
    "mean": 0.2445632430555555
  },
  "sqr_energy": {
    "variance": 0.004638683239609194,
    "error": 6.810787942381699e-5,
    "mean": 0.7147770786675346
  }
}
