{
  "sqr_magnetization": {
    "variance": 0.01822710784795925,
    "error": 0.00013500780661857763,
    "mean": 0.678569627580054
  },
  "abs_magnetization": {
    "variance": 0.009509882631071626,
    "error": 9.751862709796333e-5,
    "mean": 0.8179607291666666
  },
  "energy": {
    "variance": 0.0025224992760482247,
    "error": 5.0224488808232035e-5,
    "mean": -0.7932389097222222
  },
  "magnetization": {
    "variance": 0.6580273302100315,
    "error": 0.0008111888375773125,
    "mean": 0.14332813888888887
  },
  "sqr_energy": {
    "variance": 0.00620541223867291,
    "error": 7.877443899307002e-5,
    "mean": 0.6317504646508486
  }
}
