{
  "sqr_magnetization": {
    "variance": 0.0006985977982507989,
    "error": 2.643100070468008e-5,
    "mean": 0.9436615685402204
  },
  "energy": {
    "variance": 0.0004100544225339268,
    "error": 2.024980055541108e-5,
    "mean": -0.9509780208333333
  },
  "magnetization": {
    "variance": 0.00018736370626415714,
    "error": 1.3688086289330483e-5,
    "mean": 0.9713260034722221
  },
  "sqr_energy": {
    "variance": 0.0014693979911443518,
    "error": 3.83327274159347e-5,
    "mean": 0.9047692501205636
  }
}
