{
  "sqr_magnetization": {
    "variance": 0.001172246596605824,
    "error": 3.42380869297019e-5,
    "mean": 0.9238787304325814
  },
  "energy": {
    "variance": 0.0005655109693106295,
    "error": 2.378047453922292e-5,
    "mean": -0.9359216006944445
  },
  "magnetization": {
    "variance": 0.0003248629302879761,
    "error": 1.8023954346590432e-5,
    "mean": 0.9610171006944443
  },
  "sqr_energy": {
    "variance": 0.0019597676337703503,
    "error": 4.4269262855511275e-5,
    "mean": 0.876514753050251
  }
}
