{
  "sqr_magnetization": {
    "variance": 0.0040000034019502025,
    "error": 6.324558009813969e-5,
    "mean": 0.04868950881317515
  },
  "energy": {
    "variance": 0.0019923035630322354,
    "error": 4.463522782547699e-5,
    "mean": -0.5025023993055555
  },
  "magnetization": {
    "variance": 0.04858499349444844,
    "error": 0.00022042003877698697,
    "mean": -0.010225649305555555
  },
  "sqr_energy": {
    "variance": 0.002047349042023721,
    "error": 4.524764128685296e-5,
    "mean": 0.25450096287856866
  }
}
