{
  "sqr_magnetization": {
    "variance": 0.039539782672331734,
    "error": 0.00019884612813009898,
    "mean": 0.3464540327208719
  },
  "energy": {
    "variance": 0.003692723049006217,
    "error": 6.076777969455702e-5,
    "mean": -0.6639006701388889
  },
  "magnetization": {
    "variance": 0.3269474596820291,
    "error": 0.0005717931966034828,
    "mean": -0.13966710416666667
  },
  "sqr_energy": {
    "variance": 0.006545652802248567,
    "error": 8.090520874609104e-5,
    "mean": 0.44445681916714885
  }
}
