{
  "sqr_magnetization": {
    "variance": 0.0003024430271940505,
    "error": 1.739088920078702e-5,
    "mean": 0.012339227141203704
  },
  "energy": {
    "variance": 0.0013600101053067393,
    "error": 3.687831483821813e-5,
    "mean": -0.3514637013888889
  },
  "magnetization": {
    "variance": 0.012319160348307727,
    "error": 0.0001109917129713193,
    "mean": 0.004480972222222223
  },
  "sqr_energy": {
    "variance": 0.0006791411377533454,
    "error": 2.606033648580435e-5,
    "mean": 0.1248867421392747
  }
}
