{
  "sqr_magnetization": {
    "variance": 0.03239030835785505,
    "error": 0.00017997307675831698,
    "mean": 0.20815658389998073
  },
  "abs_magnetization": {
    "variance": 0.04859585010067831,
    "error": 0.00022044466448675572,
    "mean": 0.39945060069444444
  },
  "energy": {
    "variance": 0.0034571355854052135,
    "error": 5.879741138353978e-5,
    "mean": -0.6132701319444445
  },
  "magnetization": {
    "variance": 0.20776038563432198,
    "error": 0.0004558073997143113,
    "mean": -0.019909947916666663
  },
  "sqr_energy": {
    "variance": 0.005364009836826636,
    "error": 7.323940084972457e-5,
    "mean": 0.3795573868634258
  }
}
