{
  "sqr_magnetization": {
    "variance": 0.009752486608223868,
    "error": 9.875467891813465e-5,
    "mean": 0.7488219164255401
  },
  "abs_magnetization": {
    "variance": 0.003852067459921627,
    "error": 6.206502606075041e-5,
    "mean": 0.8631163611111111
  },
  "energy": {
    "variance": 0.0019143904585029192,
    "error": 4.375374793663874e-5,
    "mean": -0.8262137361111112
  },
  "magnetization": {
    "variance": 0.7381903452292523,
    "error": 0.0008591800423829992,
    "mean": 0.10311309027777775
  },
  "sqr_energy": {
    "variance": 0.005136617158986867,
    "error": 7.167019714628157e-5,
    "mean": 0.6845435262827931
  }
}
