{
  "sqr_magnetization": {
    "variance": 0.0005298744830420181,
    "error": 2.3019002650897325e-5,
    "mean": 0.01645370750144676
  },
  "energy": {
    "variance": 0.0014710411903397535,
    "error": 3.835415479892307e-5,
    "mean": -0.38985295138888887
  },
  "magnetization": {
    "variance": 0.016419241538548242,
    "error": 0.00012813758831251758,
    "mean": -0.0058721701388888894
  },
  "sqr_energy": {
    "variance": 0.0009052707208564124,
    "error": 3.0087717109418794e-5,
    "mean": 0.15345636342592595
  }
}
