{
  "sqr_magnetization": {
    "variance": 0.003451443559987059,
    "error": 5.874898773585004e-5,
    "mean": 0.844079908420139
  },
  "energy": {
    "variance": 0.0011469888053051512,
    "error": 3.386722317086464e-5,
    "mean": -0.8806401145833332
  },
  "magnetization": {
    "variance": 0.0010645723096000873,
    "error": 3.262778431950425e-5,
    "mean": 0.9181586666666668
  },
  "sqr_energy": {
    "variance": 0.003514686000735736,
    "error": 5.928478726229636e-5,
    "mean": 0.7766739990716628
  }
}
