{
  "sqr_magnetization": {
    "variance": 0.0020170387835752985,
    "error": 4.491145492605755e-5,
    "mean": 0.8877305911578899
  },
  "abs_magnetization": {
    "variance": 0.0005859922221963962,
    "error": 2.420727622423465e-5,
    "mean": 0.9418835381944445
  },
  "energy": {
    "variance": 0.0008273710457603088,
    "error": 2.876405822828741e-5,
    "mean": -0.9093440590277777
  },
  "magnetization": {
    "variance": 0.0005859922221963962,
    "error": 2.420727622423465e-5,
    "mean": 0.9418835381944445
  },
  "sqr_energy": {
    "variance": 0.0027058058224087977,
    "error": 5.2017360778963e-5,
    "mean": 0.827733987907504
  }
}
