{
  "sqr_magnetization": {
    "variance": 0.0022736664910612864,
    "error": 4.768297904977505e-5,
    "mean": 0.8791143230010612
  },
  "abs_magnetization": {
    "variance": 0.0006689051749713278,
    "error": 2.5863201174087632e-5,
    "mean": 0.9372541909722223
  },
  "energy": {
    "variance": 0.0008902111884856751,
    "error": 2.9836407097465256e-5,
    "mean": -0.9033929201388889
  },
  "magnetization": {
    "variance": 0.0006689051749713278,
    "error": 2.5863201174087632e-5,
    "mean": 0.9372541909722223
  },
  "sqr_energy": {
    "variance": 0.0028728043929625675,
    "error": 5.3598548422159415e-5,
    "mean": 0.8170089784553434
  }
}
