{
  "sqr_magnetization": {
    "variance": 0.0005847970762161612,
    "error": 2.4182577948104732e-5,
    "mean": 0.017536939175829474
  },
  "abs_magnetization": {
    "variance": 0.006270653960792741,
    "error": 7.918746088108105e-5,
    "mean": 0.10614278819444443
  },
  "energy": {
    "variance": 0.0015111421622991353,
    "error": 3.887341202286127e-5,
    "mean": -0.39379064583333334
  },
  "magnetization": {
    "variance": 0.017536414039581463,
    "error": 0.0001324251261641138,
    "mean": -0.0007366631944444448
  },
  "sqr_energy": {
    "variance": 0.000950526975567805,
    "error": 3.083061750221369e-5,
    "mean": 0.15658221339699077
  }
}
