{
  "sqr_magnetization": {
    "variance": 0.0007377768558740649,
    "error": 2.716204807951832e-5,
    "mean": 0.019726586769386573
  },
  "abs_magnetization": {
    "variance": 0.007044548652549221,
    "error": 8.393180953934701e-5,
    "mean": 0.11261458680555556
  },
  "energy": {
    "variance": 0.001561325807322612,
    "error": 3.951361546761587e-5,
    "mean": -0.4061889895833333
  },
  "magnetization": {
    "variance": 0.019726358847825847,
    "error": 0.00014045055659493076,
    "mean": 0.0004976423611111112
  },
  "sqr_energy": {
    "variance": 0.0010447216723633262,
    "error": 3.232215451301671e-5,
    "mean": 0.16655081950472608
  }
}
