{
  "sqr_magnetization": {
    "variance": 0.013372387244751366,
    "error": 0.00011563903858451682,
    "mean": 0.10378872304205246
  },
  "abs_magnetization": {
    "variance": 0.031648804490696805,
    "error": 0.00017790110873936905,
    "mean": 0.2685888125
  },
  "energy": {
    "variance": 0.002545782263875194,
    "error": 5.0455745598248713e-5,
    "mean": -0.5556588541666667
  },
  "magnetization": {
    "variance": 0.10371584651923677,
    "error": 0.00032204944732018527,
    "mean": -0.008542847222222223
  },
  "sqr_energy": {
    "variance": 0.0032315393376568745,
    "error": 5.684662995866047e-5,
    "mean": 0.3113025419319059
  }
}
