{
  "sqr_magnetization": {
    "variance": 0.0008804528090047857,
    "error": 2.9672425061069506e-5,
    "mean": 0.9367592656611693
  },
  "energy": {
    "variance": 0.000470524813966172,
    "error": 2.1691583943229504e-5,
    "mean": -0.9456952777777777
  },
  "magnetization": {
    "variance": 0.00023947899750502698,
    "error": 1.54751089658531e-5,
    "mean": 0.9677395243055555
  },
  "sqr_energy": {
    "variance": 0.001665561450181726,
    "error": 4.081129071937968e-5,
    "mean": 0.8948100827546299
  }
}
