{
  "sqr_magnetization": {
    "variance": 0.041596643133627875,
    "error": 0.00020395255118195476,
    "mean": 0.44577029361979165
  },
  "energy": {
    "variance": 0.0039584705811247095,
    "error": 6.291637768597863e-5,
    "mean": -0.7016927916666666
  },
  "magnetization": {
    "variance": 0.37548855736239045,
    "error": 0.0006127712112708873,
    "mean": -0.26510773611111105
  },
  "sqr_energy": {
    "variance": 0.007728044827496247,
    "error": 8.790929886818713e-5,
    "mean": 0.49633124049961413
  }
}
