{
  "sqr_magnetization": {
    "variance": 0.013396586120194072,
    "error": 0.00011574362237373631,
    "mean": 0.7440972078751928
  },
  "energy": {
    "variance": 0.0020416626811833095,
    "error": 4.518476160370119e-5,
    "mean": -0.8262576354166667
  },
  "magnetization": {
    "variance": 0.006505275357061575,
    "error": 8.065528722322905e-5,
    "mean": 0.8588317291666667
  },
  "sqr_energy": {
    "variance": 0.005423210395629029,
    "error": 7.364244968514442e-5,
    "mean": 0.6847433407238617
  }
}
