{
  "sqr_magnetization": {
    "variance": 0.01758884801380148,
    "error": 0.00013262295432466236,
    "mean": 0.12634523328993055
  },
  "abs_magnetization": {
    "variance": 0.036304260757131085,
    "error": 0.00019053677009210344,
    "mean": 0.3000683402777778
  },
  "energy": {
    "variance": 0.0027375902974803323,
    "error": 5.2321986750125724e-5,
    "mean": -0.5707576076388888
  },
  "magnetization": {
    "variance": 0.12634135543574196,
    "error": 0.00035544529176195587,
    "mean": -0.0020010486111111106
  },
  "sqr_energy": {
    "variance": 0.0036757700277651913,
    "error": 6.062812901422236e-5,
    "mean": 0.32850183423755785
  }
}
