{
  "sqr_magnetization": {
    "variance": 0.009652953735162118,
    "error": 9.824944648781548e-5,
    "mean": 0.7889188507065008
  },
  "energy": {
    "variance": 0.0016544803715665985,
    "error": 4.0675304197591425e-5,
    "mean": -0.8499746527777777
  },
  "magnetization": {
    "variance": 0.00516740754411924,
    "error": 7.188468226346445e-5,
    "mean": 0.8852973784722222
  },
  "sqr_energy": {
    "variance": 0.004670442125244439,
    "error": 6.83406330468517e-5,
    "mean": 0.7241113890817901
  }
}
