{
  "sqr_magnetization": {
    "variance": 0.0036829739304325613,
    "error": 6.0687510497898664e-5,
    "mean": 0.04851927096595294
  },
  "energy": {
    "variance": 0.0020229588984017996,
    "error": 4.497731537566243e-5,
    "mean": -0.49763816666666666
  },
  "magnetization": {
    "variance": 0.04831724170577825,
    "error": 0.0002198118324972026,
    "mean": 0.014215399305555555
  },
  "sqr_energy": {
    "variance": 0.0020370912551207323,
    "error": 4.5134147329053774e-5,
    "mean": 0.24966670179880404
  }
}
