{
  "sqr_magnetization": {
    "variance": 0.008162034516962003,
    "error": 9.034397886390661e-5,
    "mean": 0.07496405718315972
  },
  "abs_magnetization": {
    "variance": 0.024456343345494087,
    "error": 0.0001563852401778828,
    "mean": 0.22473926736111113
  },
  "energy": {
    "variance": 0.0022521615470453716,
    "error": 4.7456944139349846e-5,
    "mean": -0.5308004652777778
  },
  "magnetization": {
    "variance": 0.07493396955732168,
    "error": 0.00027374069766354013,
    "mean": 0.005492045138888888
  },
  "sqr_energy": {
    "variance": 0.002596260974535775,
    "error": 5.095351778371906e-5,
    "mean": 0.28400129323398915
  }
}
