{
  "sqr_magnetization": {
    "variance": 0.002429205063654583,
    "error": 4.92869664683736e-5,
    "mean": 0.036942840747974534
  },
  "energy": {
    "variance": 0.0018796427177090761,
    "error": 4.335484653079833e-5,
    "mean": -0.4775082222222222
  },
  "magnetization": {
    "variance": 0.036926104696033794,
    "error": 0.00019216166291962037,
    "mean": -0.004095482638888889
  },
  "sqr_energy": {
    "variance": 0.0017432114570018152,
    "error": 4.175178387807897e-5,
    "mean": 0.22989374312789354
  }
}
