{
  "sqr_magnetization": {
    "variance": 0.0004302051824046051,
    "error": 2.074138815037714e-5,
    "mean": 0.015282454571759259
  },
  "energy": {
    "variance": 0.0014675332062878356,
    "error": 3.830839602864933e-5,
    "mean": -0.3780203333333333
  },
  "magnetization": {
    "variance": 0.015281094868608566,
    "error": 0.000123616725683091,
    "mean": -0.0011725972222222207
  },
  "sqr_energy": {
    "variance": 0.0008484558393432922,
    "error": 2.9128265299246577e-5,
    "mean": 0.14436690415219908
  }
}
