{
  "sqr_magnetization": {
    "variance": 0.011855003311499466,
    "error": 0.00010888068383096915,
    "mean": 0.7338537119381752
  },
  "abs_magnetization": {
    "variance": 0.005246086358575159,
    "error": 7.24298720044096e-5,
    "mean": 0.8535851631944443
  },
  "energy": {
    "variance": 0.0020537742748776224,
    "error": 4.5318586417469185e-5,
    "mean": -0.8190947847222223
  },
  "magnetization": {
    "variance": 0.7312407971993046,
    "error": 0.000855126187880657,
    "mean": 0.051123829861111095
  },
  "sqr_energy": {
    "variance": 0.005403700658434457,
    "error": 7.350986776232466e-5,
    "mean": 0.6729700385802468
  }
}
