{
  "sqr_magnetization": {
    "variance": 0.0038675791148723693,
    "error": 6.218986344149961e-5,
    "mean": 0.0486592903043017
  },
  "energy": {
    "variance": 0.001976876481195733,
    "error": 4.4462079137122374e-5,
    "mean": -0.4874354583333333
  },
  "magnetization": {
    "variance": 0.048563122045833164,
    "error": 0.00022037042007908676,
    "mean": 0.009809017361111111
  },
  "sqr_energy": {
    "variance": 0.001907461189231699,
    "error": 4.367449128761203e-5,
    "mean": 0.23957020054494602
  }
}
