{
  "sqr_magnetization": {
    "variance": 0.002149264259138845,
    "error": 4.636015810088276e-5,
    "mean": 0.8834981989173422
  },
  "abs_magnetization": {
    "variance": 0.0006291006972903074,
    "error": 2.5081879859578054e-5,
    "mean": 0.9396111423611112
  },
  "energy": {
    "variance": 0.0008589676910113708,
    "error": 2.9308150590089624e-5,
    "mean": -0.9064160173611111
  },
  "magnetization": {
    "variance": 0.0006291006972903074,
    "error": 2.5081879859578054e-5,
    "mean": 0.9396111423611112
  },
  "sqr_energy": {
    "variance": 0.0027905542955987276,
    "error": 5.2825697303478424e-5,
    "mean": 0.8224489633608218
  }
}
