{
  "sqr_magnetization": {
    "variance": 0.00048717176862052107,
    "error": 2.2071967937194025e-5,
    "mean": 0.015743846366222995
  },
  "energy": {
    "variance": 0.0014472636010519884,
    "error": 3.804291788299089e-5,
    "mean": -0.37918306944444446
  },
  "magnetization": {
    "variance": 0.015737298419645437,
    "error": 0.0001254483894661284,
    "mean": -0.00256196875
  },
  "sqr_energy": {
    "variance": 0.0008424857950494119,
    "error": 2.90256058515479e-5,
    "mean": 0.14522706230709875
  }
}
