{
  "sqr_magnetization": {
    "variance": 4.92260228050877e-5,
    "error": 7.016125911433439e-6,
    "mean": 0.004976829752604166
  },
  "abs_magnetization": {
    "variance": 0.001807959030766214,
    "error": 4.252010149054461e-5,
    "mean": 0.056292739583333334
  },
  "energy": {
    "variance": 0.00105826528295042,
    "error": 3.2530989578406925e-5,
    "mean": -0.21407345138888886
  },
  "magnetization": {
    "variance": 0.004976762862555096,
    "error": 7.054617539282407e-5,
    "mean": 0.0002680798611111111
  },
  "sqr_energy": {
    "variance": 0.00019780045527827294,
    "error": 1.4064154979175712e-5,
    "mean": 0.04688570681423611
  }
}
