{
  "sqr_magnetization": {
    "variance": 0.00149127029615866,
    "error": 3.861696901827822e-5,
    "mean": 0.9072017534601663
  },
  "abs_magnetization": {
    "variance": 0.00042132767485987733,
    "error": 2.052626792331907e-5,
    "mean": 0.9522501909722223
  },
  "energy": {
    "variance": 0.000681743145587559,
    "error": 2.6110211519395222e-5,
    "mean": -0.9232363993055555
  },
  "magnetization": {
    "variance": 0.00042132767485987733,
    "error": 2.052626792331907e-5,
    "mean": 0.9522501909722223
  },
  "sqr_energy": {
    "variance": 0.0022996020560818987,
    "error": 4.7954166201508484e-5,
    "mean": 0.8530471914665317
  }
}
