{
  "sqr_magnetization": {
    "variance": 0.035340832866911705,
    "error": 0.00018799157658499412,
    "mean": 0.49643546850887343
  },
  "energy": {
    "variance": 0.003494438469951768,
    "error": 5.911377563607122e-5,
    "mean": -0.7205621354166666
  },
  "magnetization": {
    "variance": 0.42508718063879125,
    "error": 0.0006519871015892809,
    "mean": -0.2671117986111111
  },
  "sqr_energy": {
    "variance": 0.007173883716234501,
    "error": 8.46987822594546e-5,
    "mean": 0.5227042259717399
  }
}
