{
  "sqr_magnetization": {
    "variance": 0.0003355586663129055,
    "error": 1.831826046088726e-5,
    "mean": 0.013202570638020834
  },
  "abs_magnetization": {
    "variance": 0.00475118044266905,
    "error": 6.892880705966882e-5,
    "mean": 0.09193146875
  },
  "energy": {
    "variance": 0.0013979673321377485,
    "error": 3.7389401334305264e-5,
    "mean": -0.3585077673611111
  },
  "magnetization": {
    "variance": 0.013202577915341213,
    "error": 0.00011490247131955523,
    "mean": 7.697569444444443e-5
  },
  "sqr_energy": {
    "variance": 0.0007285722330587345,
    "error": 2.6992077227563173e-5,
    "mean": 0.12992578519241899
  }
}
