{
  "sqr_magnetization": {
    "variance": 0.009345175523634187,
    "error": 9.667044803679243e-5,
    "mean": 0.7708771970486111
  },
  "energy": {
    "variance": 0.0017485882845504274,
    "error": 4.181612469550983e-5,
    "mean": -0.8393401597222222
  },
  "magnetization": {
    "variance": 0.00372250864609656,
    "error": 6.101236469844912e-5,
    "mean": 0.875873673611111
  },
  "sqr_energy": {
    "variance": 0.004829829659889814,
    "error": 6.949697590463785e-5,
    "mean": 0.7062404902584877
  }
}
