{
  "sqr_magnetization": {
    "variance": 0.028591793096077716,
    "error": 0.00016909107929183526,
    "mean": 0.1840149562234761
  },
  "abs_magnetization": {
    "variance": 0.04623125670701287,
    "error": 0.0002150145499890946,
    "mean": 0.3711923298611111
  },
  "energy": {
    "variance": 0.0032792365749418225,
    "error": 5.7264618875373846e-5,
    "mean": -0.6021876111111111
  },
  "magnetization": {
    "variance": 0.18379230198472066,
    "error": 0.0004287100441845522,
    "mean": 0.014927760416666665
  },
  "sqr_energy": {
    "variance": 0.004912635373716084,
    "error": 7.009019456183642e-5,
    "mean": 0.36590915227141196
  }
}
