{
  "sqr_magnetization": {
    "variance": 0.003949623201690267,
    "error": 6.284602773199167e-5,
    "mean": 0.8349046757450811
  },
  "energy": {
    "variance": 0.001232123979974626,
    "error": 3.510162360881083e-5,
    "mean": -0.8749941875
  },
  "magnetization": {
    "variance": 0.0012406778972861028,
    "error": 3.5223257902784955e-5,
    "mean": 0.9130520243055555
  },
  "sqr_energy": {
    "variance": 0.003723899213072631,
    "error": 6.102375941444964e-5,
    "mean": 0.7668469509066357
  }
}
