{
  "sqr_magnetization": {
    "variance": 0.045464857558262455,
    "error": 0.00021322489901102652,
    "mean": 0.36993194605999224
  },
  "abs_magnetization": {
    "variance": 0.04697679563628714,
    "error": 0.00021674131040548577,
    "mean": 0.5682914722222222
  },
  "energy": {
    "variance": 0.004055622781147039,
    "error": 6.368377172519729e-5,
    "mean": -0.6757932430555555
  },
  "magnetization": {
    "variance": 0.3694596353798343,
    "error": 0.0006078319137556322,
    "mean": 0.02174120833333333
  },
  "sqr_energy": {
    "variance": 0.00745410038379542,
    "error": 8.633713212630715e-5,
    "mean": 0.4607521260850694
  }
}
