{
  "sqr_magnetization": {
    "variance": 0.016686630427752872,
    "error": 0.00012917674104788706,
    "mean": 0.12014933519000771
  },
  "abs_magnetization": {
    "variance": 0.03547301043279516,
    "error": 0.00018834280032110375,
    "mean": 0.2909920277777778
  },
  "energy": {
    "variance": 0.0026989798329168997,
    "error": 5.1951706737285344e-5,
    "mean": -0.5676160347222222
  },
  "magnetization": {
    "variance": 0.12007186718004036,
    "error": 0.00034651387732678236,
    "mean": 0.008808409722222223
  },
  "sqr_energy": {
    "variance": 0.003583229931093293,
    "error": 5.98600862937341e-5,
    "mean": 0.32488694000771606
  }
}
