{
  "sqr_magnetization": {
    "variance": 0.0008781154545073734,
    "error": 2.9633012916464863e-5,
    "mean": 0.9344863309341246
  },
  "abs_magnetization": {
    "variance": 0.00023853263150831383,
    "error": 1.5444501659435756e-5,
    "mean": 0.9665649479166666
  },
  "energy": {
    "variance": 0.00047811951405117884,
    "error": 2.186594416098191e-5,
    "mean": -0.9437662430555555
  },
  "magnetization": {
    "variance": 0.00023853263150831383,
    "error": 1.5444501659435756e-5,
    "mean": 0.9665649479166666
  },
  "sqr_energy": {
    "variance": 0.0016868874287979622,
    "error": 4.107173515689302e-5,
    "mean": 0.8911728405671299
  }
}
