{
  "sqr_magnetization": {
    "variance": 0.00030679648072134264,
    "error": 1.7515606775711274e-5,
    "mean": 0.012590916208526237
  },
  "abs_magnetization": {
    "variance": 0.00453018678590626,
    "error": 6.730666226983967e-5,
    "mean": 0.08978159027777778
  },
  "energy": {
    "variance": 0.001379306609099614,
    "error": 3.7139017341599305e-5,
    "mean": -0.35218752430555555
  },
  "magnetization": {
    "variance": 0.01259025718438715,
    "error": 0.00011220631526071582,
    "mean": 0.0008195208333333331
  },
  "sqr_energy": {
    "variance": 0.0006940453258474118,
    "error": 2.6344740003412667e-5,
    "mean": 0.12541535750626928
  }
}
