{
  "sqr_magnetization": {
    "variance": 0.007009262412617553,
    "error": 8.372133785730823e-5,
    "mean": 0.06862965087287809
  },
  "abs_magnetization": {
    "variance": 0.022610613665983603,
    "error": 0.0001503682601681073,
    "mean": 0.2145205347222222
  },
  "energy": {
    "variance": 0.0021836052272109253,
    "error": 4.672906191237874e-5,
    "mean": -0.5232240034722222
  },
  "magnetization": {
    "variance": 0.06862965778134446,
    "error": 0.0002619726279238815,
    "mean": -0.0002484375000000008
  },
  "sqr_energy": {
    "variance": 0.00243987038169331,
    "error": 4.939504410053006e-5,
    "mean": 0.2759469608531057
  }
}
