{
  "sqr_magnetization": {
    "variance": 0.0010966894742457881,
    "error": 3.311630224294053e-5,
    "mean": 0.02471940306712963
  },
  "energy": {
    "variance": 0.0016747980384443425,
    "error": 4.092429643187947e-5,
    "mean": -0.4378296493055555
  },
  "magnetization": {
    "variance": 0.02467519535913397,
    "error": 0.000157083402557794,
    "mean": -0.006650743055555554
  },
  "sqr_energy": {
    "variance": 0.001300227211848067,
    "error": 3.6058663478394024e-5,
    "mean": 0.19336959817467206
  }
}
