{
  "sqr_magnetization": {
    "variance": 0.0056493431518488835,
    "error": 7.516211247596016e-5,
    "mean": 0.059937428035783176
  },
  "abs_magnetization": {
    "variance": 0.02019285172841518,
    "error": 0.00014210155427867488,
    "mean": 0.19936046875
  },
  "energy": {
    "variance": 0.0021080178610151123,
    "error": 4.591315564209361e-5,
    "mean": -0.5132659236111111
  },
  "magnetization": {
    "variance": 0.05993706001610099,
    "error": 0.0002448204648637466,
    "mean": 0.0006541840277777776
  },
  "sqr_energy": {
    "variance": 0.002264526490475083,
    "error": 4.75870412032003e-5,
    "mean": 0.2655499240933642
  }
}
