{
  "sqr_magnetization": {
    "variance": 0.0032426803084351363,
    "error": 5.694453712547971e-5,
    "mean": 0.851673312162423
  },
  "energy": {
    "variance": 0.0010922956634221582,
    "error": 3.3049896572034207e-5,
    "mean": -0.8857396597222222
  },
  "magnetization": {
    "variance": 0.000991764988243335,
    "error": 3.1492300459689114e-5,
    "mean": 0.9223239930555555
  },
  "sqr_energy": {
    "variance": 0.00338612238746964,
    "error": 5.819039772565264e-5,
    "mean": 0.7856270393759645
  }
}
