{
  "sqr_magnetization": {
    "variance": 2.7391528841881912e-9,
    "error": 5.233691702983843e-8,
    "mean": 0.9999996048538773
  },
  "abs_magnetization": {
    "variance": 6.871721643133624e-10,
    "error": 2.6213968877553863e-8,
    "mean": 0.9999998020833333
  },
  "energy": {
    "variance": 2.7486886572534495e-9,
    "error": 5.2427937755107725e-8,
    "mean": -0.9999996041666667
  },
  "magnetization": {
    "variance": 6.871721643133624e-10,
    "error": 2.6213968877553863e-8,
    "mean": -0.9999998020833333
  },
  "sqr_energy": {
    "variance": 1.0918534722671115e-8,
    "error": 1.0449179260913805e-7,
    "mean": 0.9999992110821758
  }
}
