{
  "sqr_magnetization": {
    "variance": 0.04985459514637332,
    "error": 0.00022328142588754068,
    "mean": 0.32476171715856483
  },
  "energy": {
    "variance": 0.003996291565024191,
    "error": 6.321622865233413e-5,
    "mean": -0.6699898298611111
  },
  "magnetization": {
    "variance": 0.3094843216004695,
    "error": 0.0005563131506628883,
    "mean": 0.12360301388888888
  },
  "sqr_energy": {
    "variance": 0.007277089534356357,
    "error": 8.530585873406561e-5,
    "mean": 0.4528826596860532
  }
}
