{
  "sqr_magnetization": {
    "variance": 0.0037040135813477273,
    "error": 6.0860607796404125e-5,
    "mean": 0.04718177031491126
  },
  "abs_magnetization": {
    "variance": 0.016182010936452478,
    "error": 0.00012720853326900864,
    "mean": 0.17606753125
  },
  "energy": {
    "variance": 0.0019587913782637806,
    "error": 4.425823514628414e-5,
    "mean": -0.4921429131944444
  },
  "magnetization": {
    "variance": 0.047181166319929725,
    "error": 0.00021721226097973781,
    "mean": 0.0008069548611111108
  },
  "sqr_energy": {
    "variance": 0.0019299847830267312,
    "error": 4.393159208390621e-5,
    "mean": 0.24416343642698693
  }
}
