{
  "sqr_magnetization": {
    "variance": 0.010924371120316615,
    "error": 0.00010451971641904035,
    "mean": 0.0894186221064815
  },
  "energy": {
    "variance": 0.0024220041788583333,
    "error": 4.9213861653586316e-5,
    "mean": -0.54450978125
  },
  "magnetization": {
    "variance": 0.08922053942668713,
    "error": 0.0002986980740257411,
    "mean": -0.014077354166666665
  },
  "sqr_energy": {
    "variance": 0.0029438105231767518,
    "error": 5.425689378481551e-5,
    "mean": 0.298912903633777
  }
}
