{
  "sqr_magnetization": {
    "variance": 0.0010455922095780957,
    "error": 3.2335618280436446e-5,
    "mean": 0.023140784191743827
  },
  "energy": {
    "variance": 0.0016379046188358978,
    "error": 4.047103431882978e-5,
    "mean": -0.42469338194444445
  },
  "magnetization": {
    "variance": 0.02313920893265338,
    "error": 0.0001521157747659768,
    "mean": -0.0012642777777777778
  },
  "sqr_energy": {
    "variance": 0.001196441191581092,
    "error": 3.458961103541195e-5,
    "mean": 0.18200237164834104
  }
}
