{
  "sqr_magnetization": {
    "variance": 0.0006646780241965624,
    "error": 2.578135031755634e-5,
    "mean": 0.9459421397207759
  },
  "energy": {
    "variance": 0.0003935026517827443,
    "error": 1.983690126463164e-5,
    "mean": -0.9528301944444445
  },
  "magnetization": {
    "variance": 0.0001778194820726529,
    "error": 1.3334897152683738e-5,
    "mean": 0.9725041493055554
  },
  "sqr_energy": {
    "variance": 0.0014155581601508795,
    "error": 3.7623904105646444e-5,
    "mean": 0.9082788817033182
  }
}
