{
  "sqr_magnetization": {
    "variance": 0.0008932812381616068,
    "error": 2.988781086265113e-5,
    "mean": 0.935996344099634
  },
  "energy": {
    "variance": 0.0004763254651533972,
    "error": 2.1824881790135708e-5,
    "mean": -0.9451049166666667
  },
  "magnetization": {
    "variance": 0.00024311903337480826,
    "error": 1.559227479795069e-5,
    "mean": 0.9673433854166665
  },
  "sqr_energy": {
    "variance": 0.0016840626546583972,
    "error": 4.103733245056746e-5,
    "mean": 0.8936996284963351
  }
}
