{
  "energy": {
    "variance": 0.0016158906845391034,
    "error": 4.0198142799625745e-5,
    "mean": -0.8461921901041666
  },
  "magnetization": {
    "variance": 0.0024073731277159975,
    "error": 4.9064988818056376e-5,
    "mean": -0.8851949340277777
  }
}
