{
  "sqr_magnetization": {
    "variance": 0.005192049002418568,
    "error": 7.20558741701089e-5,
    "mean": 0.8118099854359568
  },
  "abs_magnetization": {
    "variance": 0.0017577113502497378,
    "error": 4.192506827960734e-5,
    "mean": 0.9000290416666668
  },
  "energy": {
    "variance": 0.0014083999856872996,
    "error": 3.7528655527307394e-5,
    "mean": -0.860628267361111
  },
  "magnetization": {
    "variance": 0.0017577113502497378,
    "error": 4.192506827960734e-5,
    "mean": -0.9000290416666668
  },
  "sqr_energy": {
    "variance": 0.004112702761704446,
    "error": 6.413035756725862e-5,
    "mean": 0.7420894131582754
  }
}
