{
  "sqr_magnetization": {
    "variance": 0.0013597846558255405,
    "error": 3.68752580441892e-5,
    "mean": 0.9124215525294178
  },
  "abs_magnetization": {
    "variance": 0.0003812794786969048,
    "error": 1.9526379047250536e-5,
    "mean": 0.9550079965277778
  },
  "energy": {
    "variance": 0.0006419418243962516,
    "error": 2.533657088866312e-5,
    "mean": -0.9270581597222223
  },
  "magnetization": {
    "variance": 0.0003812794786969048,
    "error": 1.9526379047250536e-5,
    "mean": 0.9550079965277778
  },
  "sqr_energy": {
    "variance": 0.0021838431300659124,
    "error": 4.6731607398696576e-5,
    "mean": 0.8600787726900079
  }
}
