{
  "sqr_magnetization": {
    "variance": 0.0009805489486965852,
    "error": 3.131371821896252e-5,
    "mean": 0.931177705174576
  },
  "energy": {
    "variance": 0.000511533763892512,
    "error": 2.261711219171254e-5,
    "mean": -0.9413318263888889
  },
  "magnetization": {
    "variance": 0.00026834091471900106,
    "error": 1.6381114574991565e-5,
    "mean": 0.9648364444444444
  },
  "sqr_energy": {
    "variance": 0.0017938691959829627,
    "error": 4.235409302514885e-5,
    "mean": 0.8866171406250003
  }
}
