{
  "sqr_magnetization": {
    "variance": 0.0011294632820184277,
    "error": 3.360748848126601e-5,
    "mean": 0.024738521592881944
  },
  "abs_magnetization": {
    "variance": 0.008772409959466276,
    "error": 9.36611443420711e-5,
    "mean": 0.12635711458333335
  },
  "energy": {
    "variance": 0.0016562892567427675,
    "error": 4.069753379189908e-5,
    "mean": -0.43215704166666663
  },
  "magnetization": {
    "variance": 0.024738534750518154,
    "error": 0.00015728488404967005,
    "mean": 0.00010761458333333337
  },
  "sqr_energy": {
    "variance": 0.0012544607621622185,
    "error": 3.541836758183836e-5,
    "mean": 0.1884159962625386
  }
}
