{
  "energy": {
    "variance": 0.0008417582051838298,
    "error": 2.9013069558111737e-5,
    "mean": -0.9081755381944445
  },
  "magnetization": {
    "variance": 0.0006085346527090354,
    "error": 2.4668495144800288e-5,
    "mean": 0.9408916666666668
  }
}
