{
  "sqr_magnetization": {
    "variance": 0.0014142047144868326,
    "error": 3.760591329148692e-5,
    "mean": 0.027931412977430556
  },
  "energy": {
    "variance": 0.001684081637346382,
    "error": 4.10375637355141e-5,
    "mean": -0.4461784826388889
  },
  "magnetization": {
    "variance": 0.027884763404630256,
    "error": 0.00016698731510096884,
    "mean": -0.006832090277777779
  },
  "sqr_energy": {
    "variance": 0.0013569995011416868,
    "error": 3.683747414171724e-5,
    "mean": 0.200759318323206
  }
}
