{
  "sqr_magnetization": {
    "variance": 0.000514196883019027,
    "error": 2.2675909750636843e-5,
    "mean": 0.016434156828703705
  },
  "abs_magnetization": {
    "variance": 0.005888416013438969,
    "error": 7.673601510007521e-5,
    "mean": 0.10269248611111112
  },
  "energy": {
    "variance": 0.0014834573440726507,
    "error": 3.851567660151708e-5,
    "mean": -0.3851603541666666
  },
  "magnetization": {
    "variance": 0.016432151966778507,
    "error": 0.00012818795562289973,
    "mean": 0.0014217222222222224
  },
  "sqr_energy": {
    "variance": 0.0008926385491069929,
    "error": 2.9877057236397847e-5,
    "mean": 0.14983195428240742
  }
}
