{
  "sqr_magnetization": {
    "variance": 0.000977176849623036,
    "error": 3.125982804851997e-5,
    "mean": 0.022962423972800926
  },
  "abs_magnetization": {
    "variance": 0.008161078835719607,
    "error": 9.033868958380793e-5,
    "mean": 0.1216608125
  },
  "energy": {
    "variance": 0.0016208128436814779,
    "error": 4.025931996049459e-5,
    "mean": -0.42276606944444445
  },
  "magnetization": {
    "variance": 0.022962441974779747,
    "error": 0.00015153363314716553,
    "mean": 7.043055555555577e-5
  },
  "sqr_energy": {
    "variance": 0.00117455869486368,
    "error": 3.427183530048661e-5,
    "mean": 0.18035196069637344
  }
}
