{
  "sqr_magnetization": {
    "variance": 0.0007815460167963841,
    "error": 2.7956144526675778e-5,
    "mean": 0.02036765778115355
  },
  "abs_magnetization": {
    "variance": 0.007266745932192872,
    "error": 8.52452106114641e-5,
    "mean": 0.11445924652777778
  },
  "energy": {
    "variance": 0.001565545973720164,
    "error": 3.956698085171731e-5,
    "mean": -0.4097249305555555
  },
  "magnetization": {
    "variance": 0.02036506703809789,
    "error": 0.00014270622634663803,
    "mean": 0.0016158923611111111
  },
  "sqr_energy": {
    "variance": 0.0010659239124764218,
    "error": 3.264849020209697e-5,
    "mean": 0.169440063126929
  }
}
