{
  "sqr_magnetization": {
    "variance": 0.0003235518049593731,
    "error": 1.798754582925011e-5,
    "mean": 0.012996330198688273
  },
  "abs_magnetization": {
    "variance": 0.004661999089013749,
    "error": 6.827883338937293e-5,
    "mean": 0.09129258333333333
  },
  "energy": {
    "variance": 0.001390654446344538,
    "error": 3.7291479540835303e-5,
    "mean": -0.35692351041666665
  },
  "magnetization": {
    "variance": 0.01299629699984156,
    "error": 0.00011400130262344182,
    "mean": 0.00021493055555555572
  },
  "sqr_energy": {
    "variance": 0.0007184890542981888,
    "error": 2.6804646132679847e-5,
    "mean": 0.12878504534384644
  }
}
