{
  "sqr_magnetization": {
    "variance": 0.012487932678915317,
    "error": 0.00011174941914352538,
    "mean": 0.09937984202594523
  },
  "abs_magnetization": {
    "variance": 0.03050387415669523,
    "error": 0.0001746535832918845,
    "mean": 0.26244237152777783
  },
  "energy": {
    "variance": 0.0024907454731188205,
    "error": 4.990736892602956e-5,
    "mean": -0.5526067881944445
  },
  "magnetization": {
    "variance": 0.09935772629806762,
    "error": 0.0003152106062588434,
    "mean": 0.004713288194444444
  },
  "sqr_energy": {
    "variance": 0.003122532967923856,
    "error": 5.587962927511112e-5,
    "mean": 0.30786500534095296
  }
}
