{
  "sqr_magnetization": {
    "variance": 0.016212709789393962,
    "error": 0.00012732913959260841,
    "mean": 0.11751254916570215
  },
  "abs_magnetization": {
    "variance": 0.035057545475309704,
    "error": 0.00018723660292610978,
    "mean": 0.28714985416666666
  },
  "energy": {
    "variance": 0.002686897733068836,
    "error": 5.1835294279755337e-5,
    "mean": -0.5648728194444445
  },
  "magnetization": {
    "variance": 0.11741113548287911,
    "error": 0.0003426530832823179,
    "mean": 0.010076263888888888
  },
  "sqr_energy": {
    "variance": 0.0035354423163996254,
    "error": 5.945958557204738e-5,
    "mean": 0.3217681971932871
  }
}
