{
  "sqr_magnetization": {
    "variance": 0.000654690120431804,
    "error": 2.5586913069610492e-5,
    "mean": 0.9470145575569062
  },
  "abs_magnetization": {
    "variance": 0.0001751054967717294,
    "error": 1.3232743357736876e-5,
    "mean": 0.9730567569444443
  },
  "energy": {
    "variance": 0.0003849677946335811,
    "error": 1.9620596184458337e-5,
    "mean": -0.9536786770833332
  },
  "magnetization": {
    "variance": 0.0001751054967717294,
    "error": 1.3232743357736876e-5,
    "mean": 0.9730567569444443
  },
  "sqr_energy": {
    "variance": 0.0013873920137629715,
    "error": 3.724771152383689e-5,
    "mean": 0.9098879865330829
  }
}
