{
  "sqr_magnetization": {
    "variance": 0.0012410149706194621,
    "error": 3.52280423898272e-5,
    "mean": 0.02595789465181327
  },
  "abs_magnetization": {
    "variance": 0.009211884986502607,
    "error": 9.597856524507234e-5,
    "mean": 0.12940640972222223
  },
  "energy": {
    "variance": 0.0016794039336658455,
    "error": 4.098053115402295e-5,
    "mean": -0.43607864583333333
  },
  "magnetization": {
    "variance": 0.025957577075015295,
    "error": 0.00016111355335605783,
    "mean": 0.0005861180555555554
  },
  "sqr_energy": {
    "variance": 0.0012954150493780475,
    "error": 3.599187476887037e-5,
    "mean": 0.19184398760609567
  }
}
