{
  "sqr_magnetization": {
    "variance": 0.0011305213566028419,
    "error": 3.36232264454624e-5,
    "mean": 0.9261270745683838
  },
  "energy": {
    "variance": 0.0005499561353867753,
    "error": 2.3451143583773804e-5,
    "mean": -0.9376556284722223
  },
  "magnetization": {
    "variance": 0.0003124740497189256,
    "error": 1.767693552963651e-5,
    "mean": 0.9621926006944443
  },
  "sqr_energy": {
    "variance": 0.0019130892259041144,
    "error": 4.3738875453126523e-5,
    "mean": 0.8797480331910689
  }
}
