{
  "sqr_magnetization": {
    "variance": 0.014558903362904593,
    "error": 0.0001206602808007034,
    "mean": 0.10920420310088733
  },
  "abs_magnetization": {
    "variance": 0.0331038107842506,
    "error": 0.00018194452666747246,
    "mean": 0.27586305555555557
  },
  "energy": {
    "variance": 0.002597559549750316,
    "error": 5.0966258934223495e-5,
    "mean": -0.55897853125
  },
  "magnetization": {
    "variance": 0.10919965062971039,
    "error": 0.0003304537042154474,
    "mean": -0.0021590902777777784
  },
  "sqr_energy": {
    "variance": 0.0033432028493044657,
    "error": 5.7820436260066956e-5,
    "mean": 0.315054555350598
  }
}
