{
  "sqr_magnetization": {
    "variance": 0.008979632950613482,
    "error": 9.476092523088555e-5,
    "mean": 0.7574538335262346
  },
  "abs_magnetization": {
    "variance": 0.0034366110140027963,
    "error": 5.8622615209514465e-5,
    "mean": 0.8683416527777778
  },
  "energy": {
    "variance": 0.0018454923334634827,
    "error": 4.295919381766239e-5,
    "mean": -0.8306286840277779
  },
  "magnetization": {
    "variance": 0.0034419899039158297,
    "error": 5.866847453203322e-5,
    "mean": 0.8683385555555555
  },
  "sqr_energy": {
    "variance": 0.00500680539752508,
    "error": 7.075878318290303e-5,
    "mean": 0.691789501217689
  }
}
