{
  "sqr_magnetization": {
    "variance": 0.009638700452495316,
    "error": 9.817688349349512e-5,
    "mean": 0.7613757673972801
  },
  "energy": {
    "variance": 0.001806341507335142,
    "error": 4.250107654324938e-5,
    "mean": -0.8337151805555556
  },
  "magnetization": {
    "variance": 0.0038230882854719548,
    "error": 6.183112715673195e-5,
    "mean": 0.8703750243055555
  },
  "sqr_energy": {
    "variance": 0.004921752543490812,
    "error": 7.015520325315017e-5,
    "mean": 0.6968873419897761
  }
}
