{
  "sqr_magnetization": {
    "variance": 0.01862819334354056,
    "error": 0.0001364851396436277,
    "mean": 0.13039238046151622
  },
  "abs_magnetization": {
    "variance": 0.037509326483204944,
    "error": 0.00019367324668937872,
    "mean": 0.3047672743055555
  },
  "energy": {
    "variance": 0.002798541655466508,
    "error": 5.290124436595521e-5,
    "mean": -0.5738844270833334
  },
  "magnetization": {
    "variance": 0.1303016389631783,
    "error": 0.0003609731831634842,
    "mean": -0.00953267013888889
  },
  "sqr_energy": {
    "variance": 0.0038028249672118026,
    "error": 6.166704928251232e-5,
    "mean": 0.33214187450569055
  }
}
