{
  "sqr_magnetization": {
    "variance": 0.0007248624622567628,
    "error": 2.692326990275815e-5,
    "mean": 0.9429454299768523
  },
  "abs_magnetization": {
    "variance": 0.0001948523786378242,
    "error": 1.3958953350370658e-5,
    "mean": 0.9709534374999998
  },
  "energy": {
    "variance": 0.0004150925480485184,
    "error": 2.0373820163349788e-5,
    "mean": -0.9504312847222223
  },
  "magnetization": {
    "variance": 0.0001948523786378242,
    "error": 1.3958953350370658e-5,
    "mean": 0.9709534374999998
  },
  "sqr_energy": {
    "variance": 0.0014855404726486674,
    "error": 3.854270972114788e-5,
    "mean": 0.9037347191116902
  }
}
