{
  "energy": {
    "variance": 0.001893989923694773,
    "error": 4.351999452774291e-5,
    "mean": -0.4811636076388889
  },
  "magnetization": {
    "variance": 0.042236977742189506,
    "error": 0.0002055163685505111,
    "mean": -0.004658520833333335
  }
}
