{
  "sqr_magnetization": {
    "variance": 0.0066924517647381655,
    "error": 8.180740653961698e-5,
    "mean": 0.7897821212987075
  },
  "abs_magnetization": {
    "variance": 0.002356970330844258,
    "error": 4.8548638815565757e-5,
    "mean": 0.8873697951388889
  },
  "energy": {
    "variance": 0.0015848379260545425,
    "error": 3.981002293461462e-5,
    "mean": -0.8483085868055555
  },
  "magnetization": {
    "variance": 0.002356970330844258,
    "error": 4.8548638815565757e-5,
    "mean": -0.8873697951388889
  },
  "sqr_energy": {
    "variance": 0.004491186201856917,
    "error": 6.701631295331694e-5,
    "mean": 0.7212122947892554
  }
}
