{
  "sqr_magnetization": {
    "variance": 0.0011683780270719632,
    "error": 3.418154512411578e-5,
    "mean": 0.0260095516251929
  },
  "energy": {
    "variance": 0.0016984727945433848,
    "error": 4.121253200839988e-5,
    "mean": -0.43631350347222225
  },
  "magnetization": {
    "variance": 0.02600950125155353,
    "error": 0.00016127461440522352,
    "mean": 0.00027637500000000275
  },
  "sqr_energy": {
    "variance": 0.0013117318484105562,
    "error": 3.621783881474095e-5,
    "mean": 0.1920679444082755
  }
}
