{
  "sqr_magnetization": {
    "variance": 0.0029877933844830876,
    "error": 5.466071152558378e-5,
    "mean": 0.859020652078511
  },
  "abs_magnetization": {
    "variance": 0.0009095180588899242,
    "error": 3.0158217103965615e-5,
    "mean": 0.9263428819444445
  },
  "energy": {
    "variance": 0.0010434347268111616,
    "error": 3.230224027542303e-5,
    "mean": -0.8900021006944445
  },
  "magnetization": {
    "variance": 0.0009095180588899242,
    "error": 3.0158217103965615e-5,
    "mean": 0.9263428819444445
  },
  "sqr_energy": {
    "variance": 0.0032652194852374606,
    "error": 5.714209906222785e-5,
    "mean": 0.7931471729239005
  }
}
