{
  "sqr_magnetization": {
    "variance": 0.0023699117484869067,
    "error": 4.8681739374090846e-5,
    "mean": 0.8763244987340858
  },
  "energy": {
    "variance": 0.000915150332735197,
    "error": 3.0251451745911256e-5,
    "mean": -0.9018523298611111
  },
  "magnetization": {
    "variance": 0.0006971452418515377,
    "error": 2.6403508135312962e-5,
    "mean": 0.9357496215277777
  },
  "sqr_energy": {
    "variance": 0.002943758445249633,
    "error": 5.425641386278338e-5,
    "mean": 0.8142527742934992
  }
}
