{
  "sqr_magnetization": {
    "variance": 0.04499196942210944,
    "error": 0.00021211310525780683,
    "mean": 0.38611256293402774
  },
  "abs_magnetization": {
    "variance": 0.0449770576062412,
    "error": 0.00021207795172115652,
    "mean": 0.5840681041666668
  },
  "energy": {
    "variance": 0.0040410439355403555,
    "error": 6.356920587470285e-5,
    "mean": -0.6811817118055555
  },
  "magnetization": {
    "variance": 0.3859464028651489,
    "error": 0.0006212458473624986,
    "mean": 0.012905270833333328
  },
  "sqr_energy": {
    "variance": 0.007524003956597651,
    "error": 8.674101657576795e-5,
    "mean": 0.4680495643928433
  }
}
