{
  "sqr_magnetization": {
    "variance": 0.0030457827366970384,
    "error": 5.518861057045229e-5,
    "mean": 0.8571986404200426
  },
  "abs_magnetization": {
    "variance": 0.0009284928727899286,
    "error": 3.047118102059598e-5,
    "mean": 0.9253486631944445
  },
  "energy": {
    "variance": 0.0010571156642201684,
    "error": 3.2513315183477806e-5,
    "mean": -0.888795201388889
  },
  "magnetization": {
    "variance": 0.0009284928727899286,
    "error": 3.047118102059598e-5,
    "mean": 0.9253486631944445
  },
  "sqr_energy": {
    "variance": 0.0032991379302347557,
    "error": 5.743812262108464e-5,
    "mean": 0.79101402461902
  }
}
