{
  "sqr_magnetization": {
    "variance": 0.0065035115425922845,
    "error": 8.064435220517482e-5,
    "mean": 0.06305430542293596
  },
  "energy": {
    "variance": 0.0021598392653159244,
    "error": 4.6474070892444146e-5,
    "mean": -0.5148847638888889
  },
  "magnetization": {
    "variance": 0.06292558943199124,
    "error": 0.0002508497347656386,
    "mean": -0.011348079861111112
  },
  "sqr_energy": {
    "variance": 0.002341354848610001,
    "error": 4.838754848729166e-5,
    "mean": 0.26726615719039354
  }
}
