{
  "sqr_magnetization": {
    "variance": 0.005386311830407741,
    "error": 7.33914969898267e-5,
    "mean": 0.8060363582417054
  },
  "energy": {
    "variance": 0.001438043547220823,
    "error": 3.7921544631262356e-5,
    "mean": -0.8577896527777777
  },
  "magnetization": {
    "variance": 0.00177782459813922,
    "error": 4.2164257353109165e-5,
    "mean": 0.896804625
  },
  "sqr_energy": {
    "variance": 0.0041725921330412405,
    "error": 6.459560459536887e-5,
    "mean": 0.7372411305217978
  }
}
