{
  "sqr_magnetization": {
    "variance": 0.003916156536723779,
    "error": 6.257920210999641e-5,
    "mean": 0.8365130303819446
  },
  "abs_magnetization": {
    "variance": 0.0012380433762528185,
    "error": 3.5185840564818375e-5,
    "mean": 0.9139337986111111
  },
  "energy": {
    "variance": 0.0012174614651191496,
    "error": 3.489214044909182e-5,
    "mean": -0.8756550659722222
  },
  "magnetization": {
    "variance": 0.0012380433762528185,
    "error": 3.5185840564818375e-5,
    "mean": 0.9139337986111111
  },
  "sqr_energy": {
    "variance": 0.003684761523016724,
    "error": 6.070223655695665e-5,
    "mean": 0.7679892548104745
  }
}
