{
  "sqr_magnetization": {
    "variance": 0.0048269202307022795,
    "error": 6.947604069535252e-5,
    "mean": 0.05682681645447531
  },
  "energy": {
    "variance": 0.002025136942310445,
    "error": 4.500152155550349e-5,
    "mean": -0.5085226770833333
  },
  "magnetization": {
    "variance": 0.056716379494692576,
    "error": 0.0002381520092182566,
    "mean": -0.010511597222222219
  },
  "sqr_energy": {
    "variance": 0.0021312202026025425,
    "error": 4.616514055651236e-5,
    "mean": 0.26062044802517365
  }
}
