{
  "sqr_magnetization": {
    "variance": 0.027331307776656138,
    "error": 0.0001653218309136943,
    "mean": 0.1775371531635803
  },
  "abs_magnetization": {
    "variance": 0.0452263489954223,
    "error": 0.00021266487485107244,
    "mean": 0.3637455833333333
  },
  "energy": {
    "variance": 0.0032241966972684573,
    "error": 5.6782010331340485e-5,
    "mean": -0.5986710277777777
  },
  "magnetization": {
    "variance": 0.17750850160280016,
    "error": 0.0004213175780842762,
    "mean": -0.005369270833333331
  },
  "sqr_energy": {
    "variance": 0.004776163339232292,
    "error": 6.91097919200477e-5,
    "mean": 0.36163119297357255
  }
}
