{
  "sqr_magnetization": {
    "variance": 0.0003250637880837809,
    "error": 1.80295254536491e-5,
    "mean": 0.012948982494212963
  },
  "abs_magnetization": {
    "variance": 0.004666735863683202,
    "error": 6.831351157482099e-5,
    "mean": 0.091006875
  },
  "energy": {
    "variance": 0.0013893770346313627,
    "error": 3.727434821202596e-5,
    "mean": -0.3553750173611111
  },
  "magnetization": {
    "variance": 0.012948995384537004,
    "error": 0.00011379365265486913,
    "mean": 7.659722222222357e-6
  },
  "sqr_energy": {
    "variance": 0.0007117949203898547,
    "error": 2.667948500983208e-5,
    "mean": 0.1276807786096643
  }
}
