{
  "sqr_magnetization": {
    "variance": 0.003280582884969468,
    "error": 5.727637283356435e-5,
    "mean": 0.0436343526234568
  },
  "abs_magnetization": {
    "variance": 0.015151394757865387,
    "error": 0.00012309100193704406,
    "mean": 0.16876899305555557
  },
  "energy": {
    "variance": 0.0019296996384079233,
    "error": 4.3928346638678804e-5,
    "mean": -0.4854751041666666
  },
  "magnetization": {
    "variance": 0.043634379749155794,
    "error": 0.00020888843852438505,
    "mean": 0.0001284861111111111
  },
  "sqr_energy": {
    "variance": 0.001850857639726698,
    "error": 4.302159503931367e-5,
    "mean": 0.23761577447434415
  }
}
