{
  "sqr_magnetization": {
    "variance": 0.0170756177736159,
    "error": 0.00013067370727738576,
    "mean": 0.6871757754147376
  },
  "energy": {
    "variance": 0.0023255313996728808,
    "error": 4.822376384805401e-5,
    "mean": -0.7989883784722223
  },
  "magnetization": {
    "variance": 0.007730674479213784,
    "error": 8.792425421471476e-5,
    "mean": -0.8242846041666666
  },
  "sqr_energy": {
    "variance": 0.0058386246465632185,
    "error": 7.64108935071644e-5,
    "mean": 0.6407079580078126
  }
}
