{
  "sqr_magnetization": {
    "variance": 0.02562555266500542,
    "error": 0.0001600798321619729,
    "mean": 0.6138679051408179
  },
  "abs_magnetization": {
    "variance": 0.01538925655551813,
    "error": 0.00012405344233643067,
    "mean": 0.7736140277777779
  },
  "energy": {
    "variance": 0.003013684629359735,
    "error": 5.4897036617286866e-5,
    "mean": -0.7653019513888889
  },
  "magnetization": {
    "variance": 0.5913098687258058,
    "error": 0.0007689667539795239,
    "mean": 0.1501952986111111
  },
  "sqr_energy": {
    "variance": 0.006905658663793207,
    "error": 8.31002928020907e-5,
    "mean": 0.5887007584153164
  }
}
