{
  "sqr_magnetization": {
    "variance": 0.03133858817459891,
    "error": 0.00017702708316695193,
    "mean": 0.5859243277391976
  },
  "energy": {
    "variance": 0.0031723161054982036,
    "error": 5.63233176002462e-5,
    "mean": -0.7569184444444444
  },
  "magnetization": {
    "variance": 0.026903904843332646,
    "error": 0.0001640240983615903,
    "mean": -0.7476767013888888
  },
  "sqr_energy": {
    "variance": 0.0070971670189040135,
    "error": 8.424468540450498e-5,
    "mean": 0.5760978444733796
  }
}
