{
  "sqr_magnetization": {
    "variance": 0.012350108942852114,
    "error": 0.00011113104401044793,
    "mean": 0.725010503206983
  },
  "abs_magnetization": {
    "variance": 0.005394036885452008,
    "error": 7.34441072207431e-5,
    "mean": 0.8483021111111112
  },
  "energy": {
    "variance": 0.0021163044347254295,
    "error": 4.60033089540897e-5,
    "mean": -0.81453009375
  },
  "magnetization": {
    "variance": 0.7248412929249357,
    "error": 0.0008513761171920057,
    "mean": -0.013035916666666628
  },
  "sqr_energy": {
    "variance": 0.005506788805260549,
    "error": 7.420774087155967e-5,
    "mean": 0.6655755759428048
  }
}
