{
  "sqr_magnetization": {
    "variance": 0.0006839664337817482,
    "error": 2.6152751935154895e-5,
    "mean": 0.01909300900607639
  },
  "energy": {
    "variance": 0.0015334990754222527,
    "error": 3.915991669324965e-5,
    "mean": -0.4022884791666667
  },
  "magnetization": {
    "variance": 0.019088905714640846,
    "error": 0.00013816260606488588,
    "mean": 0.002030364583333334
  },
  "sqr_energy": {
    "variance": 0.001005481607773081,
    "error": 3.1709329979882595e-5,
    "mean": 0.16336951801215277
  }
}
