{
  "energy": {
    "variance": 0.0013402767594436007,
    "error": 3.660979048620192e-5,
    "mean": -0.8665911432291666
  },
  "magnetization": {
    "variance": 0.0015303652645048164,
    "error": 3.9119883237361744e-5,
    "mean": 0.905542454861111
  }
}
