{
  "sqr_magnetization": {
    "variance": 0.00276148797614971,
    "error": 5.254986180904485e-5,
    "mean": 0.8616508917824075
  },
  "energy": {
    "variance": 0.0010051063421061374,
    "error": 3.170341215241882e-5,
    "mean": -0.8919493645833334
  },
  "magnetization": {
    "variance": 0.0008277179179955028,
    "error": 2.8770087208687822e-5,
    "mean": 0.9278055694444445
  },
  "sqr_energy": {
    "variance": 0.00316215208025073,
    "error": 5.623301592703996e-5,
    "mean": 0.7965787743176118
  }
}
