{
  "sqr_magnetization": {
    "variance": 0.01228907106138604,
    "error": 0.00011085608265397997,
    "mean": 0.09516730905189044
  },
  "energy": {
    "variance": 0.0024848480159753296,
    "error": 4.984824987876033e-5,
    "mean": -0.5495929722222223
  },
  "magnetization": {
    "variance": 0.09497605098618969,
    "error": 0.00030818184726909157,
    "mean": 0.01383304166666666
  },
  "sqr_energy": {
    "variance": 0.003072247078266272,
    "error": 5.542785471463127e-5,
    "mean": 0.30453728064718366
  }
}
