{
  "sqr_magnetization": {
    "variance": 1.4768205026245281e-5,
    "error": 3.842942235611314e-6,
    "mean": 0.0027106947217399695
  },
  "energy": {
    "variance": 0.0009129825352197557,
    "error": 3.0215600858161926e-5,
    "mean": -0.10188553472222221
  },
  "magnetization": {
    "variance": 0.0027097142696917847,
    "error": 5.2054915903224594e-5,
    "mean": 0.0009915451388888888
  },
  "sqr_energy": {
    "variance": 3.965213548283799e-5,
    "error": 6.2969941625221465e-6,
    "mean": 0.011293643807870369
  }
}
