{
  "sqr_magnetization": {
    "variance": 0.013810216025420189,
    "error": 0.00011751687549207641,
    "mean": 0.10770015057146991
  },
  "energy": {
    "variance": 0.0025948876648319167,
    "error": 5.094003989821677e-5,
    "mean": -0.5623840694444445
  },
  "magnetization": {
    "variance": 0.10214221835769288,
    "error": 0.00031959696237244325,
    "mean": -0.07455222569444445
  },
  "sqr_energy": {
    "variance": 0.003351793554686633,
    "error": 5.789467639331472e-5,
    "mean": 0.3188707266348379
  }
}
