{
  "sqr_magnetization": {
    "variance": 0.005929342111444116,
    "error": 7.700222147083885e-5,
    "mean": 0.06174828211805555
  },
  "abs_magnetization": {
    "variance": 0.02063609658482339,
    "error": 0.0001436526943180092,
    "mean": 0.20276145138888887
  },
  "energy": {
    "variance": 0.0021178114912315817,
    "error": 4.601968590974499e-5,
    "mean": -0.5155828541666666
  },
  "magnetization": {
    "variance": 0.06174798946080408,
    "error": 0.0002484914273386591,
    "mean": 0.0005953194444444441
  },
  "sqr_energy": {
    "variance": 0.0022973167681986746,
    "error": 4.793033244406588e-5,
    "mean": 0.2679434888840663
  }
}
