{
  "sqr_magnetization": {
    "variance": 0.001210541134895472,
    "error": 3.479283165963173e-5,
    "mean": 0.919102228612076
  },
  "abs_magnetization": {
    "variance": 0.0003363267423915089,
    "error": 1.8339213243525714e-5,
    "mean": 0.9585227708333334
  },
  "energy": {
    "variance": 0.0005922911914728562,
    "error": 2.4337033333437672e-5,
    "mean": -0.9320500902777777
  },
  "magnetization": {
    "variance": 0.0003363267423915089,
    "error": 1.8339213243525714e-5,
    "mean": 0.9585227708333334
  },
  "sqr_energy": {
    "variance": 0.0020370377574750772,
    "error": 4.5133554673602625e-5,
    "mean": 0.8693096613859955
  }
}
