{
  "sqr_magnetization": {
    "variance": 0.002115211954041213,
    "error": 4.599143348539175e-5,
    "mean": 0.03505696450617284
  },
  "energy": {
    "variance": 0.0018183918666749975,
    "error": 4.264260623689642e-5,
    "mean": -0.4614624930555556
  },
  "magnetization": {
    "variance": 0.03504253092898135,
    "error": 0.0001871965035169764,
    "mean": -0.003803763888888887
  },
  "sqr_energy": {
    "variance": 0.0015688151009866187,
    "error": 3.960827061342894e-5,
    "mean": 0.2147660225453318
  }
}
