{
  "sqr_magnetization": {
    "variance": 0.002827722743242219,
    "error": 5.317633630894685e-5,
    "mean": 0.8627635639949849
  },
  "abs_magnetization": {
    "variance": 0.0008538835940127896,
    "error": 2.922128665909134e-5,
    "mean": 0.9283909097222223
  },
  "energy": {
    "variance": 0.0010138927714187047,
    "error": 3.184168292378254e-5,
    "mean": -0.8924223506944445
  },
  "magnetization": {
    "variance": 0.0008538835940127896,
    "error": 2.922128665909134e-5,
    "mean": 0.9283909097222223
  },
  "sqr_energy": {
    "variance": 0.003190910935382937,
    "error": 5.648814862768062e-5,
    "mean": 0.7974315437765239
  }
}
