{
  "sqr_magnetization": {
    "variance": 0.0009877855199757896,
    "error": 3.142905534653865e-5,
    "mean": 0.023113629967206787
  },
  "abs_magnetization": {
    "variance": 0.008215259044625558,
    "error": 9.063806620082733e-5,
    "mean": 0.12205891666666668
  },
  "energy": {
    "variance": 0.0016262480430325609,
    "error": 4.0326765838987895e-5,
    "mean": -0.42450185763888887
  },
  "magnetization": {
    "variance": 0.02311364672079101,
    "error": 0.0001520317293225036,
    "mean": -7.974999999999954e-5
  },
  "sqr_energy": {
    "variance": 0.001188897778817905,
    "error": 3.4480397022335826e-5,
    "mean": 0.181828073555652
  }
}
