{
  "sqr_magnetization": {
    "variance": 0.006440405703337442,
    "error": 8.025213831006276e-5,
    "mean": 0.7990379879075038
  },
  "energy": {
    "variance": 0.0015106069409333172,
    "error": 3.886652725589613e-5,
    "mean": -0.8542031145833334
  },
  "magnetization": {
    "variance": 0.002299938741543185,
    "error": 4.795767656531314e-5,
    "mean": -0.89260184375
  },
  "sqr_energy": {
    "variance": 0.0043409660044956295,
    "error": 6.588600765333737e-5,
    "mean": 0.7311735663941935
  }
}
