{
  "sqr_magnetization": {
    "variance": 0.0006882164729132383,
    "error": 2.623388024889262e-5,
    "mean": 0.9442954819757913
  },
  "energy": {
    "variance": 0.000404970796584307,
    "error": 2.0123886219721753e-5,
    "mean": -0.9514826284722222
  },
  "magnetization": {
    "variance": 0.00018445202839385662,
    "error": 1.3581311733181614e-5,
    "mean": 0.9716537604166665
  },
  "sqr_energy": {
    "variance": 0.0014527776031214642,
    "error": 3.811531979560796e-5,
    "mean": 0.9057241626760227
  }
}
