{
  "sqr_magnetization": {
    "variance": 0.001051782603697435,
    "error": 3.2431197999726046e-5,
    "mean": 0.926089294246721
  },
  "abs_magnetization": {
    "variance": 0.00028924012887573833,
    "error": 1.700706114752747e-5,
    "mean": 0.9621850416666666
  },
  "energy": {
    "variance": 0.0005407040135124624,
    "error": 2.3253043102193366e-5,
    "mean": -0.9373016527777778
  },
  "magnetization": {
    "variance": 0.00028924012887573833,
    "error": 1.700706114752747e-5,
    "mean": 0.9621850416666666
  },
  "sqr_energy": {
    "variance": 0.0018809985110923503,
    "error": 4.337047971941688e-5,
    "mean": 0.8790750917727626
  }
}
