{
  "sqr_magnetization": {
    "variance": 0.0023267414293886074,
    "error": 4.823630820646007e-5,
    "mean": 0.03582048761815201
  },
  "energy": {
    "variance": 0.0018220192128297718,
    "error": 4.2685116994448684e-5,
    "mean": -0.46700571875
  },
  "magnetization": {
    "variance": 0.03549282197616466,
    "error": 0.0001883953873537371,
    "mean": 0.018102517361111112
  },
  "sqr_energy": {
    "variance": 0.0016145606046910866,
    "error": 4.018159534775948e-5,
    "mean": 0.2199163587360147
  }
}
