{
  "energy": {
    "variance": 0.0027780519588380044,
    "error": 5.2707228715215185e-5,
    "mean": -0.7822287725694445
  },
  "magnetization": {
    "variance": 0.5619989927999557,
    "error": 0.0007496659207940265,
    "mean": 0.29505134722222226
  }
}
