{
  "sqr_magnetization": {
    "variance": 0.00994065750755757,
    "error": 9.970284603539444e-5,
    "mean": 0.08805828551793982
  },
  "energy": {
    "variance": 0.00229915358130173,
    "error": 4.79494898961577e-5,
    "mean": -0.5455651111111111
  },
  "magnetization": {
    "variance": 0.08474076705685424,
    "error": 0.000291102674424084,
    "mean": 0.057598638888888894
  },
  "sqr_energy": {
    "variance": 0.002799063256375723,
    "error": 5.2906174085599145e-5,
    "mean": 0.29994044174382717
  }
}
