{
  "sqr_magnetization": {
    "variance": 0.004445433105334112,
    "error": 6.667408121102316e-5,
    "mean": 0.05594382574990355
  },
  "energy": {
    "variance": 0.001956408684594822,
    "error": 4.423130887272975e-5,
    "mean": -0.5095761354166666
  },
  "magnetization": {
    "variance": 0.05516494401946561,
    "error": 0.00023487218655997906,
    "mean": 0.02790944097222222
  },
  "sqr_energy": {
    "variance": 0.002054864169784199,
    "error": 4.533060963393498e-5,
    "mean": 0.26162424451437116
  }
}
