{
  "energy": {
    "variance": 0.0020514550371840946,
    "error": 4.529299103817382e-5,
    "mean": -0.5034874522569445
  },
  "magnetization": {
    "variance": 0.05433431103510501,
    "error": 0.00023309721370086132,
    "mean": -0.0029919722222222205
  }
}
