{
  "sqr_magnetization": {
    "variance": 1.7780821719937062e-9,
    "error": 4.216731165243649e-8,
    "mean": 0.9999997435016397
  },
  "energy": {
    "variance": 1.7842721835777277e-9,
    "error": 4.2240646107484286e-8,
    "mean": -0.9999997430555555
  },
  "magnetization": {
    "variance": 4.4606804589443186e-10,
    "error": 2.1120323053742143e-8,
    "mean": 0.9999998715277778
  },
  "sqr_energy": {
    "variance": 7.0876116651771295e-9,
    "error": 8.418795439477746e-8,
    "mean": 0.9999994878954476
  }
}
