{
  "sqr_magnetization": {
    "variance": 0.0006797022262359354,
    "error": 2.6071099444326e-5,
    "mean": 0.944785859435282
  },
  "energy": {
    "variance": 0.0004003232292927027,
    "error": 2.0008079100520935e-5,
    "mean": -0.9518936319444445
  },
  "magnetization": {
    "variance": 0.00018206927315963527,
    "error": 1.3493304753085334e-5,
    "mean": 0.9719072951388887
  },
  "sqr_energy": {
    "variance": 0.0014373069979711028,
    "error": 3.791183189943613e-5,
    "mean": 0.9065018093653554
  }
}
