{
  "sqr_magnetization": {
    "variance": 0.04668273512448891,
    "error": 0.00021606187799907902,
    "mean": 0.3757015737003279
  },
  "energy": {
    "variance": 0.0041321215560025356,
    "error": 6.42815802232843e-5,
    "mean": -0.680448625
  },
  "magnetization": {
    "variance": 0.34306779409625277,
    "error": 0.0005857198938880706,
    "mean": 0.18064917013888887
  },
  "sqr_energy": {
    "variance": 0.0076682843537855296,
    "error": 8.756874073426848e-5,
    "mean": 0.4671424486882716
  }
}
