{
  "sqr_magnetization": {
    "variance": 0.0020981428802560906,
    "error": 4.580548963013157e-5,
    "mean": 0.03462224090952932
  },
  "abs_magnetization": {
    "variance": 0.01206260307322378,
    "error": 0.00010982988242379111,
    "mean": 0.15019870138888888
  },
  "energy": {
    "variance": 0.0018061404001818737,
    "error": 4.2498710570814664e-5,
    "mean": -0.46386898611111105
  },
  "magnetization": {
    "variance": 0.03461340182666552,
    "error": 0.00018604677322293318,
    "mean": 0.002978875
  },
  "sqr_energy": {
    "variance": 0.0015778849179112699,
    "error": 3.972259958652341e-5,
    "mean": 0.2169805748697917
  }
}
