{
  "sqr_magnetization": {
    "variance": 0.03661233334527007,
    "error": 0.00019134349569627414,
    "mean": 0.2396590641758295
  },
  "abs_magnetization": {
    "variance": 0.05013405388763847,
    "error": 0.00022390635070859084,
    "mean": 0.4353447604166667
  },
  "energy": {
    "variance": 0.0036601484619123033,
    "error": 6.0499160836430645e-5,
    "mean": -0.6262543402777777
  },
  "magnetization": {
    "variance": 0.239631585958927,
    "error": 0.0004895217931399244,
    "mean": -0.005264774305555557
  },
  "sqr_energy": {
    "variance": 0.005902950055542531,
    "error": 7.683065830475834e-5,
    "mean": 0.3958546435185184
  }
}
