{
  "sqr_magnetization": {
    "variance": 0.0009192464508501485,
    "error": 3.0319077341669692e-5,
    "mean": 0.9323333560233414
  },
  "abs_magnetization": {
    "variance": 0.00025040778300789866,
    "error": 1.582427827763082e-5,
    "mean": 0.9654444305555555
  },
  "energy": {
    "variance": 0.0004941692461334509,
    "error": 2.222991781661486e-5,
    "mean": -0.9420885729166667
  },
  "magnetization": {
    "variance": 0.00025040778300789866,
    "error": 1.582427827763082e-5,
    "mean": 0.9654444305555555
  },
  "sqr_energy": {
    "variance": 0.0017371941931013052,
    "error": 4.167966162412196e-5,
    "mean": 0.888025047972126
  }
}
