{
  "sqr_magnetization": {
    "variance": 0.0225560143030671,
    "error": 0.00015018659828049604,
    "mean": 0.6440596111713928
  },
  "abs_magnetization": {
    "variance": 0.01301022584054556,
    "error": 0.00011406237697218816,
    "mean": 0.7943861770833333
  },
  "energy": {
    "variance": 0.0028130304696346252,
    "error": 5.3038009668865077e-5,
    "mean": -0.7781980034722221
  },
  "magnetization": {
    "variance": 0.5598934558251611,
    "error": 0.0007482602861472479,
    "mean": -0.29011500347222224
  },
  "sqr_energy": {
    "variance": 0.006654650536559923,
    "error": 8.157604143717641e-5,
    "mean": 0.608405160264757
  }
}
