{
  "sqr_magnetization": {
    "variance": 0.00960175495504622,
    "error": 9.798854501953899e-5,
    "mean": 0.08330651177903163
  },
  "abs_magnetization": {
    "variance": 0.02657243442273071,
    "error": 0.0001630105346986222,
    "mean": 0.23818921875
  },
  "energy": {
    "variance": 0.0023323097728637733,
    "error": 4.829399313438239e-5,
    "mean": -0.53873478125
  },
  "magnetization": {
    "variance": 0.08330063390308991,
    "error": 0.0002886184919631622,
    "mean": -0.002441552083333333
  },
  "sqr_energy": {
    "variance": 0.002771471910370617,
    "error": 5.264477096892546e-5,
    "mean": 0.29256747196903937
  }
}
