{
  "sqr_magnetization": {
    "variance": 0.0006626983339921849,
    "error": 2.574292784420966e-5,
    "mean": 0.01870795125626929
  },
  "abs_magnetization": {
    "variance": 0.006688469610702334,
    "error": 8.178306432692733e-5,
    "mean": 0.10963342708333335
  },
  "energy": {
    "variance": 0.0015354160879681228,
    "error": 3.918438576739621e-5,
    "mean": -0.4008426458333333
  },
  "magnetization": {
    "variance": 0.018707956549277812,
    "error": 0.00013677703224327474,
    "mean": -0.00011582291666666651
  },
  "sqr_energy": {
    "variance": 0.0010007046406328784,
    "error": 3.1633915986372574e-5,
    "mean": 0.16221024127121914
  }
}
