{
  "sqr_magnetization": {
    "variance": 0.0011210260945668168,
    "error": 3.3481727771529605e-5,
    "mean": 0.922734237304688
  },
  "abs_magnetization": {
    "variance": 0.00030951318868755915,
    "error": 1.7592986917733985e-5,
    "mean": 0.9604294479166666
  },
  "energy": {
    "variance": 0.0005649740513686189,
    "error": 2.3769182808178723e-5,
    "mean": -0.9347571770833333
  },
  "magnetization": {
    "variance": 0.00030951318868755915,
    "error": 1.7592986917733985e-5,
    "mean": 0.9604294479166666
  },
  "sqr_energy": {
    "variance": 0.0019546342993209008,
    "error": 4.421124629911376e-5,
    "mean": 0.8743359535951969
  }
}
