{
  "sqr_magnetization": {
    "variance": 0.017882232540519516,
    "error": 0.00013372446500367654,
    "mean": 0.7269522342423803
  },
  "energy": {
    "variance": 0.0022237788003526817,
    "error": 4.715695919323766e-5,
    "mean": -0.8197544583333334
  },
  "magnetization": {
    "variance": 0.00981935713517493,
    "error": 9.909266943207721e-5,
    "mean": 0.8468369895833334
  },
  "sqr_energy": {
    "variance": 0.005798206334170847,
    "error": 7.614595415497036e-5,
    "mean": 0.6742211485339505
  }
}
