{
  "sqr_magnetization": {
    "variance": 0.002515458064584777,
    "error": 5.015434242999082e-5,
    "mean": 0.8713242765962579
  },
  "abs_magnetization": {
    "variance": 0.0007482599616461013,
    "error": 2.735434081907479e-5,
    "mean": 0.9330466319444445
  },
  "energy": {
    "variance": 0.0009491217455860587,
    "error": 3.080781955260805e-5,
    "mean": -0.8980920416666668
  },
  "magnetization": {
    "variance": 0.0007482599616461013,
    "error": 2.735434081907479e-5,
    "mean": 0.9330466319444445
  },
  "sqr_energy": {
    "variance": 0.0030261104317780008,
    "error": 5.501009390810018e-5,
    "mean": 0.8075184361014659
  }
}
