{
  "sqr_magnetization": {
    "variance": 0.001446773031567298,
    "error": 3.803646975689645e-5,
    "mean": 0.9105826764202358
  },
  "energy": {
    "variance": 0.0006583578764230288,
    "error": 2.5658485466274677e-5,
    "mean": -0.9260288125
  },
  "magnetization": {
    "variance": 0.0004067924669834271,
    "error": 2.0169096831128235e-5,
    "mean": 0.9540313854166668
  },
  "sqr_energy": {
    "variance": 0.0022348032502645964,
    "error": 4.727370569634452e-5,
    "mean": 0.8581877187982255
  }
}
