{
  "sqr_magnetization": {
    "variance": 0.023581344518973524,
    "error": 0.0001535621845343883,
    "mean": 0.6561089789014274
  },
  "energy": {
    "variance": 0.0027109087771865557,
    "error": 5.206638817112779e-5,
    "mean": -0.7849610555555555
  },
  "magnetization": {
    "variance": 0.05357183654878177,
    "error": 0.0002314559062732722,
    "mean": 0.7762326944444445
  },
  "sqr_energy": {
    "variance": 0.006515783948687005,
    "error": 8.072040602404701e-5,
    "mean": 0.6188747648051698
  }
}
