{
  "sqr_magnetization": {
    "variance": 0.024643932798331228,
    "error": 0.00015698386158561402,
    "mean": 0.6226329581283757
  },
  "abs_magnetization": {
    "variance": 0.014543096890920471,
    "error": 0.00012059476311565303,
    "mean": 0.7798011770833333
  },
  "energy": {
    "variance": 0.0029525056572354026,
    "error": 5.433696400458349e-5,
    "mean": -0.7688570694444444
  },
  "magnetization": {
    "variance": 0.5979173546449779,
    "error": 0.0007732511588384319,
    "mean": -0.15721387152777777
  },
  "sqr_energy": {
    "variance": 0.006828529955381777,
    "error": 8.26349197094169e-5,
    "mean": 0.5940936959394291
  }
}
