{
  "sqr_magnetization": {
    "variance": 0.002456129551187461,
    "error": 4.955935382132682e-5,
    "mean": 0.037588715338059416
  },
  "abs_magnetization": {
    "variance": 0.01303677097129276,
    "error": 0.00011417868002080231,
    "mean": 0.15669064236111113
  },
  "energy": {
    "variance": 0.001846731785712833,
    "error": 4.2973617321710694e-5,
    "mean": -0.4723783541666667
  },
  "magnetization": {
    "variance": 0.03758529762327013,
    "error": 0.0001938692797306219,
    "mean": -0.0018588437499999998
  },
  "sqr_energy": {
    "variance": 0.0016744629123782177,
    "error": 4.09202017636548e-5,
    "mean": 0.22498803942418982
  }
}
