{
  "sqr_magnetization": {
    "variance": 0.04321912166664447,
    "error": 0.00020789209139994831,
    "mean": 0.4268809400197724
  },
  "energy": {
    "variance": 0.003802761727452892,
    "error": 6.166653652876001e-5,
    "mean": -0.6964173472222221
  },
  "magnetization": {
    "variance": 0.3712591269440105,
    "error": 0.000609310369962641,
    "mean": -0.23584355902777776
  },
  "sqr_energy": {
    "variance": 0.007355737841900817,
    "error": 8.576559824254021e-5,
    "mean": 0.48879987943672837
  }
}
