{
  "sqr_magnetization": {
    "variance": 0.042165010952363115,
    "error": 0.00020534120617246582,
    "mean": 0.2934181052396798
  },
  "abs_magnetization": {
    "variance": 0.051332880521736506,
    "error": 0.0002265676069559294,
    "mean": 0.49202162152777773
  },
  "energy": {
    "variance": 0.003891557511817819,
    "error": 6.238234936116e-5,
    "mean": -0.6476827326388888
  },
  "magnetization": {
    "variance": 0.29308103211649217,
    "error": 0.0005413695892054634,
    "mean": 0.018367531249999992
  },
  "sqr_energy": {
    "variance": 0.006657376593248462,
    "error": 8.159274841092475e-5,
    "mean": 0.4233844757788387
  }
}
