{
  "sqr_magnetization": {
    "variance": 0.008729269983013018,
    "error": 9.343056236057352e-5,
    "mean": 0.7614524221402392
  },
  "abs_magnetization": {
    "variance": 0.003354433085286432,
    "error": 5.79174678770268e-5,
    "mean": 0.8706882291666667
  },
  "energy": {
    "variance": 0.0018166145368442826,
    "error": 4.262176130621871e-5,
    "mean": -0.8327350972222223
  },
  "magnetization": {
    "variance": 0.0033637445929004086,
    "error": 5.7997798172865225e-5,
    "mean": -0.8706828819444444
  },
  "sqr_energy": {
    "variance": 0.004953082537477225,
    "error": 7.037813962785052e-5,
    "mean": 0.6952643548659335
  }
}
