{
  "sqr_magnetization": {
    "variance": 0.0028225968550897114,
    "error": 5.312811736820449e-5,
    "mean": 0.9013423206862465
  },
  "energy": {
    "variance": 0.0007508151329970386,
    "error": 2.7401006058118353e-5,
    "mean": -0.9202967083333333
  },
  "magnetization": {
    "variance": 0.0010176506223900969,
    "error": 3.190063670822413e-5,
    "mean": 0.9488543993055555
  },
  "sqr_energy": {
    "variance": 0.0025028036548818324,
    "error": 5.0028028692742155e-5,
    "mean": 0.8476968457513505
  }
}
