{
  "sqr_magnetization": {
    "variance": 0.0025021220308282474,
    "error": 5.0021215807177725e-5,
    "mean": 0.8715280080777396
  },
  "energy": {
    "variance": 0.0009391874091096581,
    "error": 3.0646164672103066e-5,
    "mean": -0.8986072465277778
  },
  "magnetization": {
    "variance": 0.0007423024995833156,
    "error": 2.724522893248129e-5,
    "mean": 0.9331589930555555
  },
  "sqr_energy": {
    "variance": 0.0030000605533901303,
    "error": 5.47728085220224e-5,
    "mean": 0.8084341699821566
  }
}
