{
  "sqr_magnetization": {
    "variance": 0.00701671923846777,
    "error": 8.376585962352305e-5,
    "mean": 0.07185829486159337
  },
  "energy": {
    "variance": 0.0022556362856872123,
    "error": 4.749353940997883e-5,
    "mean": -0.529681888888889
  },
  "magnetization": {
    "variance": 0.07172091888439246,
    "error": 0.0002678076154339015,
    "mean": 0.011723809027777773
  },
  "sqr_energy": {
    "variance": 0.0025743348693698493,
    "error": 5.073790367535743e-5,
    "mean": 0.2828185374469522
  }
}
