{
  "sqr_magnetization": {
    "variance": 0.00179437790897932,
    "error": 4.236009807565747e-5,
    "mean": 0.8955849088300544
  },
  "abs_magnetization": {
    "variance": 0.0005155719445408874,
    "error": 2.2706209382917426e-5,
    "mean": 0.9460810416666666
  },
  "energy": {
    "variance": 0.0007685972386122367,
    "error": 2.772358632306139e-5,
    "mean": -0.9148705763888889
  },
  "magnetization": {
    "variance": 0.0005155719445408874,
    "error": 2.2706209382917426e-5,
    "mean": 0.9460810416666666
  },
  "sqr_energy": {
    "variance": 0.002544824196701598,
    "error": 5.0446250571292195e-5,
    "mean": 0.8377567680121528
  }
}
