{
  "sqr_magnetization": {
    "variance": 0.015355857040949107,
    "error": 0.00012391875177288184,
    "mean": 0.7025943745056905
  },
  "abs_magnetization": {
    "variance": 0.007429050271638415,
    "error": 8.619193855366299e-5,
    "mean": 0.8337657534722223
  },
  "energy": {
    "variance": 0.0023229521513879027,
    "error": 4.819701392605047e-5,
    "mean": -0.8042092534722223
  },
  "magnetization": {
    "variance": 0.5162679974305212,
    "error": 0.0007185179172647828,
    "mean": -0.4316559895833334
  },
  "sqr_energy": {
    "variance": 0.005878345146505416,
    "error": 7.667036680820966e-5,
    "mean": 0.6490754731987848
  }
}
