{
  "sqr_magnetization": {
    "variance": 0.041650688109095925,
    "error": 0.00020408500216599927,
    "mean": 0.4746062461419753
  },
  "abs_magnetization": {
    "variance": 0.03522005698326103,
    "error": 0.00018767007482084358,
    "mean": 0.6628621458333332
  },
  "energy": {
    "variance": 0.003846817331953085,
    "error": 6.202271625745752e-5,
    "mean": -0.7131134375
  },
  "magnetization": {
    "variance": 0.474435953217388,
    "error": 0.0006887931135089752,
    "mean": -0.01306779861111111
  },
  "sqr_energy": {
    "variance": 0.0077391254754595315,
    "error": 8.797229947807169e-5,
    "mean": 0.5123775882282022
  }
}
