{
  "sqr_magnetization": {
    "variance": 0.004177337029466138,
    "error": 6.463232186349286e-5,
    "mean": 0.8297168505859376
  },
  "abs_magnetization": {
    "variance": 0.001330385687820475,
    "error": 3.6474452536268106e-5,
    "mean": 0.9101573854166666
  },
  "energy": {
    "variance": 0.001267815557861083,
    "error": 3.560639770969653e-5,
    "mean": -0.8713903055555555
  },
  "magnetization": {
    "variance": 0.001330385687820475,
    "error": 3.6474452536268106e-5,
    "mean": -0.9101573854166666
  },
  "sqr_energy": {
    "variance": 0.003799864662087839,
    "error": 6.164304228449338e-5,
    "mean": 0.7605888789062499
  }
}
