{
  "sqr_magnetization": {
    "variance": 0.00520590588002227,
    "error": 7.215196379879255e-5,
    "mean": 0.05734271782166281
  },
  "abs_magnetization": {
    "variance": 0.019334024682008368,
    "error": 0.00013904684348092325,
    "mean": 0.19495823263888887
  },
  "energy": {
    "variance": 0.002070138598152487,
    "error": 4.549877578740429e-5,
    "mean": -0.5086239444444445
  },
  "magnetization": {
    "variance": 0.05734277422888437,
    "error": 0.00023946351335617786,
    "mean": -3.058680555555566e-5
  },
  "sqr_energy": {
    "variance": 0.0021833513719405474,
    "error": 4.67263455872653e-5,
    "mean": 0.26076845339023924
  }
}
