{
  "sqr_magnetization": {
    "variance": 0.004735261886605057,
    "error": 6.881323918117106e-5,
    "mean": 0.8177148771580827
  },
  "energy": {
    "variance": 0.0013520194133571832,
    "error": 3.676981660760879e-5,
    "mean": -0.8644028472222223
  },
  "magnetization": {
    "variance": 0.0015369246815279682,
    "error": 3.920363097377548e-5,
    "mean": 0.9034256770833332
  },
  "sqr_energy": {
    "variance": 0.003983991375415798,
    "error": 6.311886703209904e-5,
    "mean": 0.7485443003472221
  }
}
