{
  "sqr_magnetization": {
    "variance": 0.0014531337466043054,
    "error": 3.811999142975121e-5,
    "mean": 0.9097060287905097
  },
  "energy": {
    "variance": 0.0006664118400952893,
    "error": 2.5814953807731077e-5,
    "mean": -0.925301736111111
  },
  "magnetization": {
    "variance": 0.00040872150328149555,
    "error": 2.0216861855428886e-5,
    "mean": 0.9535708194444446
  },
  "sqr_energy": {
    "variance": 0.002258783151427012,
    "error": 4.752665727175658e-5,
    "mean": 0.85684971402392
  }
}
