{
  "sqr_magnetization": {
    "variance": 0.010144697957329096,
    "error": 0.00010072089136484592,
    "mean": 0.08574785855516975
  },
  "abs_magnetization": {
    "variance": 0.02740187597513557,
    "error": 0.00016553512006560895,
    "mean": 0.2415491875
  },
  "energy": {
    "variance": 0.0023695337357928863,
    "error": 4.86778567296557e-5,
    "mean": -0.5413098993055556
  },
  "magnetization": {
    "variance": 0.08574360876507404,
    "error": 0.00029282009624524415,
    "mean": -0.0020821944444444442
  },
  "sqr_energy": {
    "variance": 0.0028465407503071153,
    "error": 5.335298258117455e-5,
    "mean": 0.29538593845244987
  }
}
