{
  "sqr_magnetization": {
    "variance": 0.00103862128508716,
    "error": 3.2227647836712506e-5,
    "mean": 0.929435107590664
  },
  "energy": {
    "variance": 0.000524638474979476,
    "error": 2.2904987993436625e-5,
    "mean": -0.9400848819444444
  },
  "magnetization": {
    "variance": 0.0002855096096692835,
    "error": 1.6897029610830522e-5,
    "mean": 0.9639240625
  },
  "sqr_energy": {
    "variance": 0.0018349192643149438,
    "error": 4.283595760940735e-5,
    "mean": 0.8842842232108413
  }
}
