{
  "sqr_magnetization": {
    "variance": 0.010342781614250337,
    "error": 0.00010169946712864496,
    "mean": 0.7381252388961227
  },
  "energy": {
    "variance": 0.0019538165327083155,
    "error": 4.42019969312283e-5,
    "mean": -0.8206311805555555
  },
  "magnetization": {
    "variance": 0.004062157674045104,
    "error": 6.373505843760641e-5,
    "mean": -0.8567748159722223
  },
  "sqr_energy": {
    "variance": 0.005168725066255602,
    "error": 7.18938458162839e-5,
    "mean": 0.6753893490788965
  }
}
