{
  "sqr_magnetization": {
    "variance": 0.000947554906786507,
    "error": 3.07823798103153e-5,
    "mean": 0.9308393544077936
  },
  "abs_magnetization": {
    "variance": 0.0002586085457454573,
    "error": 1.608131044863749e-5,
    "mean": 0.9646661319444443
  },
  "energy": {
    "variance": 0.0005050842408013994,
    "error": 2.2474079309315417e-5,
    "mean": -0.9409304652777778
  },
  "magnetization": {
    "variance": 0.0002586085457454573,
    "error": 1.608131044863749e-5,
    "mean": 0.9646661319444443
  },
  "sqr_energy": {
    "variance": 0.001771164656231685,
    "error": 4.2085207095031446e-5,
    "mean": 0.8858552242235728
  }
}
