{
  "sqr_magnetization": {
    "variance": 0.0006425745029827026,
    "error": 2.5349053295590794e-5,
    "mean": 0.9475560507209687
  },
  "energy": {
    "variance": 0.00038211757316491843,
    "error": 1.954782783750968e-5,
    "mean": -0.9541471770833333
  },
  "magnetization": {
    "variance": 0.00017165578847628185,
    "error": 1.3101747535206205e-5,
    "mean": 0.9733367326388888
  },
  "sqr_energy": {
    "variance": 0.0013780715971951237,
    "error": 3.71223867389359e-5,
    "mean": 0.9107789527271416
  }
}
