{
  "energy": {
    "variance": 0.0009556099503971685,
    "error": 3.0912941471124495e-5,
    "mean": -0.8979078576388889
  },
  "magnetization": {
    "variance": 0.0007619705989690562,
    "error": 2.7603814935060267e-5,
    "mean": 0.9328027777777778
  }
}
