{
  "sqr_magnetization": {
    "variance": 0.04756722863691818,
    "error": 0.00021809912571332828,
    "mean": 0.33549099002941746
  },
  "energy": {
    "variance": 0.004001500824653603,
    "error": 6.325741715130015e-5,
    "mean": -0.665880888888889
  },
  "magnetization": {
    "variance": 0.33234148564180055,
    "error": 0.0005764906639675968,
    "mean": 0.05612340625
  },
  "sqr_energy": {
    "variance": 0.007166997108054188,
    "error": 8.465811897304467e-5,
    "mean": 0.4473988550106095
  }
}
