{
  "sqr_magnetization": {
    "variance": 0.014562280940422886,
    "error": 0.0001206742762166937,
    "mean": 0.7084067413917824
  },
  "abs_magnetization": {
    "variance": 0.006830126418990422,
    "error": 8.264457888446418e-5,
    "mean": 0.8376017083333333
  },
  "energy": {
    "variance": 0.0022677831461764713,
    "error": 4.762124679359489e-5,
    "mean": -0.8068667083333333
  },
  "magnetization": {
    "variance": 0.6780675132717524,
    "error": 0.0008234485492559643,
    "mean": -0.17418354166666666
  },
  "sqr_energy": {
    "variance": 0.005781256226251069,
    "error": 7.603457257229154e-5,
    "mean": 0.6533016658950618
  }
}
