{
  "sqr_magnetization": {
    "variance": 0.017541483837329556,
    "error": 0.00013244426691000843,
    "mean": 0.6834412451654128
  },
  "energy": {
    "variance": 0.002375427744705221,
    "error": 4.873836009454176e-5,
    "mean": -0.7969343506944445
  },
  "magnetization": {
    "variance": 0.008093997251091181,
    "error": 8.996664521416358e-5,
    "mean": -0.821795142361111
  },
  "sqr_energy": {
    "variance": 0.005910186547155702,
    "error": 7.687773765633132e-5,
    "mean": 0.6374797846860532
  }
}
