{
  "sqr_magnetization": {
    "variance": 0.0009649482005708078,
    "error": 3.106361538151681e-5,
    "mean": 0.9300740145761
  },
  "abs_magnetization": {
    "variance": 0.00026375012873757793,
    "error": 1.624038573241344e-5,
    "mean": 0.9642666979166666
  },
  "energy": {
    "variance": 0.0005108155137705679,
    "error": 2.260122814739429e-5,
    "mean": -0.9403431805555555
  },
  "magnetization": {
    "variance": 0.00026375012873757793,
    "error": 1.624038573241344e-5,
    "mean": 0.9642666979166666
  },
  "sqr_energy": {
    "variance": 0.001788934260886337,
    "error": 4.229579483691419e-5,
    "mean": 0.8847561122202934
  }
}
