{
  "sqr_magnetization": {
    "variance": 0.0012429295110892244,
    "error": 3.525520544670282e-5,
    "mean": 0.920251239920911
  },
  "energy": {
    "variance": 0.0005916417809780078,
    "error": 2.43236876517112e-5,
    "mean": -0.9332056805555555
  },
  "magnetization": {
    "variance": 0.0003458605409789341,
    "error": 1.8597326178215353e-5,
    "mean": 0.9591169791666665
  },
  "sqr_energy": {
    "variance": 0.0020381604411102245,
    "error": 4.514599031043869e-5,
    "mean": 0.8714644834104941
  }
}
