{
  "energy": {
    "variance": 0.0019480018363900225,
    "error": 4.41361737851167e-5,
    "mean": -0.8255577447916667
  },
  "magnetization": {
    "variance": 0.7252401863763631,
    "error": 0.0008516103489133766,
    "mean": 0.14546472916666664
  }
}
