{
  "sqr_magnetization": {
    "variance": 0.0004975185414447762,
    "error": 2.2305123659033504e-5,
    "mean": 0.01615915017361111
  },
  "abs_magnetization": {
    "variance": 0.0057881763033707,
    "error": 7.608006508521599e-5,
    "mean": 0.10183800694444443
  },
  "energy": {
    "variance": 0.0014708266055588472,
    "error": 3.835135728444101e-5,
    "mean": -0.3834648854166666
  },
  "magnetization": {
    "variance": 0.016159020042318218,
    "error": 0.00012711813419932744,
    "mean": -0.00038247916666666666
  },
  "sqr_energy": {
    "variance": 0.0008768961395846544,
    "error": 2.961243217948594e-5,
    "mean": 0.14851614348234954
  }
}
