{
  "sqr_magnetization": {
    "variance": 0.0017756375887826444,
    "error": 4.213831497322412e-5,
    "mean": 0.8951208050130213
  },
  "energy": {
    "variance": 0.0007776042605809196,
    "error": 2.788555648684314e-5,
    "mean": -0.914665875
  },
  "magnetization": {
    "variance": 0.0005076509923321145,
    "error": 2.2531111653269897e-5,
    "mean": 0.9458399201388888
  },
  "sqr_energy": {
    "variance": 0.002574212661282694,
    "error": 5.0736699353453156e-5,
    "mean": 0.8373912663724923
  }
}
