{
  "sqr_magnetization": {
    "variance": 0.003999172506004733,
    "error": 6.323901095055751e-5,
    "mean": 0.8342599061414933
  },
  "abs_magnetization": {
    "variance": 0.0012661439587070254,
    "error": 3.5582916669478136e-5,
    "mean": 0.9126849201388889
  },
  "energy": {
    "variance": 0.001233953505254323,
    "error": 3.5127674350208884e-5,
    "mean": -0.8742454340277778
  },
  "magnetization": {
    "variance": 0.0012661439587070254,
    "error": 3.5582916669478136e-5,
    "mean": 0.9126849201388889
  },
  "sqr_energy": {
    "variance": 0.0037226889464358633,
    "error": 6.101384225268774e-5,
    "mean": 0.7655390311897183
  }
}
