{
  "sqr_magnetization": {
    "variance": 0.014564299387355548,
    "error": 0.0001206826391298912,
    "mean": 0.7031917071156443
  },
  "energy": {
    "variance": 0.002163093298608333,
    "error": 4.650906684301818e-5,
    "mean": -0.8052386145833332
  },
  "magnetization": {
    "variance": 0.47969553697478534,
    "error": 0.0006926005609113995,
    "mean": 0.4727543229166667
  },
  "sqr_energy": {
    "variance": 0.0055143484321191,
    "error": 7.425865897064866e-5,
    "mean": 0.650572317551601
  }
}
