{
  "sqr_magnetization": {
    "variance": 0.0030652066571108644,
    "error": 5.536430851289362e-5,
    "mean": 0.8553393883945798
  },
  "energy": {
    "variance": 0.0010569076734121103,
    "error": 3.251011647798436e-5,
    "mean": -0.8880739027777779
  },
  "magnetization": {
    "variance": 0.0009304924949429073,
    "error": 3.050397506789742e-5,
    "mean": 0.9243424131944445
  },
  "sqr_energy": {
    "variance": 0.003295407343680806,
    "error": 5.74056386052869e-5,
    "mean": 0.7897321634114584
  }
}
