{
  "sqr_magnetization": {
    "variance": 0.023735810057669032,
    "error": 0.00015406430494332236,
    "mean": 0.6217526095196758
  },
  "energy": {
    "variance": 0.0028911328000726984,
    "error": 5.376925515638745e-5,
    "mean": -0.7690587395833334
  },
  "magnetization": {
    "variance": 0.012541238385355669,
    "error": 0.00011198767068456988,
    "mean": 0.7805199444444445
  },
  "sqr_energy": {
    "variance": 0.006695687050213811,
    "error": 8.182717794360142e-5,
    "mean": 0.5943424748384452
  }
}
