{
  "sqr_magnetization": {
    "variance": 0.010733967011550664,
    "error": 0.0001036048599803632,
    "mean": 0.09225996472318673
  },
  "energy": {
    "variance": 0.0022969945973292686,
    "error": 4.7926971501747e-5,
    "mean": -0.5513518090277778
  },
  "magnetization": {
    "variance": 0.09029685307909416,
    "error": 0.0003004943478321916,
    "mean": -0.044308034722222216
  },
  "sqr_energy": {
    "variance": 0.0028504821543815437,
    "error": 5.3389906858708265e-5,
    "mean": 0.30628580961853785
  }
}
