{
  "sqr_magnetization": {
    "variance": 0.0010530410089264531,
    "error": 3.245059335245587e-5,
    "mean": 0.024070379243827163
  },
  "energy": {
    "variance": 0.0016396207729486932,
    "error": 4.0492231019649846e-5,
    "mean": -0.42740644791666665
  },
  "magnetization": {
    "variance": 0.023839710230816276,
    "error": 0.0001544011341629856,
    "mean": 0.015188576388888889
  },
  "sqr_energy": {
    "variance": 0.0012138360964228257,
    "error": 3.484015063720055e-5,
    "mean": 0.18431589085407019
  }
}
