{
  "sqr_magnetization": {
    "variance": 0.0046018011332852335,
    "error": 6.783657666248521e-5,
    "mean": 0.8289488004557293
  },
  "energy": {
    "variance": 0.0012923307970795915,
    "error": 3.5949002727191077e-5,
    "mean": -0.8718508541666667
  },
  "magnetization": {
    "variance": 0.0014873660849441016,
    "error": 3.8566385427520964e-5,
    "mean": 0.9096490729166667
  },
  "sqr_energy": {
    "variance": 0.003872096083013334,
    "error": 6.222616879587987e-5,
    "mean": 0.7614162414158949
  }
}
