{
  "sqr_magnetization": {
    "variance": 0.002350860298243489,
    "error": 4.848567106108246e-5,
    "mean": 0.8749952948254246
  },
  "energy": {
    "variance": 0.000922225733920902,
    "error": 3.0368169749276987e-5,
    "mean": -0.9007873819444445
  },
  "magnetization": {
    "variance": 0.0006910784442613146,
    "error": 2.6288370894015373e-5,
    "mean": 0.9350423611111113
  },
  "sqr_energy": {
    "variance": 0.0029597983074787348,
    "error": 5.440402841223005e-5,
    "mean": 0.8123401322820217
  }
}
