{
  "sqr_magnetization": {
    "variance": 0.0008261579785314245,
    "error": 2.8742963983058955e-5,
    "mean": 0.9372466319323886
  },
  "abs_magnetization": {
    "variance": 0.00022366065576654643,
    "error": 1.495528855510807e-5,
    "mean": 0.96799946875
  },
  "energy": {
    "variance": 0.00045773707996682515,
    "error": 2.1394790954034235e-5,
    "mean": -0.9459204027777778
  },
  "magnetization": {
    "variance": 0.00022366065576654643,
    "error": 1.495528855510807e-5,
    "mean": 0.96799946875
  },
  "sqr_energy": {
    "variance": 0.001622377544697135,
    "error": 4.027874805275277e-5,
    "mean": 0.8952231450135034
  }
}
