{
  "sqr_magnetization": {
    "variance": 0.00123434899379863,
    "error": 3.513330320078985e-5,
    "mean": 0.9195659696059997
  },
  "energy": {
    "variance": 0.0005978012288100904,
    "error": 2.4449974004282507e-5,
    "mean": -0.9326013854166666
  },
  "magnetization": {
    "variance": 0.0003429353183328756,
    "error": 1.8518512854246034e-5,
    "mean": 0.9587611979166666
  },
  "sqr_energy": {
    "variance": 0.002057253014842785,
    "error": 4.535695111934647e-5,
    "mean": 0.8703431447120952
  }
}
