{
  "sqr_magnetization": {
    "variance": 0.0008641638870353403,
    "error": 2.9396664556295164e-5,
    "mean": 0.02142024722704475
  },
  "abs_magnetization": {
    "variance": 0.007654372483630007,
    "error": 8.748927067720937e-5,
    "mean": 0.11732809722222223
  },
  "energy": {
    "variance": 0.0015964563493728232,
    "error": 3.995567981367384e-5,
    "mean": -0.4151820694444444
  },
  "magnetization": {
    "variance": 0.02141893227786573,
    "error": 0.00014635208327135534,
    "mean": -0.0011560138888888887
  },
  "sqr_energy": {
    "variance": 0.0011170479696300624,
    "error": 3.3422267571636464e-5,
    "mean": 0.17397260554108795
  }
}
