{
  "sqr_magnetization": {
    "variance": 0.0014497677576873103,
    "error": 3.807581591623888e-5,
    "mean": 0.028827216266396605
  },
  "energy": {
    "variance": 0.001713627097507836,
    "error": 4.139597924325303e-5,
    "mean": -0.44174102083333333
  },
  "magnetization": {
    "variance": 0.028653485105257816,
    "error": 0.00016927340341960935,
    "mean": 0.013181798611111113
  },
  "sqr_energy": {
    "variance": 0.0013527514793606594,
    "error": 3.6779769974276064e-5,
    "mean": 0.19684875487075618
  }
}
