{
  "sqr_magnetization": {
    "variance": 0.0032297319141435022,
    "error": 5.683073036785206e-5,
    "mean": 0.0440214214289159
  },
  "energy": {
    "variance": 0.001915628988237013,
    "error": 4.3767899061264215e-5,
    "mean": -0.48973388888888886
  },
  "magnetization": {
    "variance": 0.043824355840583355,
    "error": 0.00020934267563156673,
    "mean": 0.014039565972222227
  },
  "sqr_energy": {
    "variance": 0.0018641499712495747,
    "error": 4.317580307590786e-5,
    "mean": 0.24175490899884264
  }
}
