{
  "sqr_magnetization": {
    "variance": 0.02937807104840847,
    "error": 0.00017140032394487612,
    "mean": 0.19074092941020448
  },
  "abs_magnetization": {
    "variance": 0.04646956932107056,
    "error": 0.00021556801553354469,
    "mean": 0.3798307604166667
  },
  "energy": {
    "variance": 0.00328861535193488,
    "error": 5.734645021215245e-5,
    "mean": -0.60554859375
  },
  "magnetization": {
    "variance": 0.1907362378419023,
    "error": 0.000436733600541454,
    "mean": 0.002209593750000002
  },
  "sqr_energy": {
    "variance": 0.004975341729627396,
    "error": 7.053610231383215e-5,
    "mean": 0.36997771145592206
  }
}
