{
  "energy": {
    "variance": 0.004053879991418568,
    "error": 6.36700871007616e-5,
    "mean": -0.6623152795138889
  },
  "magnetization": {
    "variance": 0.3259303533657313,
    "error": 0.0005709031033071473,
    "mean": 0.08871529166666665
  }
}
