{
  "sqr_magnetization": {
    "variance": 0.00035228591529553054,
    "error": 1.87692811608631e-5,
    "mean": 0.013553823555652008
  },
  "abs_magnetization": {
    "variance": 0.004867529525859471,
    "error": 6.976768253181031e-5,
    "mean": 0.09320031597222223
  },
  "energy": {
    "variance": 0.001411554229432123,
    "error": 3.757065649455867e-5,
    "mean": -0.361784875
  },
  "magnetization": {
    "variance": 0.013553767180391396,
    "error": 0.00011642064756902617,
    "mean": -0.00026444097222222233
  },
  "sqr_energy": {
    "variance": 0.0007493950234282366,
    "error": 2.7375080336470916e-5,
    "mean": 0.13229984859664354
  }
}
