{
  "sqr_magnetization": {
    "variance": 0.03982590932334241,
    "error": 0.0001995642987193411,
    "mean": 0.5245202335672261
  },
  "energy": {
    "variance": 0.003697812536270761,
    "error": 6.080964180350646e-5,
    "mean": -0.7338414548611112
  },
  "magnetization": {
    "variance": 0.050701191894182714,
    "error": 0.00022516925166235003,
    "mean": -0.6883451840277778
  },
  "sqr_energy": {
    "variance": 0.007806731675986627,
    "error": 8.835571105472824e-5,
    "mean": 0.5422210897111304
  }
}
