{
  "sqr_magnetization": {
    "variance": 0.002009522735875982,
    "error": 4.482770054191919e-5,
    "mean": 0.033448727683738425
  },
  "abs_magnetization": {
    "variance": 0.011744377429032508,
    "error": 0.00010837147885413628,
    "mean": 0.14732400347222221
  },
  "energy": {
    "variance": 0.001794675634668582,
    "error": 4.236361215322156e-5,
    "mean": -0.46197178819444445
  },
  "magnetization": {
    "variance": 0.03344786375036509,
    "error": 0.0001828875713392386,
    "mean": -0.0009473020833333334
  },
  "sqr_energy": {
    "variance": 0.0015555747441866508,
    "error": 3.9440775146878774e-5,
    "mean": 0.21521260692756558
  }
}
