{
  "sqr_magnetization": {
    "variance": 0.015962222933832447,
    "error": 0.0001263416911942865,
    "mean": 0.6971922771026233
  },
  "abs_magnetization": {
    "variance": 0.00783953780212345,
    "error": 8.854116444978261e-5,
    "mean": 0.8302726944444444
  },
  "energy": {
    "variance": 0.0023681863385081824,
    "error": 4.86640148210994e-5,
    "mean": -0.8016497395833333
  },
  "magnetization": {
    "variance": 0.69572239093832,
    "error": 0.0008340997487940636,
    "mean": -0.038348166666666655
  },
  "sqr_energy": {
    "variance": 0.0059531691646510345,
    "error": 7.715678301128835e-5,
    "mean": 0.645010488944348
  }
}
