{
  "sqr_magnetization": {
    "variance": 0.004343314950087704,
    "error": 6.590383107291793e-5,
    "mean": 0.8272273251229746
  },
  "abs_magnetization": {
    "variance": 0.001395885791170212,
    "error": 3.7361554988653934e-5,
    "mean": 0.9087526840277778
  },
  "energy": {
    "variance": 0.0012880269529078248,
    "error": 3.588909239459567e-5,
    "mean": -0.8699096840277778
  },
  "magnetization": {
    "variance": 0.001395885791170212,
    "error": 3.7361554988653934e-5,
    "mean": 0.9087526840277778
  },
  "sqr_energy": {
    "variance": 0.0038465709543295673,
    "error": 6.20207300370575e-5,
    "mean": 0.758030884030189
  }
}
