{
  "sqr_magnetization": {
    "variance": 0.015877459171224538,
    "error": 0.00012600579022895947,
    "mean": 0.11720740523726852
  },
  "energy": {
    "variance": 0.0026053598218135255,
    "error": 5.104272545440266e-5,
    "mean": -0.569384
  },
  "magnetization": {
    "variance": 0.11719316901414467,
    "error": 0.00034233487846572786,
    "mean": -0.0037885902777777735
  },
  "sqr_energy": {
    "variance": 0.0034779591062001924,
    "error": 5.8974224083070325e-5,
    "mean": 0.32680349667245373
  }
}
