{
  "sqr_magnetization": {
    "variance": 0.037390928864387066,
    "error": 0.00019336734177307984,
    "mean": 0.24911157216917437
  },
  "energy": {
    "variance": 0.003645338421819711,
    "error": 6.0376638046679204e-5,
    "mean": -0.6328810972222223
  },
  "magnetization": {
    "variance": 0.22417664056466605,
    "error": 0.00047347295652937357,
    "mean": -0.15790869444444447
  },
  "sqr_energy": {
    "variance": 0.005980492315911411,
    "error": 7.7333642846509e-5,
    "mean": 0.40418381799768516
  }
}
