{
  "sqr_magnetization": {
    "variance": 0.030442414201884576,
    "error": 0.00017447754641180787,
    "mean": 0.5151219206452546
  },
  "energy": {
    "variance": 0.0032799263525613354,
    "error": 5.727064127946653e-5,
    "mean": -0.7259463819444445
  },
  "magnetization": {
    "variance": 0.020571810203724557,
    "error": 0.0001434287635159857,
    "mean": -0.7032425833333332
  },
  "sqr_energy": {
    "variance": 0.006847445352419488,
    "error": 8.274929215660692e-5,
    "mean": 0.5302780725308642
  }
}
