{
  "sqr_magnetization": {
    "variance": 0.0004804757538626028,
    "error": 2.191975715792953e-5,
    "mean": 0.015919231372974536
  },
  "energy": {
    "variance": 0.0014703481852998514,
    "error": 3.834511944563286e-5,
    "mean": -0.38665362152777777
  },
  "magnetization": {
    "variance": 0.01591466315387726,
    "error": 0.0001261533319174617,
    "mean": -0.0021410590277777773
  },
  "sqr_energy": {
    "variance": 0.0008898515930930515,
    "error": 2.98303803712432e-5,
    "mean": 0.15097136975549766
  }
}
