{
  "sqr_magnetization": {
    "variance": 0.0018087080306036277,
    "error": 4.252890817554135e-5,
    "mean": 0.0318439090470679
  },
  "abs_magnetization": {
    "variance": 0.011174614507182214,
    "error": 0.00010571004922514328,
    "mean": 0.14376823611111111
  },
  "energy": {
    "variance": 0.001762818793834226,
    "error": 4.198593566700909e-5,
    "mean": -0.45581811111111115
  },
  "magnetization": {
    "variance": 0.03184204171801543,
    "error": 0.0001784433851898563,
    "mean": -0.001378104166666667
  },
  "sqr_energy": {
    "variance": 0.0014860836771983285,
    "error": 3.8549755864315514e-5,
    "mean": 0.2095329674479167
  }
}
