{
  "sqr_magnetization": {
    "variance": 0.028503327766389003,
    "error": 0.00016882928586708232,
    "mean": 0.5951617012321567
  },
  "abs_magnetization": {
    "variance": 0.018340936870649915,
    "error": 0.00013542871508897186,
    "mean": 0.7594871840277777
  },
  "energy": {
    "variance": 0.0031539740235689184,
    "error": 5.616025305826995e-5,
    "mean": -0.7580204479166668
  },
  "magnetization": {
    "variance": 0.5939953039886672,
    "error": 0.0007707109081806662,
    "mean": 0.03416125347222224
  },
  "sqr_energy": {
    "variance": 0.007094474029528566,
    "error": 8.422870074700527e-5,
    "mean": 0.577748970329379
  }
}
