{
  "sqr_magnetization": {
    "variance": 0.001338072970864978,
    "error": 3.657967975345025e-5,
    "mean": 0.9133935914110729
  },
  "abs_magnetization": {
    "variance": 0.0003747099812917231,
    "error": 1.935742703180676e-5,
    "mean": 0.9555202152777778
  },
  "energy": {
    "variance": 0.0006345562071381781,
    "error": 2.5190399106369438e-5,
    "mean": -0.9277870868055555
  },
  "magnetization": {
    "variance": 0.0003747099812917231,
    "error": 1.935742703180676e-5,
    "mean": 0.9555202152777778
  },
  "sqr_energy": {
    "variance": 0.0021621605874108853,
    "error": 4.649903856437126e-5,
    "mean": 0.8614234340157215
  }
}
