{
  "sqr_magnetization": {
    "variance": 0.04500119957971724,
    "error": 0.00021213486177363032,
    "mean": 0.4220128486689815
  },
  "abs_magnetization": {
    "variance": 0.0421209542113419,
    "error": 0.00020523390122331617,
    "mean": 0.6163537430555555
  },
  "energy": {
    "variance": 0.004047193211915241,
    "error": 6.36175542748638e-5,
    "mean": -0.694392486111111
  },
  "magnetization": {
    "variance": 0.42108518864821287,
    "error": 0.0006489107709448294,
    "mean": 0.030464423611111124
  },
  "sqr_energy": {
    "variance": 0.00777728550499622,
    "error": 8.818891940032047e-5,
    "mean": 0.48622811393229165
  }
}
