{
  "sqr_magnetization": {
    "variance": 0.0036352582945242498,
    "error": 6.029310320861126e-5,
    "mean": 0.8431007938970874
  },
  "abs_magnetization": {
    "variance": 0.0011371163377836677,
    "error": 3.3721155641283523e-5,
    "mean": 0.9175857881944444
  },
  "energy": {
    "variance": 0.0011663296746907382,
    "error": 3.415156913951009e-5,
    "mean": -0.8797901041666667
  },
  "magnetization": {
    "variance": 0.0011371163377836677,
    "error": 3.3721155641283523e-5,
    "mean": -0.9175857881944444
  },
  "sqr_energy": {
    "variance": 0.0035643193241652947,
    "error": 5.9701920607006395e-5,
    "mean": 0.7751969558979552
  }
}
