{
  "sqr_magnetization": {
    "variance": 0.0012290570633381411,
    "error": 3.505791013934147e-5,
    "mean": 0.9181903650173615
  },
  "abs_magnetization": {
    "variance": 0.00034181991216539816,
    "error": 1.8488372350355728e-5,
    "mean": 0.958044125
  },
  "energy": {
    "variance": 0.000599072165025097,
    "error": 2.447595074813432e-5,
    "mean": -0.9313595833333332
  },
  "magnetization": {
    "variance": 0.00034181991216539816,
    "error": 1.8488372350355728e-5,
    "mean": 0.958044125
  },
  "sqr_energy": {
    "variance": 0.0020572242118615043,
    "error": 4.5356633603713405e-5,
    "mean": 0.8680297450327934
  }
}
