{
  "sqr_magnetization": {
    "variance": 0.023661225336858743,
    "error": 0.000153822057380789,
    "mean": 0.657375324146412
  },
  "energy": {
    "variance": 0.0027006703457011015,
    "error": 5.1967974231261906e-5,
    "mean": -0.788110545138889
  },
  "magnetization": {
    "variance": 0.012911536233780833,
    "error": 0.00011362894100439744,
    "mean": -0.8027850277777777
  },
  "sqr_energy": {
    "variance": 0.006548749607358026,
    "error": 8.092434496094501e-5,
    "mean": 0.6238188990041474
  }
}
