{
  "sqr_magnetization": {
    "variance": 0.000919241145291428,
    "error": 3.0318989846157937e-5,
    "mean": 0.9352843844762736
  },
  "energy": {
    "variance": 0.0004835771022416349,
    "error": 2.1990386586907358e-5,
    "mean": -0.9445770243055555
  },
  "magnetization": {
    "variance": 0.0002505834955632408,
    "error": 1.5829829296718292e-5,
    "mean": 0.9669714583333332
  },
  "sqr_energy": {
    "variance": 0.0017076193057473346,
    "error": 4.132335061133517e-5,
    "mean": 0.892709331464603
  }
}
