{
  "sqr_magnetization": {
    "variance": 0.00791957231412212,
    "error": 8.899197893137403e-5,
    "mean": 0.07571624897521219
  },
  "energy": {
    "variance": 0.0022204752524004074,
    "error": 4.712191902289642e-5,
    "mean": -0.5319715277777778
  },
  "magnetization": {
    "variance": 0.07571607505573766,
    "error": 0.00027516554118518847,
    "mean": 0.0004996354166666643
  },
  "sqr_energy": {
    "variance": 0.002565419946958094,
    "error": 5.064997479721085e-5,
    "mean": 0.2852141793981482
  }
}
