{
  "sqr_magnetization": {
    "variance": 0.000762387244211969,
    "error": 2.761136078160526e-5,
    "mean": 0.020045117368344908
  },
  "energy": {
    "variance": 0.001583854966607619,
    "error": 3.979767539200775e-5,
    "mean": -0.40870257638888885
  },
  "magnetization": {
    "variance": 0.019953171818790052,
    "error": 0.00014125569658881039,
    "mean": 0.009589864583333335
  },
  "sqr_energy": {
    "variance": 0.0010763934608510218,
    "error": 3.2808435818414474e-5,
    "mean": 0.1686216493296682
  }
}
