{
  "sqr_magnetization": {
    "variance": 0.029863171349044114,
    "error": 0.0001728096390513102,
    "mean": 0.5765709046585649
  },
  "energy": {
    "variance": 0.0032792982432040593,
    "error": 5.726515732279149e-5,
    "mean": -0.7525823402777777
  },
  "magnetization": {
    "variance": 0.5764923722325572,
    "error": 0.0007592709478391474,
    "mean": 0.008894319444444437
  },
  "sqr_energy": {
    "variance": 0.007274100461997877,
    "error": 8.528833719798901e-5,
    "mean": 0.5696594738618826
  }
}
