{
  "sqr_magnetization": {
    "variance": 0.0024079242647796094,
    "error": 4.90706048951876e-5,
    "mean": 0.8745141798924578
  },
  "abs_magnetization": {
    "variance": 0.0007125349986354881,
    "error": 2.6693351206536208e-5,
    "mean": 0.9347735798611111
  },
  "energy": {
    "variance": 0.0009239510063150115,
    "error": 3.03965624095063e-5,
    "mean": -0.9002492361111111
  },
  "magnetization": {
    "variance": 0.0007125349986354881,
    "error": 2.6693351206536208e-5,
    "mean": 0.9347735798611111
  },
  "sqr_energy": {
    "variance": 0.0029608265161047156,
    "error": 5.44134773388424e-5,
    "mean": 0.811372637201003
  }
}
