{
  "sqr_magnetization": {
    "variance": 0.02020322510245748,
    "error": 0.00014213804945354175,
    "mean": 0.6596855362413195
  },
  "abs_magnetization": {
    "variance": 0.010978242019903866,
    "error": 0.00010477710637302343,
    "mean": 0.8054236805555555
  },
  "energy": {
    "variance": 0.002659259251550135,
    "error": 5.156800608468525e-5,
    "mean": -0.7846531076388888
  },
  "magnetization": {
    "variance": 0.5841900709706372,
    "error": 0.0007643232764809909,
    "mean": -0.27476544444444445
  },
  "sqr_energy": {
    "variance": 0.0064032732232058515,
    "error": 8.0020455029985e-5,
    "mean": 0.6183397559196567
  }
}
