{
  "sqr_magnetization": {
    "variance": 0.003381249527128803,
    "error": 5.814851268200076e-5,
    "mean": 0.8479082520978011
  },
  "energy": {
    "variance": 0.0011211361147475995,
    "error": 3.3483370719621394e-5,
    "mean": -0.8832445034722223
  },
  "magnetization": {
    "variance": 0.0010410970302933557,
    "error": 3.2266035242858015e-5,
    "mean": 0.9202538541666667
  },
  "sqr_energy": {
    "variance": 0.0034558124015186113,
    "error": 5.8786158247657345e-5,
    "mean": 0.7812419879075038
  }
}
