{
  "sqr_magnetization": {
    "variance": 0.03678093628276352,
    "error": 0.00019178356624790228,
    "mean": 0.23464537876157407
  },
  "energy": {
    "variance": 0.003637475726374212,
    "error": 6.031148917390626e-5,
    "mean": -0.6272989652777777
  },
  "magnetization": {
    "variance": 0.21025857414620489,
    "error": 0.00045853961022599224,
    "mean": 0.15616342361111113
  },
  "sqr_energy": {
    "variance": 0.005881186392696105,
    "error": 7.668889354199931e-5,
    "mean": 0.3971414639274691
  }
}
