{
  "sqr_magnetization": {
    "variance": 0.008768101491568148,
    "error": 9.3638141222304e-5,
    "mean": 0.8692518292703514
  },
  "energy": {
    "variance": 0.001095144805245584,
    "error": 3.3092972142821864e-5,
    "mean": -0.9014008715277777
  },
  "magnetization": {
    "variance": 0.008072251781390176,
    "error": 8.984571097937939e-5,
    "mean": -0.9279976215277778
  },
  "sqr_energy": {
    "variance": 0.0034454264518336106,
    "error": 5.869775508342385e-5,
    "mean": 0.8136186749011382
  }
}
