{
  "sqr_magnetization": {
    "variance": 0.0184272217044369,
    "error": 0.0001357469031117723,
    "mean": 0.6546319667124807
  },
  "energy": {
    "variance": 0.0025758559876999302,
    "error": 5.0752891422065115e-5,
    "mean": -0.781420125
  },
  "magnetization": {
    "variance": 0.008826977172647976,
    "error": 9.395199397909538e-5,
    "mean": 0.8036199340277778
  },
  "sqr_energy": {
    "variance": 0.006162611856950067,
    "error": 7.850230478750332e-5,
    "mean": 0.6131932651668596
  }
}
