{
  "sqr_magnetization": {
    "variance": 0.0015681862739844162,
    "error": 3.9600331740837925e-5,
    "mean": 0.9039126839554402
  },
  "abs_magnetization": {
    "variance": 0.0004448896693186335,
    "error": 2.109240785966916e-5,
    "mean": 0.9505092291666667
  },
  "energy": {
    "variance": 0.0007058933533455019,
    "error": 2.656865358548494e-5,
    "mean": -0.9208341076388888
  },
  "magnetization": {
    "variance": 0.0004448896693186335,
    "error": 2.109240785966916e-5,
    "mean": 0.9505092291666667
  },
  "sqr_energy": {
    "variance": 0.002368405044553634,
    "error": 4.8666261871584446e-5,
    "mean": 0.8486413464385612
  }
}
