{
  "sqr_magnetization": {
    "variance": 0.001555512164639957,
    "error": 3.9439981803240697e-5,
    "mean": 0.0292172081404321
  },
  "abs_magnetization": {
    "variance": 0.010351183021767464,
    "error": 0.00010174076381553003,
    "mean": 0.1373536875
  },
  "energy": {
    "variance": 0.0017244129602265695,
    "error": 4.1526051584837315e-5,
    "mean": -0.44779696527777774
  },
  "magnetization": {
    "variance": 0.029213946859155966,
    "error": 0.00017092087894448696,
    "mean": -0.0018139722222222225
  },
  "sqr_energy": {
    "variance": 0.0014031141818026903,
    "error": 3.74581657559829e-5,
    "mean": 0.20224653334780093
  }
}
