{
  "sqr_magnetization": {
    "variance": 0.00036071906703792964,
    "error": 1.8992605588437033e-5,
    "mean": 0.01404244310619213
  },
  "energy": {
    "variance": 0.0013970342490576746,
    "error": 3.737692134269053e-5,
    "mean": -0.3623797326388889
  },
  "magnetization": {
    "variance": 0.014041753628909193,
    "error": 0.00011849790558870311,
    "mean": 0.0008387604166666665
  },
  "sqr_energy": {
    "variance": 0.0007432536343858402,
    "error": 2.726267841547929e-5,
    "mean": 0.132716103479456
  }
}
