{
  "sqr_magnetization": {
    "variance": 0.0007456195352377318,
    "error": 2.7306034776908416e-5,
    "mean": 0.9417352056809417
  },
  "abs_magnetization": {
    "variance": 0.0002007189526603107,
    "error": 1.4167531636114694e-5,
    "mean": 0.9703269999999998
  },
  "energy": {
    "variance": 0.0004240482517750918,
    "error": 2.0592431905316374e-5,
    "mean": -0.949470329861111
  },
  "magnetization": {
    "variance": 0.0002007189526603107,
    "error": 1.4167531636114694e-5,
    "mean": 0.9703269999999998
  },
  "sqr_energy": {
    "variance": 0.0015144573972961468,
    "error": 3.891603008139636e-5,
    "mean": 0.9019179551142943
  }
}
