{
  "energy": {
    "variance": 0.0023914065175420058,
    "error": 4.8902009340537384e-5,
    "mean": -0.8007100980902777
  },
  "magnetization": {
    "variance": 0.41356284959874845,
    "error": 0.0006430885239208894,
    "mean": -0.529144861111111
  }
}
