{
  "sqr_magnetization": {
    "variance": 0.0339569015062747,
    "error": 0.00018427398488738095,
    "mean": 0.22125172288532022
  },
  "abs_magnetization": {
    "variance": 0.049141670391964265,
    "error": 0.00022167920604324677,
    "mean": 0.4148615451388889
  },
  "energy": {
    "variance": 0.0035255817180815255,
    "error": 5.937660918309099e-5,
    "mean": -0.6182290416666666
  },
  "magnetization": {
    "variance": 0.2210340839618978,
    "error": 0.00047014262087360025,
    "mean": -0.014760079861111114
  },
  "sqr_energy": {
    "variance": 0.005551389347835682,
    "error": 7.450764623738748e-5,
    "mean": 0.3857327261525848
  }
}
