{
  "sqr_magnetization": {
    "variance": 0.0008993384240252808,
    "error": 2.9988971706700463e-5,
    "mean": 0.0219805446566358
  },
  "abs_magnetization": {
    "variance": 0.007827436789124625,
    "error": 8.847280253911156e-5,
    "mean": 0.11896686805555556
  },
  "energy": {
    "variance": 0.001604400058495545,
    "error": 4.005496296959398e-5,
    "mean": -0.4188897638888889
  },
  "magnetization": {
    "variance": 0.02198050405377875,
    "error": 0.0001482582343540444,
    "mean": 0.0002501666666666668
  },
  "sqr_energy": {
    "variance": 0.001142047337040554,
    "error": 3.379419087713973e-5,
    "mean": 0.17707303274498454
  }
}
