{
  "sqr_magnetization": {
    "variance": 0.0027644350134159836,
    "error": 5.2577894722173725e-5,
    "mean": 0.03883470764612268
  },
  "energy": {
    "variance": 0.0018448391203201675,
    "error": 4.2951590428296914e-5,
    "mean": -0.4801046875
  },
  "magnetization": {
    "variance": 0.038398320432758114,
    "error": 0.00019595489387294748,
    "mean": -0.020890802083333337
  },
  "sqr_energy": {
    "variance": 0.0017228293162096266,
    "error": 4.1506979126523124e-5,
    "mean": 0.2323453482349537
  }
}
