{
  "sqr_magnetization": {
    "variance": 0.0014514800856752076,
    "error": 3.809829504945343e-5,
    "mean": 0.02885747723765432
  },
  "energy": {
    "variance": 0.0017399814849486433,
    "error": 4.1713085296446764e-5,
    "mean": -0.4498453541666667
  },
  "magnetization": {
    "variance": 0.02884501005405249,
    "error": 0.00016983818785553645,
    "mean": -0.0035349722222222228
  },
  "sqr_energy": {
    "variance": 0.0014283760605350766,
    "error": 3.779386273636338e-5,
    "mean": 0.20410082241030092
  }
}
