{
  "sqr_magnetization": {
    "variance": 0.006468657773862683,
    "error": 8.042796636657352e-5,
    "mean": 0.06453315516493055
  },
  "energy": {
    "variance": 0.002164971328132931,
    "error": 4.652925239172591e-5,
    "mean": -0.5140315347222223
  },
  "magnetization": {
    "variance": 0.06452464849812993,
    "error": 0.00025401702403211076,
    "mean": -0.002927659722222221
  },
  "sqr_energy": {
    "variance": 0.0023450668935697154,
    "error": 4.842589073594533e-5,
    "mean": 0.26639338785204475
  }
}
