{
  "sqr_magnetization": {
    "variance": 0.0025602907118222333,
    "error": 5.059931532957964e-5,
    "mean": 0.869665761525849
  },
  "energy": {
    "variance": 0.0009477121097172097,
    "error": 3.078493316083713e-5,
    "mean": -0.8974128715277777
  },
  "magnetization": {
    "variance": 0.0007616866590041264,
    "error": 2.759867132678902e-5,
    "mean": 0.9321502430555555
  },
  "sqr_energy": {
    "variance": 0.0030194819660425407,
    "error": 5.494981315748527e-5,
    "mean": 0.8062975731457368
  }
}
