{
  "sqr_magnetization": {
    "variance": 0.01779508477657921,
    "error": 0.00013339821879087895,
    "mean": 0.6747567898823302
  },
  "abs_magnetization": {
    "variance": 0.009127865648632962,
    "error": 9.553986418575736e-5,
    "mean": 0.8158608541666668
  },
  "energy": {
    "variance": 0.002520630639113844,
    "error": 5.0205882515038455e-5,
    "mean": -0.7909375798611111
  },
  "magnetization": {
    "variance": 0.6693584927625683,
    "error": 0.0008181433204289872,
    "mean": 0.07347765972222223
  },
  "sqr_energy": {
    "variance": 0.006174429338046266,
    "error": 7.857753710855455e-5,
    "mean": 0.6281028833550347
  }
}
