{
  "sqr_magnetization": {
    "variance": 0.008104437818454206,
    "error": 9.002465117096653e-5,
    "mean": 0.7690183418933255
  },
  "abs_magnetization": {
    "variance": 0.002984616731608244,
    "error": 5.4631645880462394e-5,
    "mean": 0.8752335277777779
  },
  "energy": {
    "variance": 0.0017516598613697256,
    "error": 4.185283576258275e-5,
    "mean": -0.8368085590277777
  },
  "magnetization": {
    "variance": 0.002984616731608244,
    "error": 5.4631645880462394e-5,
    "mean": -0.8752335277777779
  },
  "sqr_energy": {
    "variance": 0.004826455383680071,
    "error": 6.947269523834576e-5,
    "mean": 0.7020002225718557
  }
}
