{
  "sqr_magnetization": {
    "variance": 0.00034901590445996855,
    "error": 1.8681967360531613e-5,
    "mean": 0.013618830319251544
  },
  "energy": {
    "variance": 0.001413784820253956,
    "error": 3.7600330055119946e-5,
    "mean": -0.35970566666666665
  },
  "magnetization": {
    "variance": 0.01361852716423468,
    "error": 0.00011669844542338463,
    "mean": 0.000562826388888888
  },
  "sqr_energy": {
    "variance": 0.0007432177460674356,
    "error": 2.726202021251242e-5,
    "mean": 0.13080195003858025
  }
}
