{
  "sqr_magnetization": {
    "variance": 0.014312643752475132,
    "error": 0.00011963546193531052,
    "mean": 0.11049716913821374
  },
  "energy": {
    "variance": 0.0026038600416418583,
    "error": 5.1028031920130506e-5,
    "mean": -0.5568778645833333
  },
  "magnetization": {
    "variance": 0.1095645169018264,
    "error": 0.0003310053124978909,
    "mean": 0.03054114930555555
  },
  "sqr_energy": {
    "variance": 0.003312462566634333,
    "error": 5.755399696488797e-5,
    "mean": 0.31271681350067515
  }
}
