{
  "sqr_magnetization": {
    "variance": 0.005501952289938966,
    "error": 7.417514603921563e-5,
    "mean": 0.8058893774112654
  },
  "abs_magnetization": {
    "variance": 0.001845439847537842,
    "error": 4.29585829321434e-5,
    "mean": 0.8966849722222222
  },
  "energy": {
    "variance": 0.0014516556457258496,
    "error": 3.810059902056462e-5,
    "mean": -0.8572606631944445
  },
  "magnetization": {
    "variance": 0.001845439847537842,
    "error": 4.29585829321434e-5,
    "mean": 0.8966849722222222
  },
  "sqr_energy": {
    "variance": 0.004206567148515142,
    "error": 6.485805384464709e-5,
    "mean": 0.7363474988546488
  }
}
