{
  "sqr_magnetization": {
    "variance": 0.00261731743890797,
    "error": 5.115972477357526e-5,
    "mean": 0.8653180520592209
  },
  "energy": {
    "variance": 0.000981955416276211,
    "error": 3.133616786201228e-5,
    "mean": -0.8942630694444444
  },
  "magnetization": {
    "variance": 0.0007794105033475693,
    "error": 2.7917924409733064e-5,
    "mean": 0.9298057013888889
  },
  "sqr_energy": {
    "variance": 0.0031056780258535643,
    "error": 5.572861047840296e-5,
    "mean": 0.8006883918065201
  }
}
