{
  "sqr_magnetization": {
    "variance": 0.0014406134381390696,
    "error": 3.795541381857231e-5,
    "mean": 0.02804188993778935
  },
  "energy": {
    "variance": 0.0017787849749266486,
    "error": 4.217564433327188e-5,
    "mean": -0.44582053819444445
  },
  "magnetization": {
    "variance": 0.028039156436942592,
    "error": 0.0001674489666643022,
    "mean": 0.0016617881944444408
  },
  "sqr_energy": {
    "variance": 0.0014318050606236142,
    "error": 3.783920005263872e-5,
    "mean": 0.20053473547212575
  }
}
