{
  "sqr_magnetization": {
    "variance": 0.002358444001533072,
    "error": 4.8563813704579176e-5,
    "mean": 0.8760741070963545
  },
  "abs_magnetization": {
    "variance": 0.0006961780950854906,
    "error": 2.638518703904694e-5,
    "mean": 0.9356163368055557
  },
  "energy": {
    "variance": 0.000912175700668648,
    "error": 3.0202246616247738e-5,
    "mean": -0.9013075659722223
  },
  "magnetization": {
    "variance": 0.0006961780950854906,
    "error": 2.638518703904694e-5,
    "mean": -0.9356163368055557
  },
  "sqr_energy": {
    "variance": 0.0029300431876895317,
    "error": 5.412987333893856e-5,
    "mean": 0.8132675032672647
  }
}
