{
  "sqr_magnetization": {
    "variance": 0.011829599070076805,
    "error": 0.0001087639603456807,
    "mean": 0.7321160586419753
  },
  "energy": {
    "variance": 0.0019869074229614354,
    "error": 4.457473974081549e-5,
    "mean": -0.8182897777777778
  },
  "magnetization": {
    "variance": 0.005396056676452076,
    "error": 7.345785646513296e-5,
    "mean": 0.8524787430555555
  },
  "sqr_energy": {
    "variance": 0.005230198805193638,
    "error": 7.232011342077415e-5,
    "mean": 0.6715850658516588
  }
}
