{
  "sqr_magnetization": {
    "variance": 0.0004497299418353761,
    "error": 2.120683714832026e-5,
    "mean": 0.016129815502025465
  },
  "energy": {
    "variance": 0.0014575122308281552,
    "error": 3.8177378522210704e-5,
    "mean": -0.37486257638888887
  },
  "magnetization": {
    "variance": 0.016118647960967587,
    "error": 0.00012695923739912583,
    "mean": 0.0033441979166666676
  },
  "sqr_energy": {
    "variance": 0.0008278652468539771,
    "error": 2.8772647546827823e-5,
    "mean": 0.14197946195023148
  }
}
