{
  "sqr_magnetization": {
    "variance": 0.01875468204674888,
    "error": 0.00013694773472660614,
    "mean": 0.6732759323278356
  },
  "energy": {
    "variance": 0.0024506246955621957,
    "error": 4.950378465897527e-5,
    "mean": -0.7931480833333333
  },
  "magnetization": {
    "variance": 0.00904286492253881,
    "error": 9.509397942319383e-5,
    "mean": -0.815004954861111
  },
  "sqr_energy": {
    "variance": 0.00606908683632194,
    "error": 7.790434414281362e-5,
    "mean": 0.6315345043402778
  }
}
