{
  "energy": {
    "variance": 0.0017305732044382751,
    "error": 4.160015870688807e-5,
    "mean": -0.8385274626736111
  },
  "magnetization": {
    "variance": 0.002995048125261812,
    "error": 5.472703285636644e-5,
    "mean": -0.8768015069444445
  }
}
