{
  "sqr_magnetization": {
    "variance": 0.03445061896671587,
    "error": 0.00018560877933631228,
    "mean": 0.5523245311776621
  },
  "abs_magnetization": {
    "variance": 0.02492289481249435,
    "error": 0.00015786986670195916,
    "mean": 0.72622425
  },
  "energy": {
    "variance": 0.003482033658439799,
    "error": 5.900875916709144e-5,
    "mean": -0.7419852881944445
  },
  "magnetization": {
    "variance": 0.5459423798539401,
    "error": 0.0007388791375143436,
    "mean": -0.07989178472222222
  },
  "sqr_energy": {
    "variance": 0.007512545555041799,
    "error": 8.667494190965344e-5,
    "mean": 0.5540241980733989
  }
}
