{
  "sqr_magnetization": {
    "variance": 0.001469164018862283,
    "error": 3.8329675433823894e-5,
    "mean": 0.9077428305000967
  },
  "energy": {
    "variance": 0.0006790384557938449,
    "error": 2.6058366330102985e-5,
    "mean": -0.9238111076388889
  },
  "magnetization": {
    "variance": 0.0004134816807873206,
    "error": 2.0334248960493245e-5,
    "mean": 0.9525383715277778
  },
  "sqr_energy": {
    "variance": 0.0022941480476168,
    "error": 4.7897265554693204e-5,
    "mean": 0.8541060003737463
  }
}
