{
  "sqr_magnetization": {
    "variance": 0.005136490751806965,
    "error": 7.166931527374156e-5,
    "mean": 0.809782565441744
  },
  "energy": {
    "variance": 0.0014174855891627568,
    "error": 3.764950981304746e-5,
    "mean": -0.85964009375
  },
  "magnetization": {
    "variance": 0.0016859601314500523,
    "error": 4.106044485207207e-5,
    "mean": 0.8989419375
  },
  "sqr_energy": {
    "variance": 0.004127909681194181,
    "error": 6.424881073758628e-5,
    "mean": 0.7403985749541858
  }
}
