{
  "sqr_magnetization": {
    "variance": 0.0016556021694493581,
    "error": 4.06890915289265e-5,
    "mean": 0.900475676468461
  },
  "abs_magnetization": {
    "variance": 0.00047186137519180293,
    "error": 2.1722370386120455e-5,
    "mean": 0.9486853090277777
  },
  "energy": {
    "variance": 0.0007312137757040222,
    "error": 2.7040964770215247e-5,
    "mean": -0.9183545104166667
  },
  "magnetization": {
    "variance": 0.00047186137519180293,
    "error": 2.1722370386120455e-5,
    "mean": 0.9486853090277777
  },
  "sqr_energy": {
    "variance": 0.0024400685924482507,
    "error": 4.93970504427972e-5,
    "mean": 0.844106219847126
  }
}
