{
  "sqr_magnetization": {
    "variance": 0.0008309173062941702,
    "error": 2.8825636268678792e-5,
    "mean": 0.021080774823977622
  },
  "abs_magnetization": {
    "variance": 0.007505840560950887,
    "error": 8.663625431048417e-5,
    "mean": 0.11651155208333333
  },
  "energy": {
    "variance": 0.0015863061042640037,
    "error": 3.9828458472102634e-5,
    "mean": -0.4134157986111111
  },
  "magnetization": {
    "variance": 0.02108079462844701,
    "error": 0.00014519226779841622,
    "mean": 3.572569444444436e-5
  },
  "sqr_energy": {
    "variance": 0.0010998971614809066,
    "error": 3.316469751830863e-5,
    "mean": 0.17249892705922068
  }
}
