{
  "energy": {
    "variance": 0.00380763128770941,
    "error": 6.170600690134964e-5,
    "mean": -0.724768140625
  },
  "magnetization": {
    "variance": 0.5022171318159653,
    "error": 0.0007086727960179968,
    "mean": -0.051637892361111125
  }
}
