{
  "sqr_magnetization": {
    "variance": 0.004382384972594916,
    "error": 6.619958438385331e-5,
    "mean": 0.052159207887249225
  },
  "abs_magnetization": {
    "variance": 0.0176753197413449,
    "error": 0.00013294856050873548,
    "mean": 0.1856984270833333
  },
  "energy": {
    "variance": 0.002016130446327193,
    "error": 4.4901341253098366e-5,
    "mean": -0.50121378125
  },
  "magnetization": {
    "variance": 0.05215722309111197,
    "error": 0.00022837955926726885,
    "mean": -0.0014272187500000008
  },
  "sqr_energy": {
    "variance": 0.0020616176601551493,
    "error": 4.5405040030322064e-5,
    "mean": 0.25323138294511965
  }
}
