{
  "energy": {
    "variance": 0.0033216339928331604,
    "error": 5.7633618599157564e-5,
    "mean": -0.7562889149305555
  },
  "magnetization": {
    "variance": 0.5361091441932299,
    "error": 0.000732194744718391,
    "mean": 0.22717513888888888
  }
}
