{
  "sqr_magnetization": {
    "variance": 0.03576538485517605,
    "error": 0.0001891173837995229,
    "mean": 0.2456582585599923
  },
  "energy": {
    "variance": 0.0036973042281312797,
    "error": 6.080546215704046e-5,
    "mean": -0.6247065659722223
  },
  "magnetization": {
    "variance": 0.24444602224442116,
    "error": 0.0004944148280992604,
    "mean": -0.03482069444444447
  },
  "sqr_energy": {
    "variance": 0.005929136615826166,
    "error": 7.700088711064417e-5,
    "mean": 0.39395559409963343
  }
}
