{
  "energy": {
    "variance": 0.0033116420292895955,
    "error": 5.754686811017256e-5,
    "mean": -0.7493152239583333
  },
  "magnetization": {
    "variance": 0.563832471634632,
    "error": 0.0007508877889769096,
    "mean": 0.08749234722222218
  }
}
