{
  "sqr_magnetization": {
    "variance": 0.0011397374070615072,
    "error": 3.375999714249851e-5,
    "mean": 0.9253851254460844
  },
  "energy": {
    "variance": 0.0005538597831267466,
    "error": 2.353422578133274e-5,
    "mean": -0.9370727743055556
  },
  "magnetization": {
    "variance": 0.00031527253508203295,
    "error": 1.7755915495463278e-5,
    "mean": 0.961805517361111
  },
  "sqr_energy": {
    "variance": 0.0019242732789681565,
    "error": 4.386653940041494e-5,
    "mean": 0.8786592435739778
  }
}
