{
  "sqr_magnetization": {
    "variance": 0.0011774997223711187,
    "error": 3.431471582821456e-5,
    "mean": 0.025381634102527004
  },
  "abs_magnetization": {
    "variance": 0.008969544813169318,
    "error": 9.470768085625007e-5,
    "mean": 0.12810971180555555
  },
  "energy": {
    "variance": 0.001664294172166423,
    "error": 4.079576169366645e-5,
    "mean": -0.4339995208333333
  },
  "magnetization": {
    "variance": 0.02538162021274327,
    "error": 0.0001593161015489121,
    "mean": 0.00019817013888888909
  },
  "sqr_energy": {
    "variance": 0.0012713909035424317,
    "error": 3.565656886945843e-5,
    "mean": 0.19001987659143516
  }
}
