{
  "sqr_magnetization": {
    "variance": 0.00035871198866773,
    "error": 1.89396934681565e-5,
    "mean": 0.013721953860435955
  },
  "energy": {
    "variance": 0.001422078266609215,
    "error": 3.771045301516829e-5,
    "mean": -0.36127140625
  },
  "magnetization": {
    "variance": 0.01366438414237651,
    "error": 0.00011689475669326024,
    "mean": 0.007588371527777777
  },
  "sqr_energy": {
    "variance": 0.0007500836879244538,
    "error": 2.738765575810485e-5,
    "mean": 0.1319391058183835
  }
}
