{
  "sqr_magnetization": {
    "variance": 0.039868882475357165,
    "error": 0.00019967193712526845,
    "mean": 0.3047351201774691
  },
  "energy": {
    "variance": 0.0036297426914440323,
    "error": 6.024734592863019e-5,
    "mean": -0.6528130625
  },
  "magnetization": {
    "variance": 0.28060215370732944,
    "error": 0.0005297189384072742,
    "mean": 0.15534879166666668
  },
  "sqr_energy": {
    "variance": 0.006283046204195687,
    "error": 7.92656685091073e-5,
    "mean": 0.4297946336323302
  }
}
