{
  "sqr_magnetization": {
    "variance": 0.01157388772043773,
    "error": 0.00010758200463106146,
    "mean": 0.09334975875289352
  },
  "abs_magnetization": {
    "variance": 0.029344491682699824,
    "error": 0.00017130233998022276,
    "mean": 0.25299268055555557
  },
  "energy": {
    "variance": 0.002448852854989996,
    "error": 4.948588541180198e-5,
    "mean": -0.5470884756944444
  },
  "magnetization": {
    "variance": 0.09334430754397839,
    "error": 0.0003055230065706647,
    "mean": -0.0023546875
  },
  "sqr_energy": {
    "variance": 0.003011637033122547,
    "error": 5.487838402433646e-5,
    "mean": 0.30175465064380785
  }
}
