{
  "sqr_magnetization": {
    "variance": 0.0009958097976901167,
    "error": 3.1556454136834143e-5,
    "mean": 0.9285185940393523
  },
  "abs_magnetization": {
    "variance": 0.00027274951672863506,
    "error": 1.6515129933749693e-5,
    "mean": 0.9634551597222222
  },
  "energy": {
    "variance": 0.0005221189201614429,
    "error": 2.2849921666418093e-5,
    "mean": -0.93914559375
  },
  "magnetization": {
    "variance": 0.00027274951672863506,
    "error": 1.6515129933749693e-5,
    "mean": 0.9634551597222222
  },
  "sqr_energy": {
    "variance": 0.0018237233983355511,
    "error": 4.270507462041895e-5,
    "mean": 0.8825165646580828
  }
}
