{
  "sqr_magnetization": {
    "variance": 0.000801368915963448,
    "error": 2.8308460148221556e-5,
    "mean": 0.9385783048442327
  },
  "abs_magnetization": {
    "variance": 0.00021656956033449807,
    "error": 1.4716302536116132e-5,
    "mean": 0.9686907326388887
  },
  "energy": {
    "variance": 0.0004477490157358501,
    "error": 2.1160080711940824e-5,
    "mean": -0.9469657291666667
  },
  "magnetization": {
    "variance": 0.00021656956033449807,
    "error": 1.4716302536116132e-5,
    "mean": 0.9686907326388887
  },
  "sqr_energy": {
    "variance": 0.0015905668240420302,
    "error": 3.988191098784047e-5,
    "mean": 0.8971918407841439
  }
}
