{
  "sqr_magnetization": {
    "variance": 0.0007792972307436313,
    "error": 2.7915895664363544e-5,
    "mean": 0.020056969569830246
  },
  "energy": {
    "variance": 0.001536737332244554,
    "error": 3.9201241463052596e-5,
    "mean": -0.4073797118055555
  },
  "magnetization": {
    "variance": 0.020056210452038963,
    "error": 0.000141619950755672,
    "mean": 0.000882708333333334
  },
  "sqr_energy": {
    "variance": 0.001036066203153949,
    "error": 3.2187982278390004e-5,
    "mean": 0.16749496538628475
  }
}
