{
  "sqr_magnetization": {
    "variance": 0.00037725527514911124,
    "error": 1.942306039606301e-5,
    "mean": 0.014023854576581792
  },
  "abs_magnetization": {
    "variance": 0.005038699716941229,
    "error": 7.098379897512693e-5,
    "mean": 0.09479008333333334
  },
  "energy": {
    "variance": 0.0014244388876417716,
    "error": 3.774173932984239e-5,
    "mean": -0.3666479513888889
  },
  "magnetization": {
    "variance": 0.014023703854495521,
    "error": 0.00011842172036622134,
    "mean": -0.00040588888888888863
  },
  "sqr_energy": {
    "variance": 0.0007764598869106723,
    "error": 2.7865029820738972e-5,
    "mean": 0.13585515772087195
  }
}
