{
  "sqr_magnetization": {
    "variance": 0.0005300068474860888,
    "error": 2.3021877583856813e-5,
    "mean": 0.016617755377121915
  },
  "abs_magnetization": {
    "variance": 0.005962918409478931,
    "error": 7.72199353112843e-5,
    "mean": 0.10322229861111111
  },
  "energy": {
    "variance": 0.001493352018524424,
    "error": 3.864391308504386e-5,
    "mean": -0.3885346875
  },
  "magnetization": {
    "variance": 0.01661777160702238,
    "error": 0.00012890993602908342,
    "mean": -1.9694444444444343e-5
  },
  "sqr_energy": {
    "variance": 0.0009140030073248569,
    "error": 3.0232482652353527e-5,
    "mean": 0.15245255391589504
  }
}
