{
  "energy": {
    "variance": 0.001981152922778209,
    "error": 4.451014404355718e-5,
    "mean": -0.8216300815972223
  },
  "magnetization": {
    "variance": 0.21124179901309145,
    "error": 0.0004596104861870445,
    "mean": -0.7271497152777777
  }
}
