{
  "sqr_magnetization": {
    "variance": 0.02658404690200526,
    "error": 0.00016304614960803353,
    "mean": 0.6063268193721065
  },
  "abs_magnetization": {
    "variance": 0.01634270751486603,
    "error": 0.00012783859947162294,
    "mean": 0.7681042430555555
  },
  "energy": {
    "variance": 0.0030691549296091043,
    "error": 5.539995423833042e-5,
    "mean": -0.7620726840277777
  },
  "magnetization": {
    "variance": 0.595897455679768,
    "error": 0.0007719439459441132,
    "mean": -0.10212717361111112
  },
  "sqr_energy": {
    "variance": 0.006975023458909612,
    "error": 8.351660588715045e-5,
    "mean": 0.5838239276017555
  }
}
