{
  "sqr_magnetization": {
    "variance": 0.0009534807967010113,
    "error": 3.087848436534752e-5,
    "mean": 0.9331041665702164
  },
  "energy": {
    "variance": 0.0004983005439254957,
    "error": 2.2322646436421818e-5,
    "mean": -0.9428761180555556
  },
  "magnetization": {
    "variance": 0.0002604672801508738,
    "error": 1.6138998734459145e-5,
    "mean": 0.9658383402777776
  },
  "sqr_energy": {
    "variance": 0.001753365965563159,
    "error": 4.187321298351918e-5,
    "mean": 0.8895136740451393
  }
}
