{
  "energy": {
    "variance": 0.0012591626253693397,
    "error": 3.54846815593622e-5,
    "mean": -0.8726348975694445
  },
  "magnetization": {
    "variance": 0.0013000059677808402,
    "error": 3.605559551277499e-5,
    "mean": 0.9112126423611111
  }
}
