{
  "sqr_magnetization": {
    "variance": 0.0003913039887999279,
    "error": 1.9781405127036043e-5,
    "mean": 0.014299391034915123
  },
  "energy": {
    "variance": 0.0013995142324538545,
    "error": 3.7410081962672234e-5,
    "mean": -0.37203720833333337
  },
  "magnetization": {
    "variance": 0.014290266586249947,
    "error": 0.00011954190305599935,
    "mean": 0.003023034722222221
  },
  "sqr_energy": {
    "variance": 0.000783350498383484,
    "error": 2.7988399353723034e-5,
    "mean": 0.13981119721739968
  }
}
