{
  "sqr_magnetization": {
    "variance": 0.0009706335463482522,
    "error": 3.1154992318218475e-5,
    "mean": 0.9323799345944256
  },
  "energy": {
    "variance": 0.0005054353307777183,
    "error": 2.248188895039112e-5,
    "mean": -0.9423189201388888
  },
  "magnetization": {
    "variance": 0.0002653879095974846,
    "error": 1.6290730787705155e-5,
    "mean": 0.9654607951388887
  },
  "sqr_energy": {
    "variance": 0.0017759276521571183,
    "error": 4.2141756633499726e-5,
    "mean": 0.8884703820770644
  }
}
