{
  "sqr_magnetization": {
    "variance": 0.0009416579144395453,
    "error": 3.068644512548733e-5,
    "mean": 0.02246776211660879
  },
  "abs_magnetization": {
    "variance": 0.008000559374589069,
    "error": 8.944584604434725e-5,
    "mean": 0.12027971875
  },
  "energy": {
    "variance": 0.0016091835183455556,
    "error": 4.0114629729633e-5,
    "mean": -0.420884
  },
  "magnetization": {
    "variance": 0.022467571246041918,
    "error": 0.00014989186517633943,
    "mean": 0.00046188541666666703
  },
  "sqr_energy": {
    "variance": 0.001155574982297438,
    "error": 3.399374916506619e-5,
    "mean": 0.178752523365162
  }
}
