{
  "sqr_magnetization": {
    "variance": 0.002567943698661782,
    "error": 5.0674882325090624e-5,
    "mean": 0.03857857895688657
  },
  "abs_magnetization": {
    "variance": 0.013359644796779622,
    "error": 0.00011558392966489599,
    "mean": 0.1588047465277778
  },
  "energy": {
    "variance": 0.0018595188464735992,
    "error": 4.3122138704772045e-5,
    "mean": -0.47474793402777776
  },
  "magnetization": {
    "variance": 0.0385785210669301,
    "error": 0.00019641415699213257,
    "mean": -0.00031059374999999967
  },
  "sqr_energy": {
    "variance": 0.0017023287810409159,
    "error": 4.1259287209559445e-5,
    "mean": 0.22724511785059803
  }
}
