{
  "sqr_magnetization": {
    "variance": 0.0007830214326273313,
    "error": 2.7982520126452715e-5,
    "mean": 0.02036948665364583
  },
  "energy": {
    "variance": 0.001563461893077911,
    "error": 3.954063597209725e-5,
    "mean": -0.41040773263888886
  },
  "magnetization": {
    "variance": 0.0203638404521405,
    "error": 0.0001427019286910324,
    "mean": -0.0023804548611111114
  },
  "sqr_energy": {
    "variance": 0.0010672195777191459,
    "error": 3.2668326827665144e-5,
    "mean": 0.16999796733940972
  }
}
