{
  "sqr_magnetization": {
    "variance": 0.006315731318445345,
    "error": 7.947157553770621e-5,
    "mean": 0.0637444621793017
  },
  "abs_magnetization": {
    "variance": 0.021318466757769893,
    "error": 0.00014600844755619413,
    "mean": 0.20597576736111112
  },
  "energy": {
    "variance": 0.0021436480749187996,
    "error": 4.629954724312971e-5,
    "mean": -0.5180120104166667
  },
  "magnetization": {
    "variance": 0.06374394465995631,
    "error": 0.0002524756318141541,
    "mean": -0.0007624062500000003
  },
  "sqr_energy": {
    "variance": 0.002349918752153139,
    "error": 4.847596055936529e-5,
    "mean": 0.2704800888671875
  }
}
