{
  "sqr_magnetization": {
    "variance": 0.0013277613241993265,
    "error": 3.643845941034454e-5,
    "mean": 0.02667509790943287
  },
  "energy": {
    "variance": 0.001732584485855018,
    "error": 4.16243256504537e-5,
    "mean": -0.4398115381944445
  },
  "magnetization": {
    "variance": 0.02662330897985893,
    "error": 0.00016316650691811397,
    "mean": -0.007198302083333331
  },
  "sqr_energy": {
    "variance": 0.0013671780637574955,
    "error": 3.6975371042864406e-5,
    "mean": 0.1951667718822338
  }
}
