{
  "sqr_magnetization": {
    "variance": 0.002566097218540864,
    "error": 5.065666015975455e-5,
    "mean": 0.9005987382812504
  },
  "energy": {
    "variance": 0.0007464424553312958,
    "error": 2.7321099087176118e-5,
    "mean": -0.919551673611111
  },
  "magnetization": {
    "variance": 0.0008995114702890552,
    "error": 2.9991856732937612e-5,
    "mean": 0.9485247638888888
  },
  "sqr_energy": {
    "variance": 0.0024889330605859876,
    "error": 4.9889207856870085e-5,
    "mean": 0.8463217221498843
  }
}
