{
  "energy": {
    "variance": 0.0014227545856391347,
    "error": 3.7719419211317856e-5,
    "mean": -0.8602692777777777
  },
  "magnetization": {
    "variance": 0.001789277561735895,
    "error": 4.229985297534608e-5,
    "mean": 0.8994441111111111
  }
}
