{
  "sqr_magnetization": {
    "variance": 0.0010676784751196744,
    "error": 3.2675349655660526e-5,
    "mean": 0.9252818085575814
  },
  "abs_magnetization": {
    "variance": 0.0002939210130557424,
    "error": 1.7144124738689417e-5,
    "mean": 0.96176290625
  },
  "energy": {
    "variance": 0.0005461992758124969,
    "error": 2.337090661083769e-5,
    "mean": -0.936683920138889
  },
  "magnetization": {
    "variance": 0.0002939210130557424,
    "error": 1.7144124738689417e-5,
    "mean": 0.96176290625
  },
  "sqr_energy": {
    "variance": 0.0018976327365514947,
    "error": 4.3561826597968714e-5,
    "mean": 0.8779229649763699
  }
}
