{
  "sqr_magnetization": {
    "variance": 0.002786053851037046,
    "error": 5.278308300049407e-5,
    "mean": 0.8644530348427857
  },
  "abs_magnetization": {
    "variance": 0.0008402189152526732,
    "error": 2.8986529893256854e-5,
    "mean": 0.9293077083333332
  },
  "energy": {
    "variance": 0.0010021377024787038,
    "error": 3.165655860131836e-5,
    "mean": -0.8935657847222223
  },
  "magnetization": {
    "variance": 0.0008402189152526732,
    "error": 2.8986529893256854e-5,
    "mean": 0.9293077083333332
  },
  "sqr_energy": {
    "variance": 0.0031618090732412197,
    "error": 5.622996597225735e-5,
    "mean": 0.7994619483265818
  }
}
