{
  "sqr_magnetization": {
    "variance": 0.0027027357741787315,
    "error": 5.1987842561302075e-5,
    "mean": 0.8662292745105133
  },
  "abs_magnetization": {
    "variance": 0.0008113105046491311,
    "error": 2.8483512856547928e-5,
    "mean": 0.9302784340277778
  },
  "energy": {
    "variance": 0.0009882252022005952,
    "error": 3.143604940511124e-5,
    "mean": -0.8947130381944445
  },
  "magnetization": {
    "variance": 0.0008113105046491311,
    "error": 2.8483512856547928e-5,
    "mean": 0.9302784340277778
  },
  "sqr_energy": {
    "variance": 0.0031261956573323886,
    "error": 5.59123926990465e-5,
    "mean": 0.8014996449291087
  }
}
