{
  "sqr_magnetization": {
    "variance": 0.006831661376165965,
    "error": 8.265386485921857e-5,
    "mean": 0.06720750677565587
  },
  "abs_magnetization": {
    "variance": 0.022238409394037286,
    "error": 0.0001491254820412571,
    "mean": 0.21205923611111113
  },
  "energy": {
    "variance": 0.0021753920788929342,
    "error": 4.664109860298034e-5,
    "mean": -0.52075640625
  },
  "magnetization": {
    "variance": 0.06720361584138972,
    "error": 0.0002592366020479934,
    "mean": 0.0019895069444444435
  },
  "sqr_energy": {
    "variance": 0.0024089004568347166,
    "error": 4.9080550698160634e-5,
    "mean": 0.2733626245539159
  }
}
