{
  "sqr_magnetization": {
    "variance": 0.002930490086652209,
    "error": 5.413400120674814e-5,
    "mean": 0.8593296158974731
  },
  "energy": {
    "variance": 0.0010263220767630372,
    "error": 3.203626190370901e-5,
    "mean": -0.8906400520833334
  },
  "magnetization": {
    "variance": 0.000885255554465805,
    "error": 2.975324443595698e-5,
    "mean": 0.9265227256944445
  },
  "sqr_energy": {
    "variance": 0.003218084248417151,
    "error": 5.6728160982153744e-5,
    "mean": 0.7942660234254436
  }
}
