{
  "sqr_magnetization": {
    "variance": 0.03805993642526109,
    "error": 0.00019508956001093727,
    "mean": 0.5159003129943094
  },
  "energy": {
    "variance": 0.003607488181378698,
    "error": 6.0062369095621744e-5,
    "mean": -0.7297330381944445
  },
  "magnetization": {
    "variance": 0.5054669003586967,
    "error": 0.0007109619542272967,
    "mean": -0.10214655208333331
  },
  "sqr_energy": {
    "variance": 0.007567423707046373,
    "error": 8.699094037338816e-5,
    "mean": 0.5361177916063851
  }
}
