{
  "sqr_magnetization": {
    "variance": 0.004981422968852498,
    "error": 7.057919643104828e-5,
    "mean": 0.05540850960889274
  },
  "energy": {
    "variance": 0.0020311111258244268,
    "error": 4.506785024631668e-5,
    "mean": -0.49998059027777775
  },
  "magnetization": {
    "variance": 0.054754961584361175,
    "error": 0.00023399778115264507,
    "mean": 0.02556565625
  },
  "sqr_energy": {
    "variance": 0.002076025172408942,
    "error": 4.556341923526967e-5,
    "mean": 0.25201169974922843
  }
}
