{
  "sqr_magnetization": {
    "variance": 0.00877332107731583,
    "error": 9.366600812096045e-5,
    "mean": 0.882741278513214
  },
  "energy": {
    "variance": 0.001011890430234132,
    "error": 3.181022524651675e-5,
    "mean": -0.9104702430555555
  },
  "magnetization": {
    "variance": 0.006260566047810925,
    "error": 7.912373883867548e-5,
    "mean": -0.9362054895833334
  },
  "sqr_energy": {
    "variance": 0.00322904240712909,
    "error": 5.6824663722094216e-5,
    "mean": 0.8299679529079862
  }
}
