{
  "sqr_magnetization": {
    "variance": 0.00039678157380502175,
    "error": 1.9919376842788576e-5,
    "mean": 0.01441782655767747
  },
  "abs_magnetization": {
    "variance": 0.005166875974318876,
    "error": 7.188098478957336e-5,
    "mean": 0.09618188888888889
  },
  "energy": {
    "variance": 0.0014320952350824919,
    "error": 3.784303416855593e-5,
    "mean": -0.37001560763888885
  },
  "magnetization": {
    "variance": 0.01441737312855055,
    "error": 0.00012007236621533927,
    "mean": 0.0006839930555555559
  },
  "sqr_energy": {
    "variance": 0.000795140735783453,
    "error": 2.819823994123486e-5,
    "mean": 0.13834364369936344
  }
}
