{
  "sqr_magnetization": {
    "variance": 0.00409174977183386,
    "error": 6.39667864741841e-5,
    "mean": 0.049808081464602624
  },
  "abs_magnetization": {
    "variance": 0.01704000769735626,
    "error": 0.0001305373804599903,
    "mean": 0.18101958680555555
  },
  "energy": {
    "variance": 0.002002015871842152,
    "error": 4.474389200597275e-5,
    "mean": -0.49679643402777773
  },
  "magnetization": {
    "variance": 0.04980804832265084,
    "error": 0.00022317716801377964,
    "mean": -0.00028801041666666705
  },
  "sqr_energy": {
    "variance": 0.002011617442928409,
    "error": 4.485105843710278e-5,
    "mean": 0.24880871073254246
  }
}
