{
  "sqr_magnetization": {
    "variance": 0.0007919548838443535,
    "error": 2.8141692981133055e-5,
    "mean": 0.940877682508681
  },
  "energy": {
    "variance": 0.00043481181671082094,
    "error": 2.0852141777544602e-5,
    "mean": -0.94890759375
  },
  "magnetization": {
    "variance": 0.00021429395686262963,
    "error": 1.4638782629120142e-5,
    "mean": 0.9698780277777778
  },
  "sqr_energy": {
    "variance": 0.0015502366166417004,
    "error": 3.9373044289738385e-5,
    "mean": 0.9008604328583144
  }
}
