{
  "sqr_magnetization": {
    "variance": 0.0010929021027901308,
    "error": 3.3059069902072727e-5,
    "mean": 0.024325374638310183
  },
  "abs_magnetization": {
    "variance": 0.008633299268773759,
    "error": 9.291554912270475e-5,
    "mean": 0.1252680486111111
  },
  "energy": {
    "variance": 0.0016499763013065486,
    "error": 4.0619900311381225e-5,
    "mean": -0.4302256666666666
  },
  "magnetization": {
    "variance": 0.0243243127499377,
    "error": 0.00015596253636671116,
    "mean": 0.0010422152777777778
  },
  "sqr_energy": {
    "variance": 0.001238597705674055,
    "error": 3.519371684937604e-5,
    "mean": 0.18674409891010804
  }
}
