{
  "sqr_magnetization": {
    "variance": 0.0031176760028874275,
    "error": 5.5836153188480197e-5,
    "mean": 0.8553128165870951
  },
  "abs_magnetization": {
    "variance": 0.0009544121697261043,
    "error": 3.089356194623896e-5,
    "mean": 0.9243151006944443
  },
  "energy": {
    "variance": 0.0010717034167901742,
    "error": 3.273688159843839e-5,
    "mean": -0.8875579236111111
  },
  "magnetization": {
    "variance": 0.0009544121697261043,
    "error": 3.089356194623896e-5,
    "mean": -0.9243151006944443
  },
  "sqr_energy": {
    "variance": 0.0033350834831704554,
    "error": 5.775018167218572e-5,
    "mean": 0.7888307701099536
  }
}
