{
  "sqr_magnetization": {
    "variance": 0.0008134425789542091,
    "error": 2.8520914763629325e-5,
    "mean": 0.9379201355131178
  },
  "abs_magnetization": {
    "variance": 0.0002200136998091762,
    "error": 1.4832858787475064e-5,
    "mean": 0.9683491736111111
  },
  "energy": {
    "variance": 0.0004527660333697057,
    "error": 2.1278299588306056e-5,
    "mean": -0.9464467118055555
  },
  "magnetization": {
    "variance": 0.0002200136998091762,
    "error": 1.4832858787475064e-5,
    "mean": 0.9683491736111111
  },
  "sqr_energy": {
    "variance": 0.0016065964427081953,
    "error": 4.0082370722154086e-5,
    "mean": 0.8962141438681522
  }
}
