{
  "sqr_magnetization": {
    "variance": 0.02187531968405917,
    "error": 0.00014790307530291306,
    "mean": 0.6508135731457368
  },
  "abs_magnetization": {
    "variance": 0.012411847592093433,
    "error": 0.00011140847181472976,
    "mean": 0.7990004618055555
  },
  "energy": {
    "variance": 0.0027602799477177854,
    "error": 5.253836643556578e-5,
    "mean": -0.781213423611111
  },
  "magnetization": {
    "variance": 0.6338989782683332,
    "error": 0.000796177730326799,
    "mean": 0.13005855902777777
  },
  "sqr_energy": {
    "variance": 0.006576132789866033,
    "error": 8.109335848185124e-5,
    "mean": 0.6130546904176312
  }
}
