{
  "sqr_magnetization": {
    "variance": 0.0446148534047862,
    "error": 0.00021122228434705036,
    "mean": 0.3455969960816937
  },
  "abs_magnetization": {
    "variance": 0.048505425956294,
    "error": 0.00022023947411010133,
    "mean": 0.5450611145833333
  },
  "energy": {
    "variance": 0.00400157354476865,
    "error": 6.325799194385362e-5,
    "mean": -0.6667584548611111
  },
  "magnetization": {
    "variance": 0.34525928268301886,
    "error": 0.0005875876808468834,
    "mean": 0.018386371527777775
  },
  "sqr_energy": {
    "variance": 0.007185671557835893,
    "error": 8.476834053958997e-5,
    "mean": 0.44856840667197145
  }
}
