{
  "sqr_magnetization": {
    "variance": 0.0037003290402254454,
    "error": 6.08303299368452e-5,
    "mean": 0.8395422159047069
  },
  "energy": {
    "variance": 0.00119212240886966,
    "error": 3.452712569661223e-5,
    "mean": -0.877823076388889
  },
  "magnetization": {
    "variance": 0.0011516481260296365,
    "error": 3.393594150792985e-5,
    "mean": 0.915636701388889
  },
  "sqr_energy": {
    "variance": 0.003627578783255122,
    "error": 6.022938471589364e-5,
    "mean": 0.7717654746576003
  }
}
