{
  "sqr_magnetization": {
    "variance": 0.024203991187515813,
    "error": 0.00015557631949469629,
    "mean": 0.15835569378134645
  },
  "energy": {
    "variance": 0.0031168998589542088,
    "error": 5.5829202564197604e-5,
    "mean": -0.595805076388889
  },
  "magnetization": {
    "variance": 0.1385052012843929,
    "error": 0.00037216286929836636,
    "mean": -0.14089226736111113
  },
  "sqr_energy": {
    "variance": 0.0045654379716954085,
    "error": 6.756802477278293e-5,
    "mean": 0.35810058579282406
  }
}
