{
  "sqr_magnetization": {
    "variance": 0.003820674792636804,
    "error": 6.181160726462954e-5,
    "mean": 0.8375484573085457
  },
  "energy": {
    "variance": 0.0012091086426864667,
    "error": 3.477223954085309e-5,
    "mean": -0.8765673229166667
  },
  "magnetization": {
    "variance": 0.0011951057851018188,
    "error": 3.457030206842021e-5,
    "mean": 0.9145235659722223
  },
  "sqr_energy": {
    "variance": 0.003668828447802766,
    "error": 6.057085477193438e-5,
    "mean": 0.7695793790388695
  }
}
