{
  "sqr_magnetization": {
    "variance": 0.002057542893030031,
    "error": 4.536014652787214e-5,
    "mean": 0.8863563615692519
  },
  "abs_magnetization": {
    "variance": 0.0005991309898545625,
    "error": 2.4477152404938007e-5,
    "mean": 0.9411467638888888
  },
  "energy": {
    "variance": 0.0008377090656401873,
    "error": 2.8943204135689388e-5,
    "mean": -0.9083834756944444
  },
  "magnetization": {
    "variance": 0.0005991309898545625,
    "error": 2.4477152404938007e-5,
    "mean": 0.9411467638888888
  },
  "sqr_energy": {
    "variance": 0.0027336094234331853,
    "error": 5.2283930833796206e-5,
    "mean": 0.8259982471426506
  }
}
