{
  "energy": {
    "variance": 0.004143322911589089,
    "error": 6.43686485145454e-5,
    "mean": -0.6690764947916668
  },
  "magnetization": {
    "variance": 0.3475215559328811,
    "error": 0.0005895095893476891,
    "mean": 0.012284243055555555
  }
}
