{
  "sqr_magnetization": {
    "variance": 0.0003661608290464458,
    "error": 1.9135329342513177e-5,
    "mean": 0.013712049527391976
  },
  "abs_magnetization": {
    "variance": 0.004941767087873907,
    "error": 7.029770329017803e-5,
    "mean": 0.0936498125
  },
  "energy": {
    "variance": 0.001412865402074495,
    "error": 3.758810186847022e-5,
    "mean": -0.36337822569444445
  },
  "magnetization": {
    "variance": 0.01371180140798891,
    "error": 0.00011709740137163125,
    "mean": 0.0005116944444444445
  },
  "sqr_energy": {
    "variance": 0.0007567871284375728,
    "error": 2.750976423813139e-5,
    "mean": 0.13345659889805173
  }
}
