{
  "sqr_magnetization": {
    "variance": 0.0389266243008279,
    "error": 0.00019729831297005023,
    "mean": 0.5096388079185957
  },
  "abs_magnetization": {
    "variance": 0.030547124178677998,
    "error": 0.0001747773560238225,
    "mean": 0.692164513888889
  },
  "energy": {
    "variance": 0.003731482201869149,
    "error": 6.108585926275531e-5,
    "mean": -0.7259499479166667
  },
  "magnetization": {
    "variance": 0.5096367107880888,
    "error": 0.0007138884442180647,
    "mean": 0.0016145486111111059
  },
  "sqr_energy": {
    "variance": 0.007735877297215031,
    "error": 8.795383617111326e-5,
    "mean": 0.530734805350598
  }
}
