{
  "sqr_magnetization": {
    "variance": 0.0015943366903020083,
    "error": 3.992914587493712e-5,
    "mean": 0.90280173178289
  },
  "abs_magnetization": {
    "variance": 0.00045291444562170583,
    "error": 2.1281786711216376e-5,
    "mean": 0.9499204270833334
  },
  "energy": {
    "variance": 0.0007141208996810363,
    "error": 2.67230406144405e-5,
    "mean": -0.920025451388889
  },
  "magnetization": {
    "variance": 0.00045291444562170583,
    "error": 2.1281786711216376e-5,
    "mean": 0.9499204270833334
  },
  "sqr_energy": {
    "variance": 0.0023917432486889544,
    "error": 4.890545213663763e-5,
    "mean": 0.847160951388889
  }
}
