{
  "sqr_magnetization": {
    "variance": 0.0004300075900826609,
    "error": 2.0736624365664265e-5,
    "mean": 0.014989872335551699
  },
  "abs_magnetization": {
    "variance": 0.005382629151852617,
    "error": 7.336640342726783e-5,
    "mean": 0.09801657291666667
  },
  "energy": {
    "variance": 0.0014494038436767987,
    "error": 3.807103680853463e-5,
    "mean": -0.374989125
  },
  "magnetization": {
    "variance": 0.014989829142245701,
    "error": 0.00012243295774523174,
    "mean": 0.00024121180555555552
  },
  "sqr_energy": {
    "variance": 0.0008262772380785771,
    "error": 2.874503849499209e-5,
    "mean": 0.1420662462625386
  }
}
