{
  "sqr_magnetization": {
    "variance": 0.0022168865799305033,
    "error": 4.7083825035042586e-5,
    "mean": 0.8806768043981484
  },
  "abs_magnetization": {
    "variance": 0.0006503936783643094,
    "error": 2.5502817067224345e-5,
    "mean": 0.9380972291666666
  },
  "energy": {
    "variance": 0.0008786992296343661,
    "error": 2.9642861360441678e-5,
    "mean": -0.9044357847222223
  },
  "magnetization": {
    "variance": 0.0006503936783643094,
    "error": 2.5502817067224345e-5,
    "mean": -0.9380972291666666
  },
  "sqr_energy": {
    "variance": 0.0028423220451673564,
    "error": 5.3313432127066785e-5,
    "mean": 0.8188827870370371
  }
}
