{
  "sqr_magnetization": {
    "variance": 0.004748775397965286,
    "error": 6.891135899084625e-5,
    "mean": 0.8200332654682678
  },
  "energy": {
    "variance": 0.0013494072711509057,
    "error": 3.6734279238211625e-5,
    "mean": -0.8659727916666667
  },
  "magnetization": {
    "variance": 0.0015390954481964197,
    "error": 3.923130699067289e-5,
    "mean": 0.9047066770833334
  },
  "sqr_energy": {
    "variance": 0.003990049237577031,
    "error": 6.316683653292312e-5,
    "mean": 0.7512582818287036
  }
}
