{
  "sqr_magnetization": {
    "variance": 0.0006833985613922836,
    "error": 2.6141892842567535e-5,
    "mean": 0.0191195285855517
  },
  "energy": {
    "variance": 0.0015346509719939378,
    "error": 3.917462152968345e-5,
    "mean": -0.40015505208333335
  },
  "magnetization": {
    "variance": 0.019105058697735385,
    "error": 0.0001382210501252808,
    "mean": 0.0038064409722222223
  },
  "sqr_energy": {
    "variance": 0.0009966760220768737,
    "error": 3.157017614896809e-5,
    "mean": 0.16165871514515817
  }
}
