{
  "sqr_magnetization": {
    "variance": 0.0009681209132060564,
    "error": 3.11146414603488e-5,
    "mean": 0.022430071915991515
  },
  "energy": {
    "variance": 0.0015925918782397253,
    "error": 3.990729104110833e-5,
    "mean": -0.41355612847222223
  },
  "magnetization": {
    "variance": 0.022379663338616063,
    "error": 0.0001495983400262719,
    "mean": -0.007101475694444443
  },
  "sqr_energy": {
    "variance": 0.0011028168631025217,
    "error": 3.320868656093646e-5,
    "mean": 0.17262126168258105
  }
}
