{
  "sqr_magnetization": {
    "variance": 0.001978907968446297,
    "error": 4.448491843812122e-5,
    "mean": 0.8890846766010806
  },
  "abs_magnetization": {
    "variance": 0.0005737227093434173,
    "error": 2.395250945816361e-5,
    "mean": 0.9426085902777778
  },
  "energy": {
    "variance": 0.0008174060325541325,
    "error": 2.8590313614126942e-5,
    "mean": -0.910294326388889
  },
  "magnetization": {
    "variance": 0.0005737227093434173,
    "error": 2.395250945816361e-5,
    "mean": 0.9426085902777778
  },
  "sqr_energy": {
    "variance": 0.0026788456401559218,
    "error": 5.175756601846653e-5,
    "mean": 0.8294531658709492
  }
}
