{
  "energy": {
    "variance": 0.0014284100255714828,
    "error": 3.779431207961699e-5,
    "mean": -0.3683601380208334
  },
  "magnetization": {
    "variance": 0.014238591772602177,
    "error": 0.0001193255704893221,
    "mean": 0.0011009409722222223
  }
}
