{
  "sqr_magnetization": {
    "variance": 0.00038842565390682444,
    "error": 1.9708517293465392e-5,
    "mean": 0.014013694094810956
  },
  "energy": {
    "variance": 0.0014013878274463612,
    "error": 3.7435114898265784e-5,
    "mean": -0.36627256597222224
  },
  "magnetization": {
    "variance": 0.01400552562022198,
    "error": 0.00011834494336566297,
    "mean": -0.0028605034722222226
  },
  "sqr_energy": {
    "variance": 0.0007615507516751429,
    "error": 2.7596209009121938e-5,
    "mean": 0.1355569790099344
  }
}
