{
  "sqr_magnetization": {
    "variance": 0.001064868978491827,
    "error": 3.26323302645065e-5,
    "mean": 0.023623579415027005
  },
  "energy": {
    "variance": 0.0016571417372612878,
    "error": 4.0708005812877744e-5,
    "mean": -0.42971617361111114
  },
  "magnetization": {
    "variance": 0.023604478159486828,
    "error": 0.00015363748943368876,
    "mean": 0.004373197916666667
  },
  "sqr_energy": {
    "variance": 0.0012391984294271876,
    "error": 3.5202250346067186e-5,
    "mean": 0.18631312994309412
  }
}
