{
  "sqr_magnetization": {
    "variance": 0.011552869038780873,
    "error": 0.00010748427344863467,
    "mean": 0.8693544906322341
  },
  "energy": {
    "variance": 0.0011563873320115483,
    "error": 3.4005695581939626e-5,
    "mean": -0.9030691145833334
  },
  "magnetization": {
    "variance": 0.010224079820279657,
    "error": 0.00010111419198252864,
    "mean": 0.9268928854166667
  },
  "sqr_energy": {
    "variance": 0.0036175933953545227,
    "error": 6.014643293957276e-5,
    "mean": 0.8166902118899498
  }
}
