{
  "sqr_magnetization": {
    "variance": 0.0015044387858076567,
    "error": 3.8787095609334516e-5,
    "mean": 0.90576250640191
  },
  "energy": {
    "variance": 0.0006956844561507829,
    "error": 2.637583090920138e-5,
    "mean": -0.9222920451388887
  },
  "magnetization": {
    "variance": 0.0004243112195932291,
    "error": 2.0598815975517357e-5,
    "mean": 0.9514926145833332
  },
  "sqr_energy": {
    "variance": 0.00234281783403186,
    "error": 4.8402663501421694e-5,
    "mean": 0.8513183002869408
  }
}
