{
  "sqr_magnetization": {
    "variance": 0.04497321606405202,
    "error": 0.00021206889461694285,
    "mean": 0.41046178094859176
  },
  "abs_magnetization": {
    "variance": 0.0428691020242546,
    "error": 0.00020704854992067585,
    "mean": 0.6062942534722222
  },
  "energy": {
    "variance": 0.004026139764278641,
    "error": 6.34518696673206e-5,
    "mean": -0.6901234479166666
  },
  "magnetization": {
    "variance": 0.4097529341204539,
    "error": 0.0006401194686310157,
    "mean": 0.02663187152777778
  },
  "sqr_energy": {
    "variance": 0.007662626180435025,
    "error": 8.753642773402982e-5,
    "mean": 0.4802965091025269
  }
}
