{
  "sqr_magnetization": {
    "variance": 0.0009906411070805708,
    "error": 3.147445165655108e-5,
    "mean": 0.9304197015215089
  },
  "energy": {
    "variance": 0.0005160296691061424,
    "error": 2.2716286428598807e-5,
    "mean": -0.9407297395833333
  },
  "magnetization": {
    "variance": 0.00027131033627704866,
    "error": 1.647150072935216e-5,
    "mean": 0.9644420104166667
  },
  "sqr_energy": {
    "variance": 0.0018074256510475213,
    "error": 4.251382893891729e-5,
    "mean": 0.8854884720896028
  }
}
