{
  "sqr_magnetization": {
    "variance": 0.0011583668517553072,
    "error": 3.40347888454638e-5,
    "mean": 0.025475965374228395
  },
  "energy": {
    "variance": 0.0016773471249623712,
    "error": 4.0955428516405136e-5,
    "mean": -0.4339288229166667
  },
  "magnetization": {
    "variance": 0.025441510105515507,
    "error": 0.00015950395012511603,
    "mean": -0.005872027777777781
  },
  "sqr_energy": {
    "variance": 0.0012818441261046624,
    "error": 3.5802850809742266e-5,
    "mean": 0.1899715688054591
  }
}
