{
  "sqr_magnetization": {
    "variance": 0.0006071468541878832,
    "error": 2.4640350123078267e-5,
    "mean": 0.01784923414592978
  },
  "abs_magnetization": {
    "variance": 0.0063924274627982095,
    "error": 7.995265763436642e-5,
    "mean": 0.10703650347222222
  },
  "energy": {
    "variance": 0.0015166410063149915,
    "error": 3.8944075368597355e-5,
    "mean": -0.3955119479166666
  },
  "magnetization": {
    "variance": 0.017849183730850777,
    "error": 0.00013360083731343446,
    "mean": 0.00026127430555555534
  },
  "sqr_energy": {
    "variance": 0.0009617617986914145,
    "error": 3.10122846415967e-5,
    "mean": 0.15794634043451003
  }
}
