{
  "sqr_magnetization": {
    "variance": 0.0006242283679940483,
    "error": 2.4984562593610644e-5,
    "mean": 0.01816278247974537
  },
  "abs_magnetization": {
    "variance": 0.006500884386512811,
    "error": 8.062806202875529e-5,
    "mean": 0.10799029861111112
  },
  "energy": {
    "variance": 0.001527122454780043,
    "error": 3.907841417944238e-5,
    "mean": -0.39726575347222226
  },
  "magnetization": {
    "variance": 0.018162421451342697,
    "error": 0.00013476802829804515,
    "mean": -0.0006157847222222223
  },
  "sqr_energy": {
    "variance": 0.0009771665705248854,
    "error": 3.1259663634224946e-5,
    "mean": 0.15934719980951004
  }
}
