{
  "sqr_magnetization": {
    "variance": 0.0005556187144105819,
    "error": 2.357156580311503e-5,
    "mean": 0.016540662760416668
  },
  "energy": {
    "variance": 0.0014700903045188223,
    "error": 3.834175666970441e-5,
    "mean": -0.3819666006944445
  },
  "magnetization": {
    "variance": 0.016527524813808328,
    "error": 0.0001285594213342932,
    "mean": 0.0036269097222222206
  },
  "sqr_energy": {
    "variance": 0.0008699540099406494,
    "error": 2.9494982792682714e-5,
    "mean": 0.14736857288049773
  }
}
