{
  "energy": {
    "variance": 0.0013835344964482216,
    "error": 3.719589354281225e-5,
    "mean": -0.8634009652777778
  },
  "magnetization": {
    "variance": 0.0016391988472680985,
    "error": 4.0487020726006734e-5,
    "mean": 0.9024751805555555
  }
}
