{
  "sqr_magnetization": {
    "variance": 0.0016328074414084382,
    "error": 4.040801209424238e-5,
    "mean": 0.030242885091145835
  },
  "energy": {
    "variance": 0.0017615792762491137,
    "error": 4.197117196659052e-5,
    "mean": -0.45870526041666665
  },
  "magnetization": {
    "variance": 0.030240353875737255,
    "error": 0.00017389753844070723,
    "mean": 0.0016004548611111113
  },
  "sqr_energy": {
    "variance": 0.0015044274528629577,
    "error": 3.8786949517369344e-5,
    "mean": 0.21217209344859184
  }
}
