{
  "sqr_magnetization": {
    "variance": 0.03852713511860045,
    "error": 0.00019628330320890886,
    "mean": 0.5466816679928627
  },
  "energy": {
    "variance": 0.003730440725007855,
    "error": 6.107733397102279e-5,
    "mean": -0.7444424722222223
  },
  "magnetization": {
    "variance": 0.5339665135866903,
    "error": 0.0007307301236343623,
    "mean": 0.11276386111111113
  },
  "sqr_energy": {
    "variance": 0.008044236134308866,
    "error": 8.968966570519072e-5,
    "mean": 0.5579250314429013
  }
}
