{
  "sqr_magnetization": {
    "variance": 0.0012466963073036231,
    "error": 3.5308586877750046e-5,
    "mean": 0.9172665370370373
  },
  "abs_magnetization": {
    "variance": 0.0003470329144395502,
    "error": 1.862881945909483e-5,
    "mean": 0.957559138888889
  },
  "energy": {
    "variance": 0.0006058599724000961,
    "error": 2.461422296965915e-5,
    "mean": -0.9306622777777778
  },
  "magnetization": {
    "variance": 0.0003470329144395502,
    "error": 1.862881945909483e-5,
    "mean": 0.957559138888889
  },
  "sqr_energy": {
    "variance": 0.002077417480534568,
    "error": 4.557869546766963e-5,
    "mean": 0.8667381346450619
  }
}
