{
  "sqr_magnetization": {
    "variance": 0.007888693946315079,
    "error": 8.881831988005109e-5,
    "mean": 0.07349676532359183
  },
  "abs_magnetization": {
    "variance": 0.02403126238313448,
    "error": 0.00015502019991967008,
    "mean": 0.22240846875
  },
  "energy": {
    "variance": 0.0022370953350418893,
    "error": 4.7297942186123586e-5,
    "mean": -0.5285098576388889
  },
  "magnetization": {
    "variance": 0.07348469796334621,
    "error": 0.00027108061155926697,
    "mean": -0.003484371527777776
  },
  "sqr_energy": {
    "variance": 0.0025556918574558825,
    "error": 5.055385106454188e-5,
    "mean": 0.2815597627194251
  }
}
