{
  "sqr_magnetization": {
    "variance": 0.03670434137918408,
    "error": 0.00019158377117904347,
    "mean": 0.22835540508053626
  },
  "energy": {
    "variance": 0.003618735798643013,
    "error": 6.015592903981297e-5,
    "mean": -0.6249754305555555
  },
  "magnetization": {
    "variance": 0.2276085578321728,
    "error": 0.00047708338666544744,
    "mean": -0.02733267013888889
  },
  "sqr_energy": {
    "variance": 0.005873244538275184,
    "error": 7.663709635858592e-5,
    "mean": 0.3942130209780092
  }
}
