{
  "energy": {
    "variance": 0.0014939026564884947,
    "error": 3.865103693936936e-5,
    "mean": -0.38541347395833336
  },
  "magnetization": {
    "variance": 0.01625907211179583,
    "error": 0.00012751106662480644,
    "mean": -0.0003205624999999998
  }
}
