{
  "sqr_magnetization": {
    "variance": 1.0468761661210912e-5,
    "error": 3.2355465784332196e-6,
    "mean": 0.9985998945915315
  },
  "energy": {
    "variance": 9.832591006865155e-6,
    "error": 3.13569625551729e-6,
    "mean": -0.998623232638889
  },
  "magnetization": {
    "variance": 2.6314978062542497e-6,
    "error": 1.6221892017438195e-6,
    "mean": 0.9992983854166669
  },
  "sqr_energy": {
    "variance": 3.8939952767830615e-5,
    "error": 6.2401885202156045e-6,
    "mean": 0.9972581933473187
  }
}
