{
  "energy": {
    "variance": 0.002499460556547555,
    "error": 4.999460527444491e-5,
    "mean": -0.555282375
  },
  "magnetization": {
    "variance": 0.1019129829686311,
    "error": 0.0003192381289392467,
    "mean": -0.00487721875
  }
}
