{
  "sqr_magnetization": {
    "variance": 0.0003982665888011835,
    "error": 1.99566176693643e-5,
    "mean": 0.014486950930748458
  },
  "energy": {
    "variance": 0.0014284952025003024,
    "error": 3.779543891133297e-5,
    "mean": -0.3729875381944444
  },
  "magnetization": {
    "variance": 0.014483646236486515,
    "error": 0.00012034802132352038,
    "mean": 0.0018218611111111105
  },
  "sqr_energy": {
    "variance": 0.0008059537903000243,
    "error": 2.838932528786171e-5,
    "mean": 0.14054819742235725
  }
}
