{
  "sqr_magnetization": {
    "variance": 0.037614290718736926,
    "error": 0.00019394404017328536,
    "mean": 0.25125702258150073
  },
  "energy": {
    "variance": 0.0036591380290138,
    "error": 6.0490809459072374e-5,
    "mean": -0.6313924722222223
  },
  "magnetization": {
    "variance": 0.228198485561699,
    "error": 0.00047770125137129273,
    "mean": 0.1518511284722222
  },
  "sqr_energy": {
    "variance": 0.005975172996618064,
    "error": 7.729924318269916e-5,
    "mean": 0.4023155883487654
  }
}
