{
  "sqr_magnetization": {
    "variance": 0.0022100099466481186,
    "error": 4.701074288551627e-5,
    "mean": 0.03561623556857639
  },
  "energy": {
    "variance": 0.0017882332908133447,
    "error": 4.2287507502965274e-5,
    "mean": -0.463671875
  },
  "magnetization": {
    "variance": 0.03535818659020047,
    "error": 0.00018803772650774226,
    "mean": -0.01606500347222222
  },
  "sqr_energy": {
    "variance": 0.0015572105621414485,
    "error": 3.9461507347558944e-5,
    "mean": 0.21677983916859567
  }
}
