{
  "sqr_magnetization": {
    "variance": 0.00127398082690955,
    "error": 3.5692868011824855e-5,
    "mean": 0.917794797634549
  },
  "energy": {
    "variance": 0.0006098664536872366,
    "error": 2.469547435639244e-5,
    "mean": -0.9312582534722222
  },
  "magnetization": {
    "variance": 0.0003549126602424128,
    "error": 1.8839125782328987e-5,
    "mean": 0.9578308229166667
  },
  "sqr_energy": {
    "variance": 0.002092863234724308,
    "error": 4.574782218558943e-5,
    "mean": 0.8678518005039546
  }
}
