{
  "sqr_magnetization": {
    "variance": 0.00928394346854469,
    "error": 9.635322240872222e-5,
    "mean": 0.0811960542414159
  },
  "abs_magnetization": {
    "variance": 0.026168061284070624,
    "error": 0.00016176545145385842,
    "mean": 0.2345805173611111
  },
  "energy": {
    "variance": 0.002316441503949208,
    "error": 4.8129424512965124e-5,
    "mean": -0.53611278125
  },
  "magnetization": {
    "variance": 0.08119523227020574,
    "error": 0.00028494777112693083,
    "mean": 0.0009503506944444437
  },
  "sqr_energy": {
    "variance": 0.002726896489097058,
    "error": 5.2219694456182504e-5,
    "mean": 0.2897333534071181
  }
}
