{
  "sqr_magnetization": {
    "variance": 0.0003135774370154928,
    "error": 1.7708117828145736e-5,
    "mean": 0.012749118610146607
  },
  "abs_magnetization": {
    "variance": 0.004575970011498512,
    "error": 6.764591644362957e-5,
    "mean": 0.09040549305555555
  },
  "energy": {
    "variance": 0.001385313802930207,
    "error": 3.721980390773448e-5,
    "mean": -0.3538528993055556
  },
  "magnetization": {
    "variance": 0.012749130038156078,
    "error": 0.0001129120455848537,
    "mean": 3.634722222222224e-5
  },
  "sqr_energy": {
    "variance": 0.0007040429693022258,
    "error": 2.6533808043743473e-5,
    "mean": 0.12659718676456402
  }
}
