{
  "sqr_magnetization": {
    "variance": 0.015594111189519585,
    "error": 0.00012487638363405462,
    "mean": 0.11617386062885804
  },
  "energy": {
    "variance": 0.0026451251880987604,
    "error": 5.143078055113261e-5,
    "mean": -0.567712986111111
  },
  "magnetization": {
    "variance": 0.11433949884843553,
    "error": 0.00033814124097547685,
    "mean": 0.04283078472222222
  },
  "sqr_energy": {
    "variance": 0.0034980230663645474,
    "error": 5.914408733224774e-5,
    "mean": 0.3249431571421682
  }
}
