{
  "sqr_magnetization": {
    "variance": 0.003931684280742314,
    "error": 6.270314410571702e-5,
    "mean": 0.04859251646894291
  },
  "abs_magnetization": {
    "variance": 0.01671320687395297,
    "error": 0.00012927956866401192,
    "mean": 0.1785478263888889
  },
  "energy": {
    "variance": 0.001978390857020487,
    "error": 4.4479105847807765e-5,
    "mean": -0.49450794444444446
  },
  "magnetization": {
    "variance": 0.0485819365000248,
    "error": 0.00022041310419306924,
    "mean": 0.003260145833333333
  },
  "sqr_energy": {
    "variance": 0.0019683584051630883,
    "error": 4.436618537989364e-5,
    "mean": 0.24651649599729944
  }
}
