{
  "sqr_magnetization": {
    "variance": 0.00038070610205081774,
    "error": 1.951169141952634e-5,
    "mean": 0.014356977936921296
  },
  "energy": {
    "variance": 0.0014266166961610155,
    "error": 3.777057976998785e-5,
    "mean": -0.3680206458333334
  },
  "magnetization": {
    "variance": 0.014354155405872227,
    "error": 0.00011980882858066941,
    "mean": 0.0016843055555555552
  },
  "sqr_energy": {
    "variance": 0.0007831437006658937,
    "error": 2.7984704762885988e-5,
    "mean": 0.1368658110291281
  }
}
