{
  "sqr_magnetization": {
    "variance": 0.000664968743551064,
    "error": 2.5786987872783125e-5,
    "mean": 0.946448231891397
  },
  "abs_magnetization": {
    "variance": 0.00017798652316394406,
    "error": 1.334115898878145e-5,
    "mean": 0.9727642291666666
  },
  "energy": {
    "variance": 0.000389233021905367,
    "error": 1.9728989378712913e-5,
    "mean": -0.9532287326388887
  },
  "magnetization": {
    "variance": 0.00017798652316394406,
    "error": 1.334115898878145e-5,
    "mean": 0.9727642291666666
  },
  "sqr_energy": {
    "variance": 0.0014014223172902256,
    "error": 3.7435575557085075e-5,
    "mean": 0.9090342493610151
  }
}
