{
  "sqr_magnetization": {
    "variance": 0.00521206831344346,
    "error": 7.219465571247957e-5,
    "mean": 0.8143333236762152
  },
  "abs_magnetization": {
    "variance": 0.0018751696473768113,
    "error": 4.330322906408725e-5,
    "mean": 0.901364607638889
  },
  "energy": {
    "variance": 0.0013920150531261525,
    "error": 3.7309717944875335e-5,
    "mean": -0.8622043368055555
  },
  "magnetization": {
    "variance": 0.7900836099539065,
    "error": 0.0008888664747609208,
    "mean": 0.15572573263888886
  },
  "sqr_energy": {
    "variance": 0.004077630718870313,
    "error": 6.385632872997252e-5,
    "mean": 0.7447883320674188
  }
}
