{
  "sqr_magnetization": {
    "variance": 0.0016047939047879364,
    "error": 4.0059878991179394e-5,
    "mean": 0.029679681303047836
  },
  "energy": {
    "variance": 0.0017455843462822144,
    "error": 4.178019083587597e-5,
    "mean": -0.4430751875
  },
  "magnetization": {
    "variance": 0.02959364894077838,
    "error": 0.00017202804695972798,
    "mean": 0.009276958333333332
  },
  "sqr_energy": {
    "variance": 0.0013927418857867014,
    "error": 3.731945720112635e-5,
    "mean": 0.19806120437885805
  }
}
