{
  "sqr_magnetization": {
    "variance": 0.0035451607044145995,
    "error": 5.9541252123335465e-5,
    "mean": 0.8451864640842015
  },
  "abs_magnetization": {
    "variance": 0.0011046110373135716,
    "error": 3.323568921075012e-5,
    "mean": 0.9187392743055555
  },
  "energy": {
    "variance": 0.0011516823580257221,
    "error": 3.3936445866144e-5,
    "mean": -0.8811131388888889
  },
  "magnetization": {
    "variance": 0.0011046110373135716,
    "error": 3.323568921075012e-5,
    "mean": -0.9187392743055555
  },
  "sqr_energy": {
    "variance": 0.0035299870092151734,
    "error": 5.941369378531496e-5,
    "mean": 0.7775120447289736
  }
}
