{
  "sqr_magnetization": {
    "variance": 0.00041799597011577704,
    "error": 2.0444949745983166e-5,
    "mean": 0.014763733314043211
  },
  "abs_magnetization": {
    "variance": 0.005295758037486384,
    "error": 7.277195914283457e-5,
    "mean": 0.09730354861111112
  },
  "energy": {
    "variance": 0.0014432898545185275,
    "error": 3.799065483139936e-5,
    "mean": -0.37332115625
  },
  "magnetization": {
    "variance": 0.014763509574195097,
    "error": 0.00012150518332233855,
    "mean": -0.0004883680555555556
  },
  "sqr_energy": {
    "variance": 0.0008162999731028824,
    "error": 2.8570963811234692e-5,
    "mean": 0.1408119741150656
  }
}
