{
  "sqr_magnetization": {
    "variance": 0.003990993640928559,
    "error": 6.31743115588018e-5,
    "mean": 0.04875760692756558
  },
  "energy": {
    "variance": 0.0019925292670877046,
    "error": 4.4637756071376445e-5,
    "mean": -0.4945586979166667
  },
  "magnetization": {
    "variance": 0.048757403161270536,
    "error": 0.0002208107858807412,
    "mean": -0.0005025173611111099
  },
  "sqr_energy": {
    "variance": 0.001981663320369095,
    "error": 4.4515877171736095e-5,
    "mean": 0.24658083295958722
  }
}
