{
  "sqr_magnetization": {
    "variance": 0.0038338372368975746,
    "error": 6.191798799135494e-5,
    "mean": 0.8894635578703708
  },
  "energy": {
    "variance": 0.0008590895415878056,
    "error": 2.931022929947505e-5,
    "mean": -0.9122892638888889
  },
  "magnetization": {
    "variance": 0.0017911717891578517,
    "error": 4.232223752541744e-5,
    "mean": -0.942163673611111
  },
  "sqr_energy": {
    "variance": 0.002807521036260934,
    "error": 5.298604567488438e-5,
    "mean": 0.8331307896894291
  }
}
