{
  "sqr_magnetization": {
    "variance": 0.0018433997127860157,
    "error": 4.293483099752479e-5,
    "mean": 0.032301764998070984
  },
  "abs_magnetization": {
    "variance": 0.011301223841132744,
    "error": 0.00010630721443595793,
    "mean": 0.14491567361111113
  },
  "energy": {
    "variance": 0.0017715152455591782,
    "error": 4.208937212122769e-5,
    "mean": -0.4577876041666667
  },
  "magnetization": {
    "variance": 0.032300320600853784,
    "error": 0.00017972289948933547,
    "mean": -0.0012151944444444445
  },
  "sqr_energy": {
    "variance": 0.0015067019189834005,
    "error": 3.881625843616822e-5,
    "mean": 0.21134100400270062
  }
}
