{
  "sqr_magnetization": {
    "variance": 0.0017808169126348728,
    "error": 4.2199726452133224e-5,
    "mean": 0.03127785827787423
  },
  "energy": {
    "variance": 0.0017388737845124805,
    "error": 4.169980556924073e-5,
    "mean": -0.45140143055555554
  },
  "magnetization": {
    "variance": 0.03125914577854247,
    "error": 0.00017680256157234396,
    "mean": -0.004329406249999998
  },
  "sqr_energy": {
    "variance": 0.0014408229602874607,
    "error": 3.795817382708842e-5,
    "mean": 0.20550212355324074
  }
}
