{
  "sqr_magnetization": {
    "variance": 0.0034726757548613246,
    "error": 5.8929413325276916e-5,
    "mean": 0.0456312904851466
  },
  "abs_magnetization": {
    "variance": 0.015604630498827836,
    "error": 0.00012491849542332727,
    "mean": 0.17328206944444444
  },
  "energy": {
    "variance": 0.0019390518656018148,
    "error": 4.403466663438949e-5,
    "mean": -0.48976274652777774
  },
  "magnetization": {
    "variance": 0.04563131622371109,
    "error": 0.00021361487828264932,
    "mean": 0.00014104166666666662
  },
  "sqr_energy": {
    "variance": 0.0018912293301469,
    "error": 4.348826658015815e-5,
    "mean": 0.2418065978129823
  }
}
