{
  "sqr_magnetization": {
    "variance": 0.015627442126661017,
    "error": 0.000125009768124979,
    "mean": 0.11157888808111498
  },
  "energy": {
    "variance": 0.002647296781300639,
    "error": 5.1451888024645306e-5,
    "mean": -0.56137525
  },
  "magnetization": {
    "variance": 0.1115716243735362,
    "error": 0.00033402338896181536,
    "mean": -0.0027157465277777735
  },
  "sqr_energy": {
    "variance": 0.0034353755048788927,
    "error": 5.8612076442307454e-5,
    "mean": 0.31778946544656633
  }
}
