{
  "sqr_magnetization": {
    "variance": 0.0014856556559179758,
    "error": 3.854420392118607e-5,
    "mean": 0.9066842196059995
  },
  "energy": {
    "variance": 0.0006863187436574301,
    "error": 2.6197685845460282e-5,
    "mean": -0.9230281597222223
  },
  "magnetization": {
    "variance": 0.00041845167680563847,
    "error": 2.0456091435209185e-5,
    "mean": 0.9519799201388889
  },
  "sqr_energy": {
    "variance": 0.0023152949911814727,
    "error": 4.811751231289366e-5,
    "mean": 0.852667301697531
  }
}
