{
  "sqr_magnetization": {
    "variance": 0.04369302502925003,
    "error": 0.00020902876603293152,
    "mean": 0.3187886624469522
  },
  "abs_magnetization": {
    "variance": 0.0497296494741421,
    "error": 0.00022300145621529494,
    "mean": 0.5187090347222223
  },
  "energy": {
    "variance": 0.0039901145012598395,
    "error": 6.316735312849384e-5,
    "mean": -0.6570046215277777
  },
  "magnetization": {
    "variance": 0.31871204962162286,
    "error": 0.000564545879111364,
    "mean": 0.0087710625
  },
  "sqr_energy": {
    "variance": 0.006992947367048384,
    "error": 8.362384448856908e-5,
    "mean": 0.4356451832200038
  }
}
