{
  "sqr_magnetization": {
    "variance": 0.002690524493229913,
    "error": 5.1870265983797626e-5,
    "mean": 0.8635049917293598
  },
  "energy": {
    "variance": 0.0009958555791501394,
    "error": 3.155717951829883e-5,
    "mean": -0.8931062361111112
  },
  "magnetization": {
    "variance": 0.0008037279395839873,
    "error": 2.8350095936063203e-5,
    "mean": 0.9288171319444445
  },
  "sqr_energy": {
    "variance": 0.0031407639615745357,
    "error": 5.6042519229372046e-5,
    "mean": 0.7986346035638503
  }
}
