{
  "sqr_magnetization": {
    "variance": 0.007456172836645203,
    "error": 8.634913338676424e-5,
    "mean": 0.7793722058015047
  },
  "energy": {
    "variance": 0.0016409498875156546,
    "error": 4.050863966508446e-5,
    "mean": -0.8433028020833334
  },
  "magnetization": {
    "variance": 0.0026500201740833973,
    "error": 5.147834665258197e-5,
    "mean": -0.8813184375
  },
  "sqr_energy": {
    "variance": 0.004593507248568514,
    "error": 6.777541773068252e-5,
    "mean": 0.7128005642481673
  }
}
