{
  "energy": {
    "variance": 0.0015079598540742925,
    "error": 3.88324587693632e-5,
    "mean": -0.8535594513888889
  },
  "magnetization": {
    "variance": 0.002149706502104216,
    "error": 4.6364927500258385e-5,
    "mean": 0.8927676458333332
  }
}
