{
  "sqr_magnetization": {
    "variance": 0.0008649890057088023,
    "error": 2.941069543055387e-5,
    "mean": 0.9351843053505984
  },
  "abs_magnetization": {
    "variance": 0.0002347699890215201,
    "error": 1.5322205749222926e-5,
    "mean": 0.9669278854166665
  },
  "energy": {
    "variance": 0.00047299100754945653,
    "error": 2.1748356433290688e-5,
    "mean": -0.9443119027777778
  },
  "magnetization": {
    "variance": 0.0002347699890215201,
    "error": 1.5322205749222926e-5,
    "mean": 0.9669278854166665
  },
  "sqr_energy": {
    "variance": 0.0016707292306756545,
    "error": 4.08745548070637e-5,
    "mean": 0.8921979602623459
  }
}
