{
  "sqr_magnetization": {
    "variance": 0.03799629897375225,
    "error": 0.00019492639373299924,
    "mean": 0.25123572486255785
  },
  "abs_magnetization": {
    "variance": 0.050735747304356954,
    "error": 0.00022524597067285568,
    "mean": 0.4477722951388889
  },
  "energy": {
    "variance": 0.0037252363053944374,
    "error": 6.103471393718855e-5,
    "mean": -0.630765826388889
  },
  "magnetization": {
    "variance": 0.25122551456951503,
    "error": 0.0005012240163534815,
    "mean": 0.003234427083333333
  },
  "sqr_energy": {
    "variance": 0.006087630644152156,
    "error": 7.802326988887454e-5,
    "mean": 0.401590760320216
  }
}
