{
  "sqr_magnetization": {
    "variance": 0.0034215419932434065,
    "error": 5.849394834718722e-5,
    "mean": 0.8473808210479361
  },
  "abs_magnetization": {
    "variance": 0.0010591289069051294,
    "error": 3.254426073680472e-5,
    "mean": 0.9199574409722222
  },
  "energy": {
    "variance": 0.001132978785657401,
    "error": 3.365975023165503e-5,
    "mean": -0.88245671875
  },
  "magnetization": {
    "variance": 0.0010591289069051294,
    "error": 3.254426073680472e-5,
    "mean": -0.9199574409722222
  },
  "sqr_energy": {
    "variance": 0.0034842003815477676,
    "error": 5.902711564652103e-5,
    "mean": 0.7798628381196951
  }
}
