{
  "energy": {
    "variance": 0.002471702168737499,
    "error": 4.971621635580788e-5,
    "mean": -0.7956205512152777
  },
  "magnetization": {
    "variance": 0.6631535349907659,
    "error": 0.000814342394199618,
    "mean": 0.1417996909722222
  }
}
