{
  "sqr_magnetization": {
    "variance": 0.025307225770515453,
    "error": 0.0001590824495993051,
    "mean": 0.1614393050974151
  },
  "energy": {
    "variance": 0.0030827114395924195,
    "error": 5.552217070317424e-5,
    "mean": -0.5891399583333333
  },
  "magnetization": {
    "variance": 0.16128415524475245,
    "error": 0.00040160198610658345,
    "mean": -0.012462388888888884
  },
  "sqr_energy": {
    "variance": 0.004448874371549112,
    "error": 6.669988284509285e-5,
    "mean": 0.3501685988618827
  }
}
