{
  "sqr_magnetization": {
    "variance": 0.03887945169760596,
    "error": 0.00019717873033774701,
    "mean": 0.26143024469521603
  },
  "abs_magnetization": {
    "variance": 0.05071195537782879,
    "error": 0.0002251931512675925,
    "mean": 0.4590406736111111
  },
  "energy": {
    "variance": 0.003749183832421184,
    "error": 6.123057922656933e-5,
    "mean": -0.6348525381944445
  },
  "magnetization": {
    "variance": 0.26120788292501257,
    "error": 0.0005110850055763842,
    "mean": -0.014920555555555555
  },
  "sqr_energy": {
    "variance": 0.006190032338491556,
    "error": 7.867675856624723e-5,
    "mean": 0.40678692533516586
  }
}
