{
  "sqr_magnetization": {
    "variance": 0.00044838798625913216,
    "error": 2.117517381886468e-5,
    "mean": 0.01527330571228781
  },
  "abs_magnetization": {
    "variance": 0.0054843944076732355,
    "error": 7.405669725064193e-5,
    "mean": 0.09893895486111111
  },
  "energy": {
    "variance": 0.0014557328831348772,
    "error": 3.815406771413603e-5,
    "mean": -0.3767462256944444
  },
  "magnetization": {
    "variance": 0.01527328990560172,
    "error": 0.00012358515244802556,
    "mean": -0.00017629513888888908
  },
  "sqr_energy": {
    "variance": 0.0008379324706463804,
    "error": 2.894706324735517e-5,
    "mean": 0.1433934500024113
  }
}
