{
  "sqr_magnetization": {
    "variance": 0.004868036241609776,
    "error": 6.977131388765569e-5,
    "mean": 0.8127929912109376
  },
  "energy": {
    "variance": 0.0013841260742114214,
    "error": 3.720384488478874e-5,
    "mean": -0.8613353506944444
  },
  "magnetization": {
    "variance": 0.0015815964546433174,
    "error": 3.9769290346237224e-5,
    "mean": 0.9006727465277777
  },
  "sqr_energy": {
    "variance": 0.004052347661358637,
    "error": 6.365805260419641e-5,
    "mean": 0.7432827110460067
  }
}
